timestamp,elapsed_s,pwm,current_A,t1_casing_C,t2_magnet_C,force_N,flux_mT,fault
2026-09-18T11:16:43.525,123.160,0,0.000,-273.1,13.3,0.000,-0.21,0
2026-09-18T11:16:43.625,123.260,0,0.000,-273.1,13.9,0.000,-0.25,0
2026-09-18T11:16:43.725,123.361,0,0.000,-273.1,14.3,0.000,0.05,0
2026-09-18T11:16:43.826,123.461,0,-0.000,-273.1,15.0,0.000,0.00,0
2026-09-18T11:16:43.933,123.568,0,0.000,-273.1,15.2,0.000,-0.01,0
2026-09-18T11:16:44.030,123.665,0,0.000,-273.1,15.2,0.000,0.10,0
2026-09-18T11:16:44.127,123.763,0,0.000,-273.1,15.3,0.000,-0.29,0
2026-09-18T11:16:44.227,123.862,0,0.000,-273.1,14.9,0.000,-0.22,0
2026-09-18T11:16:44.331,123.966,0,0.000,-273.1,14.9,0.000,-0.10,0
2026-09-18T11:16:44.428,124.064,0,0.000,-273.1,14.7,0.000,-0.11,0
2026-09-18T11:16:44.528,124.163,0,0.000,-273.1,14.6,0.000,0.05,0
2026-09-18T11:16:44.628,124.263,0,0.000,-273.1,14.6,0.000,-0.06,0
2026-09-18T11:16:44.727,124.362,0,0.000,-273.1,14.9,0.000,0.06,0
2026-09-18T11:16:44.828,124.463,0,0.000,-273.1,14.2,0.000,0.04,0
2026-09-18T11:16:44.930,124.565,0,0.000,-273.1,13.5,0.000,-0.19,0
2026-09-18T11:16:45.029,124.665,0,0.000,-273.1,13.2,0.000,0.17,0
2026-09-18T11:16:45.130,0.050,0,0.000,-273.1,12.9,0.000,0.10,0
2026-09-18T11:16:45.231,0.151,0,0.000,-273.1,12.9,-195.929,-0.05,0
2026-09-18T11:16:45.332,0.252,0,0.000,-273.1,13.2,0.000,0.02,0
2026-09-18T11:16:45.434,0.354,0,-0.000,-273.1,14.2,0.000,0.01,0
2026-09-18T11:16:45.534,0.453,0,0.000,-273.1,14.0,0.000,-0.06,0
2026-09-18T11:16:45.633,0.553,0,0.000,-273.1,14.3,0.000,-0.47,0
2026-09-18T11:16:45.734,0.654,0,0.000,-273.1,14.8,0.000,-0.18,0
2026-09-18T11:16:45.840,0.760,0,-0.000,-273.1,15.3,0.000,-0.26,0
2026-09-18T11:16:45.936,0.856,0,0.000,-273.1,15.0,0.000,-0.42,0
2026-09-18T11:16:46.037,0.957,0,0.000,-273.1,14.7,0.000,-0.27,0
2026-09-18T11:16:46.138,1.058,0,0.000,-273.1,14.5,0.000,-0.40,0
2026-09-18T11:16:46.239,1.159,0,0.000,-273.1,13.7,0.000,-0.19,0
2026-09-18T11:16:46.341,1.261,0,0.000,-273.1,13.1,0.000,-0.13,0
2026-09-18T11:16:46.441,1.360,0,0.000,-273.1,13.1,0.000,-0.25,0
2026-09-18T11:16:46.541,1.461,0,-0.000,-273.1,13.4,0.000,-0.24,0
2026-09-18T11:16:46.643,1.562,0,0.000,-273.1,12.8,-0.000,-0.32,0
2026-09-18T11:16:46.743,1.663,0,0.000,-273.1,12.9,0.000,-0.28,0
2026-09-18T11:16:46.844,1.763,0,0.000,-273.1,13.3,0.000,0.07,0
2026-09-18T11:16:46.946,1.866,0,0.000,-273.1,13.4,0.000,0.01,0
2026-09-18T11:16:47.044,1.963,0,0.000,-273.1,13.8,0.000,-0.10,0
2026-09-18T11:16:47.143,2.063,10,0.002,-273.1,13.8,0.000,-0.14,0
2026-09-18T11:16:47.244,2.163,10,0.002,-273.1,14.3,0.000,-0.09,0
2026-09-18T11:16:47.344,2.264,20,0.126,-273.1,14.4,0.000,0.28,0
2026-09-18T11:16:47.443,2.363,20,0.126,-273.1,14.7,0.000,0.80,0
2026-09-18T11:16:47.543,2.462,30,0.296,-273.1,14.4,0.000,1.83,0
2026-09-18T11:16:47.643,2.563,30,0.296,-273.1,14.8,0.000,2.34,0
2026-09-18T11:16:47.743,2.663,40,0.449,-273.1,14.5,0.000,3.79,0
2026-09-18T11:16:47.843,2.763,50,0.576,-273.1,14.8,0.000,3.69,0
2026-09-18T11:16:47.945,2.865,50,0.599,-273.1,14.7,0.000,5.01,0
2026-09-18T11:16:48.046,2.965,60,0.702,-67.0,14.3,0.000,5.60,0
2026-09-18T11:16:48.146,3.066,60,0.697,-273.1,14.3,0.000,6.34,0
2026-09-18T11:16:48.247,3.167,70,0.817,-273.1,14.0,0.000,6.09,0
2026-09-18T11:16:48.347,3.267,70,0.823,-67.0,13.2,0.000,7.50,0
2026-09-18T11:16:48.448,3.368,80,0.876,-273.1,12.9,0.000,6.83,0
2026-09-18T11:16:48.549,3.468,80,0.892,-273.1,12.6,0.000,7.40,0
2026-09-18T11:16:48.649,3.568,90,0.942,-273.1,12.5,0.000,8.39,0
2026-09-18T11:16:48.748,3.668,90,0.929,-273.1,12.4,0.000,8.60,0
2026-09-18T11:16:48.848,3.768,100,0.972,-273.1,12.7,0.000,9.18,0
2026-09-18T11:16:48.948,3.868,100,0.988,-273.1,12.0,0.000,9.29,0
2026-09-18T11:16:49.049,3.969,110,1.030,-273.1,11.7,0.000,9.48,0
2026-09-18T11:16:49.149,4.069,110,1.002,-273.1,12.1,-0.000,9.96,0
2026-09-18T11:16:49.249,4.169,120,1.054,-273.1,12.4,-3.014,9.74,0
2026-09-18T11:16:49.349,4.269,120,1.042,-273.1,12.3,0.000,10.15,0
2026-09-18T11:16:49.449,4.369,130,1.078,-273.1,12.6,0.000,9.98,0
2026-09-18T11:16:49.550,4.470,140,1.092,-90.0,13.6,0.000,9.88,0
2026-09-18T11:16:49.650,4.570,140,1.110,-273.1,14.1,0.000,10.66,0
2026-09-18T11:16:49.751,4.671,150,1.109,-273.1,14.1,0.000,10.32,0
2026-09-18T11:16:49.851,4.771,150,1.084,-273.1,14.3,0.000,10.40,0
2026-09-18T11:16:49.953,4.872,160,1.105,-273.1,14.1,0.000,9.95,0
2026-09-18T11:16:50.053,4.973,160,1.098,-273.1,14.3,0.000,10.29,0
2026-09-18T11:16:50.151,5.071,170,1.113,-69.2,14.4,0.000,10.37,0
2026-09-18T11:16:50.251,5.171,170,1.148,-273.1,14.6,0.000,10.22,0
2026-09-18T11:16:50.351,5.271,180,1.117,-273.1,14.7,0.000,10.40,0
2026-09-18T11:16:50.451,5.371,180,1.128,-273.1,14.3,0.000,10.54,0
2026-09-18T11:16:50.550,5.470,190,1.132,-273.1,13.9,0.000,10.29,0
2026-09-18T11:16:50.651,5.571,190,1.144,-273.1,14.3,0.000,10.02,0
2026-09-18T11:16:50.752,5.672,200,1.163,-273.1,14.0,0.000,10.52,0
2026-09-18T11:16:50.852,5.772,200,1.151,-273.1,13.5,0.000,10.96,0
2026-09-18T11:16:50.952,5.872,210,1.155,-273.1,13.7,0.000,10.14,0
2026-09-18T11:16:51.052,5.972,210,1.156,-273.1,13.2,0.000,9.77,0
2026-09-18T11:16:51.155,6.074,220,1.165,-273.1,13.1,0.000,10.29,0
2026-09-18T11:16:51.255,6.175,220,1.182,-273.1,12.6,0.000,10.69,0
2026-09-18T11:16:51.353,6.273,230,1.206,-273.1,12.2,0.000,11.03,0
2026-09-18T11:16:51.454,6.374,230,1.198,-273.1,12.1,0.000,10.81,0
2026-09-18T11:16:51.555,6.475,240,1.192,-273.1,11.8,-0.766,10.55,0
2026-09-18T11:16:51.656,6.575,240,1.201,-273.1,12.2,0.000,11.23,0
2026-09-18T11:16:51.757,6.676,250,1.211,-273.1,12.6,0.000,11.37,0
2026-09-18T11:16:51.857,6.777,255,1.232,-273.1,13.5,0.000,11.34,0
2026-09-18T11:16:51.958,6.878,255,1.235,-273.1,13.6,0.000,11.42,0
2026-09-18T11:16:52.058,6.978,255,1.238,-70.4,13.8,0.000,11.32,0
2026-09-18T11:16:52.158,7.078,255,1.240,-80.2,14.4,0.000,11.40,0
2026-09-18T11:16:52.257,7.177,255,1.243,-273.1,14.0,0.000,11.29,0
2026-09-18T11:16:52.359,7.279,255,1.244,-273.1,14.3,0.000,11.38,0
2026-09-18T11:16:52.458,7.377,255,1.247,-273.1,14.2,0.000,11.38,0
2026-09-18T11:16:52.558,7.478,255,1.248,-273.1,14.7,0.000,11.49,0
2026-09-18T11:16:52.659,7.579,255,1.250,-273.1,14.1,0.000,11.47,0
2026-09-18T11:16:52.759,7.678,255,1.252,-73.4,14.1,0.000,11.53,0
2026-09-18T11:16:52.859,7.779,255,1.253,-273.1,13.9,0.000,11.64,0
2026-09-18T11:16:52.959,7.879,255,1.255,-273.1,13.7,0.000,11.34,0
2026-09-18T11:16:53.060,7.980,255,1.257,-273.1,13.5,0.000,11.42,0
2026-09-18T11:16:53.159,8.079,255,1.259,-273.1,13.2,0.000,11.49,0
2026-09-18T11:16:53.260,8.180,255,1.260,-273.1,13.1,0.000,11.67,0
2026-09-18T11:16:53.360,8.280,255,1.261,-273.1,12.7,0.000,11.68,0
2026-09-18T11:16:53.460,8.380,255,1.263,-273.1,12.5,0.000,11.51,0
2026-09-18T11:16:53.559,8.479,255,1.265,-273.1,12.8,0.000,11.79,0
2026-09-18T11:16:53.660,8.580,255,1.267,-273.1,12.4,0.000,11.62,0
2026-09-18T11:16:53.761,8.680,255,1.268,-273.1,12.1,0.000,11.74,0
2026-09-18T11:16:53.863,8.783,255,1.269,-273.1,12.1,0.000,11.62,0
2026-09-18T11:16:53.960,8.880,255,1.270,-273.1,12.3,0.000,11.70,0
2026-09-18T11:16:54.060,8.980,255,1.271,-273.1,11.8,0.000,11.89,0
2026-09-18T11:16:54.161,9.081,255,1.273,-273.1,11.8,-0.000,11.74,0
2026-09-18T11:16:54.261,9.181,255,1.274,-273.1,11.9,-0.000,11.67,0
2026-09-18T11:16:54.361,9.280,255,1.275,-273.1,11.9,-0.000,11.71,0
2026-09-18T11:16:54.461,9.381,255,1.276,-273.1,12.1,-0.000,11.66,0
2026-09-18T11:16:54.560,9.480,255,1.277,-80.2,12.2,-0.000,11.68,0
2026-09-18T11:16:54.661,9.581,255,1.278,-273.1,12.3,0.000,11.77,0
2026-09-18T11:16:54.762,9.681,255,1.280,-273.1,13.1,0.000,11.64,0
2026-09-18T11:16:54.862,9.781,255,1.281,-273.1,13.2,0.000,11.82,0
2026-09-18T11:16:54.962,9.881,255,1.282,-70.4,13.5,0.000,11.64,0
2026-09-18T11:16:55.062,9.982,255,1.283,-273.1,13.9,0.000,11.80,0
2026-09-18T11:16:55.162,10.082,255,1.283,-273.1,14.1,0.000,11.85,0
2026-09-18T11:16:55.263,10.183,255,1.285,-273.1,14.1,0.000,11.82,0
2026-09-18T11:16:55.364,10.284,255,1.286,-273.1,14.5,0.000,11.76,0
2026-09-18T11:16:55.464,10.384,255,1.287,-273.1,14.1,0.000,11.71,0
2026-09-18T11:16:55.564,10.484,255,1.288,-273.1,14.4,0.000,11.70,0
2026-09-18T11:16:55.666,10.586,255,1.289,-273.1,13.7,0.000,11.69,0
2026-09-18T11:16:55.765,10.684,255,1.291,-273.1,13.7,0.000,11.82,0
2026-09-18T11:16:55.865,10.785,255,1.291,-273.1,13.3,0.000,11.92,0
2026-09-18T11:16:55.965,10.884,255,1.291,-273.1,13.6,0.000,11.98,0
2026-09-18T11:16:56.065,10.984,255,1.292,-273.1,13.1,0.000,11.87,0
2026-09-18T11:16:56.165,11.085,255,1.293,-273.1,12.8,0.000,11.66,0
2026-09-18T11:16:56.264,11.184,255,1.295,-273.1,12.8,0.000,11.84,0
2026-09-18T11:16:56.365,11.285,255,1.296,-273.1,12.7,0.000,11.66,0
2026-09-18T11:16:56.465,11.385,255,1.297,-273.1,12.2,0.000,12.00,0
2026-09-18T11:16:56.566,11.486,255,1.298,-273.1,11.9,0.000,11.96,0
2026-09-18T11:16:56.666,11.586,255,1.299,-273.1,11.8,0.000,11.74,0
2026-09-18T11:16:56.765,11.685,255,1.299,-273.1,12.2,0.000,12.13,0
2026-09-18T11:16:56.866,11.786,255,1.299,-273.1,11.6,-0.000,11.86,0
2026-09-18T11:16:56.966,11.886,255,1.301,-273.1,11.6,-0.000,12.08,0
2026-09-18T11:16:57.067,11.986,255,1.301,-273.1,11.8,-0.000,12.01,0
2026-09-18T11:16:57.167,12.087,255,1.302,-273.1,12.2,-0.000,11.97,0
2026-09-18T11:16:57.267,12.187,255,1.303,-273.1,12.4,-0.000,12.02,0
2026-09-18T11:16:57.367,12.287,255,1.304,-273.1,13.0,0.000,11.82,0
2026-09-18T11:16:57.468,12.388,255,1.305,-273.1,13.2,0.000,11.91,0
2026-09-18T11:16:57.568,12.488,255,1.305,-273.1,13.8,0.000,12.00,0
2026-09-18T11:16:57.669,12.589,255,1.306,-273.1,14.0,0.000,12.08,0
2026-09-18T11:16:57.769,12.688,255,1.306,-273.1,13.9,0.000,11.88,0
2026-09-18T11:16:57.869,12.789,255,1.307,-273.1,14.3,0.000,11.90,0
2026-09-18T11:16:57.968,12.888,255,1.308,-273.1,14.2,0.000,11.90,0
2026-09-18T11:16:58.069,12.989,255,1.309,-273.1,14.6,0.000,12.13,0
2026-09-18T11:16:58.169,13.088,255,1.309,-273.1,14.2,0.000,12.08,0
2026-09-18T11:16:58.269,13.189,255,1.310,-273.1,14.2,0.000,12.01,0
2026-09-18T11:16:58.369,13.288,255,1.311,-273.1,14.4,0.000,12.20,0
2026-09-18T11:16:58.469,13.389,255,1.311,-273.1,14.3,0.000,11.99,0
2026-09-18T11:16:58.569,13.489,255,1.312,-273.1,14.2,0.000,12.08,0
2026-09-18T11:16:58.669,13.589,255,1.313,-273.1,13.9,0.000,12.22,0
2026-09-18T11:16:58.770,13.690,255,1.314,-273.1,13.8,0.000,12.08,0
2026-09-18T11:16:58.870,13.790,255,1.314,-273.1,13.5,0.000,11.83,0
2026-09-18T11:16:58.970,13.889,255,1.314,-273.1,12.9,0.000,12.31,0
2026-09-18T11:16:59.073,13.993,255,1.315,-273.1,12.5,0.000,12.04,0
2026-09-18T11:16:59.172,14.091,255,1.315,-273.1,12.1,0.000,12.08,0
2026-09-18T11:16:59.272,14.192,255,1.316,-273.1,12.0,0.000,12.22,0
2026-09-18T11:16:59.371,14.291,255,1.317,-273.1,12.0,0.000,12.28,0
2026-09-18T11:16:59.471,14.391,255,1.318,-273.1,11.8,0.000,12.04,0
2026-09-18T11:16:59.572,14.491,255,1.319,-273.1,11.7,-0.000,12.22,0
2026-09-18T11:16:59.672,14.592,255,1.320,-273.1,11.6,-0.000,11.89,0
2026-09-18T11:16:59.772,14.692,255,1.321,-273.1,11.5,-0.000,12.11,0
2026-09-18T11:16:59.871,14.791,255,1.321,-273.1,11.7,-0.000,12.10,0
2026-09-18T11:16:59.972,14.892,255,1.322,-273.1,11.8,-0.000,12.27,0
2026-09-18T11:17:00.072,14.992,255,1.322,-273.1,11.7,-0.000,12.11,0
2026-09-18T11:17:00.172,15.092,255,1.323,-273.1,12.3,-0.000,12.03,0
2026-09-18T11:17:00.272,15.192,255,1.324,-273.1,12.3,0.000,12.05,0
2026-09-18T11:17:00.373,15.293,255,1.324,-273.1,13.2,0.000,12.28,0
2026-09-18T11:17:00.472,15.392,255,1.325,-273.1,12.8,0.000,12.18,0
2026-09-18T11:17:00.573,15.492,255,1.326,-273.1,13.4,0.000,12.22,0
2026-09-18T11:17:00.674,15.593,255,1.326,-273.1,13.7,0.000,12.11,0
2026-09-18T11:17:00.776,15.696,255,1.327,-273.1,14.3,0.000,12.16,0
2026-09-18T11:17:00.876,15.796,255,1.327,-273.1,14.7,0.000,12.15,0
2026-09-18T11:17:00.975,15.895,255,1.328,-273.1,14.4,0.000,12.22,0
2026-09-18T11:17:01.077,15.996,255,1.329,-273.1,14.3,0.000,12.17,0
2026-09-18T11:17:01.177,16.096,255,1.329,-273.1,14.2,0.000,12.15,0
2026-09-18T11:17:01.276,16.195,255,1.332,-273.1,14.0,0.000,12.22,0
2026-09-18T11:17:01.376,16.296,255,1.344,-273.1,14.1,0.000,12.15,0
2026-09-18T11:17:01.475,16.395,255,1.354,-273.1,13.8,0.000,12.23,0
2026-09-18T11:17:01.577,16.496,255,1.358,-90.0,13.4,0.000,12.53,0
2026-09-18T11:17:01.675,16.595,255,1.360,-273.1,13.6,0.000,12.28,0
2026-09-18T11:17:01.776,16.695,255,1.362,-273.1,13.5,0.000,12.27,0
2026-09-18T11:17:01.876,16.795,255,1.364,-273.1,12.8,0.000,12.60,0
2026-09-18T11:17:01.976,16.896,255,1.365,-273.1,12.7,0.000,12.30,0
2026-09-18T11:17:02.077,16.997,255,1.366,-273.1,12.3,0.000,12.53,0
2026-09-18T11:17:02.176,17.096,255,1.367,-273.1,12.4,0.000,12.65,0
2026-09-18T11:17:02.277,17.197,255,1.368,-273.1,12.0,0.000,12.43,0
2026-09-18T11:17:02.376,17.296,255,1.369,-273.1,12.2,0.000,12.52,0
2026-09-18T11:17:02.477,17.396,255,1.370,-273.1,11.9,0.000,12.51,0
2026-09-18T11:17:02.577,17.497,255,1.371,-273.1,11.6,0.000,12.74,0
2026-09-18T11:17:02.678,17.598,255,1.371,-273.1,11.7,-0.000,12.53,0
2026-09-18T11:17:02.777,17.697,255,1.372,-273.1,11.5,-0.000,12.55,0
2026-09-18T11:17:02.878,17.798,255,1.373,-273.1,11.8,-0.000,12.58,0
2026-09-18T11:17:02.977,17.897,255,1.374,-273.1,11.6,-0.000,12.63,0
2026-09-18T11:17:03.078,17.998,255,1.375,-273.1,12.2,-0.000,12.35,0
2026-09-18T11:17:03.177,18.097,255,1.375,-273.1,12.0,-0.000,12.63,0
2026-09-18T11:17:03.278,18.198,255,1.376,-273.1,12.3,-0.126,12.63,0
2026-09-18T11:17:03.377,18.297,255,1.377,-273.1,12.1,-0.000,12.62,0
2026-09-18T11:17:03.478,18.398,255,1.378,-273.1,12.8,0.000,12.56,0
2026-09-18T11:17:03.578,18.498,255,1.378,-273.1,13.0,0.000,12.60,0
2026-09-18T11:17:03.678,18.597,255,1.379,-83.9,13.0,0.000,12.74,0
2026-09-18T11:17:03.777,18.697,255,1.380,-273.1,12.9,0.000,12.71,0
2026-09-18T11:17:03.878,18.798,255,1.382,-273.1,13.9,0.000,12.68,0
2026-09-18T11:17:03.979,18.899,255,1.382,-273.1,14.4,0.000,12.39,0
2026-09-18T11:17:04.079,18.999,255,1.383,-273.1,14.1,0.000,12.67,0
2026-09-18T11:17:04.180,19.100,255,1.383,-273.1,14.4,0.000,12.75,0
2026-09-18T11:17:04.281,19.201,255,1.383,-273.1,14.0,0.000,12.71,0
2026-09-18T11:17:04.380,19.300,255,1.385,-273.1,14.0,0.000,12.64,0
2026-09-18T11:17:04.481,19.401,255,1.386,-71.8,13.8,0.000,12.83,0
2026-09-18T11:17:04.582,19.501,255,1.386,-273.1,13.7,0.000,12.89,0
2026-09-18T11:17:04.682,19.602,255,1.388,-273.1,13.2,0.000,12.77,0
2026-09-18T11:17:04.783,19.703,255,1.389,-273.1,12.6,0.000,12.88,0
2026-09-18T11:17:04.884,19.804,255,1.389,-273.1,12.1,0.000,12.67,0
2026-09-18T11:17:04.985,19.904,255,1.390,-273.1,12.5,0.000,12.63,0
2026-09-18T11:17:05.083,20.003,255,1.390,-273.1,12.0,0.000,12.79,0
2026-09-18T11:17:05.184,20.103,255,1.391,-273.1,11.9,0.000,12.92,0
2026-09-18T11:17:05.284,20.204,255,1.391,-273.1,11.8,0.000,12.82,0
2026-09-18T11:17:05.385,20.305,255,1.393,-273.1,11.8,-0.000,12.86,0
2026-09-18T11:17:05.486,20.405,255,1.393,-273.1,11.8,-0.000,12.97,0
2026-09-18T11:17:05.586,20.506,255,1.393,-80.2,12.1,-0.000,12.87,0
2026-09-18T11:17:05.687,20.607,255,1.394,-273.1,12.5,0.000,12.60,0
2026-09-18T11:17:05.787,20.707,255,1.395,-273.1,13.2,0.000,12.51,0
2026-09-18T11:17:05.888,20.808,255,1.395,-273.1,13.5,0.000,12.94,0
2026-09-18T11:17:05.988,20.908,255,1.396,-273.1,13.9,0.000,12.81,0
2026-09-18T11:17:06.091,21.011,255,1.397,-273.1,14.2,0.000,12.92,0
2026-09-18T11:17:06.188,21.108,255,1.397,-273.1,14.2,0.000,13.13,0
2026-09-18T11:17:06.288,21.208,255,1.398,-75.2,14.3,0.000,12.69,0
2026-09-18T11:17:06.389,21.308,255,1.399,-273.1,14.4,0.000,12.66,0
2026-09-18T11:17:06.489,21.409,255,1.399,-73.4,14.1,0.000,12.96,0
2026-09-18T11:17:06.590,21.510,255,1.399,-273.1,14.3,0.000,12.91,0
2026-09-18T11:17:06.690,21.610,255,1.400,-273.1,14.1,0.000,12.81,0
2026-09-18T11:17:06.790,21.710,255,1.400,-273.1,13.7,0.000,12.80,0
2026-09-18T11:17:06.891,21.811,255,1.400,-273.1,13.7,0.000,12.78,0
2026-09-18T11:17:06.991,21.910,255,1.401,-273.1,13.4,0.000,12.74,0
2026-09-18T11:17:07.092,22.012,255,1.402,-273.1,13.1,0.000,12.85,0
2026-09-18T11:17:07.190,22.110,255,1.402,-273.1,13.2,0.000,12.93,0
2026-09-18T11:17:07.292,22.212,255,1.403,-273.1,13.1,0.000,12.70,0
2026-09-18T11:17:07.393,22.312,255,1.403,-273.1,12.7,0.000,12.89,0
2026-09-18T11:17:07.492,22.412,255,1.403,-273.1,11.9,0.000,12.82,0
2026-09-18T11:17:07.592,22.512,255,1.404,-273.1,11.9,0.000,12.85,0
2026-09-18T11:17:07.692,22.612,255,1.405,-273.1,11.9,0.000,12.83,0
2026-09-18T11:17:07.793,22.713,255,1.405,-273.1,11.4,-0.000,12.90,0
2026-09-18T11:17:07.894,22.814,255,1.406,-273.1,11.4,-0.000,12.85,0
2026-09-18T11:17:07.993,22.913,255,1.406,-273.1,11.5,-0.000,12.90,0
2026-09-18T11:17:08.093,23.013,255,1.406,-273.1,11.8,-0.000,12.98,0
2026-09-18T11:17:08.194,23.114,255,1.407,-273.1,12.2,-0.000,12.74,0
2026-09-18T11:17:08.295,23.215,255,1.408,-273.1,12.5,-0.000,12.59,0
2026-09-18T11:17:08.395,23.315,255,1.408,-273.1,13.0,0.000,12.79,0
2026-09-18T11:17:08.495,23.415,255,1.408,-273.1,13.3,0.000,12.92,0
2026-09-18T11:17:08.595,23.515,255,1.408,-273.1,13.4,0.000,12.89,0
2026-09-18T11:17:08.695,23.615,255,1.409,-273.1,13.3,0.000,12.93,0
2026-09-18T11:17:08.795,23.715,255,1.409,-273.1,13.9,0.000,12.85,0
2026-09-18T11:17:08.896,23.816,255,1.409,-273.1,13.9,0.000,13.04,0
2026-09-18T11:17:08.997,23.917,255,1.409,-273.1,14.3,0.000,13.11,0
2026-09-18T11:17:09.097,24.016,255,1.409,-273.1,14.3,0.000,12.79,0
2026-09-18T11:17:09.196,24.116,255,1.410,-273.1,14.3,0.000,12.87,0
2026-09-18T11:17:09.297,24.216,255,1.410,-273.1,14.5,0.000,13.03,0
2026-09-18T11:17:09.396,24.316,255,1.411,-273.1,14.6,0.000,13.12,0
2026-09-18T11:17:09.497,24.417,255,1.411,-273.1,14.2,0.000,13.09,0
2026-09-18T11:17:09.597,24.516,255,1.412,-273.1,14.2,0.000,13.06,0
2026-09-18T11:17:09.696,24.615,255,1.413,-273.1,14.2,0.000,12.83,0
2026-09-18T11:17:09.796,24.716,255,1.414,-273.1,14.1,0.000,13.05,0
2026-09-18T11:17:09.897,24.816,255,1.415,-273.1,13.8,0.000,12.86,0
2026-09-18T11:17:09.996,24.916,255,1.415,-273.1,14.0,0.000,12.96,0
2026-09-18T11:17:10.097,25.017,255,1.416,-273.1,13.8,0.000,13.02,0
2026-09-18T11:17:10.196,25.116,255,1.416,-273.1,14.1,0.000,12.98,0
2026-09-18T11:17:10.297,25.217,255,1.417,-273.1,13.7,0.000,12.71,0
2026-09-18T11:17:10.396,25.316,255,1.418,-273.1,13.7,0.000,13.08,0
2026-09-18T11:17:10.497,25.417,255,1.418,-273.1,13.4,0.000,13.06,0
2026-09-18T11:17:10.596,25.516,255,1.419,-83.9,13.2,0.000,12.86,0
2026-09-18T11:17:10.699,25.619,255,1.419,-273.1,13.0,0.000,12.91,0
2026-09-18T11:17:10.797,25.717,255,1.420,-273.1,12.6,0.000,12.97,0
2026-09-18T11:17:10.897,25.817,255,1.421,-273.1,12.3,0.000,13.19,0
2026-09-18T11:17:10.998,25.918,255,1.421,-273.1,11.8,0.000,13.05,0
2026-09-18T11:17:11.098,26.018,255,1.421,-273.1,11.8,0.000,12.88,0
2026-09-18T11:17:11.199,26.119,255,1.421,-273.1,11.6,-0.000,13.06,0
2026-09-18T11:17:11.300,26.220,255,1.422,-273.1,11.6,-0.000,12.87,0
2026-09-18T11:17:11.401,26.321,255,1.422,-273.1,12.0,-0.000,12.92,0
2026-09-18T11:17:11.500,26.420,255,1.423,-273.1,12.0,-0.000,13.07,0
2026-09-18T11:17:11.602,26.522,255,1.423,-273.1,12.9,0.000,12.83,0
2026-09-18T11:17:11.702,26.622,255,1.423,-273.1,13.3,0.000,12.84,0
2026-09-18T11:17:11.803,26.722,255,1.424,-273.1,14.1,0.000,13.02,0
2026-09-18T11:17:11.903,26.823,255,1.424,-273.1,14.0,0.000,13.00,0
2026-09-18T11:17:12.004,26.924,255,1.425,-273.1,14.1,0.000,13.18,0
2026-09-18T11:17:12.104,27.024,255,1.426,-273.1,14.6,0.000,13.04,0
2026-09-18T11:17:12.204,27.123,255,1.426,-273.1,14.5,0.000,13.33,0
2026-09-18T11:17:12.304,27.224,255,1.426,-273.1,14.3,0.000,13.18,0
2026-09-18T11:17:12.405,27.325,255,1.426,-273.1,14.3,0.000,13.03,0
2026-09-18T11:17:12.505,27.425,255,1.427,-273.1,13.8,0.000,12.94,0
2026-09-18T11:17:12.605,27.525,255,1.428,-273.1,13.8,0.000,12.90,0
2026-09-18T11:17:12.705,27.624,255,1.428,-273.1,14.0,0.000,12.73,0
2026-09-18T11:17:12.805,27.725,255,1.429,-273.1,13.8,0.000,12.83,0
2026-09-18T11:17:12.906,27.826,255,1.429,-273.1,13.9,0.000,13.10,0
2026-09-18T11:17:13.007,27.926,255,1.430,-273.1,13.0,0.000,13.05,0
2026-09-18T11:17:13.106,28.025,255,1.431,-273.1,13.2,0.000,12.98,0
2026-09-18T11:17:13.206,28.126,255,1.429,-273.1,13.0,0.000,13.08,0
2026-09-18T11:17:13.308,28.228,255,1.430,-273.1,13.0,0.000,13.28,0
2026-09-18T11:17:13.407,28.327,255,1.430,-273.1,12.7,0.000,13.03,0
2026-09-18T11:17:13.506,28.426,255,1.431,-273.1,12.5,0.000,13.00,0
2026-09-18T11:17:13.607,28.527,255,1.432,-273.1,12.2,0.000,13.04,0
2026-09-18T11:17:13.707,28.627,255,1.433,-273.1,11.9,0.000,13.26,0
2026-09-18T11:17:13.808,28.728,255,1.433,-70.4,11.8,0.000,13.00,0
2026-09-18T11:17:13.909,28.829,255,1.434,-70.4,11.4,-0.000,13.29,0
2026-09-18T11:17:14.009,28.928,255,1.434,-273.1,11.2,-0.000,13.07,0
2026-09-18T11:17:14.108,29.028,255,1.435,-83.9,11.3,-0.000,12.86,0
2026-09-18T11:17:14.208,29.128,255,1.435,-273.1,11.3,-0.000,13.02,0
2026-09-18T11:17:14.309,29.229,255,1.436,-273.1,11.7,-0.000,12.81,0
2026-09-18T11:17:14.410,29.330,255,1.436,-273.1,12.0,-0.000,12.90,0
2026-09-18T11:17:14.511,29.430,255,1.437,-273.1,12.6,0.000,12.96,0
2026-09-18T11:17:14.610,29.530,255,1.437,-273.1,12.8,0.000,13.16,0
2026-09-18T11:17:14.710,29.630,255,1.438,-273.1,13.2,0.000,12.94,0
2026-09-18T11:17:14.811,29.731,255,1.439,-273.1,13.6,0.000,12.78,0
2026-09-18T11:17:14.912,29.832,255,1.439,-273.1,14.2,0.000,13.12,0
2026-09-18T11:17:15.013,29.933,255,1.440,-83.9,14.4,0.000,13.16,0
2026-09-18T11:17:15.113,30.033,255,1.442,-273.1,14.3,0.000,12.93,0
2026-09-18T11:17:15.213,30.133,255,1.443,-273.1,14.2,0.000,13.24,0
2026-09-18T11:17:15.314,30.233,255,1.444,-273.1,14.0,0.000,13.23,0
2026-09-18T11:17:15.415,30.335,255,1.445,-273.1,14.1,0.000,13.13,0
2026-09-18T11:17:15.514,30.434,255,1.446,-273.1,14.0,0.000,13.07,0
2026-09-18T11:17:15.615,30.535,255,1.446,-273.1,13.7,0.000,13.23,0
2026-09-18T11:17:15.715,30.635,255,1.447,-273.1,13.3,0.000,13.08,0
2026-09-18T11:17:15.815,30.734,255,1.447,-273.1,13.4,0.000,13.23,0
2026-09-18T11:17:15.915,30.835,255,1.448,-273.1,13.0,0.000,13.43,0
2026-09-18T11:17:16.015,30.935,255,1.449,-273.1,13.2,0.000,13.11,0
2026-09-18T11:17:16.116,31.036,255,1.449,-80.2,12.6,0.000,13.22,0
2026-09-18T11:17:16.217,31.137,255,1.450,-273.1,12.2,0.000,13.11,0
2026-09-18T11:17:16.318,31.238,255,1.451,-273.1,11.6,0.000,13.31,0
2026-09-18T11:17:16.417,31.337,255,1.451,-273.1,11.8,0.000,13.14,0
2026-09-18T11:17:16.517,31.437,255,1.452,-273.1,11.7,0.000,13.43,0
2026-09-18T11:17:16.619,31.539,255,1.453,-273.1,11.4,-0.000,13.43,0
2026-09-18T11:17:16.718,31.638,255,1.453,-273.1,11.4,-0.000,13.49,0
2026-09-18T11:17:16.819,31.738,255,1.454,-273.1,11.5,-0.000,13.16,0
2026-09-18T11:17:16.918,31.838,255,1.454,-273.1,11.2,-0.000,13.27,0
2026-09-18T11:17:17.018,31.938,255,1.456,-273.1,11.6,-0.000,13.15,0
2026-09-18T11:17:17.118,32.038,255,1.456,-273.1,11.3,-0.000,13.33,0
2026-09-18T11:17:17.218,32.138,255,1.456,-273.1,11.8,-0.000,13.28,0
2026-09-18T11:17:17.318,32.237,255,1.457,-273.1,11.5,-0.000,13.28,0
2026-09-18T11:17:17.418,32.338,255,1.458,-273.1,12.2,-0.000,13.11,0
2026-09-18T11:17:17.519,32.439,255,1.459,-273.1,12.2,-0.000,13.17,0
2026-09-18T11:17:17.619,32.539,255,1.459,-273.1,12.8,0.000,13.33,0
2026-09-18T11:17:17.720,32.640,255,1.459,-273.1,13.1,0.000,13.34,0
2026-09-18T11:17:17.820,32.740,255,1.460,-273.1,13.7,0.000,13.26,0
2026-09-18T11:17:17.920,32.840,255,1.461,-273.1,13.7,0.000,13.33,0
2026-09-18T11:17:18.021,32.941,255,1.462,-273.1,14.1,0.000,13.28,0
2026-09-18T11:17:18.120,33.040,255,1.462,-273.1,13.9,0.000,13.42,0
2026-09-18T11:17:18.221,33.141,255,1.462,-273.1,14.2,0.000,13.27,0
2026-09-18T11:17:18.320,33.240,255,1.463,-273.1,14.0,0.000,13.41,0
2026-09-18T11:17:18.420,33.340,255,1.464,-273.1,14.2,0.000,13.35,0
2026-09-18T11:17:18.521,33.441,255,1.465,-273.1,14.3,0.000,13.13,0
2026-09-18T11:17:18.622,33.542,255,1.466,-273.1,14.1,0.000,13.33,0
2026-09-18T11:17:18.722,33.642,255,1.467,-273.1,14.1,0.000,13.29,0
2026-09-18T11:17:18.823,33.743,255,1.467,-71.8,13.8,0.000,13.27,0
2026-09-18T11:17:18.924,33.844,255,1.469,-273.1,13.6,0.000,13.31,0
2026-09-18T11:17:19.025,33.945,255,1.469,-273.1,13.5,0.000,13.41,0
2026-09-18T11:17:19.124,34.044,255,1.471,-273.1,13.5,0.000,13.24,0
2026-09-18T11:17:19.224,34.143,255,1.472,-273.1,13.3,0.000,13.37,0
2026-09-18T11:17:19.324,34.244,255,1.472,-273.1,13.1,0.000,13.30,0
2026-09-18T11:17:19.424,34.344,255,1.473,-273.1,13.0,0.000,13.39,0
2026-09-18T11:17:19.523,34.443,255,1.474,-273.1,13.1,0.000,13.42,0
2026-09-18T11:17:19.624,34.544,255,1.474,-273.1,13.1,0.000,13.25,0
2026-09-18T11:17:19.724,34.643,255,1.475,-273.1,13.2,0.000,13.70,0
2026-09-18T11:17:19.824,34.744,255,1.476,-273.1,12.6,0.000,13.53,0
2026-09-18T11:17:19.924,34.844,255,1.477,-273.1,12.6,0.000,13.46,0
2026-09-18T11:17:20.024,34.944,255,1.477,-273.1,12.2,0.000,13.26,0
2026-09-18T11:17:20.125,35.045,255,1.478,-273.1,11.8,0.000,13.45,0
2026-09-18T11:17:20.225,35.145,255,1.481,-273.1,12.2,0.000,13.38,0
2026-09-18T11:17:20.325,35.245,255,1.483,-273.1,11.8,0.000,13.42,0
2026-09-18T11:17:20.427,35.346,255,1.483,-273.1,11.3,-0.000,13.45,0
2026-09-18T11:17:20.526,35.446,255,1.484,-273.1,11.5,-0.000,13.50,0
2026-09-18T11:17:20.625,35.545,255,1.485,-273.1,11.4,0.000,13.64,0
2026-09-18T11:17:20.726,35.646,255,1.486,-273.1,11.0,-0.000,13.45,0
2026-09-18T11:17:20.826,35.745,255,1.487,-273.1,11.5,-0.000,13.50,0
2026-09-18T11:17:20.927,35.846,255,1.488,-273.1,11.3,-0.000,13.42,0
2026-09-18T11:17:21.028,35.947,255,1.488,-273.1,11.8,-0.000,13.52,0
2026-09-18T11:17:21.129,36.049,255,1.489,-273.1,12.2,-0.000,13.57,0
2026-09-18T11:17:21.231,36.151,255,1.490,-273.1,12.9,0.000,13.59,0
2026-09-18T11:17:21.332,36.252,255,1.490,-273.1,12.5,0.000,13.52,0
2026-09-18T11:17:21.428,36.348,255,1.491,-273.1,12.7,0.000,13.65,0
2026-09-18T11:17:21.528,36.448,255,1.492,-273.1,12.9,0.000,13.50,0
2026-09-18T11:17:21.629,36.549,255,1.492,-273.1,13.4,0.000,13.61,0
2026-09-18T11:17:21.729,36.648,255,1.492,-273.1,13.4,0.000,13.48,0
2026-09-18T11:17:21.829,36.749,255,1.493,-273.1,13.7,0.000,13.60,0
2026-09-18T11:17:21.930,36.850,255,1.494,-273.1,13.9,0.000,13.65,0
2026-09-18T11:17:22.030,36.949,255,1.495,-273.1,13.9,0.000,13.76,0
2026-09-18T11:17:22.130,37.050,255,1.496,-273.1,14.2,0.000,13.58,0
2026-09-18T11:17:22.229,37.149,255,1.496,-273.1,14.0,0.000,13.57,0
2026-09-18T11:17:22.330,37.250,255,1.497,-273.1,14.3,0.000,13.88,0
2026-09-18T11:17:22.430,37.350,255,1.497,-273.1,14.1,0.000,13.70,0
2026-09-18T11:17:22.530,37.449,255,1.497,-273.1,14.1,0.000,13.41,0
2026-09-18T11:17:22.630,37.550,255,1.498,-273.1,14.3,0.000,13.83,0
2026-09-18T11:17:22.729,37.649,255,1.499,-273.1,14.2,0.000,13.71,0
2026-09-18T11:17:22.830,37.750,255,1.500,-273.1,14.2,0.000,13.73,0
2026-09-18T11:17:22.931,37.850,255,1.501,-273.1,14.3,0.000,13.71,0
2026-09-18T11:17:23.031,37.951,255,1.501,-273.1,14.1,0.000,13.51,0
2026-09-18T11:17:23.132,38.052,255,1.503,-273.1,13.9,0.000,13.66,0
2026-09-18T11:17:23.232,38.152,255,1.504,-273.1,13.8,0.000,13.79,0
2026-09-18T11:17:23.333,38.253,255,1.504,-273.1,13.4,0.000,13.80,0
2026-09-18T11:17:23.432,38.352,255,1.505,-273.1,13.5,0.000,13.68,0
2026-09-18T11:17:23.534,38.454,255,1.506,-273.1,13.3,0.000,13.69,0
2026-09-18T11:17:23.632,38.552,255,1.506,-273.1,13.3,0.000,13.77,0
2026-09-18T11:17:23.732,38.652,255,1.507,-273.1,12.9,0.000,13.59,0
2026-09-18T11:17:23.833,38.753,255,1.507,-273.1,13.0,0.000,13.67,0
2026-09-18T11:17:23.932,38.852,255,1.508,-273.1,13.2,0.000,13.89,0
2026-09-18T11:17:24.032,38.952,255,1.509,-69.2,12.7,0.000,13.67,0
2026-09-18T11:17:24.133,39.053,255,1.510,-273.1,12.7,0.000,13.66,0
2026-09-18T11:17:24.233,39.152,255,1.511,-273.1,12.7,0.000,13.67,0
2026-09-18T11:17:24.333,39.253,255,1.511,-273.1,12.3,0.000,13.88,0
2026-09-18T11:17:24.433,39.353,255,1.512,-273.1,12.0,0.000,13.89,0
2026-09-18T11:17:24.534,39.453,255,1.511,-273.1,11.9,0.000,13.76,0
2026-09-18T11:17:24.634,39.554,255,1.512,-273.1,11.9,0.000,13.67,0
2026-09-18T11:17:24.735,39.655,255,1.514,-273.1,11.2,-0.000,13.94,0
2026-09-18T11:17:24.835,39.755,255,1.514,-273.1,11.2,-0.000,13.76,0
2026-09-18T11:17:24.935,39.855,255,1.515,-273.1,11.2,-0.000,13.50,0
2026-09-18T11:17:25.036,39.956,255,1.515,-273.1,11.3,-0.000,13.91,0
2026-09-18T11:17:25.136,40.056,255,1.516,-273.1,11.7,-0.000,13.86,0
2026-09-18T11:17:25.237,40.157,255,1.517,-273.1,11.7,-0.000,14.33,0
2026-09-18T11:17:25.337,40.257,255,1.517,-273.1,11.9,-0.000,13.83,0
2026-09-18T11:17:25.437,40.356,255,1.518,-273.1,11.7,-0.000,13.91,0
2026-09-18T11:17:25.538,40.458,255,1.518,-273.1,11.9,-0.000,13.67,0
2026-09-18T11:17:25.638,40.558,255,1.520,-273.1,13.2,0.000,13.78,0
2026-09-18T11:17:25.738,40.658,255,1.520,-273.1,13.2,0.000,13.91,0
2026-09-18T11:17:25.839,40.759,255,1.520,-273.1,13.6,0.000,13.92,0
2026-09-18T11:17:25.940,40.860,255,1.521,-273.1,14.2,0.000,13.77,0
2026-09-18T11:17:26.040,40.960,255,1.522,-273.1,13.9,0.000,13.83,0
2026-09-18T11:17:26.139,41.059,255,1.523,-273.1,13.7,0.000,13.93,0
2026-09-18T11:17:26.242,41.161,255,1.523,-65.2,14.1,0.000,13.74,0
2026-09-18T11:17:26.340,41.259,255,1.524,-90.0,14.1,0.000,13.61,0
2026-09-18T11:17:26.440,41.360,255,1.524,-273.1,14.4,0.000,13.69,0
2026-09-18T11:17:26.541,41.461,255,1.525,-273.1,14.2,0.000,13.83,0
2026-09-18T11:17:26.640,41.560,255,1.525,-273.1,14.3,0.000,14.13,0
2026-09-18T11:17:26.742,41.661,255,1.526,-273.1,14.2,0.000,13.80,0
2026-09-18T11:17:26.842,41.762,255,1.526,-273.1,13.9,0.000,13.93,0
2026-09-18T11:17:26.943,41.863,255,1.527,-273.1,13.6,0.000,14.00,0
2026-09-18T11:17:27.042,41.962,255,1.528,-73.4,13.9,0.000,13.79,0
2026-09-18T11:17:27.144,42.064,255,1.529,-273.1,13.2,0.000,13.89,0
2026-09-18T11:17:27.244,42.163,255,1.529,-273.1,13.1,0.000,14.12,0
2026-09-18T11:17:27.344,42.264,255,1.530,-273.1,12.9,0.000,13.88,0
2026-09-18T11:17:27.443,42.363,255,1.531,-273.1,12.8,0.000,13.96,0
2026-09-18T11:17:27.544,42.464,255,1.531,-273.1,12.6,0.000,13.99,0
2026-09-18T11:17:27.643,42.563,255,1.532,-273.1,13.1,0.000,13.91,0
2026-09-18T11:17:27.744,42.664,255,1.531,-273.1,12.7,0.000,13.78,0
2026-09-18T11:17:27.844,42.763,255,1.533,-273.1,12.8,0.000,13.75,0
2026-09-18T11:17:27.944,42.864,255,1.533,-273.1,12.1,0.000,14.00,0
2026-09-18T11:17:28.043,42.963,255,1.533,-273.1,12.6,0.000,14.09,0
2026-09-18T11:17:28.144,43.063,255,1.534,-273.1,12.2,0.000,13.86,0
2026-09-18T11:17:28.245,43.165,255,1.534,-273.1,11.9,0.000,13.63,0
2026-09-18T11:17:28.345,43.264,255,1.534,-273.1,11.8,0.000,14.04,0
2026-09-18T11:17:28.445,43.365,255,1.534,-273.1,11.7,0.000,13.95,0
2026-09-18T11:17:28.545,43.465,255,1.535,-273.1,11.5,0.000,14.04,0
2026-09-18T11:17:28.646,43.566,255,1.536,-273.1,11.1,-0.000,14.01,0
2026-09-18T11:17:28.745,43.665,255,1.536,-273.1,11.1,-0.000,13.78,0
2026-09-18T11:17:28.848,43.767,255,1.537,-273.1,11.0,-0.000,14.03,0
2026-09-18T11:17:28.946,43.866,255,1.538,-273.1,11.1,-0.000,14.24,0
2026-09-18T11:17:29.047,43.967,255,1.538,-273.1,11.3,-0.000,13.80,0
2026-09-18T11:17:29.147,44.067,255,1.538,-273.1,11.8,-0.000,14.17,0
2026-09-18T11:17:29.248,44.167,255,1.539,-273.1,11.8,-0.000,14.10,0
2026-09-18T11:17:29.347,44.267,255,1.539,-273.1,11.6,-0.000,14.10,0
2026-09-18T11:17:29.448,44.368,255,1.540,-273.1,12.1,-0.000,13.82,0
2026-09-18T11:17:29.549,44.469,255,1.541,-273.1,12.1,-0.000,14.25,0
2026-09-18T11:17:29.648,44.568,255,1.541,-273.1,12.6,-0.000,14.17,0
2026-09-18T11:17:29.748,44.668,255,1.542,-273.1,13.0,0.000,14.08,0
2026-09-18T11:17:29.849,44.768,255,1.542,-273.1,13.2,0.000,13.98,0
2026-09-18T11:17:29.948,44.868,255,1.542,-273.1,13.2,0.000,14.04,0
2026-09-18T11:17:30.049,44.969,255,1.543,-273.1,13.4,0.000,14.01,0
2026-09-18T11:17:30.149,45.068,255,1.544,-273.1,13.0,0.000,14.04,0
2026-09-18T11:17:30.249,45.169,255,1.546,-273.1,13.7,0.000,14.06,0
2026-09-18T11:17:30.349,45.269,255,1.545,-273.1,14.1,0.000,14.39,0
2026-09-18T11:17:30.450,45.370,255,1.545,-273.1,14.2,0.000,14.05,0
2026-09-18T11:17:30.551,45.470,255,1.546,-70.4,14.5,0.000,14.23,0
2026-09-18T11:17:30.651,45.571,255,1.546,-273.1,14.3,0.000,14.05,0
2026-09-18T11:17:30.752,45.672,255,1.546,-273.1,14.0,0.000,14.01,0
2026-09-18T11:17:30.852,45.772,255,1.547,-273.1,13.8,0.000,14.10,0
2026-09-18T11:17:30.952,45.872,255,1.547,-273.1,13.7,0.000,14.16,0
2026-09-18T11:17:31.054,45.974,255,1.548,-273.1,13.6,0.000,14.46,0
2026-09-18T11:17:31.153,46.073,255,1.549,-273.1,13.6,0.000,14.31,0
2026-09-18T11:17:31.252,46.172,255,1.548,-273.1,13.5,0.000,14.12,0
2026-09-18T11:17:31.353,46.273,255,1.548,-273.1,13.3,0.000,14.27,0
2026-09-18T11:17:31.453,46.373,255,1.549,-273.1,13.3,0.000,14.30,0
2026-09-18T11:17:31.554,46.474,255,1.550,-273.1,12.5,0.000,14.00,0
2026-09-18T11:17:31.654,46.574,255,1.550,-273.1,12.0,0.000,14.27,0
2026-09-18T11:17:31.755,46.674,255,1.550,-273.1,12.0,0.000,14.08,0
2026-09-18T11:17:31.854,46.774,255,1.551,-273.1,12.5,0.000,14.05,0
2026-09-18T11:17:31.955,46.874,255,1.551,-273.1,11.8,0.000,14.19,0
2026-09-18T11:17:32.054,46.974,255,1.551,-273.1,11.8,0.000,14.12,0
2026-09-18T11:17:32.155,47.075,255,1.552,-273.1,11.6,0.000,14.01,0
2026-09-18T11:17:32.254,47.174,255,1.552,-273.1,11.6,0.000,14.21,0
2026-09-18T11:17:32.355,47.275,255,1.554,-273.1,11.5,0.000,14.26,0
2026-09-18T11:17:32.456,47.376,255,1.554,-273.1,11.1,-0.000,14.38,0
2026-09-18T11:17:32.555,47.475,255,1.555,-273.1,11.2,-24.492,14.17,0
2026-09-18T11:17:32.656,47.576,255,1.555,-273.1,10.8,-0.000,14.27,0
2026-09-18T11:17:32.757,47.677,255,1.556,-273.1,11.0,-0.000,14.23,0
2026-09-18T11:17:32.857,47.776,255,1.556,-273.1,11.2,-0.000,14.27,0
2026-09-18T11:17:32.957,47.877,255,1.557,-273.1,11.8,-0.000,14.27,0
2026-09-18T11:17:33.057,47.977,255,1.557,-273.1,11.8,-0.000,14.07,0
2026-09-18T11:17:33.157,48.077,255,1.557,-273.1,11.6,-0.000,14.18,0
2026-09-18T11:17:33.258,48.178,255,1.558,-83.9,11.8,-0.000,14.25,0
2026-09-18T11:17:33.357,48.277,255,1.559,-273.1,11.8,-0.000,14.32,0
2026-09-18T11:17:33.458,48.377,255,1.560,-273.1,12.8,-0.000,14.11,0
2026-09-18T11:17:33.558,48.478,255,1.560,-73.4,12.8,0.000,14.10,0
2026-09-18T11:17:33.658,48.578,255,1.561,-273.1,13.2,0.000,14.32,0
2026-09-18T11:17:33.759,48.679,255,1.561,-273.1,13.6,0.000,14.24,0
2026-09-18T11:17:33.858,48.778,255,1.562,-273.1,13.1,0.000,14.20,0
2026-09-18T11:17:33.961,48.880,255,1.562,-273.1,13.4,0.000,14.26,0
2026-09-18T11:17:34.059,48.978,255,1.564,-273.1,13.7,0.000,14.41,0
2026-09-18T11:17:34.159,49.079,255,1.564,-273.1,14.0,0.000,14.39,0
2026-09-18T11:17:34.259,49.179,255,1.564,-273.1,14.1,0.000,14.27,0
2026-09-18T11:17:34.360,49.280,255,1.564,-273.1,14.3,0.000,14.31,0
2026-09-18T11:17:34.461,49.381,255,1.565,-273.1,14.4,0.000,14.43,0
2026-09-18T11:17:34.560,49.480,255,1.566,-273.1,14.3,0.000,14.46,0
2026-09-18T11:17:34.661,49.581,255,1.565,-273.1,14.3,0.000,14.34,0
2026-09-18T11:17:34.760,49.680,255,1.566,-273.1,14.3,0.000,14.36,0
2026-09-18T11:17:34.863,49.782,255,1.567,-273.1,14.1,0.000,14.18,0
2026-09-18T11:17:34.961,49.881,255,1.568,-273.1,14.0,0.000,14.21,0
2026-09-18T11:17:35.061,49.981,255,1.568,-273.1,13.9,0.000,14.26,0
2026-09-18T11:17:35.161,50.081,255,1.569,-273.1,13.8,0.000,14.17,0
2026-09-18T11:17:35.261,50.181,255,1.569,-273.1,13.9,0.000,14.30,0
2026-09-18T11:17:35.362,50.282,255,1.570,-273.1,13.3,0.000,14.22,0
2026-09-18T11:17:35.463,50.383,255,1.570,-273.1,12.8,0.000,14.41,0
2026-09-18T11:17:35.563,50.483,255,1.571,-273.1,12.3,0.000,14.29,0
2026-09-18T11:17:35.663,50.583,255,1.571,-273.1,12.4,0.000,14.46,0
2026-09-18T11:17:35.764,50.683,255,1.572,-273.1,12.1,0.000,14.41,0
2026-09-18T11:17:35.862,50.782,255,1.572,-83.9,12.1,0.000,14.07,0
2026-09-18T11:17:35.963,50.883,255,1.573,-273.1,12.0,0.000,14.43,0
2026-09-18T11:17:36.063,50.983,255,1.573,-273.1,11.8,0.000,14.38,0
2026-09-18T11:17:36.164,51.084,255,1.574,-273.1,11.5,0.000,14.24,0
2026-09-18T11:17:36.266,51.186,255,1.576,-273.1,11.4,-0.000,14.43,0
2026-09-18T11:17:36.367,51.287,255,1.576,-273.1,10.9,-0.000,14.19,0
2026-09-18T11:17:36.467,51.387,255,1.576,-273.1,11.2,-0.000,14.32,0
2026-09-18T11:17:36.567,51.486,255,1.576,-273.1,11.3,-0.000,14.39,0
2026-09-18T11:17:36.666,51.586,255,1.577,-273.1,11.1,-0.000,14.33,0
2026-09-18T11:17:36.767,51.686,255,1.577,-273.1,11.8,-0.000,14.39,0
2026-09-18T11:17:36.866,51.786,255,1.577,-273.1,11.5,-0.000,14.43,0
2026-09-18T11:17:36.967,51.887,255,1.578,-273.1,11.6,-0.000,14.45,0
2026-09-18T11:17:37.068,51.988,255,1.578,-273.1,12.8,-0.000,14.27,0
2026-09-18T11:17:37.168,52.088,255,1.578,-273.1,13.2,0.000,14.35,0
2026-09-18T11:17:37.269,52.189,255,1.579,-273.1,13.5,0.000,14.28,0
2026-09-18T11:17:37.370,52.289,255,1.580,-71.8,13.9,0.000,14.58,0
2026-09-18T11:17:37.469,52.389,255,1.580,-273.1,13.9,0.000,14.43,0
2026-09-18T11:17:37.570,52.490,255,1.581,-273.1,14.2,0.000,14.56,0
2026-09-18T11:17:37.670,52.590,255,1.581,-273.1,14.4,0.000,14.33,0
2026-09-18T11:17:37.771,52.691,255,1.582,-273.1,14.4,0.000,14.50,0
2026-09-18T11:17:37.872,52.792,255,1.582,-273.1,14.4,0.000,14.51,0
2026-09-18T11:17:37.971,52.891,255,1.582,-273.1,14.2,0.000,14.02,0
2026-09-18T11:17:38.071,52.991,255,1.583,-69.2,14.0,0.000,14.49,0
2026-09-18T11:17:38.172,53.092,255,1.583,-273.1,13.7,0.000,14.42,0
2026-09-18T11:17:38.272,53.192,255,1.584,-273.1,13.6,0.000,14.28,0
2026-09-18T11:17:38.373,53.292,255,1.585,-273.1,13.4,0.000,14.38,0
2026-09-18T11:17:38.473,53.393,255,1.584,-273.1,13.1,0.000,14.34,0
2026-09-18T11:17:38.573,53.493,255,1.585,-273.1,13.4,0.000,14.46,0
2026-09-18T11:17:38.674,53.594,255,1.585,-273.1,12.7,0.000,14.39,0
2026-09-18T11:17:38.774,53.694,255,1.585,-67.0,12.1,0.000,14.41,0
2026-09-18T11:17:38.874,53.793,255,1.585,-273.1,12.4,0.000,14.55,0
2026-09-18T11:17:38.974,53.894,255,1.585,-273.1,12.0,0.000,14.45,0
2026-09-18T11:17:39.074,53.994,255,1.585,-71.8,11.9,0.000,14.56,0
2026-09-18T11:17:39.173,54.093,255,1.585,-67.0,11.8,0.000,14.44,0
2026-09-18T11:17:39.274,54.194,255,1.582,-273.1,11.8,0.000,14.51,0
2026-09-18T11:17:39.375,54.295,255,1.583,-273.1,11.5,0.000,14.58,0
2026-09-18T11:17:39.476,54.396,255,1.584,-273.1,10.9,-0.000,14.41,0
2026-09-18T11:17:39.577,54.497,255,1.585,-273.1,10.7,-0.000,14.54,0
2026-09-18T11:17:39.678,54.598,255,1.585,-273.1,11.5,-0.000,14.36,0
2026-09-18T11:17:39.779,54.699,255,1.586,-273.1,11.8,-0.000,14.47,0
2026-09-18T11:17:39.879,54.799,255,1.586,-273.1,12.7,-0.001,14.38,0
2026-09-18T11:17:39.979,54.899,255,1.587,-273.1,12.5,-0.000,14.35,0
2026-09-18T11:17:40.082,55.001,255,1.587,-273.1,12.7,0.000,14.46,0
2026-09-18T11:17:40.180,55.100,255,1.587,-273.1,13.4,0.000,14.80,0
2026-09-18T11:17:40.281,55.201,255,1.588,-273.1,13.8,0.000,14.42,0
2026-09-18T11:17:40.381,55.301,255,1.588,-273.1,13.5,0.000,14.62,0
2026-09-18T11:17:40.482,55.401,255,1.589,-273.1,14.2,0.000,14.61,0
2026-09-18T11:17:40.582,55.502,255,1.589,-273.1,14.4,0.000,14.30,0
2026-09-18T11:17:40.682,55.602,255,1.590,-273.1,14.5,0.000,14.58,0
2026-09-18T11:17:40.782,55.702,255,1.591,-273.1,14.4,0.000,14.46,0
2026-09-18T11:17:40.883,55.803,255,1.591,-273.1,14.1,0.000,14.59,0
2026-09-18T11:17:40.984,55.904,255,1.591,-273.1,13.7,0.000,14.54,0
2026-09-18T11:17:41.084,56.004,255,1.592,-273.1,13.7,0.000,14.52,0
2026-09-18T11:17:41.184,56.104,255,1.593,-273.1,13.7,0.000,14.47,0
2026-09-18T11:17:41.284,56.204,255,1.593,-273.1,13.4,0.000,14.53,0
2026-09-18T11:17:41.386,56.306,255,1.593,-273.1,13.1,0.000,14.53,0
2026-09-18T11:17:41.484,56.404,255,1.594,-273.1,13.3,0.000,14.35,0
2026-09-18T11:17:41.585,56.505,255,1.594,-273.1,12.8,0.000,14.61,0
2026-09-18T11:17:41.685,56.605,255,1.594,-273.1,12.2,0.000,14.70,0
2026-09-18T11:17:41.786,56.705,255,1.595,-273.1,11.8,0.000,14.76,0
2026-09-18T11:17:41.886,56.806,255,1.595,-273.1,11.8,0.000,14.60,0
2026-09-18T11:17:41.990,56.909,255,1.596,-273.1,11.6,0.000,14.60,0
2026-09-18T11:17:42.088,57.007,255,1.597,-273.1,11.1,-0.000,14.64,0
2026-09-18T11:17:42.191,57.111,255,1.597,-273.1,10.8,-0.000,14.46,0
2026-09-18T11:17:42.288,57.208,255,1.598,-273.1,10.8,-0.000,14.63,0
2026-09-18T11:17:42.391,57.311,255,1.598,-273.1,11.3,-0.000,14.59,0
2026-09-18T11:17:42.489,57.409,255,1.598,-273.1,10.9,-0.000,14.55,0
2026-09-18T11:17:42.590,57.510,255,1.599,-273.1,11.4,-0.000,14.65,0
2026-09-18T11:17:42.691,57.611,255,1.599,-273.1,11.8,-0.000,14.62,0
2026-09-18T11:17:42.790,57.710,255,1.599,-273.1,11.7,-0.000,14.61,0
2026-09-18T11:17:42.890,57.810,255,1.600,-273.1,11.8,-0.000,14.51,0
2026-09-18T11:17:42.990,57.910,255,1.600,-273.1,12.3,-0.000,14.75,0
2026-09-18T11:17:43.091,58.011,255,1.600,-273.1,12.8,0.000,14.41,0
2026-09-18T11:17:43.190,58.110,255,1.601,-273.1,12.7,-6.123,14.51,0
2026-09-18T11:17:43.291,58.211,255,1.602,-273.1,13.2,0.000,14.65,0
2026-09-18T11:17:43.392,58.311,255,1.603,-273.1,13.5,0.000,14.72,0
2026-09-18T11:17:43.493,58.412,255,1.603,-273.1,14.0,0.000,14.75,0
2026-09-18T11:17:43.592,58.512,255,1.604,-273.1,13.9,0.000,14.71,0
2026-09-18T11:17:43.692,58.611,255,1.604,-273.1,13.6,0.000,14.53,0
2026-09-18T11:17:43.793,58.713,255,1.605,-273.1,13.8,0.000,14.71,0
2026-09-18T11:17:43.892,58.812,255,1.606,-273.1,14.1,0.000,14.57,0
2026-09-18T11:17:43.994,58.914,255,1.606,-73.4,14.4,0.000,14.46,0
2026-09-18T11:17:44.093,59.013,255,1.607,-273.1,14.3,0.000,14.51,0
2026-09-18T11:17:44.192,59.112,255,1.607,-273.1,14.5,0.000,14.76,0
2026-09-18T11:17:44.292,59.211,255,1.607,-273.1,14.6,0.000,14.72,0
2026-09-18T11:17:44.393,59.313,255,1.608,-273.1,14.2,0.000,14.47,0
2026-09-18T11:17:44.494,59.414,255,1.608,-273.1,13.9,0.000,14.87,0
2026-09-18T11:17:44.594,59.513,255,1.608,-273.1,14.2,0.000,14.49,0
2026-09-18T11:17:44.693,59.613,255,1.609,-273.1,13.9,0.000,14.63,0
2026-09-18T11:17:44.794,59.714,255,1.610,-273.1,13.8,0.000,14.66,0
2026-09-18T11:17:44.893,59.813,255,1.610,-273.1,14.0,0.000,14.88,0
2026-09-18T11:17:44.994,59.914,255,1.610,-80.2,14.1,0.000,14.80,0
2026-09-18T11:17:45.093,60.013,255,1.611,-273.1,14.0,0.000,14.83,0
2026-09-18T11:17:45.194,60.114,255,1.611,-68.1,13.8,0.000,14.47,0
2026-09-18T11:17:45.295,60.215,255,1.612,-273.1,13.7,0.000,14.84,0
2026-09-18T11:17:45.394,60.314,255,1.612,-273.1,13.4,0.000,14.62,0
2026-09-18T11:17:45.494,60.414,255,1.613,-273.1,13.3,0.000,14.77,0
2026-09-18T11:17:45.594,60.514,255,1.615,-273.1,13.1,0.000,14.73,0
2026-09-18T11:17:45.694,60.614,255,1.614,-273.1,12.8,0.000,14.60,0
2026-09-18T11:17:45.794,60.714,255,1.615,-273.1,12.8,0.000,14.83,0
2026-09-18T11:17:45.894,60.814,255,1.615,-273.1,12.5,0.000,14.52,0
2026-09-18T11:17:45.995,60.915,255,1.616,-273.1,12.1,0.000,14.73,0
2026-09-18T11:17:46.095,61.015,255,1.617,-273.1,12.2,0.000,14.83,0
2026-09-18T11:17:46.197,61.117,255,1.618,-273.1,12.0,0.000,14.75,0
2026-09-18T11:17:46.296,61.216,255,1.618,-273.1,11.5,0.000,14.99,0
2026-09-18T11:17:46.396,61.316,255,1.620,-273.1,11.3,0.000,14.79,0
2026-09-18T11:17:46.496,61.415,255,1.619,-273.1,11.2,0.000,14.76,0
2026-09-18T11:17:46.596,61.516,255,1.621,-273.1,11.4,0.000,14.83,0
2026-09-18T11:17:46.696,61.616,255,1.620,-273.1,11.3,-0.000,14.83,0
2026-09-18T11:17:46.797,61.717,255,1.620,-273.1,10.9,-0.000,14.79,0
2026-09-18T11:17:46.897,61.817,255,1.620,-273.1,10.8,-0.000,14.51,0
2026-09-18T11:17:46.997,61.917,255,1.621,-69.2,10.8,-0.000,14.69,0
2026-09-18T11:17:47.097,62.017,255,1.622,-273.1,11.0,-0.000,14.65,0
2026-09-18T11:17:47.198,62.118,255,1.623,-273.1,10.8,-0.000,14.73,0
2026-09-18T11:17:47.297,62.216,255,1.623,-273.1,10.9,-0.000,14.83,0
2026-09-18T11:17:47.398,62.317,255,1.624,-273.1,10.9,-0.000,14.98,0
2026-09-18T11:17:47.498,62.418,255,1.625,-71.8,11.3,-0.000,14.67,0
2026-09-18T11:17:47.597,62.517,255,1.625,-273.1,10.8,-0.000,14.77,0
2026-09-18T11:17:47.697,62.617,255,1.625,-273.1,11.2,-0.000,14.85,0
2026-09-18T11:17:47.798,62.718,255,1.626,-273.1,11.6,-0.000,14.86,0
2026-09-18T11:17:47.898,62.818,255,1.626,-273.1,11.6,-0.000,14.87,0
2026-09-18T11:17:47.999,62.918,255,1.627,-273.1,11.8,-0.000,14.93,0
2026-09-18T11:17:48.102,63.022,255,1.628,-273.1,12.5,-0.000,14.66,0
2026-09-18T11:17:48.200,63.120,255,1.628,-273.1,13.2,0.000,15.01,0
2026-09-18T11:17:48.301,63.221,255,1.629,-273.1,13.9,0.000,14.92,0
2026-09-18T11:17:48.401,63.321,255,1.630,-273.1,11.3,0.000,14.67,0
2026-09-18T11:17:48.501,63.421,255,1.631,-273.1,14.2,0.000,14.93,0
2026-09-18T11:17:48.601,63.521,255,1.632,-273.1,14.2,0.000,14.97,0
2026-09-18T11:17:48.701,63.621,255,1.632,-273.1,14.1,0.000,14.72,0
2026-09-18T11:17:48.801,63.721,255,1.633,-273.1,14.6,0.000,14.83,0
2026-09-18T11:17:48.902,63.822,255,1.633,-273.1,14.5,0.000,14.80,0
2026-09-18T11:17:49.002,63.921,255,1.634,-273.1,14.5,0.000,14.81,0
2026-09-18T11:17:49.102,64.022,255,1.634,-273.1,14.2,0.000,15.03,0
2026-09-18T11:17:49.201,64.121,255,1.635,-273.1,14.5,0.000,14.84,0
2026-09-18T11:17:49.302,64.221,255,1.636,-273.1,14.4,0.000,14.68,0
2026-09-18T11:17:49.402,64.322,255,1.636,-273.1,14.3,0.000,14.89,0
2026-09-18T11:17:49.503,64.422,255,1.635,-273.1,14.1,0.000,15.09,0
2026-09-18T11:17:49.602,64.522,255,1.636,-273.1,13.9,0.000,14.81,0
2026-09-18T11:17:49.703,64.623,255,1.636,-273.1,13.8,0.000,14.81,0
2026-09-18T11:17:49.803,64.723,255,1.637,-273.1,13.9,0.000,14.92,0
2026-09-18T11:17:49.903,64.823,255,1.638,-273.1,13.5,0.000,14.77,0
2026-09-18T11:17:50.003,64.923,255,1.638,-273.1,13.2,0.000,14.98,0
2026-09-18T11:17:50.103,65.023,255,1.639,-273.1,13.4,0.000,14.91,0
2026-09-18T11:17:50.205,65.125,255,1.640,-273.1,13.2,0.000,14.93,0
2026-09-18T11:17:50.303,65.223,255,1.640,-273.1,13.0,0.000,14.89,0
2026-09-18T11:17:50.404,65.324,255,1.641,-273.1,12.9,0.000,15.27,0
2026-09-18T11:17:50.505,65.425,255,1.641,-273.1,12.3,0.000,14.82,0
2026-09-18T11:17:50.604,65.524,255,1.642,-273.1,12.6,0.000,14.76,0
2026-09-18T11:17:50.704,65.624,255,1.642,-273.1,12.4,0.000,14.98,0
2026-09-18T11:17:50.804,65.724,255,1.642,-273.1,12.3,0.000,14.88,0
2026-09-18T11:17:50.904,65.824,255,1.643,-273.1,12.3,0.000,14.88,0
2026-09-18T11:17:51.004,65.924,255,1.643,-273.1,12.0,0.000,15.06,0
2026-09-18T11:17:51.105,66.024,255,1.643,-273.1,12.0,0.000,15.08,0
2026-09-18T11:17:51.204,66.124,255,1.643,-273.1,11.8,0.000,15.03,0
2026-09-18T11:17:51.305,66.225,255,1.643,-77.4,11.8,0.000,14.98,0
2026-09-18T11:17:51.405,66.325,255,1.644,-273.1,11.4,0.000,15.10,0
2026-09-18T11:17:51.505,66.425,255,1.644,-273.1,11.4,0.000,14.86,0
2026-09-18T11:17:51.606,66.525,255,1.644,-273.1,11.3,0.000,14.81,0
2026-09-18T11:17:51.705,66.625,255,1.645,-273.1,11.1,0.000,14.93,0
2026-09-18T11:17:51.805,66.725,255,1.645,-273.1,11.2,0.000,14.95,0
2026-09-18T11:17:51.905,66.825,255,1.646,-273.1,11.3,0.000,14.88,0
2026-09-18T11:17:52.005,66.925,255,1.647,-90.0,11.1,0.000,15.08,0
2026-09-18T11:17:52.105,67.025,255,1.648,-273.1,11.1,0.000,14.86,0
2026-09-18T11:17:52.207,67.126,255,1.648,-273.1,11.2,0.000,15.09,0
2026-09-18T11:17:52.306,67.226,255,1.649,-273.1,10.8,-0.000,14.88,0
2026-09-18T11:17:52.405,67.325,255,1.648,-273.1,10.8,-0.000,14.98,0
2026-09-18T11:17:52.505,67.425,255,1.648,-273.1,10.8,-0.000,15.14,0
2026-09-18T11:17:52.607,67.526,255,1.650,-273.1,11.3,-0.000,15.12,0
2026-09-18T11:17:52.710,67.630,255,1.651,-273.1,10.9,-0.000,15.19,0
2026-09-18T11:17:52.810,67.730,255,1.652,-90.0,11.4,-0.000,14.87,0
2026-09-18T11:17:52.909,67.828,255,1.652,-273.1,11.5,-0.000,14.96,0
2026-09-18T11:17:53.008,67.928,255,1.653,-70.4,11.3,-0.000,15.12,0
2026-09-18T11:17:53.109,68.028,255,1.652,-273.1,12.0,-0.000,15.00,0
2026-09-18T11:17:53.209,68.129,255,1.653,-273.1,12.5,-0.000,15.08,0
2026-09-18T11:17:53.309,68.229,255,1.653,-273.1,12.9,0.000,15.09,0
2026-09-18T11:17:53.410,68.330,255,1.654,-273.1,13.4,0.000,15.13,0
2026-09-18T11:17:53.510,68.430,255,1.655,-83.9,13.7,0.000,15.24,0
2026-09-18T11:17:53.611,68.531,255,1.655,-273.1,14.1,0.000,15.32,0
2026-09-18T11:17:53.712,68.631,255,1.655,-273.1,14.0,0.000,15.22,0
2026-09-18T11:17:53.812,68.732,255,1.655,-273.1,14.4,0.000,15.10,0
2026-09-18T11:17:53.914,68.833,255,1.655,-273.1,14.4,0.000,15.02,0
2026-09-18T11:17:54.013,68.933,255,1.656,-71.8,13.9,0.000,15.14,0
2026-09-18T11:17:54.114,69.034,255,1.657,-273.1,13.9,0.000,15.16,0
2026-09-18T11:17:54.214,69.134,255,1.657,-273.1,13.6,0.000,14.95,0
2026-09-18T11:17:54.315,69.234,255,1.657,-273.1,13.4,0.000,15.23,0
2026-09-18T11:17:54.416,69.336,255,1.657,-273.1,13.0,0.000,15.32,0
2026-09-18T11:17:54.515,69.435,255,1.657,-273.1,12.8,0.000,15.38,0
2026-09-18T11:17:54.616,69.536,255,1.657,-273.1,12.4,0.000,14.96,0
2026-09-18T11:17:54.717,69.637,255,1.658,-68.1,11.8,0.000,15.01,0
2026-09-18T11:17:54.819,69.738,255,1.658,-273.1,11.3,0.000,15.02,0
2026-09-18T11:17:54.918,69.838,255,1.658,-273.1,11.4,0.000,15.10,0
2026-09-18T11:17:55.019,69.939,255,1.658,-75.2,10.8,-0.000,15.26,0
2026-09-18T11:17:55.119,70.039,255,1.659,-273.1,10.6,-0.000,15.01,0
2026-09-18T11:17:55.219,70.139,255,1.659,-273.1,10.6,-0.000,15.12,0
2026-09-18T11:17:55.320,70.240,255,1.659,-273.1,10.4,-0.000,15.18,0
2026-09-18T11:17:55.421,70.340,255,1.659,-273.1,11.0,-0.000,14.99,0
2026-09-18T11:17:55.521,70.440,255,1.660,-273.1,10.7,-0.000,15.44,0
2026-09-18T11:17:55.620,70.540,255,1.660,-273.1,10.7,-0.000,15.11,0
2026-09-18T11:17:55.721,70.641,255,1.660,-273.1,11.4,-0.000,14.84,0
2026-09-18T11:17:55.822,70.742,255,1.660,-273.1,12.0,-0.000,15.12,0
2026-09-18T11:17:55.923,70.843,255,1.661,-273.1,12.6,-0.001,14.97,0
2026-09-18T11:17:56.023,70.943,255,1.662,-273.1,12.8,0.000,14.90,0
2026-09-18T11:17:56.125,71.045,255,1.664,-273.1,13.4,0.000,15.09,0
2026-09-18T11:17:56.223,71.143,255,1.664,-273.1,13.7,0.000,15.20,0
2026-09-18T11:17:56.324,71.244,255,1.666,-273.1,14.4,0.000,15.21,0
2026-09-18T11:17:56.425,71.345,255,1.667,-273.1,14.1,0.000,15.18,0
2026-09-18T11:17:56.525,71.445,255,1.668,-273.1,14.4,0.000,15.31,0
2026-09-18T11:17:56.626,71.546,255,1.667,-273.1,14.4,0.000,15.06,0
2026-09-18T11:17:56.725,71.645,255,1.668,-273.1,14.3,0.000,15.19,0
2026-09-18T11:17:56.825,71.745,255,1.668,-273.1,14.2,0.000,15.12,0
2026-09-18T11:17:56.926,71.846,255,1.668,-273.1,14.0,0.000,15.25,0
2026-09-18T11:17:57.027,71.946,255,1.669,-273.1,14.0,0.000,15.24,0
2026-09-18T11:17:57.126,72.046,255,1.669,-273.1,13.9,0.000,15.13,0
2026-09-18T11:17:57.227,72.147,255,1.670,-273.1,13.7,0.000,15.06,0
2026-09-18T11:17:57.330,72.250,255,1.671,-273.1,13.7,0.000,15.28,0
2026-09-18T11:17:57.428,72.347,255,1.674,-273.1,13.6,0.000,15.25,0
2026-09-18T11:17:57.527,72.447,255,1.673,-273.1,13.4,0.000,15.33,0
2026-09-18T11:17:57.627,72.546,255,1.679,-273.1,13.8,0.000,15.24,0
2026-09-18T11:17:57.727,72.647,255,1.681,-273.1,13.4,0.000,15.32,0
2026-09-18T11:17:57.827,72.747,255,1.682,-273.1,13.2,0.000,15.34,0
2026-09-18T11:17:57.927,72.847,255,1.682,-273.1,13.0,0.000,15.38,0
2026-09-18T11:17:58.028,72.948,255,1.683,-273.1,13.0,0.000,15.46,0
2026-09-18T11:17:58.130,73.050,255,1.684,-83.9,12.3,0.000,15.45,0
2026-09-18T11:17:58.229,73.149,255,1.685,-273.1,12.1,0.000,15.46,0
2026-09-18T11:17:58.330,73.249,255,1.686,-273.1,11.7,0.000,15.44,0
2026-09-18T11:17:58.431,73.351,255,1.686,-273.1,11.3,0.000,15.64,0
2026-09-18T11:17:58.530,73.450,255,1.689,-273.1,11.3,0.000,15.59,0
2026-09-18T11:17:58.631,73.551,255,1.687,-66.1,11.1,0.000,15.38,0
2026-09-18T11:17:58.731,73.651,255,1.688,-273.1,10.8,-0.000,15.65,0
2026-09-18T11:17:58.831,73.750,255,1.689,-273.1,11.1,0.000,15.27,0
2026-09-18T11:17:58.931,73.851,255,1.689,-273.1,10.8,-0.000,15.57,0
2026-09-18T11:17:59.032,73.951,255,1.689,-273.1,10.4,-0.000,15.36,0
2026-09-18T11:17:59.132,74.052,255,1.690,-273.1,10.6,-0.000,15.33,0
2026-09-18T11:17:59.233,74.153,255,1.690,-273.1,11.1,-0.000,15.46,0
2026-09-18T11:17:59.334,74.254,255,1.692,-273.1,11.5,-0.000,15.25,0
2026-09-18T11:17:59.434,74.354,255,1.693,-273.1,11.2,-0.000,15.50,0
2026-09-18T11:17:59.535,74.455,255,1.693,-273.1,12.1,-0.000,15.39,0
2026-09-18T11:17:59.636,74.555,255,1.693,-273.1,12.9,0.000,15.39,0
2026-09-18T11:17:59.737,74.656,255,1.694,-273.1,13.5,0.000,15.50,0
2026-09-18T11:17:59.837,74.757,255,1.694,-273.1,13.3,0.000,15.61,0
2026-09-18T11:17:59.938,74.858,255,1.695,-273.1,13.4,0.000,15.51,0
2026-09-18T11:18:00.037,74.957,255,1.695,-273.1,13.6,0.000,15.43,0
2026-09-18T11:18:00.138,75.058,255,1.696,-273.1,14.3,0.000,15.40,0
2026-09-18T11:18:00.238,75.158,255,1.697,-273.1,14.4,0.000,15.57,0
2026-09-18T11:18:00.338,75.258,255,1.697,-273.1,14.2,0.000,15.50,0
2026-09-18T11:18:00.439,75.359,255,1.698,-273.1,14.3,0.000,15.26,0
2026-09-18T11:18:00.538,75.458,255,1.699,-273.1,14.2,0.000,15.31,0
2026-09-18T11:18:00.639,75.559,255,1.701,-273.1,14.1,0.000,15.66,0
2026-09-18T11:18:00.739,75.659,255,1.702,-273.1,13.9,0.000,15.46,0
2026-09-18T11:18:00.839,75.759,255,1.702,-273.1,13.9,0.000,15.61,0
2026-09-18T11:18:00.940,75.859,255,1.703,-83.9,13.7,0.000,15.68,0
2026-09-18T11:18:01.040,75.960,255,1.703,-273.1,13.4,0.000,15.65,0
2026-09-18T11:18:01.139,76.059,255,1.704,-67.0,12.2,0.000,15.43,0
2026-09-18T11:18:01.240,76.160,255,1.705,-273.1,13.6,0.000,15.58,0
2026-09-18T11:18:01.340,76.260,255,1.706,-273.1,13.5,0.000,15.72,0
2026-09-18T11:18:01.440,76.360,255,1.707,-273.1,13.3,0.000,15.57,0
2026-09-18T11:18:01.541,76.461,255,1.707,-273.1,12.9,0.000,15.79,0
2026-09-18T11:18:01.641,76.560,255,1.708,-273.1,13.0,0.000,15.54,0
2026-09-18T11:18:01.741,76.661,255,1.708,-273.1,12.5,0.000,15.62,0
2026-09-18T11:18:01.841,76.761,255,1.710,-273.1,12.8,0.000,15.73,0
2026-09-18T11:18:01.942,76.862,255,1.710,-273.1,12.2,0.000,15.89,0
2026-09-18T11:18:02.041,76.961,255,1.711,-273.1,12.3,0.000,15.58,0
2026-09-18T11:18:02.141,77.060,255,1.712,-273.1,12.7,0.000,15.54,0
2026-09-18T11:18:02.241,77.161,255,1.710,-83.9,12.2,0.000,15.83,0
2026-09-18T11:18:02.343,77.263,255,1.712,-273.1,12.0,0.000,15.53,0
2026-09-18T11:18:02.441,77.361,255,1.712,-273.1,11.8,0.000,15.66,0
2026-09-18T11:18:02.542,77.462,255,1.713,-273.1,11.3,0.000,15.35,0
2026-09-18T11:18:02.643,77.563,255,1.713,-273.1,11.0,0.000,15.69,0
2026-09-18T11:18:02.743,77.663,255,1.714,-75.2,11.1,0.000,15.50,0
2026-09-18T11:18:02.844,77.764,255,1.714,-273.1,11.0,-0.000,15.90,0
2026-09-18T11:18:02.945,77.865,255,1.714,-273.1,10.2,-0.000,15.56,0
2026-09-18T11:18:03.046,77.965,255,1.714,-273.1,10.7,-0.000,15.70,0
2026-09-18T11:18:03.148,78.067,255,1.719,-273.1,10.4,-0.000,15.57,0
2026-09-18T11:18:03.245,78.165,255,1.717,-273.1,10.3,-0.000,15.58,0
2026-09-18T11:18:03.347,78.267,255,1.717,-273.1,10.3,-0.000,15.55,0
2026-09-18T11:18:03.445,78.365,255,1.717,-273.1,10.4,-0.000,15.62,0
2026-09-18T11:18:03.545,78.465,255,1.718,-273.1,10.9,-0.000,15.30,0
2026-09-18T11:18:03.646,78.566,255,1.719,-273.1,11.0,-0.000,15.93,0
2026-09-18T11:18:03.746,78.666,255,1.719,-273.1,10.8,-0.000,15.89,0
2026-09-18T11:18:03.846,78.766,255,1.720,-273.1,11.4,-0.000,15.60,0
2026-09-18T11:18:03.946,78.866,255,1.721,-273.1,11.6,-0.000,15.82,0
2026-09-18T11:18:04.047,78.967,255,1.723,-273.1,12.1,-0.000,15.63,0
2026-09-18T11:18:04.151,79.071,255,1.722,-273.1,12.5,-0.000,15.75,0
2026-09-18T11:18:04.248,79.167,255,1.723,-273.1,12.7,-0.048,15.57,0
2026-09-18T11:18:04.349,79.268,255,1.723,-273.1,13.3,0.000,15.58,0
2026-09-18T11:18:04.449,79.369,255,1.724,-273.1,13.2,0.000,15.57,0
2026-09-18T11:18:04.548,79.468,255,1.724,-273.1,13.4,0.000,15.54,0
2026-09-18T11:18:04.647,79.567,255,1.725,-273.1,13.0,0.000,15.86,0
2026-09-18T11:18:04.749,79.669,255,1.724,-83.9,13.6,0.000,15.66,0
2026-09-18T11:18:04.847,79.767,255,1.725,-273.1,13.2,0.000,15.54,0
2026-09-18T11:18:04.948,79.868,255,1.727,-273.1,13.3,0.000,15.80,0
2026-09-18T11:18:05.049,79.968,255,1.727,-273.1,13.7,0.000,15.58,0
2026-09-18T11:18:05.150,80.069,255,1.728,-273.1,14.2,0.000,15.52,0
2026-09-18T11:18:05.249,80.169,255,1.730,-273.1,15.2,0.000,15.75,0
2026-09-18T11:18:05.348,80.268,255,1.730,-273.1,13.8,0.000,15.53,0
2026-09-18T11:18:05.448,80.368,255,1.730,-273.1,14.0,0.000,15.82,0
2026-09-18T11:18:05.549,80.469,255,1.729,-273.1,13.9,0.000,15.59,0
2026-09-18T11:18:05.649,80.569,255,1.730,-273.1,14.3,0.000,15.77,0
2026-09-18T11:18:05.749,80.669,255,1.731,-273.1,14.2,0.000,15.70,0
2026-09-18T11:18:05.849,80.769,255,1.732,-273.1,14.2,0.000,15.64,0
2026-09-18T11:18:05.949,80.869,255,1.733,-273.1,14.2,0.000,15.93,0
2026-09-18T11:18:06.050,80.970,255,1.734,-273.1,14.2,0.000,15.52,0
2026-09-18T11:18:06.150,81.070,255,1.733,-273.1,13.9,0.000,15.69,0
2026-09-18T11:18:06.250,81.170,255,1.733,-273.1,13.9,0.000,15.69,0
2026-09-18T11:18:06.352,81.271,255,1.732,-273.1,14.0,0.000,16.01,0
2026-09-18T11:18:06.451,81.371,255,1.732,-273.1,13.7,0.000,15.94,0
2026-09-18T11:18:06.551,81.471,255,1.733,-273.1,13.5,0.000,15.90,0
2026-09-18T11:18:06.651,81.571,255,1.734,-273.1,13.5,0.000,15.75,0
2026-09-18T11:18:06.751,81.671,255,1.735,-273.1,13.6,0.000,15.94,0
2026-09-18T11:18:06.851,81.771,255,1.735,-273.1,13.3,0.000,15.94,0
2026-09-18T11:18:06.952,81.871,255,1.736,-273.1,13.4,0.000,15.77,0
2026-09-18T11:18:07.052,81.972,255,1.736,-273.1,12.7,0.000,15.68,0
2026-09-18T11:18:07.152,82.072,255,1.736,-273.1,12.1,0.000,15.91,0
2026-09-18T11:18:07.253,82.173,255,1.737,-67.0,12.0,0.000,15.90,0
2026-09-18T11:18:07.353,82.273,255,1.738,-273.1,11.9,0.000,16.01,0
2026-09-18T11:18:07.453,82.373,255,1.737,-273.1,11.8,0.000,15.64,0
2026-09-18T11:18:07.555,82.474,255,1.737,-273.1,11.8,0.000,15.98,0
2026-09-18T11:18:07.653,82.573,255,1.737,-273.1,11.7,0.000,15.75,0
2026-09-18T11:18:07.754,82.674,255,1.738,-273.1,11.4,0.000,15.60,0
2026-09-18T11:18:07.854,82.774,255,1.738,-273.1,11.1,0.000,15.84,0
2026-09-18T11:18:07.955,82.875,255,1.738,-273.1,10.9,0.000,15.98,0
2026-09-18T11:18:08.055,82.975,255,1.738,-273.1,10.9,0.000,16.10,0
2026-09-18T11:18:08.156,83.076,255,1.740,-273.1,10.6,-0.000,16.03,0
2026-09-18T11:18:08.257,83.177,255,1.741,-273.1,10.3,-0.000,15.68,0
2026-09-18T11:18:08.358,83.278,255,1.743,-273.1,10.9,-0.000,15.68,0
2026-09-18T11:18:08.458,83.378,255,1.742,-273.1,10.9,-0.000,15.89,0
2026-09-18T11:18:08.559,83.479,255,1.742,-273.1,11.2,-0.000,15.76,0
2026-09-18T11:18:08.661,83.580,255,1.744,-273.1,12.3,-0.000,15.88,0
2026-09-18T11:18:08.760,83.680,255,1.744,-273.1,12.7,-48.983,15.85,0
2026-09-18T11:18:08.862,83.782,255,1.745,-273.1,13.0,0.000,15.72,0
2026-09-18T11:18:08.961,83.881,255,1.745,-273.1,13.9,0.000,15.86,0
2026-09-18T11:18:09.062,83.982,255,1.745,-90.0,14.1,0.000,15.73,0
2026-09-18T11:18:09.162,84.082,255,1.746,-69.2,14.2,0.000,15.94,0
2026-09-18T11:18:09.263,84.182,255,1.746,-273.1,14.4,0.000,16.07,0
2026-09-18T11:18:09.364,84.283,255,1.746,-273.1,14.2,0.000,15.76,0
2026-09-18T11:18:09.464,84.383,255,1.745,-273.1,13.7,0.000,15.76,0
2026-09-18T11:18:09.564,84.484,255,1.747,-273.1,13.8,0.000,15.80,0
2026-09-18T11:18:09.665,84.585,255,1.747,-273.1,13.2,0.000,16.28,0
2026-09-18T11:18:09.765,84.685,255,1.747,-273.1,13.3,0.000,15.73,0
2026-09-18T11:18:09.866,84.785,255,1.747,-273.1,13.1,0.000,15.67,0
2026-09-18T11:18:09.965,84.885,255,1.749,-273.1,12.9,0.000,15.66,0
2026-09-18T11:18:10.066,84.986,255,1.750,-273.1,12.9,0.000,15.86,0
2026-09-18T11:18:10.165,85.085,255,1.750,-70.4,13.2,0.000,15.70,0
2026-09-18T11:18:10.266,85.185,255,1.750,-273.1,12.7,0.000,15.93,0
2026-09-18T11:18:10.366,85.286,255,1.748,-273.1,12.1,0.000,15.86,0
2026-09-18T11:18:10.467,85.386,255,1.747,-273.1,12.0,0.000,15.90,0
2026-09-18T11:18:10.567,85.486,255,1.748,-273.1,12.2,0.000,15.99,0
2026-09-18T11:18:10.668,85.588,255,1.747,-273.1,11.6,0.000,15.75,0
2026-09-18T11:18:10.766,85.686,255,1.748,-75.2,11.7,0.000,16.04,0
2026-09-18T11:18:10.868,85.787,255,1.752,-273.1,11.7,0.000,16.10,0
2026-09-18T11:18:10.966,85.886,255,1.753,-273.1,11.5,0.000,15.82,0
2026-09-18T11:18:11.066,85.986,255,1.753,-273.1,11.3,0.000,15.91,0
2026-09-18T11:18:11.167,86.087,255,1.752,-273.1,11.0,0.000,15.94,0
2026-09-18T11:18:11.268,86.188,255,1.752,-273.1,10.7,0.000,15.98,0
2026-09-18T11:18:11.368,86.288,255,1.754,-273.1,11.1,0.000,15.86,0
2026-09-18T11:18:11.468,86.388,255,1.755,-273.1,10.7,0.000,16.06,0
2026-09-18T11:18:11.569,86.489,255,1.756,-273.1,10.2,-0.000,15.77,0
2026-09-18T11:18:11.669,86.589,255,1.756,-273.1,10.2,-0.000,15.95,0
2026-09-18T11:18:11.769,86.688,255,1.756,-273.1,10.2,-0.000,15.90,0
2026-09-18T11:18:11.869,86.789,255,1.757,-273.1,10.2,-0.000,16.05,0
2026-09-18T11:18:11.970,86.890,255,1.758,-67.0,10.5,-0.000,15.90,0
2026-09-18T11:18:12.071,86.990,254,1.717,-273.1,10.8,-0.000,16.17,0
2026-09-18T11:18:12.169,87.089,254,1.707,-273.1,10.8,-0.000,16.06,0
2026-09-18T11:18:12.271,87.190,253,1.722,-273.1,11.1,-0.000,16.14,0
2026-09-18T11:18:12.371,87.291,253,1.754,-67.0,11.8,-0.000,16.14,0
2026-09-18T11:18:12.472,87.392,252,1.727,-273.1,12.8,-3.827,15.96,0
2026-09-18T11:18:12.573,87.493,252,1.727,-273.1,13.4,0.000,16.16,0
2026-09-18T11:18:12.673,87.593,251,1.735,-273.1,13.4,0.000,16.16,0
2026-09-18T11:18:12.772,87.692,251,1.743,-80.2,13.0,0.000,16.31,0
2026-09-18T11:18:12.873,87.793,251,1.747,-90.0,13.9,0.000,15.69,0
2026-09-18T11:18:12.974,87.894,251,1.754,-273.1,14.2,0.000,16.22,0
2026-09-18T11:18:13.075,87.995,251,1.738,-273.1,14.1,0.000,16.18,0
2026-09-18T11:18:13.175,88.095,251,1.756,-273.1,13.9,0.000,16.35,0
2026-09-18T11:18:13.276,88.195,251,1.763,-273.1,13.9,0.000,16.56,0
2026-09-18T11:18:13.376,88.295,250,1.750,-273.1,13.8,0.000,15.94,0
2026-09-18T11:18:13.476,88.396,250,1.769,-273.1,13.7,0.000,15.85,0
2026-09-18T11:18:13.576,88.496,250,1.762,-273.1,13.7,0.000,16.35,0
2026-09-18T11:18:13.676,88.595,250,1.725,-273.1,13.8,0.000,16.31,0
2026-09-18T11:18:13.775,88.695,249,1.720,-273.1,13.5,0.000,15.91,0
2026-09-18T11:18:13.875,88.795,249,1.736,-273.1,13.4,0.000,16.24,0
2026-09-18T11:18:13.979,88.899,249,1.737,-273.1,13.3,0.000,16.48,0
2026-09-18T11:18:14.077,88.997,248,1.705,-273.1,12.8,0.000,16.59,0
2026-09-18T11:18:14.177,89.097,248,1.720,-273.1,12.9,0.000,15.77,0
2026-09-18T11:18:14.278,89.198,248,1.725,-71.8,11.6,0.000,16.48,0
2026-09-18T11:18:14.379,89.299,247,1.707,-273.1,11.6,0.000,15.92,0
2026-09-18T11:18:14.478,89.398,247,1.720,-273.1,11.5,0.000,16.22,0
2026-09-18T11:18:14.579,89.499,247,1.744,-273.1,11.2,0.000,15.92,0
2026-09-18T11:18:14.681,89.600,247,1.728,-273.1,11.5,0.000,16.14,0
2026-09-18T11:18:14.779,89.698,247,1.720,-273.1,11.0,0.000,16.11,0
2026-09-18T11:18:14.879,89.799,247,1.716,-80.2,10.8,0.000,16.11,0
2026-09-18T11:18:14.980,89.900,247,1.747,-273.1,10.2,-0.000,16.47,0
2026-09-18T11:18:15.081,90.001,246,1.719,-273.1,10.0,-0.000,15.88,0
2026-09-18T11:18:15.181,90.101,246,1.739,-90.0,10.2,-0.000,16.26,0
2026-09-18T11:18:15.282,90.202,246,1.722,-273.1,10.8,-0.000,16.13,0
2026-09-18T11:18:15.382,90.302,246,1.718,-273.1,10.6,-0.000,16.01,0
2026-09-18T11:18:15.482,90.402,246,1.734,-273.1,10.4,-0.000,16.09,0
2026-09-18T11:18:15.581,90.501,246,1.733,-273.1,10.4,-0.000,16.16,0
2026-09-18T11:18:15.682,90.602,246,1.720,-273.1,10.6,-0.000,15.97,0
2026-09-18T11:18:15.782,90.702,246,1.729,-273.1,10.7,-0.000,15.67,0
2026-09-18T11:18:15.882,90.801,246,1.710,-273.1,11.1,-0.000,16.13,0
2026-09-18T11:18:15.982,90.902,246,1.715,-273.1,10.6,-0.000,16.29,0
2026-09-18T11:18:16.082,91.002,246,1.707,-273.1,10.9,-0.000,15.98,0
2026-09-18T11:18:16.181,91.101,246,1.719,-273.1,11.0,-0.000,16.35,0
2026-09-18T11:18:16.282,91.202,246,1.728,-273.1,11.4,-0.000,15.88,0
2026-09-18T11:18:16.383,91.302,246,1.749,-273.1,12.6,-0.000,15.83,0
2026-09-18T11:18:16.483,91.403,246,1.739,-273.1,12.7,-0.574,15.79,0
2026-09-18T11:18:16.584,91.504,246,1.735,-273.1,13.5,0.000,16.37,0
2026-09-18T11:18:16.684,91.604,246,1.710,-273.1,13.7,0.000,16.15,0
2026-09-18T11:18:16.784,91.704,246,1.720,-273.1,13.7,0.000,15.98,0
2026-09-18T11:18:16.884,91.804,246,1.748,-273.1,13.5,0.000,15.84,0
2026-09-18T11:18:16.985,91.905,246,1.707,-273.1,14.0,0.000,16.11,0
2026-09-18T11:18:17.084,92.004,246,1.755,-70.4,13.8,0.000,16.06,0
2026-09-18T11:18:17.185,92.105,246,1.727,-69.2,14.3,0.000,16.28,0
2026-09-18T11:18:17.285,92.204,246,1.716,-273.1,13.8,0.000,16.31,0
2026-09-18T11:18:17.384,92.303,246,1.715,-273.1,14.1,0.000,16.00,0
2026-09-18T11:18:17.484,92.403,246,1.745,-80.2,14.1,0.000,16.00,0
2026-09-18T11:18:17.584,92.504,246,1.747,-273.1,14.8,0.000,15.77,0
2026-09-18T11:18:17.685,92.605,246,1.730,-273.1,14.2,0.000,16.22,0
2026-09-18T11:18:17.786,92.706,246,1.731,-273.1,14.4,0.000,16.22,0
2026-09-18T11:18:17.884,92.804,246,1.749,-273.1,14.3,0.000,16.34,0
2026-09-18T11:18:17.984,92.904,246,1.756,-273.1,14.4,0.000,16.39,0
2026-09-18T11:18:18.085,93.005,246,1.744,-273.1,14.0,0.000,16.55,0
2026-09-18T11:18:18.184,93.104,246,1.713,-273.1,14.3,0.000,16.27,0
2026-09-18T11:18:18.284,93.204,246,1.759,-273.1,13.9,0.000,16.20,0
2026-09-18T11:18:18.384,93.304,246,1.718,-273.1,14.0,0.000,15.99,0
2026-09-18T11:18:18.484,93.404,246,1.719,-273.1,13.7,0.000,16.17,0
2026-09-18T11:18:18.585,93.505,246,1.720,-273.1,13.5,0.000,16.32,0
2026-09-18T11:18:18.685,93.605,246,1.750,-273.1,13.5,0.000,16.35,0
2026-09-18T11:18:18.786,93.706,246,1.743,-273.1,13.5,0.000,16.30,0
2026-09-18T11:18:18.886,93.806,246,1.742,-273.1,13.1,0.000,16.71,0
2026-09-18T11:18:18.985,93.905,246,1.775,-273.1,13.7,0.000,16.32,0
2026-09-18T11:18:19.085,94.005,246,1.747,-273.1,13.2,0.000,16.04,0
2026-09-18T11:18:19.186,94.106,246,1.720,-273.1,12.6,0.000,16.10,0
2026-09-18T11:18:19.286,94.206,246,1.737,-273.1,12.1,0.000,16.14,0
2026-09-18T11:18:19.386,94.306,246,1.746,-273.1,12.1,0.000,16.28,0
2026-09-18T11:18:19.487,94.407,246,1.765,-83.9,11.6,0.000,16.20,0
2026-09-18T11:18:19.588,94.508,246,1.737,-273.1,10.8,0.000,15.73,0
2026-09-18T11:18:19.689,94.609,246,1.719,-273.1,10.4,-0.000,15.97,0
2026-09-18T11:18:19.789,94.708,246,1.760,-273.1,10.6,-116.337,15.88,0
2026-09-18T11:18:19.889,94.809,246,1.763,-273.1,10.0,-0.000,16.03,0
2026-09-18T11:18:19.990,94.910,246,1.750,-273.1,9.8,-0.000,16.38,0
2026-09-18T11:18:20.092,95.011,246,1.769,-273.1,10.4,-0.000,16.45,0
2026-09-18T11:18:20.194,95.113,246,1.768,-273.1,11.0,-0.000,16.17,0
2026-09-18T11:18:20.291,95.211,246,1.764,-273.1,11.1,-0.000,15.93,0
2026-09-18T11:18:20.391,95.311,246,1.742,-273.1,11.2,-0.000,16.17,0
2026-09-18T11:18:20.492,95.412,246,1.758,-273.1,11.8,-0.000,16.22,0
2026-09-18T11:18:20.593,95.513,246,1.766,-273.1,12.8,-0.000,16.31,0
2026-09-18T11:18:20.693,95.613,246,1.721,-80.2,12.7,-0.000,16.18,0
2026-09-18T11:18:20.794,95.714,246,1.729,-273.1,13.3,0.000,16.07,0
2026-09-18T11:18:20.894,95.814,246,1.736,-273.1,13.9,0.000,16.62,0
2026-09-18T11:18:20.995,95.915,246,1.766,-71.8,14.1,0.000,16.42,0
2026-09-18T11:18:21.096,96.016,246,1.747,-273.1,14.2,0.000,16.36,0
2026-09-18T11:18:21.197,96.117,246,1.751,-273.1,13.9,0.000,16.35,0
2026-09-18T11:18:21.297,96.216,246,1.769,-90.0,14.0,0.000,16.30,0
2026-09-18T11:18:21.396,96.316,246,1.754,-273.1,14.0,0.000,16.44,0
2026-09-18T11:18:21.496,96.416,246,1.720,-273.1,13.0,0.000,16.13,0
2026-09-18T11:18:21.596,96.516,246,1.776,-273.1,14.0,0.000,16.21,0
2026-09-18T11:18:21.698,96.617,246,1.755,-273.1,13.5,0.000,15.90,0
2026-09-18T11:18:21.798,96.718,246,1.763,-273.1,13.2,0.000,16.45,0
2026-09-18T11:18:21.897,96.817,246,1.763,-273.1,13.2,0.000,16.09,0
2026-09-18T11:18:21.997,96.917,246,1.773,-273.1,13.5,0.000,16.30,0
2026-09-18T11:18:22.097,97.017,246,1.771,-273.1,12.8,0.000,16.09,0
2026-09-18T11:18:22.198,97.117,246,1.782,-273.1,12.8,0.000,15.84,0
2026-09-18T11:18:22.297,97.217,246,1.771,-273.1,12.9,0.000,16.68,0
2026-09-18T11:18:22.396,97.316,246,1.745,-71.8,13.1,0.000,16.28,0
2026-09-18T11:18:22.497,97.417,246,1.772,-273.1,12.6,0.000,16.14,0
2026-09-18T11:18:22.597,97.517,246,1.783,-273.1,12.3,0.000,16.24,0
2026-09-18T11:18:22.700,97.619,246,1.738,-273.1,11.7,0.000,16.14,0
2026-09-18T11:18:22.799,97.719,246,1.728,-273.1,11.0,0.000,16.34,0
2026-09-18T11:18:22.899,97.819,246,1.778,-273.1,10.6,0.000,15.85,0
2026-09-18T11:18:22.999,97.919,246,1.772,-273.1,10.7,0.000,16.08,0
2026-09-18T11:18:23.100,98.019,246,1.765,-273.1,10.6,-0.000,16.20,0
2026-09-18T11:18:23.200,98.120,246,1.736,-273.1,10.0,-0.000,16.18,0
2026-09-18T11:18:23.300,98.219,246,1.767,-273.1,10.3,-0.000,16.39,0
2026-09-18T11:18:23.401,98.321,246,1.784,-273.1,10.4,-0.000,16.17,0
2026-09-18T11:18:23.500,98.420,246,1.754,-273.1,9.8,-0.000,16.24,0
2026-09-18T11:18:23.600,98.520,246,1.784,-90.0,9.8,-0.000,16.38,0
2026-09-18T11:18:23.700,98.620,246,1.733,-273.1,9.8,-0.000,15.24,0
2026-09-18T11:18:23.800,98.720,246,1.766,-273.1,9.8,-0.000,16.45,0
2026-09-18T11:18:23.900,98.820,246,1.781,-273.1,10.1,-0.000,16.29,0
2026-09-18T11:18:24.002,98.922,246,1.767,-71.8,10.8,-0.000,16.37,0
2026-09-18T11:18:24.103,99.023,246,1.776,-273.1,11.9,-0.000,16.40,0
2026-09-18T11:18:24.204,99.123,246,1.778,-273.1,12.5,-0.000,16.52,0
2026-09-18T11:18:24.303,99.222,246,1.782,-273.1,12.5,-0.000,16.38,0
2026-09-18T11:18:24.404,99.324,246,1.741,-273.1,12.6,-0.000,16.32,0
2026-09-18T11:18:24.503,99.422,246,1.768,-273.1,13.0,0.000,16.39,0
2026-09-18T11:18:24.605,99.524,246,1.756,-273.1,13.7,0.000,16.10,0
2026-09-18T11:18:24.705,99.625,246,1.781,-273.1,13.9,0.000,16.35,0
2026-09-18T11:18:24.805,99.724,246,1.760,-273.1,13.9,0.000,16.58,0
2026-09-18T11:18:24.905,99.825,246,1.786,-273.1,14.2,0.000,16.24,0
2026-09-18T11:18:25.006,99.926,245,1.759,-273.1,14.2,0.000,16.58,0
2026-09-18T11:18:25.107,100.027,245,1.741,-273.1,14.5,0.000,16.58,0
2026-09-18T11:18:25.206,100.126,244,1.764,-273.1,14.0,0.000,16.42,0
2026-09-18T11:18:25.306,100.226,244,1.783,-273.1,14.1,0.000,16.50,0
2026-09-18T11:18:25.406,100.326,243,1.774,-273.1,13.8,0.000,15.91,0
2026-09-18T11:18:25.506,100.426,243,1.748,-273.1,14.1,0.000,16.07,0
2026-09-18T11:18:25.606,100.526,242,1.740,-273.1,13.9,0.000,16.42,0
2026-09-18T11:18:25.706,100.626,242,1.804,-83.9,13.3,0.000,16.52,0
2026-09-18T11:18:25.807,100.727,242,1.777,-273.1,13.3,0.000,15.76,0
2026-09-18T11:18:25.907,100.827,241,1.765,-273.1,13.3,0.000,16.02,0
2026-09-18T11:18:26.006,100.926,241,1.757,-273.1,13.4,0.000,16.47,0
2026-09-18T11:18:26.107,101.027,240,1.767,-273.1,12.9,0.000,16.47,0
2026-09-18T11:18:26.207,101.127,240,1.745,-273.1,13.2,0.000,16.32,0
2026-09-18T11:18:26.308,101.227,240,1.760,-273.1,12.9,0.000,16.45,0
2026-09-18T11:18:26.407,101.327,239,1.721,-273.1,12.5,0.000,16.26,0
2026-09-18T11:18:26.506,101.426,239,1.748,-273.1,12.7,0.000,15.97,0
2026-09-18T11:18:26.607,101.526,238,1.737,-273.1,12.6,0.000,16.21,0
2026-09-18T11:18:26.707,101.627,238,1.786,-273.1,12.3,0.000,15.55,0
2026-09-18T11:18:26.807,101.727,237,1.765,-83.9,12.6,0.000,17.75,0
2026-09-18T11:18:26.908,101.828,237,1.787,-273.1,11.8,0.000,15.97,0
2026-09-18T11:18:27.008,101.928,236,1.769,-273.1,11.3,0.000,15.93,0
2026-09-18T11:18:27.108,102.027,236,1.735,-273.1,11.8,0.000,16.49,0
2026-09-18T11:18:27.208,102.128,235,1.780,-273.1,11.6,0.000,15.81,0
2026-09-18T11:18:27.309,102.229,235,1.738,-273.1,11.1,0.000,16.10,0
2026-09-18T11:18:27.408,102.328,235,1.750,-273.1,11.2,0.000,16.78,0
2026-09-18T11:18:27.508,102.428,234,1.730,-273.1,10.6,0.000,16.14,0
2026-09-18T11:18:27.608,102.527,234,1.742,-273.1,11.2,0.000,16.82,0
2026-09-18T11:18:27.707,102.627,233,1.726,-273.1,11.2,0.000,15.70,0
2026-09-18T11:18:27.808,102.728,233,1.773,-273.1,10.7,0.000,16.47,0
2026-09-18T11:18:27.908,102.827,232,1.754,-273.1,10.7,0.000,15.79,0
2026-09-18T11:18:28.008,102.928,232,1.733,-273.1,10.3,-0.765,16.22,0
2026-09-18T11:18:28.108,103.028,232,1.770,-273.1,10.4,-0.000,16.24,0
2026-09-18T11:18:28.209,103.129,232,1.721,-273.1,10.1,-0.000,16.09,0
2026-09-18T11:18:28.310,103.230,232,1.747,-273.1,9.8,-0.000,15.81,0
2026-09-18T11:18:28.411,103.331,232,1.751,-273.1,10.4,-0.000,15.87,0
2026-09-18T11:18:28.511,103.431,232,1.718,-273.1,10.9,-0.000,16.53,0
2026-09-18T11:18:28.611,103.531,232,1.721,-273.1,11.1,-0.000,15.90,0
2026-09-18T11:18:28.712,103.632,232,1.771,-90.0,11.8,-0.000,16.13,0
2026-09-18T11:18:28.812,103.732,232,1.721,-273.1,12.0,-0.000,17.50,0
2026-09-18T11:18:28.911,103.831,232,1.742,-273.1,11.5,-0.000,15.80,0
2026-09-18T11:18:29.012,103.932,232,1.741,-273.1,12.6,0.000,16.51,0
2026-09-18T11:18:29.113,104.033,232,1.729,-273.1,12.8,-0.000,16.73,0
2026-09-18T11:18:29.213,104.132,232,1.747,-273.1,12.9,-18.369,16.46,0
2026-09-18T11:18:29.313,104.233,232,1.732,-273.1,13.5,0.000,15.55,0
2026-09-18T11:18:29.414,104.334,232,1.731,-80.2,14.2,0.000,16.06,0
2026-09-18T11:18:29.514,104.434,232,1.751,-273.1,13.7,0.000,16.47,0
2026-09-18T11:18:29.614,104.534,232,1.711,-273.1,14.1,0.000,16.99,0
2026-09-18T11:18:29.716,104.635,232,1.735,-273.1,14.3,0.000,15.89,0
2026-09-18T11:18:29.814,104.734,231,1.722,-273.1,14.8,0.000,15.86,0
2026-09-18T11:18:29.915,104.834,231,1.755,-273.1,14.1,0.000,15.83,0
2026-09-18T11:18:30.015,104.935,231,1.736,-273.1,13.9,0.000,15.76,0
2026-09-18T11:18:30.115,105.035,231,1.740,-273.1,14.0,0.000,16.84,0
2026-09-18T11:18:30.214,105.134,231,1.730,-273.1,14.1,0.000,15.91,0
2026-09-18T11:18:30.315,105.235,231,1.716,-273.1,14.0,0.000,16.22,0
2026-09-18T11:18:30.415,105.334,231,1.739,-273.1,13.2,0.000,16.28,0
2026-09-18T11:18:30.515,105.435,231,1.755,-90.0,13.5,0.000,15.37,0
2026-09-18T11:18:30.616,105.535,231,1.769,-273.1,13.3,0.000,16.13,0
2026-09-18T11:18:30.716,105.636,231,1.745,-273.1,13.1,0.000,16.40,0
2026-09-18T11:18:30.817,105.737,231,1.733,-273.1,12.6,0.000,16.44,0
2026-09-18T11:18:30.917,105.836,231,1.762,-62.2,12.5,0.000,15.94,0
2026-09-18T11:18:31.017,105.937,231,1.747,-273.1,11.8,0.000,16.80,0
2026-09-18T11:18:31.118,106.038,231,1.720,-273.1,11.3,0.000,16.20,0
2026-09-18T11:18:31.218,106.138,231,1.756,-273.1,11.1,0.000,16.46,0
2026-09-18T11:18:31.317,106.237,231,1.740,-273.1,11.7,0.000,16.37,0
2026-09-18T11:18:31.419,106.338,231,1.751,-273.1,10.9,0.000,15.99,0
2026-09-18T11:18:31.518,106.438,231,1.754,-273.1,10.8,0.000,16.57,0
2026-09-18T11:18:31.618,106.538,231,1.763,-273.1,10.7,0.000,16.02,0
2026-09-18T11:18:31.717,106.637,231,1.755,-273.1,11.0,0.000,15.98,0
2026-09-18T11:18:31.818,106.738,231,1.752,-273.1,10.4,0.000,16.47,0
2026-09-18T11:18:31.917,106.837,231,1.749,-273.1,10.8,0.000,17.37,0
2026-09-18T11:18:32.018,106.938,231,1.770,-273.1,10.5,0.034,15.99,0
2026-09-18T11:18:32.119,107.039,231,1.750,-273.1,10.2,-0.000,16.09,0
2026-09-18T11:18:32.218,107.138,231,1.746,-71.8,10.1,-0.000,15.63,0
2026-09-18T11:18:32.320,107.239,231,1.733,-273.1,9.8,-0.000,16.95,0
2026-09-18T11:18:32.419,107.339,231,1.743,-66.1,9.9,0.000,16.18,0
2026-09-18T11:18:32.520,107.440,231,1.729,-273.1,10.5,0.000,16.52,0
2026-09-18T11:18:32.620,107.540,231,1.752,-273.1,11.0,0.000,17.73,0
2026-09-18T11:18:32.722,107.641,231,1.730,-273.1,11.1,-0.000,16.15,0
2026-09-18T11:18:32.823,107.742,231,1.748,-273.1,12.3,-0.000,15.87,0
2026-09-18T11:18:32.923,107.843,231,1.756,-273.1,13.2,0.000,15.91,0
2026-09-18T11:18:33.024,107.944,231,1.763,-273.1,13.8,0.000,16.25,0
2026-09-18T11:18:33.123,108.043,231,1.730,-273.1,13.4,0.000,16.26,0
2026-09-18T11:18:33.223,108.143,231,1.757,-273.1,13.8,0.000,16.05,0
2026-09-18T11:18:33.324,108.243,231,1.755,-273.1,14.1,0.000,16.02,0
2026-09-18T11:18:33.425,108.345,231,1.771,-273.1,14.2,0.000,16.21,0
2026-09-18T11:18:33.524,108.444,231,1.759,-273.1,14.4,0.000,17.24,0
2026-09-18T11:18:33.625,108.545,231,1.738,-273.1,14.0,0.000,15.95,0
2026-09-18T11:18:33.727,108.646,231,1.784,-273.1,13.6,0.000,16.01,0
2026-09-18T11:18:33.828,108.747,231,1.745,-273.1,13.0,0.000,15.81,0
2026-09-18T11:18:33.928,108.848,231,1.768,-70.4,12.1,0.000,15.83,0
2026-09-18T11:18:34.028,108.948,231,1.748,-90.0,11.6,0.000,16.48,0
2026-09-18T11:18:34.129,109.049,231,1.761,-273.1,11.2,0.000,16.15,0
2026-09-18T11:18:34.230,109.150,231,1.752,-273.1,10.7,0.000,16.81,0
2026-09-18T11:18:34.329,109.249,231,1.760,-80.2,10.9,0.000,15.92,0
2026-09-18T11:18:34.430,109.350,231,1.733,-273.1,10.4,0.000,16.13,0
2026-09-18T11:18:34.529,109.449,231,1.759,-273.1,10.4,0.000,15.93,0
2026-09-18T11:18:34.630,109.550,231,1.733,-273.1,10.4,-0.000,16.05,0
2026-09-18T11:18:34.731,109.651,231,1.753,-273.1,9.6,-0.000,16.61,0
2026-09-18T11:18:34.831,109.750,231,1.770,-273.1,9.7,-0.000,17.33,0
2026-09-18T11:18:34.931,109.850,231,1.759,-273.1,10.0,-0.000,16.13,0
2026-09-18T11:18:35.032,109.951,231,1.732,-273.1,9.7,-0.000,16.20,0
2026-09-18T11:18:35.131,110.051,231,1.768,-273.1,9.7,-0.000,16.07,0
2026-09-18T11:18:35.232,110.152,231,1.747,-273.1,10.5,0.000,16.13,0
2026-09-18T11:18:35.332,110.252,231,1.777,-273.1,10.9,0.000,15.79,0
2026-09-18T11:18:35.433,110.353,231,1.776,-273.1,12.0,0.000,16.37,0
2026-09-18T11:18:35.534,110.453,231,1.778,-273.1,12.6,0.000,16.15,0
2026-09-18T11:18:35.633,110.553,231,1.741,-273.1,12.1,0.000,15.68,0
2026-09-18T11:18:35.733,110.653,231,1.742,-273.1,12.7,0.000,15.85,0
2026-09-18T11:18:35.834,110.754,231,1.736,-273.1,13.2,0.000,15.87,0
2026-09-18T11:18:35.934,110.854,231,1.761,-273.1,13.2,0.000,16.88,0
2026-09-18T11:18:36.033,110.953,231,1.735,-273.1,13.1,-48.983,15.99,0
2026-09-18T11:18:36.134,111.054,231,1.764,-273.1,13.4,0.000,15.96,0
2026-09-18T11:18:36.234,111.153,231,1.791,-273.1,13.5,0.000,16.40,0
2026-09-18T11:18:36.333,111.253,231,1.780,-273.1,13.3,0.000,16.29,0
2026-09-18T11:18:36.434,111.354,231,1.758,-273.1,13.6,0.000,15.64,0
2026-09-18T11:18:36.533,111.453,231,1.749,-273.1,13.9,0.000,16.59,0
2026-09-18T11:18:36.634,111.554,231,1.727,-273.1,14.1,0.000,16.09,0
2026-09-18T11:18:36.733,111.653,231,1.740,-273.1,13.9,0.000,16.16,0
2026-09-18T11:18:36.833,111.753,231,1.750,-273.1,14.0,0.000,15.99,0
2026-09-18T11:18:36.934,111.854,231,1.775,-273.1,14.2,0.000,15.72,0
2026-09-18T11:18:37.033,111.953,231,1.779,-273.1,14.3,0.000,15.96,0
2026-09-18T11:18:37.134,112.054,231,1.768,-273.1,14.3,0.000,16.14,0
2026-09-18T11:18:37.234,112.154,231,1.734,-273.1,14.0,0.000,16.20,0
2026-09-18T11:18:37.335,112.254,231,1.757,-273.1,13.7,0.000,16.32,0
2026-09-18T11:18:37.434,112.354,231,1.781,-273.1,14.1,0.000,16.14,0
2026-09-18T11:18:37.535,112.455,231,1.728,-273.1,13.7,0.000,16.32,0
2026-09-18T11:18:37.634,112.554,231,1.775,-273.1,13.8,0.000,16.31,0
2026-09-18T11:18:37.735,112.654,231,1.739,-273.1,13.2,0.000,16.90,0
2026-09-18T11:18:37.835,112.755,231,1.771,-67.0,13.4,0.000,16.28,0
2026-09-18T11:18:37.938,112.858,231,1.748,-273.1,12.9,0.000,16.31,0
2026-09-18T11:18:38.037,112.957,231,1.778,-273.1,11.7,0.000,15.83,0
2026-09-18T11:18:38.138,113.058,231,1.776,-273.1,11.0,0.000,15.88,0
2026-09-18T11:18:38.238,113.158,231,1.781,-273.1,10.4,0.000,16.81,0
2026-09-18T11:18:38.339,113.259,231,1.776,-273.1,10.4,-0.000,15.75,0
2026-09-18T11:18:38.439,113.359,231,1.741,-273.1,9.6,-0.000,16.07,0
2026-09-18T11:18:38.540,113.460,231,1.750,-273.1,9.7,-0.000,16.56,0
2026-09-18T11:18:38.640,113.560,231,1.771,-273.1,10.0,0.000,15.90,0
2026-09-18T11:18:38.740,113.660,231,1.755,-273.1,10.1,0.000,16.59,0
2026-09-18T11:18:38.840,113.760,231,1.782,-273.1,10.4,0.000,16.27,0
2026-09-18T11:18:38.941,113.861,231,1.769,-90.0,11.5,0.000,16.09,0
2026-09-18T11:18:39.041,113.961,231,1.758,-273.1,11.7,0.000,16.25,0
2026-09-18T11:18:39.142,114.062,231,1.755,-273.1,12.8,-0.000,16.28,0
2026-09-18T11:18:39.243,114.163,231,1.755,-273.1,13.0,-195.934,16.08,0
2026-09-18T11:18:39.343,114.263,230,1.752,-273.1,13.2,-6.147,16.25,0
2026-09-18T11:18:39.443,114.363,230,1.755,-273.1,13.4,0.000,15.34,0
2026-09-18T11:18:39.543,114.463,229,1.762,-273.1,13.3,0.000,16.04,0
2026-09-18T11:18:39.644,114.564,229,1.778,-273.1,14.0,0.000,16.53,0
2026-09-18T11:18:39.744,114.664,228,1.752,-273.1,14.0,0.000,15.96,0
2026-09-18T11:18:39.844,114.764,228,1.743,-273.1,14.4,0.000,15.87,0
2026-09-18T11:18:39.944,114.864,228,1.782,-273.1,14.6,0.000,16.31,0
2026-09-18T11:18:40.047,114.967,228,1.763,-273.1,14.0,0.000,16.15,0
2026-09-18T11:18:40.147,115.067,228,1.741,-273.1,13.6,0.000,16.14,0
2026-09-18T11:18:40.246,115.166,227,1.755,-273.1,13.5,0.000,15.53,0
2026-09-18T11:18:40.345,115.265,227,1.761,-273.1,13.5,0.000,15.99,0
2026-09-18T11:18:40.445,115.365,226,1.770,-273.1,13.2,0.000,16.01,0
2026-09-18T11:18:40.545,115.465,226,1.768,-273.1,13.2,0.000,16.21,0
2026-09-18T11:18:40.645,115.565,226,1.771,-273.1,13.1,0.000,15.57,0
2026-09-18T11:18:40.746,115.666,226,1.753,-273.1,13.2,0.000,16.16,0
2026-09-18T11:18:40.846,115.766,226,1.726,-273.1,12.6,0.000,16.41,0
2026-09-18T11:18:40.947,115.867,226,1.747,-273.1,12.2,0.000,15.55,0
2026-09-18T11:18:41.048,115.967,225,1.758,-90.0,11.7,0.000,16.06,0
2026-09-18T11:18:41.147,116.067,225,1.748,-273.1,11.7,0.000,16.15,0
2026-09-18T11:18:41.248,116.167,225,1.776,-273.1,11.0,0.000,16.88,0
2026-09-18T11:18:41.349,116.269,224,1.743,-273.1,10.2,-1.531,16.55,0
2026-09-18T11:18:41.450,116.370,224,1.760,-83.9,9.6,-0.000,15.76,0
2026-09-18T11:18:41.551,116.471,224,1.722,-273.1,9.4,-0.000,16.13,0
2026-09-18T11:18:41.650,116.570,224,1.719,-273.1,9.6,-0.000,15.69,0
2026-09-18T11:18:41.751,116.670,224,1.736,-273.1,10.0,0.000,15.57,0
2026-09-18T11:18:41.850,116.770,224,1.721,-69.2,9.4,0.000,16.37,0
2026-09-18T11:18:41.951,116.870,224,1.717,-273.1,10.5,0.000,15.80,0
2026-09-18T11:18:42.051,116.971,224,1.727,-273.1,10.9,0.000,16.24,0
2026-09-18T11:18:42.151,117.071,224,1.760,-273.1,11.4,0.000,16.55,0
2026-09-18T11:18:42.252,117.172,224,1.728,-273.1,11.8,0.000,16.24,0
2026-09-18T11:18:42.352,117.272,224,1.717,-70.4,12.3,0.000,16.51,0
2026-09-18T11:18:42.453,117.373,224,1.747,-273.1,12.9,-0.000,16.70,0
2026-09-18T11:18:42.553,117.473,224,1.759,-273.1,13.0,0.000,16.07,0
2026-09-18T11:18:42.654,117.573,224,1.738,-273.1,13.7,0.000,16.37,0
2026-09-18T11:18:42.753,117.673,224,1.739,-273.1,14.1,0.000,16.39,0
2026-09-18T11:18:42.854,117.774,224,1.753,-273.1,14.1,0.000,16.35,0
2026-09-18T11:18:42.954,117.874,224,1.760,-273.1,14.4,0.000,15.44,0
2026-09-18T11:18:43.055,117.975,224,1.773,-273.1,14.5,0.000,15.96,0
2026-09-18T11:18:43.156,118.076,224,1.756,-273.1,14.0,0.000,15.51,0
2026-09-18T11:18:43.258,118.178,224,1.757,-273.1,13.5,0.000,15.72,0
2026-09-18T11:18:43.358,118.278,224,1.745,-83.9,13.2,0.000,16.24,0
2026-09-18T11:18:43.458,118.377,224,1.716,-273.1,12.4,0.000,15.65,0
2026-09-18T11:18:43.558,118.478,224,1.746,-273.1,12.5,0.000,16.50,0
2026-09-18T11:18:43.659,118.579,224,1.765,-273.1,11.4,0.000,16.78,0
2026-09-18T11:18:43.759,118.679,224,1.753,-273.1,10.6,0.000,16.59,0
2026-09-18T11:18:43.859,118.778,224,1.755,-273.1,11.0,0.000,17.88,0
2026-09-18T11:18:43.960,118.879,224,1.748,-273.1,10.3,0.000,15.81,0
2026-09-18T11:18:44.059,118.979,224,1.712,-273.1,10.7,0.000,16.21,0
2026-09-18T11:18:44.160,119.080,224,1.750,-273.1,10.4,-0.000,15.92,0
2026-09-18T11:18:44.260,119.180,224,1.740,-273.1,10.1,-0.000,15.59,0
2026-09-18T11:18:44.361,119.281,224,1.715,-273.1,9.3,-0.000,16.57,0
2026-09-18T11:18:44.462,119.382,224,1.759,-273.1,9.7,0.000,15.77,0
2026-09-18T11:18:44.563,119.482,224,1.748,-273.1,10.5,0.000,15.84,0
2026-09-18T11:18:44.662,119.582,224,1.737,-273.1,10.5,0.000,16.71,0
2026-09-18T11:18:44.762,119.682,224,1.749,-273.1,10.5,0.000,15.40,0
2026-09-18T11:18:44.862,119.782,224,1.781,-273.1,10.8,0.000,15.59,0
2026-09-18T11:18:44.962,119.882,224,1.739,-273.1,11.1,0.000,16.22,0
2026-09-18T11:18:45.062,119.982,224,1.756,-273.1,11.7,0.000,16.16,0
2026-09-18T11:18:45.162,120.082,224,1.713,-273.1,12.2,0.000,16.32,0
2026-09-18T11:18:45.262,120.182,224,1.753,-273.1,12.2,0.000,16.35,0
2026-09-18T11:18:45.363,120.283,224,1.754,-273.1,12.6,0.000,15.80,0
2026-09-18T11:18:45.464,120.383,224,1.709,-273.1,13.0,-195.934,16.73,0
2026-09-18T11:18:45.563,120.482,224,1.744,-273.1,13.2,0.000,15.54,0
2026-09-18T11:18:45.662,120.582,224,1.734,-273.1,13.3,0.000,16.24,0
2026-09-18T11:18:45.762,120.682,224,1.714,-273.1,13.2,0.000,16.22,0
2026-09-18T11:18:45.862,120.782,224,1.762,-273.1,13.4,0.000,16.39,0
2026-09-18T11:18:45.962,120.882,224,1.741,-273.1,13.4,0.000,15.39,0
2026-09-18T11:18:46.062,120.982,224,1.726,-273.1,13.7,0.000,16.87,0
2026-09-18T11:18:46.163,121.083,224,1.758,-273.1,13.8,0.000,16.25,0
2026-09-18T11:18:46.263,121.183,224,1.720,-273.1,14.4,0.000,16.36,0
2026-09-18T11:18:46.363,121.283,224,1.727,-273.1,14.2,0.000,16.09,0
2026-09-18T11:18:46.464,121.384,224,1.727,-70.4,14.3,0.000,16.83,0
2026-09-18T11:18:46.565,121.485,224,1.755,-273.1,13.9,0.000,16.32,0
2026-09-18T11:18:46.666,121.586,224,1.749,-273.1,13.7,0.000,15.83,0
2026-09-18T11:18:46.767,121.687,224,1.737,-273.1,13.2,0.000,15.93,0
2026-09-18T11:18:46.867,121.787,224,1.754,-273.1,12.8,0.000,17.13,0
2026-09-18T11:18:46.967,121.887,224,1.729,-273.1,12.6,0.000,16.20,0
2026-09-18T11:18:47.067,121.987,224,1.769,-273.1,12.0,0.000,15.62,0
2026-09-18T11:18:47.169,122.088,224,1.755,-273.1,11.0,0.000,15.98,0
2026-09-18T11:18:47.268,122.187,224,1.735,-273.1,11.1,0.000,16.46,0
2026-09-18T11:18:47.368,122.288,224,1.772,-273.1,10.8,0.000,15.76,0
2026-09-18T11:18:47.468,122.388,224,1.750,-273.1,11.0,0.000,15.85,0
2026-09-18T11:18:47.569,122.488,224,1.700,-273.1,10.3,0.000,15.56,0
2026-09-18T11:18:47.670,122.589,224,1.736,-273.1,10.0,-0.000,16.19,0
2026-09-18T11:18:47.769,122.689,224,1.744,-273.1,9.9,-0.000,15.75,0
2026-09-18T11:18:47.869,122.789,224,1.761,-90.0,10.0,-0.000,16.03,0
2026-09-18T11:18:47.970,122.889,224,1.718,-273.1,9.9,-0.000,16.52,0
2026-09-18T11:18:48.069,122.988,224,1.747,-273.1,9.9,-0.000,15.81,0
2026-09-18T11:18:48.169,123.089,224,1.729,-273.1,9.5,-0.000,16.39,0
2026-09-18T11:18:48.269,123.188,224,1.708,-273.1,8.1,-0.000,16.37,0
2026-09-18T11:18:48.369,123.289,224,1.736,-273.1,9.6,0.000,17.03,0
2026-09-18T11:18:48.469,123.389,224,1.733,-273.1,9.7,-0.000,15.99,0
2026-09-18T11:18:48.568,123.488,224,1.770,-66.1,9.4,-0.000,15.77,0
2026-09-18T11:18:48.669,123.589,224,1.763,-273.1,9.5,0.000,16.23,0
2026-09-18T11:18:48.769,123.689,224,1.736,-273.1,10.6,0.000,16.55,0
2026-09-18T11:18:48.870,123.789,224,1.748,-273.1,10.3,0.000,16.99,0
2026-09-18T11:18:48.971,123.890,224,1.734,-273.1,10.6,0.000,16.58,0
2026-09-18T11:18:49.070,123.990,224,1.733,-273.1,10.7,0.000,15.92,0
2026-09-18T11:18:49.170,124.090,224,1.738,-273.1,10.5,0.000,16.79,0
2026-09-18T11:18:49.270,124.189,224,1.725,-273.1,11.0,0.000,16.16,0
2026-09-18T11:18:49.370,124.290,224,1.758,-65.2,11.5,0.000,16.55,0
2026-09-18T11:18:49.470,124.390,224,1.743,-273.1,11.6,0.000,17.03,0
2026-09-18T11:18:49.571,124.491,224,1.749,-273.1,12.6,0.000,15.27,0
2026-09-18T11:18:49.671,124.591,224,1.758,-273.1,13.6,0.000,15.73,0
2026-09-18T11:18:49.773,124.692,224,1.759,-273.1,13.9,0.000,15.57,0
2026-09-18T11:18:49.872,124.792,224,1.735,-77.4,14.1,0.000,16.28,0
2026-09-18T11:18:49.972,124.891,224,1.741,-273.1,13.8,0.000,15.76,0
2026-09-18T11:18:50.072,124.992,224,1.737,-83.9,14.0,0.000,16.23,0
2026-09-18T11:18:50.172,125.092,224,1.735,-273.1,14.8,0.000,16.50,0
2026-09-18T11:18:50.272,125.192,224,1.769,-273.1,14.4,0.000,15.96,0
2026-09-18T11:18:50.371,125.291,224,1.750,-273.1,14.4,0.000,17.09,0
2026-09-18T11:18:50.472,125.392,224,1.724,-273.1,14.4,0.000,15.68,0
2026-09-18T11:18:50.572,125.491,224,1.767,-273.1,14.8,0.000,15.82,0
2026-09-18T11:18:50.673,125.592,224,1.756,-90.0,14.2,0.000,16.17,0
2026-09-18T11:18:50.773,125.693,224,1.746,-273.1,14.3,0.000,16.30,0
2026-09-18T11:18:50.871,125.791,224,1.760,-273.1,14.4,0.000,15.62,0
2026-09-18T11:18:50.972,125.892,224,1.735,-273.1,14.1,0.000,16.91,0
2026-09-18T11:18:51.072,125.991,224,1.758,-273.1,14.1,0.000,17.16,0
2026-09-18T11:18:51.172,126.092,224,1.740,-273.1,14.0,0.000,15.55,0
2026-09-18T11:18:51.272,126.192,224,1.768,-273.1,14.0,0.000,16.88,0
2026-09-18T11:18:51.372,126.292,223,1.706,-273.1,13.8,0.000,16.70,0
2026-09-18T11:18:51.472,126.392,223,1.747,-273.1,13.6,0.000,16.14,0
2026-09-18T11:18:51.572,126.492,223,1.766,-273.1,13.2,0.000,15.84,0
2026-09-18T11:18:51.673,126.593,223,1.767,-273.1,12.6,0.000,16.13,0
2026-09-18T11:18:51.773,126.693,223,1.772,-273.1,13.0,0.000,16.83,0
2026-09-18T11:18:51.873,126.793,222,1.745,-273.1,12.4,0.000,16.40,0
2026-09-18T11:18:51.972,126.892,222,1.742,-273.1,12.6,0.000,16.27,0
2026-09-18T11:18:52.073,126.993,222,1.726,-83.9,11.9,0.000,15.80,0
2026-09-18T11:18:52.174,127.093,222,1.765,-273.1,11.3,0.000,16.58,0
2026-09-18T11:18:52.274,127.194,222,1.763,-273.1,11.0,0.000,16.96,0
2026-09-18T11:18:52.374,127.294,222,1.769,-90.0,10.2,0.000,16.36,0
2026-09-18T11:18:52.475,127.395,221,1.772,-273.1,10.0,-0.000,16.21,0
2026-09-18T11:18:52.575,127.495,221,1.763,-273.1,10.0,-0.000,16.76,0
2026-09-18T11:18:52.676,127.596,221,1.767,-273.1,9.4,-0.000,16.10,0
2026-09-18T11:18:52.775,127.695,221,1.760,-273.1,9.6,-0.000,16.87,0
2026-09-18T11:18:52.875,127.795,221,1.755,-273.1,9.3,-0.000,16.26,0
2026-09-18T11:18:52.976,127.896,221,1.758,-273.1,9.7,0.000,16.35,0
2026-09-18T11:18:53.075,127.995,221,1.735,-273.1,9.6,0.000,15.77,0
2026-09-18T11:18:53.175,128.095,220,1.749,-273.1,9.7,0.000,15.75,0
2026-09-18T11:18:53.276,128.195,220,1.728,-273.1,10.4,0.000,15.62,0
2026-09-18T11:18:53.377,128.297,220,1.762,-273.1,11.1,0.000,15.80,0
2026-09-18T11:18:53.478,128.397,220,1.728,-273.1,12.1,0.000,16.39,0
2026-09-18T11:18:53.578,128.497,219,1.705,-273.1,12.1,0.000,16.25,0
2026-09-18T11:18:53.678,128.598,219,1.731,-273.1,13.1,-12.246,16.22,0
2026-09-18T11:18:53.779,128.698,219,1.720,-273.1,13.4,0.000,16.86,0
2026-09-18T11:18:53.879,128.799,219,1.767,-273.1,13.9,0.000,16.07,0
2026-09-18T11:18:53.978,128.898,219,1.722,-273.1,13.5,0.000,15.52,0
2026-09-18T11:18:54.079,128.999,219,1.752,-273.1,13.8,0.000,16.00,0
2026-09-18T11:18:54.180,129.100,219,1.756,-273.1,14.5,0.000,16.88,0
2026-09-18T11:18:54.279,129.199,219,1.762,-273.1,14.5,0.000,16.42,0
2026-09-18T11:18:54.381,129.301,219,1.765,-66.1,14.4,0.000,16.23,0
2026-09-18T11:18:54.481,129.401,219,1.725,-273.1,14.3,0.000,16.47,0
2026-09-18T11:18:54.580,129.500,219,1.730,-273.1,14.0,0.000,15.78,0
2026-09-18T11:18:54.679,129.599,219,1.736,-273.1,14.2,0.000,15.13,0
2026-09-18T11:18:54.780,129.700,219,1.745,-273.1,14.1,0.000,16.28,0
2026-09-18T11:18:54.879,129.799,219,1.763,-273.1,14.1,0.000,16.46,0
2026-09-18T11:18:54.980,129.900,219,1.759,-273.1,13.8,0.000,16.74,0
2026-09-18T11:18:55.079,129.999,219,1.737,-273.1,13.8,0.000,16.03,0
2026-09-18T11:18:55.181,130.100,219,1.710,-273.1,13.3,0.000,16.21,0
2026-09-18T11:18:55.281,130.201,219,1.733,-273.1,12.5,0.000,15.82,0
2026-09-18T11:18:55.381,130.301,219,1.737,-65.2,12.4,0.000,16.47,0
2026-09-18T11:18:55.482,130.402,219,1.732,-273.1,12.5,0.000,16.83,0
2026-09-18T11:18:55.582,130.502,219,1.749,-273.1,12.0,0.000,16.42,0
2026-09-18T11:18:55.681,130.601,219,1.727,-273.1,12.0,0.000,16.33,0
2026-09-18T11:18:55.781,130.701,219,1.742,-273.1,11.2,0.000,16.16,0
2026-09-18T11:18:55.882,130.802,219,1.736,-273.1,11.0,0.000,16.40,0
2026-09-18T11:18:55.982,130.902,219,1.726,-273.1,11.1,0.000,16.28,0
2026-09-18T11:18:56.081,131.001,219,1.745,-273.1,11.0,0.000,16.05,0
2026-09-18T11:18:56.182,131.102,219,1.751,-273.1,10.3,0.000,15.89,0
2026-09-18T11:18:56.282,131.201,219,1.757,-273.1,10.6,0.000,16.32,0
2026-09-18T11:18:56.382,131.302,219,1.764,-273.1,10.1,-0.000,15.62,0
2026-09-18T11:18:56.483,131.403,219,1.733,-273.1,9.5,-0.000,15.88,0
2026-09-18T11:18:56.584,131.504,219,1.750,-273.1,9.7,0.000,16.57,0
2026-09-18T11:18:56.683,131.603,219,1.735,-273.1,9.5,-0.000,16.87,0
2026-09-18T11:18:56.784,131.703,219,1.737,-273.1,10.1,0.000,16.95,0
2026-09-18T11:18:56.884,131.804,219,1.740,-273.1,10.4,0.000,16.65,0
2026-09-18T11:18:56.985,131.905,219,1.747,-273.1,10.9,0.000,16.47,0
2026-09-18T11:18:57.084,132.004,219,1.716,-273.1,10.9,0.000,16.11,0
2026-09-18T11:18:57.185,132.105,219,1.755,-273.1,11.8,0.000,15.53,0
2026-09-18T11:18:57.284,132.204,219,1.729,-273.1,11.2,0.000,15.91,0
2026-09-18T11:18:57.385,132.305,219,1.765,-273.1,12.4,0.000,15.63,0
2026-09-18T11:18:57.486,132.406,219,1.721,-273.1,13.3,0.000,16.72,0
2026-09-18T11:18:57.586,132.505,219,1.735,-273.1,13.5,0.000,16.14,0
2026-09-18T11:18:57.685,132.605,219,1.722,-273.1,13.1,0.000,17.00,0
2026-09-18T11:18:57.786,132.706,219,1.742,-273.1,13.8,0.000,15.96,0
2026-09-18T11:18:57.888,132.807,219,1.720,-273.1,14.4,0.000,15.84,0
2026-09-18T11:18:57.987,132.907,219,1.758,-273.1,14.4,0.000,16.26,0
2026-09-18T11:18:58.088,133.008,219,1.741,-273.1,14.2,0.000,15.92,0
2026-09-18T11:18:58.188,133.108,219,1.768,-90.0,14.0,0.000,16.74,0
2026-09-18T11:18:58.288,133.208,219,1.767,-273.1,14.2,0.000,16.06,0
2026-09-18T11:18:58.387,133.306,219,1.764,-273.1,14.0,0.000,16.09,0
2026-09-18T11:18:58.487,133.407,219,1.736,-273.1,14.1,0.000,15.26,0
2026-09-18T11:18:58.587,133.507,219,1.769,-273.1,13.9,0.000,15.83,0
2026-09-18T11:18:58.688,133.608,219,1.754,-273.1,13.3,0.000,16.31,0
2026-09-18T11:18:58.789,133.709,219,1.757,-273.1,12.9,0.000,16.39,0
2026-09-18T11:18:58.888,133.808,219,1.745,-273.1,13.2,0.000,16.35,0
2026-09-18T11:18:58.989,133.909,219,1.748,-273.1,12.3,0.000,16.43,0
2026-09-18T11:18:59.090,134.010,219,1.769,-273.1,11.6,0.000,16.04,0
2026-09-18T11:18:59.190,134.109,219,1.749,-273.1,11.3,0.000,16.66,0
2026-09-18T11:18:59.292,134.212,219,1.717,-273.1,11.2,0.000,16.25,0
2026-09-18T11:18:59.390,134.310,219,1.738,-273.1,11.2,0.000,16.36,0
2026-09-18T11:18:59.489,134.409,219,1.763,-273.1,10.8,0.000,16.73,0
2026-09-18T11:18:59.590,134.510,219,1.765,-273.1,10.4,0.000,16.35,0
2026-09-18T11:18:59.691,134.610,219,1.743,-273.1,10.5,-0.000,16.27,0
2026-09-18T11:18:59.790,134.709,219,1.742,-273.1,10.1,0.000,16.76,0
2026-09-18T11:18:59.890,134.810,219,1.762,-273.1,10.3,-0.000,16.42,0
2026-09-18T11:18:59.990,134.910,219,1.721,-273.1,9.5,-0.000,15.73,0
2026-09-18T11:19:00.091,135.011,219,1.746,-273.1,9.6,-0.000,16.03,0
2026-09-18T11:19:00.192,135.112,219,1.741,-273.1,10.2,0.000,15.62,0
2026-09-18T11:19:00.293,135.213,219,1.769,-273.1,10.9,0.000,15.63,0
2026-09-18T11:19:00.394,135.313,219,1.729,-273.1,11.4,0.000,16.31,0
2026-09-18T11:19:00.493,135.413,219,1.738,-71.8,11.2,0.000,15.70,0
2026-09-18T11:19:00.597,135.516,219,1.765,-273.1,11.9,0.000,16.01,0
2026-09-18T11:19:00.693,135.613,219,1.738,-273.1,12.3,0.000,17.03,0
2026-09-18T11:19:00.793,135.713,219,1.740,-273.1,12.5,0.000,15.28,0
2026-09-18T11:19:00.894,135.814,219,1.768,-273.1,13.0,0.000,16.47,0
2026-09-18T11:19:00.994,135.914,219,1.725,-273.1,13.7,0.000,16.40,0
2026-09-18T11:19:01.095,136.015,219,1.738,-273.1,14.1,0.000,15.82,0
2026-09-18T11:19:01.195,136.115,219,1.734,-273.1,14.2,0.000,16.05,0
2026-09-18T11:19:01.294,136.214,219,1.720,-273.1,14.1,0.000,16.38,0
2026-09-18T11:19:01.394,136.314,219,1.755,-90.0,13.9,0.000,17.21,0
2026-09-18T11:19:01.495,136.415,219,1.748,-273.1,14.5,0.000,15.84,0
2026-09-18T11:19:01.598,136.518,219,1.727,-273.1,14.5,0.000,16.58,0
2026-09-18T11:19:01.696,136.615,219,1.715,-273.1,14.1,0.000,15.54,0
2026-09-18T11:19:01.796,136.715,219,1.769,-273.1,14.4,0.000,16.96,0
2026-09-18T11:19:01.895,136.815,219,1.733,-273.1,14.6,0.000,17.07,0
2026-09-18T11:19:01.995,136.915,219,1.747,-273.1,13.7,0.000,16.46,0
2026-09-18T11:19:02.096,137.016,219,1.732,-273.1,13.7,0.000,15.90,0
2026-09-18T11:19:02.196,137.116,219,1.739,-273.1,13.6,0.000,15.87,0
2026-09-18T11:19:02.297,137.217,219,1.747,-273.1,12.8,0.000,16.07,0
2026-09-18T11:19:02.398,137.317,219,1.731,-273.1,11.8,0.000,16.42,0
2026-09-18T11:19:02.498,137.418,219,1.775,-273.1,11.5,0.000,17.35,0
2026-09-18T11:19:02.599,137.518,219,1.754,-273.1,10.9,0.000,16.06,0
2026-09-18T11:19:02.699,137.619,219,1.764,-273.1,10.5,0.000,15.60,0
2026-09-18T11:19:02.799,137.719,219,1.752,-273.1,10.2,-0.000,15.56,0
2026-09-18T11:19:02.899,137.819,219,1.757,-273.1,10.3,0.000,16.22,0
2026-09-18T11:19:03.000,137.920,219,1.767,-273.1,10.2,-0.000,15.98,0
2026-09-18T11:19:03.099,138.019,219,1.734,-273.1,10.5,-0.000,16.91,0
2026-09-18T11:19:03.200,138.120,219,1.755,-273.1,9.5,-0.000,16.62,0
2026-09-18T11:19:03.301,138.221,219,1.750,-273.1,9.6,-0.000,16.14,0
2026-09-18T11:19:03.401,138.320,219,1.740,-273.1,9.6,-0.000,16.34,0
2026-09-18T11:19:03.501,138.421,219,1.730,-273.1,10.9,0.000,16.11,0
2026-09-18T11:19:03.601,138.521,219,1.707,-273.1,10.9,0.000,16.01,0
2026-09-18T11:19:03.702,138.621,219,1.766,-69.2,11.1,0.000,15.93,0
2026-09-18T11:19:03.802,138.722,219,1.750,-273.1,11.4,0.000,16.10,0
2026-09-18T11:19:03.902,138.822,219,1.720,-273.1,12.4,0.000,17.09,0
2026-09-18T11:19:04.004,138.923,218,1.745,-273.1,13.0,0.000,15.43,0
2026-09-18T11:19:04.104,139.023,218,1.751,-273.1,13.2,0.000,16.61,0
2026-09-18T11:19:04.203,139.122,218,1.731,-273.1,13.5,0.000,16.89,0
2026-09-18T11:19:04.303,139.223,218,1.741,-273.1,13.6,0.000,16.04,0
2026-09-18T11:19:04.403,139.322,218,1.755,-83.9,13.6,0.000,16.55,0
2026-09-18T11:19:04.503,139.423,218,1.763,-273.1,13.8,0.000,16.06,0
2026-09-18T11:19:04.604,139.523,218,1.738,-273.1,14.1,0.000,16.18,0
2026-09-18T11:19:04.703,139.623,218,1.753,-273.1,14.0,0.000,16.09,0
2026-09-18T11:19:04.804,139.724,218,1.744,-90.0,14.3,0.000,16.32,0
2026-09-18T11:19:04.904,139.823,218,1.773,-273.1,14.3,0.000,16.33,0
2026-09-18T11:19:05.004,139.924,218,1.735,-273.1,14.1,0.000,16.54,0
2026-09-18T11:19:05.105,140.025,218,1.762,-273.1,13.9,0.000,16.06,0
2026-09-18T11:19:05.206,140.125,218,1.745,-273.1,13.2,0.000,16.15,0
2026-09-18T11:19:05.306,140.226,218,1.766,-273.1,13.1,0.000,16.30,0
2026-09-18T11:19:05.407,140.327,218,1.752,-273.1,12.5,0.000,16.84,0
2026-09-18T11:19:05.507,140.427,218,1.734,-273.1,11.6,0.000,16.96,0
2026-09-18T11:19:05.608,140.528,218,1.736,-273.1,11.2,0.000,15.69,0
2026-09-18T11:19:05.709,140.628,218,1.734,-273.1,10.6,0.000,16.01,0
2026-09-18T11:19:05.809,140.729,218,1.774,-273.1,10.3,-0.000,16.65,0
2026-09-18T11:19:05.908,140.828,218,1.732,-273.1,10.3,-0.000,16.87,0
2026-09-18T11:19:06.009,140.929,218,1.742,-273.1,9.6,-0.000,15.75,0
2026-09-18T11:19:06.111,141.031,218,1.726,-273.1,9.8,-0.000,16.46,0
2026-09-18T11:19:06.210,141.130,218,1.734,-273.1,10.0,-0.000,16.23,0
2026-09-18T11:19:06.314,141.234,218,1.728,-273.1,10.2,-0.000,16.60,0
2026-09-18T11:19:06.410,141.330,218,1.770,-71.8,9.9,-0.000,15.92,0
2026-09-18T11:19:06.510,141.430,218,1.742,-273.1,10.9,-0.000,16.33,0
2026-09-18T11:19:06.611,141.531,218,1.745,-273.1,10.8,-0.000,16.01,0
2026-09-18T11:19:06.711,141.630,218,1.760,-273.1,10.8,-0.000,15.85,0
2026-09-18T11:19:06.812,141.732,218,1.764,-273.1,12.0,-0.000,16.24,0
2026-09-18T11:19:06.913,141.833,218,1.761,-273.1,12.1,-0.000,15.98,0
2026-09-18T11:19:07.011,141.930,218,1.740,-273.1,11.8,-0.000,16.25,0
2026-09-18T11:19:07.111,142.031,218,1.760,-273.1,12.7,-0.000,15.74,0
2026-09-18T11:19:07.211,142.131,218,1.735,-273.1,12.5,-0.000,16.76,0
2026-09-18T11:19:07.312,142.232,218,1.733,-273.1,13.2,0.000,15.70,0
2026-09-18T11:19:07.413,142.332,218,1.740,-273.1,14.2,0.000,17.31,0
2026-09-18T11:19:07.513,142.433,218,1.759,-273.1,14.2,0.000,15.79,0
2026-09-18T11:19:07.613,142.533,218,1.767,-273.1,14.1,0.000,16.51,0
2026-09-18T11:19:07.713,142.633,218,1.754,-273.1,14.0,0.000,15.30,0
2026-09-18T11:19:07.813,142.733,218,1.745,-273.1,14.3,0.000,16.66,0
2026-09-18T11:19:07.916,142.836,218,1.741,-273.1,13.9,0.000,16.21,0
2026-09-18T11:19:08.015,142.935,218,1.724,-90.0,13.9,0.000,16.01,0
2026-09-18T11:19:08.115,143.035,218,1.739,-273.1,13.6,0.000,16.02,0
2026-09-18T11:19:08.215,143.135,218,1.739,-273.1,13.4,0.000,16.39,0
2026-09-18T11:19:08.315,143.234,218,1.753,-273.1,13.2,0.000,16.54,0
2026-09-18T11:19:08.415,143.335,218,1.765,-273.1,12.8,0.000,15.79,0
2026-09-18T11:19:08.515,143.435,218,1.758,-273.1,12.6,0.000,16.79,0
2026-09-18T11:19:08.615,143.535,218,1.770,-273.1,12.0,0.000,16.20,0
2026-09-18T11:19:08.715,143.635,218,1.746,-273.1,11.8,0.000,16.66,0
2026-09-18T11:19:08.816,143.735,218,1.751,-273.1,11.6,0.000,16.37,0
2026-09-18T11:19:08.916,143.836,218,1.730,-273.1,11.4,0.000,16.12,0
2026-09-18T11:19:09.016,143.936,218,1.755,-273.1,11.1,0.000,16.66,0
2026-09-18T11:19:09.117,144.037,218,1.733,-273.1,10.9,0.000,16.36,0
2026-09-18T11:19:09.223,144.142,218,1.745,-273.1,10.6,0.000,16.27,0
2026-09-18T11:19:09.316,144.236,218,1.741,-273.1,10.6,0.007,15.92,0
2026-09-18T11:19:09.416,144.336,218,1.757,-273.1,10.5,-0.000,16.62,0
2026-09-18T11:19:09.517,144.436,218,1.744,-273.1,10.5,-0.000,16.38,0
2026-09-18T11:19:09.617,144.537,218,1.733,-273.1,10.0,-0.000,15.84,0
2026-09-18T11:19:09.716,144.636,218,1.743,-273.1,10.0,-0.000,16.81,0
2026-09-18T11:19:09.817,144.737,218,1.738,-273.1,10.0,-0.000,16.06,0
2026-09-18T11:19:09.917,144.837,218,1.765,-273.1,10.4,-0.000,16.68,0
2026-09-18T11:19:10.018,144.938,218,1.760,-273.1,10.5,-0.000,16.54,0
2026-09-18T11:19:10.119,145.038,218,1.799,-273.1,10.7,-0.000,15.90,0
2026-09-18T11:19:10.219,145.139,218,1.738,-273.1,11.4,-0.000,16.11,0
2026-09-18T11:19:10.320,145.239,218,1.768,-273.1,12.2,-0.000,16.51,0
2026-09-18T11:19:10.421,145.340,218,1.747,-273.1,12.9,0.000,16.28,0
2026-09-18T11:19:10.520,145.440,218,1.735,-273.1,12.7,-0.003,16.17,0
2026-09-18T11:19:10.620,145.540,218,1.735,-273.1,12.8,0.000,15.36,0
2026-09-18T11:19:10.720,145.640,218,1.732,-273.1,12.7,0.000,15.94,0
2026-09-18T11:19:10.820,145.740,218,1.721,-273.1,13.5,0.000,15.90,0
2026-09-18T11:19:10.921,145.841,218,1.756,-273.1,14.0,0.000,16.58,0
2026-09-18T11:19:11.021,145.941,218,1.733,-273.1,13.9,0.000,16.16,0
2026-09-18T11:19:11.122,146.042,218,1.742,-273.1,14.7,0.000,16.34,0
2026-09-18T11:19:11.223,146.143,218,1.720,-273.1,14.1,0.000,15.42,0
2026-09-18T11:19:11.323,146.243,218,1.738,-273.1,13.7,0.000,16.13,0
2026-09-18T11:19:11.424,146.344,218,1.763,-273.1,13.5,0.000,17.11,0
2026-09-18T11:19:11.524,146.444,218,1.703,-273.1,13.5,0.000,17.02,0
2026-09-18T11:19:11.624,146.544,218,1.742,-273.1,12.8,0.000,16.02,0
2026-09-18T11:19:11.725,146.645,218,1.753,-273.1,12.4,0.000,16.46,0
2026-09-18T11:19:11.825,146.745,218,1.739,-273.1,12.2,0.000,16.31,0
2026-09-18T11:19:11.924,146.844,218,1.741,-273.1,12.4,0.000,16.42,0
2026-09-18T11:19:12.024,146.944,218,1.758,-273.1,11.6,0.000,16.73,0
2026-09-18T11:19:12.124,147.044,218,1.756,-80.2,11.9,0.000,16.22,0
2026-09-18T11:19:12.228,147.148,218,1.747,-273.1,11.4,0.000,15.87,0
2026-09-18T11:19:12.325,147.244,218,1.731,-273.1,11.7,0.000,16.16,0
2026-09-18T11:19:12.426,147.346,218,1.717,-273.1,11.6,0.000,16.34,0
2026-09-18T11:19:12.524,147.444,218,1.721,-273.1,11.3,0.000,16.54,0
2026-09-18T11:19:12.625,147.545,218,1.730,-273.1,11.2,0.000,16.81,0
2026-09-18T11:19:12.726,147.645,218,1.760,-77.4,10.8,0.000,16.50,0
2026-09-18T11:19:12.827,147.747,218,1.744,-273.1,10.0,-0.000,16.22,0
2026-09-18T11:19:12.928,147.847,218,1.776,-273.1,10.1,-0.000,15.90,0
2026-09-18T11:19:13.028,147.948,218,1.740,-273.1,11.0,-0.000,16.16,0
2026-09-18T11:19:13.128,148.048,218,1.733,-273.1,11.1,-0.000,16.03,0
2026-09-18T11:19:13.229,148.149,218,1.733,-273.1,11.1,-0.000,16.15,0
2026-09-18T11:19:13.328,148.248,218,1.736,-273.1,11.2,-0.000,16.16,0
2026-09-18T11:19:13.429,148.349,218,1.764,-273.1,11.8,-0.000,16.37,0
2026-09-18T11:19:13.529,148.449,218,1.765,-273.1,12.3,-0.000,16.91,0
2026-09-18T11:19:13.629,148.548,218,1.731,-273.1,11.9,-0.000,16.69,0
2026-09-18T11:19:13.729,148.649,218,1.735,-273.1,12.8,0.000,16.24,0
2026-09-18T11:19:13.828,148.748,218,1.745,-273.1,12.5,-0.000,15.92,0
2026-09-18T11:19:13.928,148.848,218,1.762,-273.1,12.8,0.000,15.75,0
2026-09-18T11:19:14.029,148.949,218,1.737,-273.1,13.3,0.000,17.91,0
2026-09-18T11:19:14.129,149.049,218,1.717,-273.1,13.0,0.000,15.65,0
2026-09-18T11:19:14.229,149.148,218,1.743,-273.1,13.3,0.000,15.57,0
2026-09-18T11:19:14.329,149.249,218,1.761,-273.1,14.0,0.000,17.07,0
2026-09-18T11:19:14.430,149.350,218,1.729,-273.1,14.1,0.000,16.22,0
2026-09-18T11:19:14.530,149.449,218,1.731,-70.4,14.0,0.000,16.11,0
2026-09-18T11:19:14.631,149.550,218,1.744,-273.1,14.2,0.000,16.07,0
2026-09-18T11:19:14.733,149.653,218,1.755,-273.1,13.9,0.000,16.49,0
2026-09-18T11:19:14.832,149.751,218,1.733,-273.1,13.9,0.000,16.28,0
2026-09-18T11:19:14.931,149.851,218,1.744,-273.1,13.8,0.000,15.68,0
2026-09-18T11:19:15.032,149.952,218,1.733,-273.1,13.6,0.000,16.36,0
2026-09-18T11:19:15.132,150.052,218,1.736,-273.1,13.3,0.000,15.59,0
2026-09-18T11:19:15.232,150.152,218,1.761,-273.1,13.0,0.000,16.58,0
2026-09-18T11:19:15.333,150.253,218,1.768,-273.1,12.5,0.000,16.83,0
2026-09-18T11:19:15.433,150.352,218,1.753,-273.1,12.8,0.000,16.48,0
2026-09-18T11:19:15.533,150.453,218,1.758,-273.1,11.9,0.000,16.71,0
2026-09-18T11:19:15.633,150.553,218,1.757,-273.1,11.9,0.000,16.79,0
2026-09-18T11:19:15.733,150.653,218,1.734,-273.1,11.5,0.000,15.87,0
2026-09-18T11:19:15.834,150.754,218,1.724,-273.1,11.2,0.000,15.99,0
2026-09-18T11:19:15.933,150.853,218,1.710,-273.1,11.5,0.000,16.60,0
2026-09-18T11:19:16.033,150.953,218,1.740,-273.1,11.4,0.000,15.65,0
2026-09-18T11:19:16.134,151.054,218,1.734,-273.1,11.2,0.000,15.63,0
2026-09-18T11:19:16.233,151.153,218,1.739,-273.1,11.0,0.000,16.94,0
2026-09-18T11:19:16.333,151.253,218,1.755,-273.1,11.0,0.000,16.12,0
2026-09-18T11:19:16.434,151.354,218,1.719,-273.1,10.8,-3.062,16.07,0
2026-09-18T11:19:16.534,151.454,218,1.765,-273.1,11.0,-0.287,15.43,0
2026-09-18T11:19:16.635,151.555,218,1.717,-273.1,10.8,-0.766,16.57,0
2026-09-18T11:19:16.733,151.653,218,1.740,-273.1,10.4,-0.000,15.01,0
2026-09-18T11:19:16.833,151.753,218,1.748,-273.1,10.6,-0.000,16.52,0
2026-09-18T11:19:16.935,151.855,218,1.750,-273.1,10.2,-0.000,16.45,0
2026-09-18T11:19:17.034,151.954,218,1.717,-273.1,10.4,-0.000,16.72,0
2026-09-18T11:19:17.134,152.054,218,1.748,-273.1,10.2,-0.000,16.73,0
2026-09-18T11:19:17.234,152.154,218,1.742,-273.1,10.3,-0.000,16.05,0
2026-09-18T11:19:17.333,152.253,218,1.736,-273.1,10.4,-0.000,16.94,0
2026-09-18T11:19:17.434,152.354,218,1.731,-273.1,10.7,-0.000,16.13,0
2026-09-18T11:19:17.536,152.456,218,1.756,-273.1,10.8,-0.000,16.25,0
2026-09-18T11:19:17.634,152.554,218,1.733,-273.1,11.1,-0.000,15.88,0
2026-09-18T11:19:17.735,152.654,218,1.737,-273.1,11.3,-0.000,15.97,0
2026-09-18T11:19:17.835,152.755,218,1.731,-273.1,12.0,-0.000,16.12,0
2026-09-18T11:19:17.936,152.856,218,1.746,-273.1,12.5,0.000,15.83,0
2026-09-18T11:19:18.036,152.955,218,1.726,-273.1,12.7,0.000,15.95,0
2026-09-18T11:19:18.136,153.055,218,1.728,-54.8,12.5,-2.297,17.17,0
2026-09-18T11:19:18.236,153.156,218,1.761,-273.1,13.3,0.000,16.28,0
2026-09-18T11:19:18.336,153.256,218,1.722,-273.1,13.3,0.000,15.36,0
2026-09-18T11:19:18.436,153.355,218,1.740,-65.2,13.2,0.000,16.48,0
2026-09-18T11:19:18.536,153.456,218,1.742,-273.1,13.6,0.000,16.76,0
2026-09-18T11:19:18.639,153.559,218,1.718,-273.1,14.3,0.000,15.83,0
2026-09-18T11:19:18.737,153.657,218,1.737,-77.4,14.4,0.000,16.40,0
2026-09-18T11:19:18.837,153.757,218,1.750,-273.1,14.1,0.000,16.83,0
2026-09-18T11:19:18.937,153.857,218,1.742,-273.1,14.0,0.000,15.16,0
2026-09-18T11:19:19.038,153.958,218,1.749,-273.1,14.0,0.000,16.01,0
2026-09-18T11:19:19.137,154.057,218,1.743,-273.1,13.9,0.000,16.93,0
2026-09-18T11:19:19.238,154.158,218,1.716,-273.1,13.4,0.000,16.65,0
2026-09-18T11:19:19.339,154.259,218,1.725,-73.4,13.6,0.000,16.15,0
2026-09-18T11:19:19.438,154.358,218,1.717,-273.1,13.5,0.000,17.62,0
2026-09-18T11:19:19.540,154.459,218,1.738,-273.1,13.1,0.000,17.54,0
2026-09-18T11:19:19.640,154.559,218,1.753,-273.1,12.6,0.000,15.88,0
2026-09-18T11:19:19.741,154.660,218,1.728,-273.1,11.9,0.000,16.41,0
2026-09-18T11:19:19.840,154.759,218,1.757,-80.2,11.9,0.000,15.68,0
2026-09-18T11:19:19.941,154.860,218,1.734,-273.1,11.5,0.000,16.20,0
2026-09-18T11:19:20.040,154.960,218,1.707,-90.0,11.8,0.000,16.61,0
2026-09-18T11:19:20.143,155.063,218,1.759,-273.1,11.3,0.000,15.43,0
2026-09-18T11:19:20.241,155.161,218,1.689,-80.2,11.3,0.000,16.16,0
2026-09-18T11:19:20.341,155.261,218,1.737,-273.1,11.1,0.000,16.24,0
2026-09-18T11:19:20.440,155.359,218,1.729,-273.1,11.2,0.000,16.27,0
2026-09-18T11:19:20.540,155.460,218,1.768,-273.1,10.9,0.000,16.85,0
2026-09-18T11:19:20.641,155.561,218,1.735,-273.1,10.7,-0.000,16.47,0
2026-09-18T11:19:20.740,155.660,218,1.750,-273.1,10.8,-0.000,16.40,0
2026-09-18T11:19:20.841,155.760,218,1.754,-273.1,10.4,-0.000,16.43,0
2026-09-18T11:19:20.941,155.861,218,1.773,-273.1,10.6,-0.000,16.58,0
2026-09-18T11:19:21.042,155.961,218,1.762,-273.1,11.1,-0.000,16.65,0
2026-09-18T11:19:21.141,156.061,218,1.742,-273.1,10.8,-0.000,15.79,0
2026-09-18T11:19:21.241,156.161,218,1.760,-273.1,11.1,-0.000,15.69,0
2026-09-18T11:19:21.342,156.262,218,1.741,-273.1,11.3,-0.000,16.77,0
2026-09-18T11:19:21.443,156.363,218,1.750,-273.1,12.7,-1.196,16.15,0
2026-09-18T11:19:21.544,156.464,218,1.752,-273.1,13.3,0.000,16.54,0
2026-09-18T11:19:21.644,156.564,218,1.745,-273.1,13.6,0.000,15.51,0
2026-09-18T11:19:21.744,156.664,218,1.733,-273.1,13.5,0.000,16.40,0
2026-09-18T11:19:21.844,156.764,218,1.736,-273.1,13.8,0.000,16.27,0
2026-09-18T11:19:21.945,156.864,218,1.744,-273.1,14.1,0.000,16.02,0
2026-09-18T11:19:22.044,156.964,218,1.706,-273.1,13.8,0.000,16.46,0
2026-09-18T11:19:22.146,157.066,218,1.743,-273.1,14.5,0.000,16.60,0
2026-09-18T11:19:22.244,157.164,218,1.731,-273.1,14.3,0.000,16.22,0
2026-09-18T11:19:22.345,157.265,218,1.725,-273.1,14.1,0.000,15.66,0
2026-09-18T11:19:22.445,157.365,218,1.762,-273.1,13.8,0.000,16.35,0
2026-09-18T11:19:22.545,157.465,218,1.741,-273.1,13.6,0.000,16.18,0
2026-09-18T11:19:22.645,157.565,218,1.747,-273.1,13.4,0.000,16.57,0
2026-09-18T11:19:22.746,157.666,218,1.754,-273.1,13.7,0.000,16.88,0
2026-09-18T11:19:22.846,157.766,218,1.740,-273.1,13.2,0.000,15.66,0
2026-09-18T11:19:22.946,157.866,218,1.752,-273.1,12.7,0.000,15.60,0
2026-09-18T11:19:23.047,157.967,218,1.733,-273.1,12.5,0.000,16.07,0
2026-09-18T11:19:23.147,158.067,218,1.752,-273.1,12.1,0.000,16.37,0
2026-09-18T11:19:23.248,158.168,218,1.727,-273.1,11.8,0.000,16.40,0
2026-09-18T11:19:23.348,158.268,218,1.744,-273.1,11.3,0.000,15.98,0
2026-09-18T11:19:23.450,158.370,218,1.756,-273.1,11.2,0.000,15.29,0
2026-09-18T11:19:23.548,158.468,218,1.722,-273.1,11.1,0.000,16.16,0
2026-09-18T11:19:23.648,158.568,218,1.757,-273.1,11.2,-195.803,17.04,0
2026-09-18T11:19:23.749,158.669,218,1.725,-273.1,10.5,-0.000,15.61,0
2026-09-18T11:19:23.849,158.769,218,1.728,-273.1,10.5,-0.000,15.79,0
2026-09-18T11:19:23.950,158.870,218,1.733,-71.8,11.2,-0.000,17.06,0
2026-09-18T11:19:24.052,158.971,218,1.711,-273.1,11.5,-0.000,16.94,0
2026-09-18T11:19:24.151,159.071,218,1.709,-273.1,11.6,-0.000,16.95,0
2026-09-18T11:19:24.252,159.172,218,1.712,-273.1,12.4,-0.000,16.06,0
2026-09-18T11:19:24.352,159.272,218,1.751,-273.1,12.4,-0.000,15.86,0
2026-09-18T11:19:24.451,159.371,218,1.750,-273.1,12.3,-0.000,15.01,0
2026-09-18T11:19:24.552,159.472,218,1.751,-273.1,12.9,0.000,15.84,0
2026-09-18T11:19:24.653,159.573,218,1.732,-273.1,13.6,0.000,15.58,0
2026-09-18T11:19:24.754,159.674,218,1.764,-273.1,13.6,0.000,15.55,0
2026-09-18T11:19:24.852,159.772,218,1.729,-273.1,13.8,0.000,16.69,0
2026-09-18T11:19:24.955,159.875,218,1.709,-273.1,13.8,0.000,15.62,0
2026-09-18T11:19:25.052,159.972,218,1.691,-273.1,14.0,0.000,16.01,0
2026-09-18T11:19:25.153,160.072,218,1.752,-273.1,14.3,0.000,16.72,0
2026-09-18T11:19:25.253,160.173,218,1.726,-273.1,14.2,0.000,16.41,0
2026-09-18T11:19:25.354,160.273,218,1.754,-273.1,13.9,0.000,15.73,0
2026-09-18T11:19:25.454,160.374,218,1.733,-273.1,13.8,0.000,16.14,0
2026-09-18T11:19:25.554,160.474,218,1.700,-273.1,13.7,0.000,16.94,0
2026-09-18T11:19:25.655,160.574,218,1.735,-273.1,13.5,0.000,16.09,0
2026-09-18T11:19:25.755,160.675,218,1.737,-273.1,12.9,0.000,16.18,0
2026-09-18T11:19:25.855,160.775,218,1.737,-273.1,13.0,0.000,15.75,0
2026-09-18T11:19:25.956,160.876,218,1.756,-273.1,12.4,0.000,15.94,0
2026-09-18T11:19:26.059,160.979,218,1.765,-273.1,11.8,0.000,16.85,0
2026-09-18T11:19:26.156,161.076,218,1.714,-273.1,11.9,0.000,16.39,0
2026-09-18T11:19:26.256,161.176,218,1.726,-273.1,11.8,0.000,15.88,0
2026-09-18T11:19:26.356,161.276,218,1.731,-273.1,11.8,0.000,15.44,0
2026-09-18T11:19:26.456,161.376,218,1.735,-273.1,11.2,0.000,15.64,0
2026-09-18T11:19:26.556,161.476,218,1.754,-273.1,11.2,0.000,16.68,0
2026-09-18T11:19:26.657,161.577,218,1.727,-273.1,10.9,-0.000,15.58,0
2026-09-18T11:19:26.758,161.678,218,1.753,-273.1,10.7,-0.000,16.18,0
2026-09-18T11:19:26.858,161.778,218,1.770,-273.1,10.8,-0.000,16.17,0
2026-09-18T11:19:26.958,161.878,218,1.724,-273.1,10.7,-0.000,16.03,0
2026-09-18T11:19:27.058,161.978,218,1.751,-273.1,10.6,-0.000,16.44,0
2026-09-18T11:19:27.158,162.078,218,1.736,-273.1,10.8,-0.000,15.95,0
2026-09-18T11:19:27.257,162.177,218,1.728,-273.1,10.9,-0.000,16.81,0
2026-09-18T11:19:27.359,162.279,218,1.742,-273.1,11.2,-0.000,16.42,0
2026-09-18T11:19:27.458,162.377,218,1.728,-273.1,11.2,-0.000,16.58,0
2026-09-18T11:19:27.557,162.477,218,1.701,-69.2,11.4,-0.000,16.47,0
2026-09-18T11:19:27.658,162.578,218,1.752,-273.1,11.7,-0.000,16.85,0
2026-09-18T11:19:27.759,162.679,218,1.737,-273.1,12.5,-0.766,16.60,0
2026-09-18T11:19:27.858,162.778,218,1.732,-273.1,12.3,-0.000,15.84,0
2026-09-18T11:19:27.959,162.878,218,1.749,-273.1,12.8,-18.393,16.52,0
2026-09-18T11:19:28.058,162.978,218,1.726,-273.1,12.6,0.000,16.09,0
2026-09-18T11:19:28.158,163.078,218,1.756,-273.1,12.8,0.000,16.34,0
2026-09-18T11:19:28.259,163.178,218,1.742,-273.1,13.3,0.000,16.22,0
2026-09-18T11:19:28.359,163.278,218,1.734,-83.9,14.1,0.000,16.20,0
2026-09-18T11:19:28.460,163.379,218,1.717,-273.1,14.0,0.000,15.67,0
2026-09-18T11:19:28.559,163.479,218,1.747,-273.1,13.9,0.000,15.25,0
2026-09-18T11:19:28.660,163.580,218,1.758,-273.1,14.3,0.000,16.25,0
2026-09-18T11:19:28.762,163.682,218,1.753,-273.1,14.0,0.000,15.81,0
2026-09-18T11:19:28.861,163.781,218,1.710,-273.1,13.8,0.000,16.10,0
2026-09-18T11:19:28.962,163.881,218,1.723,-273.1,13.7,0.000,15.68,0
2026-09-18T11:19:29.062,163.982,218,1.730,-273.1,13.1,0.000,15.96,0
2026-09-18T11:19:29.162,164.082,218,1.735,-70.4,12.7,0.000,16.05,0
2026-09-18T11:19:29.263,164.182,218,1.715,-273.1,12.4,0.000,16.52,0
2026-09-18T11:19:29.363,164.282,218,1.748,-273.1,12.2,0.000,17.21,0
2026-09-18T11:19:29.463,164.383,218,1.734,-273.1,12.1,0.000,15.72,0
2026-09-18T11:19:29.563,164.483,218,1.740,-90.0,12.2,0.000,16.77,0
2026-09-18T11:19:29.664,164.583,218,1.753,-273.1,11.7,0.000,16.02,0
2026-09-18T11:19:29.764,164.684,218,1.742,-273.1,11.5,0.000,15.71,0
2026-09-18T11:19:29.864,164.784,218,1.745,-273.1,11.3,0.000,17.21,0
2026-09-18T11:19:29.965,164.885,218,1.740,-273.1,11.0,-0.000,16.55,0
2026-09-18T11:19:30.066,164.986,218,1.719,-273.1,10.8,-0.000,16.16,0
2026-09-18T11:19:30.166,165.086,218,1.735,-273.1,11.1,-0.000,16.39,0
2026-09-18T11:19:30.266,165.186,218,1.720,-273.1,11.1,-0.000,16.42,0
2026-09-18T11:19:30.366,165.286,218,1.740,-273.1,11.7,-0.000,15.76,0
2026-09-18T11:19:30.466,165.386,218,1.732,-273.1,11.5,-0.000,16.25,0
2026-09-18T11:19:30.567,165.487,218,1.719,-273.1,11.9,-0.000,16.21,0
2026-09-18T11:19:30.668,165.587,218,1.722,-273.1,12.9,0.000,16.14,0
2026-09-18T11:19:30.768,165.688,218,1.728,-273.1,13.4,0.000,16.54,0
2026-09-18T11:19:30.868,165.787,218,1.759,-273.1,13.4,0.000,15.46,0
2026-09-18T11:19:30.969,165.888,218,1.730,-273.1,14.0,0.000,16.19,0
2026-09-18T11:19:31.068,165.988,218,1.724,-273.1,13.7,0.000,15.99,0
2026-09-18T11:19:31.169,166.089,218,1.709,-273.1,14.1,0.000,16.47,0
2026-09-18T11:19:31.268,166.187,218,1.727,-273.1,13.9,0.000,15.30,0
2026-09-18T11:19:31.371,166.290,218,1.755,-273.1,14.2,0.000,15.97,0
2026-09-18T11:19:31.468,166.388,218,1.738,-273.1,14.2,0.000,16.62,0
2026-09-18T11:19:31.568,166.488,218,1.719,-273.1,14.1,0.000,16.85,0
2026-09-18T11:19:31.669,166.588,218,1.732,-273.1,14.2,0.000,15.81,0
2026-09-18T11:19:31.769,166.688,218,1.736,-273.1,14.0,0.000,16.03,0
2026-09-18T11:19:31.870,166.789,218,1.714,-273.1,13.9,0.000,16.25,0
2026-09-18T11:19:31.969,166.889,218,1.737,-73.4,13.9,0.000,16.35,0
2026-09-18T11:19:32.071,166.990,218,1.724,-273.1,13.6,0.000,16.41,0
2026-09-18T11:19:32.170,167.089,218,1.715,-273.1,13.5,0.000,15.82,0
2026-09-18T11:19:32.270,167.190,218,1.743,-273.1,13.3,0.000,16.52,0
2026-09-18T11:19:32.370,167.290,218,1.757,-70.4,13.5,0.000,16.45,0
2026-09-18T11:19:32.470,167.390,218,1.732,-273.1,13.1,0.000,16.31,0
2026-09-18T11:19:32.572,167.492,218,1.719,-273.1,12.3,0.000,15.97,0
2026-09-18T11:19:32.671,167.591,218,1.727,-273.1,12.2,0.000,16.69,0
2026-09-18T11:19:32.772,167.691,218,1.708,-273.1,11.9,0.000,16.85,0
2026-09-18T11:19:32.872,167.792,0,0.000,-273.1,11.2,0.000,17.22,0
2026-09-18T11:19:32.972,167.892,0,0.000,-273.1,11.6,-0.000,8.53,0
2026-09-18T11:19:33.073,167.993,0,0.000,-273.1,11.9,-0.000,3.86,0
2026-09-18T11:19:33.173,168.093,0,0.000,-273.1,12.0,-0.000,1.45,0
2026-09-18T11:19:33.273,168.193,0,0.000,-273.1,12.2,-0.000,0.50,0
2026-09-18T11:19:33.373,168.293,0,0.000,-273.1,12.8,-0.000,0.17,0
2026-09-18T11:19:33.474,168.394,0,0.000,-273.1,12.7,-0.000,-0.16,0
2026-09-18T11:19:33.573,168.493,0,0.000,-273.1,12.6,-0.000,0.14,0
2026-09-18T11:19:33.675,168.595,0,0.000,-273.1,12.7,-0.000,0.09,0
