timestamp,elapsed_s,pwm,current_A,t1_casing_C,t2_magnet_C,force_N,flux_mT,fault
2026-09-18T13:38:31.984,162.227,0,0.870,-273.1,15.5,19.593,-0.14,0
2026-09-18T13:38:32.085,162.328,0,1.434,-273.1,15.6,19.593,-0.06,0
2026-09-18T13:38:32.186,162.429,0,0.819,-273.1,15.8,19.593,-0.02,0
2026-09-18T13:38:32.287,162.530,0,0.819,-273.1,16.0,19.593,-0.20,0
2026-09-18T13:38:32.384,162.627,0,0.717,-273.1,16.1,19.593,-0.10,0
2026-09-18T13:38:32.484,162.727,0,0.768,-273.1,15.9,19.593,-0.08,0
2026-09-18T13:38:32.584,162.827,0,0.870,-273.1,16.1,19.593,-0.08,0
2026-09-18T13:38:32.684,162.927,0,0.870,-273.1,16.2,19.593,0.03,0
2026-09-18T13:38:32.785,163.028,0,1.331,-71.8,16.2,19.593,-0.01,0
2026-09-18T13:38:32.884,163.128,0,1.126,-273.1,16.5,19.593,-0.08,0
2026-09-18T13:38:32.987,163.230,0,0.768,-273.1,16.3,19.593,-0.01,0
2026-09-18T13:38:33.085,163.328,0,0.768,-273.1,16.2,19.593,-0.19,0
2026-09-18T13:38:33.185,163.428,0,0.922,-77.4,16.6,19.593,-0.06,0
2026-09-18T13:38:33.285,163.528,0,0.973,-273.1,16.9,19.593,-0.47,0
2026-09-18T13:38:33.386,163.629,0,0.973,-273.1,17.1,19.593,-0.24,0
2026-09-18T13:38:33.487,163.730,0,0.973,-90.0,17.0,19.593,-0.13,0
2026-09-18T13:38:33.586,163.829,0,0.870,-90.0,17.1,19.593,0.08,0
2026-09-18T13:38:33.687,163.930,0,0.922,-90.0,16.9,19.593,0.12,0
2026-09-18T13:38:33.787,164.030,0,0.922,-273.1,16.6,19.593,-0.06,0
2026-09-18T13:38:33.887,164.130,0,0.870,-273.1,16.4,19.593,0.02,0
2026-09-18T13:38:33.990,164.233,0,0.717,-90.0,16.3,19.593,-0.16,0
2026-09-18T13:38:34.089,164.332,0,1.229,-273.1,16.1,19.593,-0.14,0
2026-09-18T13:38:34.189,164.432,0,1.229,-273.1,15.9,19.593,0.15,0
2026-09-18T13:38:34.289,164.532,0,0.614,-273.1,16.0,19.593,-0.10,0
2026-09-18T13:38:34.390,164.633,0,0.512,-90.0,15.7,19.593,-0.24,0
2026-09-18T13:38:34.489,164.732,0,0.819,-273.1,15.6,19.593,-0.06,0
2026-09-18T13:38:34.590,164.833,0,0.819,-273.1,15.3,19.593,-0.11,0
2026-09-18T13:38:34.691,164.934,0,0.922,-273.1,14.8,19.593,-0.08,0
2026-09-18T13:38:34.790,165.033,0,1.126,-273.1,15.3,19.593,-0.11,0
2026-09-18T13:38:34.890,165.133,0,0.717,-273.1,15.0,19.593,-0.18,0
2026-09-18T13:38:34.990,0.037,0,0.717,-273.1,14.6,19.593,0.16,0
2026-09-18T13:38:35.089,0.136,0,0.973,-69.2,15.0,19.593,-0.03,0
2026-09-18T13:38:35.189,0.236,0,0.973,-90.0,14.8,19.593,0.04,0
2026-09-18T13:38:35.289,0.335,0,1.126,-273.1,14.9,19.593,0.08,0
2026-09-18T13:38:35.392,0.438,0,1.126,-64.4,15.0,19.593,0.17,0
2026-09-18T13:38:35.490,0.536,0,1.075,-273.1,14.6,19.593,0.03,0
2026-09-18T13:38:35.590,0.637,0,0.666,-273.1,14.5,19.593,-0.05,0
2026-09-18T13:38:35.691,0.737,0,0.922,-273.1,14.1,19.593,0.14,0
2026-09-18T13:38:35.791,0.838,0,0.922,-273.1,14.2,19.593,0.21,0
2026-09-18T13:38:35.891,0.938,10,0.666,-273.1,14.2,19.593,0.09,0
2026-09-18T13:38:35.991,1.037,20,0.054,-273.1,14.3,19.593,0.54,0
2026-09-18T13:38:36.091,1.137,20,0.054,-273.1,14.5,19.593,1.07,0
2026-09-18T13:38:36.192,1.238,30,0.121,-273.1,14.1,19.593,2.00,0
2026-09-18T13:38:36.291,1.338,30,0.258,-273.1,14.0,19.593,2.31,0
2026-09-18T13:38:36.391,1.437,40,0.379,-273.1,13.9,19.593,3.64,0
2026-09-18T13:38:36.492,1.538,50,0.379,-273.1,13.7,19.593,4.62,0
2026-09-18T13:38:36.592,1.639,50,0.508,-273.1,13.9,19.593,5.62,0
2026-09-18T13:38:36.692,1.739,60,0.638,-273.1,13.9,19.593,6.20,0
2026-09-18T13:38:36.792,1.839,60,0.735,-65.2,13.8,19.593,7.05,0
2026-09-18T13:38:36.895,1.942,60,0.735,-273.1,14.0,19.593,7.58,0
2026-09-18T13:38:36.992,2.038,60,0.768,-273.1,14.0,19.593,7.31,0
2026-09-18T13:38:37.092,2.138,60,0.767,-273.1,14.3,19.586,7.72,0
2026-09-18T13:38:37.193,2.239,60,0.767,-273.1,14.2,-175.671,6.98,0
2026-09-18T13:38:37.293,2.340,60,0.767,-273.1,14.5,19.593,8.22,0
2026-09-18T13:38:37.393,2.439,61,0.768,-273.1,14.5,19.593,7.67,0
2026-09-18T13:38:37.492,2.538,112,0.776,-273.1,14.3,19.593,8.33,0
2026-09-18T13:38:37.593,2.639,224,1.177,-273.1,14.5,19.593,9.22,0
2026-09-18T13:38:37.693,2.739,242,1.177,-273.1,14.9,19.593,10.74,0
2026-09-18T13:38:37.794,2.840,255,1.302,-273.1,14.7,19.593,11.74,0
2026-09-18T13:38:37.894,2.940,255,1.343,-273.1,14.5,19.593,12.25,0
2026-09-18T13:38:37.994,3.040,255,1.351,-273.1,15.0,19.593,12.21,0
2026-09-18T13:38:38.094,3.141,255,1.351,-273.1,15.0,19.593,12.65,0
2026-09-18T13:38:38.193,3.240,255,1.357,-73.4,15.0,19.593,12.47,0
2026-09-18T13:38:38.294,3.340,255,1.363,-273.1,14.9,19.593,12.53,0
2026-09-18T13:38:38.394,3.440,255,1.363,-273.1,15.2,19.593,12.30,0
2026-09-18T13:38:38.494,3.540,255,1.369,-273.1,15.4,19.593,12.73,0
2026-09-18T13:38:38.594,3.641,255,1.373,-273.1,15.4,19.593,12.18,0
2026-09-18T13:38:38.694,3.740,255,1.377,-273.1,15.7,19.593,12.96,0
2026-09-18T13:38:38.794,3.840,255,1.377,-273.1,15.8,19.593,12.59,0
2026-09-18T13:38:38.895,3.941,255,1.381,-63.6,15.8,19.593,12.91,0
2026-09-18T13:38:38.995,4.041,255,1.385,-273.1,15.9,19.593,13.01,0
2026-09-18T13:38:39.095,4.141,255,1.389,-273.1,15.9,19.593,12.45,0
2026-09-18T13:38:39.196,4.242,255,1.389,-273.1,15.8,19.593,12.58,0
2026-09-18T13:38:39.297,4.343,255,1.392,-273.1,16.0,19.593,12.77,0
2026-09-18T13:38:39.395,4.442,255,1.395,-273.1,16.0,19.593,12.75,0
2026-09-18T13:38:39.496,4.542,255,1.398,-273.1,15.9,19.593,12.94,0
2026-09-18T13:38:39.596,4.642,255,1.398,-273.1,15.4,19.593,12.90,0
2026-09-18T13:38:39.696,4.742,255,1.401,-77.4,15.8,19.593,12.80,0
2026-09-18T13:38:39.797,4.843,255,1.403,-273.1,15.4,19.593,12.82,0
2026-09-18T13:38:39.897,4.943,255,1.405,-273.1,15.4,19.593,12.82,0
2026-09-18T13:38:39.995,5.042,255,1.405,-273.1,15.3,19.593,12.81,0
2026-09-18T13:38:40.096,5.142,255,1.408,-273.1,15.7,19.593,12.64,0
2026-09-18T13:38:40.196,5.243,255,1.410,-273.1,15.1,19.593,12.83,0
2026-09-18T13:38:40.296,5.342,255,1.410,-273.1,14.8,19.593,13.23,0
2026-09-18T13:38:40.397,5.443,255,1.412,-273.1,14.5,19.593,12.93,0
2026-09-18T13:38:40.498,5.544,255,1.414,-273.1,13.9,19.593,13.15,0
2026-09-18T13:38:40.599,5.646,255,1.416,-273.1,13.9,19.593,12.97,0
2026-09-18T13:38:40.697,5.743,255,1.416,-273.1,13.8,19.593,12.76,0
2026-09-18T13:38:40.797,5.844,255,1.418,-273.1,13.5,19.593,12.91,0
2026-09-18T13:38:40.898,5.944,255,1.419,-273.1,13.2,19.593,13.01,0
2026-09-18T13:38:40.998,6.045,255,1.421,-65.2,13.2,19.593,12.74,0
2026-09-18T13:38:41.098,6.144,255,1.421,-273.1,13.0,19.593,13.54,0
2026-09-18T13:38:41.198,6.245,255,1.423,-71.8,13.4,19.593,12.94,0
2026-09-18T13:38:41.297,6.344,255,1.425,-273.1,13.3,19.593,12.96,0
2026-09-18T13:38:41.398,6.445,255,1.426,-90.0,13.3,19.593,12.78,0
2026-09-18T13:38:41.499,6.545,255,1.426,-273.1,13.3,19.593,13.05,0
2026-09-18T13:38:41.597,6.643,255,1.428,-273.1,13.2,19.593,13.37,0
2026-09-18T13:38:41.698,6.744,255,1.429,-273.1,13.2,19.593,12.90,0
2026-09-18T13:38:41.798,6.844,255,1.431,-273.1,13.1,19.593,13.03,0
2026-09-18T13:38:41.900,6.946,255,1.431,-273.1,13.6,19.593,13.30,0
2026-09-18T13:38:42.001,7.047,255,1.432,-273.1,13.9,19.593,13.33,0
2026-09-18T13:38:42.102,7.149,255,1.433,-71.8,14.5,19.593,13.45,0
2026-09-18T13:38:42.202,7.248,255,1.434,-273.1,14.8,19.593,13.19,0
2026-09-18T13:38:42.302,7.349,255,1.434,-273.1,15.1,19.593,13.35,0
2026-09-18T13:38:42.401,7.448,255,1.436,-273.1,14.8,19.593,13.31,0
2026-09-18T13:38:42.502,7.548,255,1.437,-273.1,15.0,19.593,13.22,0
2026-09-18T13:38:42.601,7.647,255,1.438,-273.1,15.0,19.593,13.37,0
2026-09-18T13:38:42.702,7.748,255,1.438,-273.1,15.5,19.593,13.16,0
2026-09-18T13:38:42.802,7.848,255,1.440,-273.1,15.7,19.593,12.92,0
2026-09-18T13:38:42.901,7.948,255,1.442,-273.1,15.6,19.593,13.32,0
2026-09-18T13:38:43.003,8.049,255,1.442,-273.1,15.8,19.593,13.25,0
2026-09-18T13:38:43.105,8.152,255,1.443,-273.1,15.7,19.593,13.00,0
2026-09-18T13:38:43.207,8.253,255,1.445,-273.1,15.3,19.593,13.28,0
2026-09-18T13:38:43.306,8.353,255,1.447,-273.1,15.3,19.593,13.05,0
2026-09-18T13:38:43.404,8.450,255,1.447,-273.1,15.2,19.593,13.46,0
2026-09-18T13:38:43.504,8.551,255,1.450,-273.1,15.3,19.593,13.39,0
2026-09-18T13:38:43.605,8.651,255,1.451,-273.1,15.0,19.593,13.42,0
2026-09-18T13:38:43.705,8.752,255,1.452,-273.1,14.7,19.593,13.48,0
2026-09-18T13:38:43.804,8.850,255,1.452,-273.1,15.4,19.593,13.39,0
2026-09-18T13:38:43.904,8.950,255,1.453,-90.0,15.0,19.593,13.50,0
2026-09-18T13:38:44.007,9.054,255,1.454,-273.1,14.9,19.593,13.27,0
2026-09-18T13:38:44.105,9.152,255,1.455,-273.1,13.9,19.593,13.41,0
2026-09-18T13:38:44.205,9.252,255,1.455,-273.1,13.6,19.593,13.11,0
2026-09-18T13:38:44.306,9.352,255,1.457,-273.1,13.5,19.593,13.33,0
2026-09-18T13:38:44.405,9.451,255,1.457,-67.0,13.9,19.593,13.35,0
2026-09-18T13:38:44.505,9.551,255,1.459,-63.6,13.5,19.593,13.45,0
2026-09-18T13:38:44.605,9.652,255,1.459,-273.1,13.3,19.593,13.04,0
2026-09-18T13:38:44.705,9.751,255,1.460,-273.1,13.0,19.593,13.21,0
2026-09-18T13:38:44.805,9.852,255,1.461,-273.1,13.1,19.593,13.35,0
2026-09-18T13:38:44.909,9.955,255,1.462,-273.1,13.1,19.593,13.10,0
2026-09-18T13:38:45.006,10.052,255,1.462,-273.1,13.1,19.593,13.59,0
2026-09-18T13:38:45.106,10.152,255,1.463,-273.1,13.2,19.593,13.65,0
2026-09-18T13:38:45.206,10.253,255,1.464,-273.1,12.9,19.593,13.76,0
2026-09-18T13:38:45.307,10.353,255,1.464,-83.9,13.0,19.593,13.18,0
2026-09-18T13:38:45.407,10.453,255,1.465,-273.1,12.9,19.593,13.53,0
2026-09-18T13:38:45.507,10.554,255,1.466,-273.1,13.3,19.593,12.87,0
2026-09-18T13:38:45.608,10.655,255,1.466,-273.1,13.7,19.487,13.52,0
2026-09-18T13:38:45.708,10.754,255,1.466,-273.1,13.6,19.593,13.05,0
2026-09-18T13:38:45.808,10.855,255,1.467,-273.1,13.8,19.593,13.34,0
2026-09-18T13:38:45.909,10.955,255,1.468,-273.1,14.6,19.593,13.93,0
2026-09-18T13:38:46.009,11.055,255,1.470,-273.1,14.6,19.593,13.49,0
2026-09-18T13:38:46.109,11.156,255,1.470,-273.1,14.7,19.593,13.39,0
2026-09-18T13:38:46.214,11.261,255,1.471,-273.1,15.0,19.593,13.96,0
2026-09-18T13:38:46.313,11.359,255,1.472,-273.1,15.3,19.593,13.51,0
2026-09-18T13:38:46.410,11.457,255,1.472,-273.1,15.5,19.593,13.42,0
2026-09-18T13:38:46.511,11.557,255,1.472,-273.1,16.0,19.593,13.70,0
2026-09-18T13:38:46.611,11.657,255,1.473,-273.1,16.0,19.593,13.42,0
2026-09-18T13:38:46.710,11.757,255,1.474,-273.1,16.1,19.593,13.57,0
2026-09-18T13:38:46.811,11.857,255,1.475,-273.1,16.0,19.593,13.64,0
2026-09-18T13:38:46.911,11.957,255,1.475,-273.1,16.0,19.593,13.40,0
2026-09-18T13:38:47.011,12.058,255,1.476,-273.1,15.7,19.593,13.13,0
2026-09-18T13:38:47.112,12.158,255,1.478,-273.1,15.7,19.593,13.48,0
2026-09-18T13:38:47.212,12.258,255,1.479,-273.1,15.7,19.593,13.59,0
2026-09-18T13:38:47.315,12.362,255,1.479,-273.1,15.6,19.593,13.67,0
2026-09-18T13:38:47.412,12.458,255,1.480,-273.1,15.5,19.593,13.31,0
2026-09-18T13:38:47.512,12.558,255,1.481,-273.1,15.3,19.593,13.70,0
2026-09-18T13:38:47.612,12.658,255,1.481,-71.8,14.7,19.593,13.43,0
2026-09-18T13:38:47.713,12.759,255,1.482,-273.1,14.6,19.593,13.69,0
2026-09-18T13:38:47.813,12.859,255,1.483,-273.1,14.6,19.593,13.64,0
2026-09-18T13:38:47.913,12.959,255,1.485,-77.4,14.0,19.593,13.50,0
2026-09-18T13:38:48.014,13.060,255,1.485,-273.1,13.5,19.593,13.50,0
2026-09-18T13:38:48.113,13.159,255,1.486,-273.1,13.6,19.593,13.52,0
2026-09-18T13:38:48.214,13.260,255,1.487,-273.1,13.0,19.593,13.49,0
2026-09-18T13:38:48.314,13.361,255,1.489,-90.0,13.0,19.593,13.72,0
2026-09-18T13:38:48.414,13.461,255,1.489,-273.1,12.9,19.593,13.70,0
2026-09-18T13:38:48.515,13.562,255,1.493,-273.1,12.9,19.593,13.46,0
2026-09-18T13:38:48.615,13.662,255,1.495,-273.1,13.2,19.593,13.84,0
2026-09-18T13:38:48.716,13.762,255,1.496,-273.1,12.7,19.593,13.53,0
2026-09-18T13:38:48.816,13.863,255,1.496,-273.1,13.3,19.593,13.72,0
2026-09-18T13:38:48.917,13.963,255,1.497,-273.1,13.3,19.593,14.22,0
2026-09-18T13:38:49.017,14.063,255,1.498,-273.1,13.4,19.593,13.54,0
2026-09-18T13:38:49.116,14.162,255,1.499,-273.1,13.4,19.593,13.71,0
2026-09-18T13:38:49.217,14.263,255,1.499,-273.1,13.9,19.593,13.69,0
2026-09-18T13:38:49.316,14.363,255,1.500,-273.1,13.1,19.593,13.72,0
2026-09-18T13:38:49.417,14.463,255,1.501,-273.1,13.9,19.593,13.63,0
2026-09-18T13:38:49.518,14.564,255,1.502,-90.0,14.5,19.593,13.79,0
2026-09-18T13:38:49.618,14.665,255,1.502,-273.1,15.1,19.593,13.89,0
2026-09-18T13:38:49.719,14.766,255,1.503,-273.1,15.5,19.593,13.69,0
2026-09-18T13:38:49.818,14.865,255,1.504,-75.2,15.4,19.593,13.69,0
2026-09-18T13:38:49.918,14.965,255,1.505,-273.1,15.6,19.593,13.76,0
2026-09-18T13:38:50.019,15.065,255,1.505,-273.1,15.9,19.593,13.98,0
2026-09-18T13:38:50.118,15.165,255,1.506,-273.1,15.5,19.593,13.65,0
2026-09-18T13:38:50.219,15.265,255,1.508,-273.1,16.0,19.593,13.90,0
2026-09-18T13:38:50.318,15.364,255,1.508,-273.1,15.6,19.593,13.68,0
2026-09-18T13:38:50.418,15.465,255,1.508,-273.1,16.3,19.593,13.78,0
2026-09-18T13:38:50.519,15.565,255,1.509,-273.1,16.2,19.593,13.69,0
2026-09-18T13:38:50.619,15.665,255,1.510,-273.1,16.2,19.593,13.39,0
2026-09-18T13:38:50.721,15.767,255,1.510,-273.1,16.0,19.593,13.95,0
2026-09-18T13:38:50.820,15.867,255,1.511,-273.1,15.6,19.593,13.82,0
2026-09-18T13:38:50.920,15.966,255,1.512,-273.1,15.4,19.593,13.86,0
2026-09-18T13:38:51.020,16.067,255,1.513,-273.1,15.2,19.593,13.75,0
2026-09-18T13:38:51.121,16.167,255,1.513,-273.1,14.7,19.593,13.63,0
2026-09-18T13:38:51.222,16.268,255,1.514,-273.1,14.2,19.593,14.01,0
2026-09-18T13:38:51.321,16.368,255,1.515,-273.1,14.4,19.593,13.84,0
2026-09-18T13:38:51.422,16.468,255,1.515,-273.1,13.5,19.593,13.93,0
2026-09-18T13:38:51.521,16.568,255,1.515,-273.1,13.8,19.593,13.81,0
2026-09-18T13:38:51.622,16.668,255,1.516,-273.1,13.3,19.593,14.10,0
2026-09-18T13:38:51.723,16.769,255,1.517,-273.1,12.9,19.593,13.86,0
2026-09-18T13:38:51.823,16.869,255,1.518,-273.1,13.0,19.593,13.91,0
2026-09-18T13:38:51.925,16.971,255,1.518,-273.1,12.9,19.593,13.86,0
2026-09-18T13:38:52.024,17.070,255,1.519,-68.1,12.7,19.593,14.03,0
2026-09-18T13:38:52.127,17.174,255,1.520,-77.4,13.3,19.593,13.63,0
2026-09-18T13:38:52.226,17.272,255,1.521,-83.9,13.6,19.593,13.58,0
2026-09-18T13:38:52.325,17.372,255,1.521,-273.1,13.5,19.593,13.86,0
2026-09-18T13:38:52.426,17.473,255,1.522,-273.1,13.5,19.593,13.84,0
2026-09-18T13:38:52.525,17.572,255,1.523,-273.1,13.7,19.593,14.05,0
2026-09-18T13:38:52.626,17.673,255,1.524,-273.1,14.3,19.593,13.68,0
2026-09-18T13:38:52.727,17.773,255,1.524,-273.1,14.7,19.593,13.74,0
2026-09-18T13:38:52.826,17.873,255,1.524,-273.1,14.4,19.593,13.65,0
2026-09-18T13:38:52.927,17.973,255,1.525,-273.1,14.9,19.593,14.07,0
2026-09-18T13:38:53.026,18.072,255,1.525,-273.1,14.5,19.593,14.05,0
2026-09-18T13:38:53.126,18.173,255,1.526,-273.1,14.6,19.593,14.14,0
2026-09-18T13:38:53.227,18.273,255,1.527,-273.1,14.9,19.593,13.94,0
2026-09-18T13:38:53.327,18.373,255,1.528,-273.1,15.4,19.593,13.91,0
2026-09-18T13:38:53.427,18.474,255,1.528,-273.1,15.6,19.593,13.95,0
2026-09-18T13:38:53.528,18.574,255,1.528,-66.1,16.0,19.593,14.07,0
2026-09-18T13:38:53.629,18.675,255,1.529,-273.1,16.1,19.593,13.73,0
2026-09-18T13:38:53.729,18.776,255,1.530,-273.1,16.1,19.593,13.96,0
2026-09-18T13:38:53.830,18.876,255,1.530,-273.1,15.3,19.593,14.06,0
2026-09-18T13:38:53.930,18.977,255,1.531,-273.1,15.2,19.593,14.38,0
2026-09-18T13:38:54.031,19.077,255,1.532,-273.1,14.7,19.593,14.14,0
2026-09-18T13:38:54.131,19.177,255,1.532,-273.1,14.5,19.593,14.09,0
2026-09-18T13:38:54.231,19.278,255,1.532,-273.1,13.9,19.593,14.20,0
2026-09-18T13:38:54.331,19.378,255,1.533,-64.4,13.5,19.593,14.17,0
2026-09-18T13:38:54.433,19.479,255,1.533,-90.0,13.2,19.593,14.20,0
2026-09-18T13:38:54.532,19.578,255,1.534,-71.8,13.2,19.593,13.79,0
2026-09-18T13:38:54.632,19.678,255,1.534,-90.0,13.0,19.593,14.10,0
2026-09-18T13:38:54.733,19.779,255,1.535,-273.1,12.9,19.593,13.87,0
2026-09-18T13:38:54.835,19.882,255,1.536,-273.1,13.0,19.593,13.79,0
2026-09-18T13:38:54.933,19.979,255,1.536,-64.4,12.8,19.593,13.79,0
2026-09-18T13:38:55.033,20.079,255,1.536,-67.0,12.5,19.593,14.06,0
2026-09-18T13:38:55.133,20.180,255,1.537,-273.1,12.8,19.593,14.11,0
2026-09-18T13:38:55.234,20.280,255,1.538,-90.0,12.9,19.593,14.23,0
2026-09-18T13:38:55.335,20.382,255,1.538,-273.1,13.0,19.593,14.21,0
2026-09-18T13:38:55.434,20.480,255,1.538,-273.1,13.4,19.593,14.21,0
2026-09-18T13:38:55.534,20.581,255,1.539,-273.1,13.4,19.593,14.06,0
2026-09-18T13:38:55.633,20.680,255,1.540,-77.4,13.4,19.593,14.00,0
2026-09-18T13:38:55.734,20.780,255,1.540,-273.1,13.3,19.593,14.11,0
2026-09-18T13:38:55.835,20.881,255,1.541,-273.1,13.6,19.593,13.72,0
2026-09-18T13:38:55.934,20.980,255,1.541,-273.1,13.7,19.593,13.78,0
2026-09-18T13:38:56.035,21.081,255,1.541,-273.1,13.9,19.593,14.50,0
2026-09-18T13:38:56.134,21.181,255,1.541,-273.1,13.9,19.593,14.39,0
2026-09-18T13:38:56.235,21.281,255,1.542,-273.1,14.3,19.593,14.04,0
2026-09-18T13:38:56.336,21.382,255,1.545,-273.1,15.0,19.593,13.84,0
2026-09-18T13:38:56.436,21.483,255,1.548,-273.1,15.3,19.593,13.94,0
2026-09-18T13:38:56.537,21.583,255,1.548,-273.1,15.8,19.593,14.23,0
2026-09-18T13:38:56.637,21.684,255,1.549,-273.1,16.0,19.593,14.00,0
2026-09-18T13:38:56.737,21.783,255,1.549,-273.1,16.2,19.593,14.16,0
2026-09-18T13:38:56.837,21.884,255,1.550,-273.1,16.1,19.593,14.09,0
2026-09-18T13:38:56.937,21.983,255,1.550,-273.1,16.0,19.593,14.16,0
2026-09-18T13:38:57.038,22.084,255,1.550,-273.1,16.0,19.593,14.35,0
2026-09-18T13:38:57.139,22.186,255,1.550,-273.1,15.4,19.593,14.43,0
2026-09-18T13:38:57.238,22.284,255,1.550,-273.1,15.3,19.593,14.12,0
2026-09-18T13:38:57.338,22.385,255,1.550,-273.1,15.0,19.593,14.26,0
2026-09-18T13:38:57.438,22.484,255,1.551,-273.1,15.2,19.593,14.08,0
2026-09-18T13:38:57.538,22.584,255,1.552,-273.1,15.1,19.593,14.38,0
2026-09-18T13:38:57.639,22.685,255,1.553,-273.1,15.1,19.593,14.10,0
2026-09-18T13:38:57.739,22.785,255,1.553,-273.1,15.0,19.593,14.23,0
2026-09-18T13:38:57.838,22.884,255,1.554,-273.1,15.0,19.593,14.07,0
2026-09-18T13:38:57.940,22.987,255,1.555,-273.1,14.7,19.593,14.32,0
2026-09-18T13:38:58.038,23.084,255,1.555,-273.1,15.0,19.593,14.09,0
2026-09-18T13:38:58.138,23.184,255,1.556,-273.1,14.5,19.593,14.09,0
2026-09-18T13:38:58.239,23.285,255,1.557,-273.1,13.9,19.593,14.05,0
2026-09-18T13:38:58.338,23.384,255,1.557,-273.1,14.2,19.593,14.34,0
2026-09-18T13:38:58.438,23.485,255,1.557,-273.1,13.8,19.593,14.12,0
2026-09-18T13:38:58.539,23.585,255,1.556,-90.0,13.1,19.593,14.23,0
2026-09-18T13:38:58.640,23.686,255,1.557,-273.1,12.7,19.593,14.06,0
2026-09-18T13:38:58.739,23.785,255,1.558,-273.1,13.0,19.593,14.03,0
2026-09-18T13:38:58.840,23.886,255,1.558,-273.1,12.8,19.593,14.26,0
2026-09-18T13:38:58.939,23.985,255,1.559,-273.1,12.7,19.593,14.24,0
2026-09-18T13:38:59.039,24.085,255,1.560,-273.1,12.8,19.593,14.26,0
2026-09-18T13:38:59.140,24.186,255,1.561,-273.1,12.7,19.593,14.16,0
2026-09-18T13:38:59.241,24.287,255,1.561,-64.4,12.6,19.593,14.44,0
2026-09-18T13:38:59.342,24.388,255,1.562,-80.2,13.1,19.593,14.42,0
2026-09-18T13:38:59.441,24.487,255,1.563,-83.9,13.3,19.593,14.08,0
2026-09-18T13:38:59.541,24.587,255,1.564,-83.9,12.9,19.593,14.06,0
2026-09-18T13:38:59.641,24.688,255,1.564,-273.1,13.3,19.593,14.30,0
2026-09-18T13:38:59.742,24.788,255,1.564,-273.1,13.4,19.593,14.11,0
2026-09-18T13:38:59.842,24.889,255,1.565,-273.1,13.4,19.593,14.28,0
2026-09-18T13:38:59.940,24.987,255,1.566,-273.1,13.4,19.593,14.08,0
2026-09-18T13:39:00.041,25.087,255,1.566,-273.1,13.4,19.593,14.34,0
2026-09-18T13:39:00.141,25.187,255,1.566,-273.1,13.5,19.593,14.59,0
2026-09-18T13:39:00.242,25.288,255,1.567,-273.1,14.2,19.593,14.32,0
2026-09-18T13:39:00.341,25.387,255,1.567,-273.1,13.8,19.593,14.24,0
2026-09-18T13:39:00.441,25.488,255,1.568,-273.1,14.7,19.593,14.17,0
2026-09-18T13:39:00.542,25.589,255,1.568,-273.1,14.6,19.593,13.95,0
2026-09-18T13:39:00.641,25.688,255,1.569,-273.1,14.7,19.593,14.22,0
2026-09-18T13:39:00.742,25.788,255,1.569,-71.8,15.1,19.593,14.42,0
2026-09-18T13:39:00.841,25.887,255,1.569,-83.9,14.7,19.593,14.42,0
2026-09-18T13:39:00.942,25.988,255,1.570,-273.1,14.9,19.593,14.39,0
2026-09-18T13:39:01.042,26.088,255,1.570,-273.1,14.8,19.593,14.20,0
2026-09-18T13:39:01.142,26.188,255,1.570,-273.1,15.4,19.593,14.30,0
2026-09-18T13:39:01.245,26.291,255,1.571,-273.1,15.5,19.593,14.12,0
2026-09-18T13:39:01.342,26.389,255,1.572,-273.1,15.8,19.593,14.24,0
2026-09-18T13:39:01.443,26.489,255,1.571,-80.2,16.1,19.593,14.25,0
2026-09-18T13:39:01.544,26.590,255,1.571,-273.1,16.0,19.593,14.43,0
2026-09-18T13:39:01.645,26.691,255,1.572,-273.1,15.7,19.593,14.69,0
2026-09-18T13:39:01.746,26.792,255,1.573,-273.1,15.1,19.593,14.34,0
2026-09-18T13:39:01.845,26.891,255,1.574,-273.1,15.5,19.593,14.25,0
2026-09-18T13:39:01.946,26.992,255,1.574,-273.1,15.3,19.593,14.37,0
2026-09-18T13:39:02.045,27.091,255,1.574,-273.1,15.1,19.593,14.51,0
2026-09-18T13:39:02.145,27.191,255,1.575,-273.1,14.9,19.593,14.31,0
2026-09-18T13:39:02.245,27.292,255,1.576,-273.1,14.4,19.593,14.95,0
2026-09-18T13:39:02.346,27.392,255,1.576,-273.1,14.0,19.593,14.65,0
2026-09-18T13:39:02.446,27.493,255,1.576,-273.1,13.7,19.593,14.36,0
2026-09-18T13:39:02.547,27.594,255,1.576,-273.1,13.0,19.593,14.03,0
2026-09-18T13:39:02.647,27.694,255,1.576,-273.1,13.0,19.593,14.20,0
2026-09-18T13:39:02.747,27.793,255,1.577,-273.1,13.1,19.593,14.25,0
2026-09-18T13:39:02.847,27.894,255,1.577,-273.1,12.5,19.593,14.20,0
2026-09-18T13:39:02.947,27.993,255,1.578,-71.8,12.9,19.593,14.06,0
2026-09-18T13:39:03.048,28.094,255,1.578,-273.1,12.7,-78.372,14.61,0
2026-09-18T13:39:03.148,28.195,255,1.577,-273.1,12.6,19.593,14.60,0
2026-09-18T13:39:03.254,28.300,255,1.578,-273.1,12.8,19.593,14.56,0
2026-09-18T13:39:03.356,28.402,255,1.579,-273.1,12.6,19.593,14.43,0
2026-09-18T13:39:03.448,28.495,255,1.579,-83.9,12.6,19.593,14.77,0
2026-09-18T13:39:03.549,28.595,255,1.579,-273.1,12.5,19.593,14.32,0
2026-09-18T13:39:03.649,28.696,255,1.580,-273.1,13.7,19.593,14.52,0
2026-09-18T13:39:03.750,28.796,255,1.581,-273.1,13.3,19.593,14.19,0
2026-09-18T13:39:03.850,28.896,255,1.581,-273.1,13.5,19.593,14.36,0
2026-09-18T13:39:03.950,28.996,255,1.581,-273.1,13.2,19.593,14.54,0
2026-09-18T13:39:04.050,29.097,255,1.581,-273.1,13.5,19.593,14.42,0
2026-09-18T13:39:04.149,29.196,255,1.582,-273.1,13.5,19.593,14.48,0
2026-09-18T13:39:04.251,29.297,255,1.582,-67.0,14.0,19.402,14.45,0
2026-09-18T13:39:04.350,29.397,255,1.583,-273.1,14.0,-176.341,14.34,0
2026-09-18T13:39:04.449,29.496,255,1.584,-273.1,13.6,19.593,14.54,0
2026-09-18T13:39:04.550,29.596,255,1.585,-273.1,14.0,19.593,14.11,0
2026-09-18T13:39:04.650,29.697,255,1.585,-66.1,14.4,19.593,14.19,0
2026-09-18T13:39:04.751,29.797,255,1.586,-273.1,14.9,19.593,14.08,0
2026-09-18T13:39:04.851,29.897,255,1.587,-273.1,15.1,19.593,14.54,0
2026-09-18T13:39:04.951,29.998,255,1.588,-273.1,14.9,19.593,14.54,0
2026-09-18T13:39:05.052,30.098,255,1.588,-273.1,15.3,19.593,14.76,0
2026-09-18T13:39:05.153,30.199,255,1.588,-90.0,15.7,19.593,14.61,0
2026-09-18T13:39:05.253,30.299,255,1.589,-273.1,16.1,19.593,14.59,0
2026-09-18T13:39:05.352,30.398,255,1.589,-273.1,15.9,19.593,14.71,0
2026-09-18T13:39:05.453,30.499,255,1.590,-273.1,16.1,19.593,14.57,0
2026-09-18T13:39:05.552,30.598,255,1.591,-273.1,16.1,19.593,14.41,0
2026-09-18T13:39:05.654,30.701,255,1.592,-273.1,16.1,19.593,14.42,0
2026-09-18T13:39:05.752,30.799,255,1.592,-273.1,16.2,19.593,14.53,0
2026-09-18T13:39:05.853,30.899,255,1.592,-273.1,15.9,19.593,14.53,0
2026-09-18T13:39:05.953,31.000,255,1.593,-71.8,15.7,19.593,14.28,0
2026-09-18T13:39:06.053,31.099,255,1.594,-273.1,15.8,19.593,14.35,0
2026-09-18T13:39:06.153,31.199,255,1.594,-273.1,15.9,19.593,14.52,0
2026-09-18T13:39:06.252,31.299,255,1.594,-273.1,16.0,19.593,14.57,0
2026-09-18T13:39:06.353,31.399,255,1.595,-273.1,15.8,19.593,14.43,0
2026-09-18T13:39:06.454,31.500,255,1.597,-273.1,15.6,19.593,14.29,0
2026-09-18T13:39:06.553,31.599,255,1.597,-273.1,15.8,19.593,14.62,0
2026-09-18T13:39:06.652,31.699,255,1.597,-90.0,15.8,19.593,14.36,0
2026-09-18T13:39:06.753,31.799,255,1.598,-273.1,14.9,19.593,14.69,0
2026-09-18T13:39:06.855,31.902,255,1.599,-273.1,15.4,19.593,14.56,0
2026-09-18T13:39:06.954,32.001,255,1.599,-273.1,14.4,19.593,14.66,0
2026-09-18T13:39:07.056,32.102,255,1.600,-90.0,14.3,19.593,14.53,0
2026-09-18T13:39:07.155,32.201,255,1.601,-90.0,14.0,19.593,14.58,0
2026-09-18T13:39:07.255,32.301,255,1.601,-273.1,13.6,19.593,14.65,0
2026-09-18T13:39:07.355,32.402,255,1.601,-273.1,13.2,19.593,14.68,0
2026-09-18T13:39:07.456,32.502,255,1.602,-273.1,13.2,19.593,14.53,0
2026-09-18T13:39:07.556,32.602,255,1.602,-273.1,12.9,19.593,14.62,0
2026-09-18T13:39:07.656,32.703,255,1.602,-273.1,12.6,19.593,14.50,0
2026-09-18T13:39:07.757,32.804,255,1.603,-273.1,12.8,19.593,14.64,0
2026-09-18T13:39:07.856,32.903,255,1.604,-273.1,12.7,19.593,14.46,0
2026-09-18T13:39:07.957,33.003,255,1.605,-273.1,12.7,19.593,14.44,0
2026-09-18T13:39:08.057,33.103,255,1.605,-71.8,12.7,19.593,14.43,0
2026-09-18T13:39:08.158,33.204,255,1.605,-273.1,12.9,19.593,14.76,0
2026-09-18T13:39:08.257,33.303,255,1.606,-90.0,12.6,19.593,14.63,0
2026-09-18T13:39:08.358,33.404,255,1.607,-273.1,12.4,19.593,14.67,0
2026-09-18T13:39:08.457,33.504,255,1.607,-273.1,12.7,19.593,14.79,0
2026-09-18T13:39:08.558,33.605,255,1.607,-273.1,12.6,19.593,14.59,0
2026-09-18T13:39:08.658,33.704,255,1.608,-273.1,12.5,19.593,14.71,0
2026-09-18T13:39:08.759,33.805,255,1.609,-273.1,12.9,19.593,14.76,0
2026-09-18T13:39:08.859,33.905,255,1.609,-273.1,13.3,19.593,14.82,0
2026-09-18T13:39:08.960,34.006,255,1.609,-273.1,13.4,19.593,14.87,0
2026-09-18T13:39:09.059,34.106,255,1.609,-273.1,13.3,19.593,14.57,0
2026-09-18T13:39:09.162,34.208,255,1.610,-273.1,14.1,19.593,14.71,0
2026-09-18T13:39:09.260,34.307,255,1.610,-273.1,14.4,19.593,14.61,0
2026-09-18T13:39:09.362,34.409,255,1.610,-273.1,14.3,19.593,14.77,0
2026-09-18T13:39:09.460,34.507,255,1.611,-273.1,14.5,19.593,14.52,0
2026-09-18T13:39:09.560,34.607,255,1.611,-273.1,14.7,19.593,14.70,0
2026-09-18T13:39:09.661,34.707,255,1.611,-273.1,14.7,19.593,14.63,0
2026-09-18T13:39:09.760,34.807,255,1.612,-90.0,14.5,19.593,14.43,0
2026-09-18T13:39:09.861,34.908,255,1.612,-273.1,14.7,19.593,14.51,0
2026-09-18T13:39:09.960,35.007,255,1.612,-273.1,14.5,19.593,14.59,0
2026-09-18T13:39:10.061,35.107,255,1.612,-273.1,14.8,19.593,14.56,0
2026-09-18T13:39:10.160,35.207,255,1.613,-273.1,14.6,19.593,14.97,0
2026-09-18T13:39:10.263,35.309,255,1.613,-273.1,14.6,19.593,14.79,0
2026-09-18T13:39:10.361,35.407,255,1.613,-90.0,14.8,19.593,14.74,0
2026-09-18T13:39:10.463,35.510,255,1.614,-273.1,14.9,19.593,14.83,0
2026-09-18T13:39:10.561,35.607,255,1.614,-90.0,15.2,19.593,14.67,0
2026-09-18T13:39:10.660,35.707,255,1.614,-273.1,14.9,19.593,14.61,0
2026-09-18T13:39:10.762,35.808,255,1.614,-273.1,15.4,19.593,14.61,0
2026-09-18T13:39:10.862,35.908,255,1.615,-273.1,15.9,19.593,14.57,0
2026-09-18T13:39:10.961,36.008,255,1.615,-273.1,15.6,19.593,14.95,0
2026-09-18T13:39:11.062,36.109,255,1.615,-273.1,16.1,19.593,14.67,0
2026-09-18T13:39:11.163,36.209,255,1.615,-90.0,15.8,19.593,14.49,0
2026-09-18T13:39:11.264,36.310,255,1.616,-83.9,15.6,19.593,14.65,0
2026-09-18T13:39:11.363,36.410,255,1.617,-90.0,15.8,19.593,14.71,0
2026-09-18T13:39:11.464,36.510,255,1.617,-64.4,15.4,19.593,14.58,0
2026-09-18T13:39:11.563,36.609,255,1.617,-273.1,15.7,19.593,14.62,0
2026-09-18T13:39:11.664,36.711,255,1.617,-273.1,15.6,19.593,14.86,0
2026-09-18T13:39:11.766,36.813,255,1.617,-273.1,15.4,19.593,14.60,0
2026-09-18T13:39:11.867,36.913,255,1.617,-273.1,14.9,19.593,14.58,0
2026-09-18T13:39:11.966,37.012,255,1.617,-273.1,14.2,19.593,14.68,0
2026-09-18T13:39:12.066,37.112,255,1.617,-273.1,13.8,19.593,14.77,0
2026-09-18T13:39:12.167,37.213,255,1.618,-273.1,13.4,19.593,14.83,0
2026-09-18T13:39:12.266,37.312,255,1.619,-273.1,13.8,19.593,14.64,0
2026-09-18T13:39:12.367,37.413,255,1.619,-90.0,13.1,19.593,14.62,0
2026-09-18T13:39:12.467,37.514,255,1.619,-273.1,12.8,19.593,14.82,0
2026-09-18T13:39:12.568,37.615,255,1.620,-273.1,12.4,19.593,14.85,0
2026-09-18T13:39:12.667,37.714,255,1.620,-80.2,12.7,19.593,14.75,0
2026-09-18T13:39:12.768,37.814,255,1.620,-273.1,12.5,19.593,14.87,0
2026-09-18T13:39:12.868,37.915,255,1.621,-273.1,12.8,19.593,14.94,0
2026-09-18T13:39:12.969,38.015,255,1.621,-273.1,13.4,19.593,15.00,0
2026-09-18T13:39:13.070,38.116,255,1.621,-273.1,12.5,19.593,14.91,0
2026-09-18T13:39:13.169,38.216,255,1.622,-273.1,12.7,19.593,14.46,0
2026-09-18T13:39:13.269,38.315,255,1.622,-273.1,12.5,19.593,14.75,0
2026-09-18T13:39:13.369,38.416,255,1.623,-273.1,12.5,19.593,15.07,0
2026-09-18T13:39:13.470,38.517,255,1.623,-273.1,12.7,19.593,14.77,0
2026-09-18T13:39:13.570,38.616,255,1.623,-77.4,12.4,19.593,14.93,0
2026-09-18T13:39:13.671,38.717,255,1.624,-273.1,12.7,19.593,14.83,0
2026-09-18T13:39:13.770,38.816,255,1.624,-273.1,12.5,19.593,14.88,0
2026-09-18T13:39:13.870,38.917,255,1.624,-273.1,12.9,19.593,15.06,0
2026-09-18T13:39:13.971,39.017,255,1.625,-90.0,13.1,19.593,15.05,0
2026-09-18T13:39:14.071,39.117,255,1.625,-273.1,13.3,19.593,14.98,0
2026-09-18T13:39:14.172,39.218,255,1.626,-67.0,13.3,19.593,14.95,0
2026-09-18T13:39:14.272,39.318,255,1.626,-273.1,13.8,19.593,15.01,0
2026-09-18T13:39:14.373,39.419,255,1.626,-90.0,14.0,19.593,14.92,0
2026-09-18T13:39:14.472,39.519,255,1.626,-273.1,13.7,19.593,14.79,0
2026-09-18T13:39:14.573,39.619,255,1.626,-273.1,14.3,19.593,15.00,0
2026-09-18T13:39:14.673,39.719,255,1.626,-273.1,14.0,19.592,15.08,0
2026-09-18T13:39:14.775,39.821,255,1.626,-273.1,14.4,19.593,15.09,0
2026-09-18T13:39:14.874,39.920,255,1.626,-273.1,14.0,19.593,14.63,0
2026-09-18T13:39:14.972,40.019,255,1.626,-273.1,13.7,19.582,14.79,0
2026-09-18T13:39:15.073,40.119,255,1.626,-273.1,14.1,19.593,14.90,0
2026-09-18T13:39:15.173,40.220,255,1.626,-273.1,14.4,19.593,14.60,0
2026-09-18T13:39:15.274,40.321,255,1.626,-273.1,14.7,19.593,14.66,0
2026-09-18T13:39:15.375,40.422,255,1.626,-273.1,15.4,19.593,14.73,0
2026-09-18T13:39:15.476,40.522,255,1.627,-273.1,15.9,19.593,15.01,0
2026-09-18T13:39:15.577,40.623,255,1.627,-273.1,16.0,19.593,15.01,0
2026-09-18T13:39:15.677,40.724,255,1.627,-273.1,16.0,19.593,14.88,0
2026-09-18T13:39:15.778,40.824,255,1.627,-273.1,15.7,19.593,14.71,0
2026-09-18T13:39:15.878,40.924,255,1.627,-273.1,16.0,19.593,15.01,0
2026-09-18T13:39:15.977,41.023,255,1.628,-273.1,16.0,19.593,14.98,0
2026-09-18T13:39:16.077,41.124,255,1.629,-273.1,15.8,19.593,14.63,0
2026-09-18T13:39:16.177,41.224,255,1.629,-273.1,15.7,19.593,14.87,0
2026-09-18T13:39:16.279,41.325,255,1.629,-71.8,15.6,19.593,15.10,0
2026-09-18T13:39:16.378,41.425,255,1.629,-273.1,15.6,19.593,15.03,0
2026-09-18T13:39:16.479,41.525,255,1.629,-273.1,15.2,19.593,14.89,0
2026-09-18T13:39:16.580,41.626,255,1.629,-273.1,15.1,19.593,14.75,0
2026-09-18T13:39:16.680,41.726,255,1.629,-273.1,14.4,19.593,14.97,0
2026-09-18T13:39:16.780,41.827,255,1.629,-273.1,14.5,19.593,15.02,0
2026-09-18T13:39:16.884,41.930,255,1.629,-273.1,14.4,19.593,14.88,0
2026-09-18T13:39:16.980,42.026,255,1.629,-273.1,14.4,19.593,14.98,0
2026-09-18T13:39:17.080,42.126,255,1.629,-273.1,14.8,19.593,14.75,0
2026-09-18T13:39:17.180,42.227,255,1.629,-80.2,14.5,19.593,14.83,0
2026-09-18T13:39:17.279,42.326,255,1.628,-66.1,14.9,19.593,15.12,0
2026-09-18T13:39:17.380,42.427,255,1.628,-273.1,14.4,19.593,15.08,0
2026-09-18T13:39:17.481,42.527,255,1.628,-273.1,13.7,19.593,14.76,0
2026-09-18T13:39:17.581,42.627,255,1.628,-66.1,13.8,19.593,14.90,0
2026-09-18T13:39:17.681,42.727,255,1.628,-273.1,14.1,19.593,14.72,0
2026-09-18T13:39:17.781,42.828,255,1.627,-273.1,13.7,19.593,14.87,0
2026-09-18T13:39:17.882,42.928,255,1.627,-273.1,13.1,19.593,14.94,0
2026-09-18T13:39:17.983,43.030,255,1.627,-273.1,12.8,19.593,14.59,0
2026-09-18T13:39:18.082,43.129,255,1.627,-83.9,12.9,19.593,15.01,0
2026-09-18T13:39:18.183,43.229,255,1.627,-273.1,12.6,19.593,14.80,0
2026-09-18T13:39:18.283,43.329,255,1.626,-273.1,12.5,19.593,15.13,0
2026-09-18T13:39:18.383,43.429,255,1.626,-273.1,12.5,19.593,14.75,0
2026-09-18T13:39:18.484,43.530,255,1.626,-273.1,12.6,19.593,14.79,0
2026-09-18T13:39:18.584,43.631,255,1.625,-273.1,12.9,19.593,14.90,0
2026-09-18T13:39:18.684,43.731,255,1.625,-273.1,12.7,19.593,14.95,0
2026-09-18T13:39:18.785,43.831,255,1.624,-273.1,12.5,19.593,14.84,0
2026-09-18T13:39:18.885,43.931,255,1.624,-273.1,12.3,19.593,15.02,0
2026-09-18T13:39:18.988,44.034,255,1.624,-273.1,12.4,19.593,14.53,0
2026-09-18T13:39:19.085,44.131,255,1.624,-273.1,12.5,19.593,14.87,0
2026-09-18T13:39:19.185,44.232,255,1.623,-273.1,12.3,19.593,14.89,0
2026-09-18T13:39:19.286,44.332,255,1.623,-273.1,12.5,19.593,14.95,0
2026-09-18T13:39:19.386,44.432,255,1.623,-273.1,12.4,19.593,14.79,0
2026-09-18T13:39:19.487,44.533,255,1.622,-273.1,12.5,19.593,14.76,0
2026-09-18T13:39:19.587,44.634,255,1.620,-273.1,12.9,19.593,15.14,0
2026-09-18T13:39:19.688,44.734,255,1.620,-273.1,13.2,19.593,14.53,0
2026-09-18T13:39:19.789,44.835,255,1.619,-68.1,13.4,19.593,15.01,0
2026-09-18T13:39:19.891,44.937,255,1.618,-273.1,14.2,19.593,14.66,0
2026-09-18T13:39:19.990,45.036,255,1.618,-273.1,14.4,19.593,14.58,0
2026-09-18T13:39:20.090,45.137,255,1.618,-273.1,14.4,19.593,14.71,0
2026-09-18T13:39:20.190,45.236,255,1.615,-65.2,14.2,19.593,14.83,0
2026-09-18T13:39:20.291,45.337,255,1.614,-273.1,14.5,19.593,14.72,0
2026-09-18T13:39:20.390,45.436,255,1.612,-273.1,14.4,19.593,14.76,0
2026-09-18T13:39:20.490,45.537,255,1.612,-273.1,14.5,19.593,14.45,0
2026-09-18T13:39:20.591,45.637,255,1.611,-273.1,14.6,19.593,14.72,0
2026-09-18T13:39:20.691,45.738,255,1.610,-273.1,14.9,19.593,14.65,0
2026-09-18T13:39:20.791,45.837,255,1.610,-273.1,14.8,19.593,14.79,0
2026-09-18T13:39:20.892,45.938,255,1.609,-273.1,14.7,19.593,14.76,0
2026-09-18T13:39:20.992,46.039,255,1.607,-75.2,14.9,19.593,14.91,0
2026-09-18T13:39:21.092,46.138,255,1.606,-90.0,14.9,19.593,14.64,0
2026-09-18T13:39:21.192,46.239,255,1.606,-90.0,15.1,19.593,14.79,0
2026-09-18T13:39:21.292,46.338,255,1.604,-273.1,15.0,19.593,14.53,0
2026-09-18T13:39:21.392,46.439,255,1.602,-273.1,15.2,19.593,14.61,0
2026-09-18T13:39:21.492,46.539,255,1.600,-273.1,14.9,19.593,14.58,0
2026-09-18T13:39:21.592,46.638,255,1.600,-273.1,15.0,19.593,14.54,0
2026-09-18T13:39:21.692,46.738,255,1.600,-273.1,15.0,19.593,14.44,0
2026-09-18T13:39:21.792,46.838,255,1.601,-77.4,14.6,19.593,14.82,0
2026-09-18T13:39:21.892,46.939,255,1.599,-273.1,14.8,19.593,14.45,0
2026-09-18T13:39:21.992,47.038,255,1.599,-273.1,14.6,19.593,14.73,0
2026-09-18T13:39:22.092,47.138,255,1.597,-273.1,14.9,19.593,14.94,0
2026-09-18T13:39:22.193,47.239,255,1.595,-273.1,14.8,19.593,14.73,0
2026-09-18T13:39:22.292,47.338,255,1.594,-273.1,14.7,19.593,14.60,0
2026-09-18T13:39:22.393,47.439,255,1.594,-273.1,14.8,19.593,14.72,0
2026-09-18T13:39:22.494,47.541,255,1.592,-273.1,16.0,19.593,14.50,0
2026-09-18T13:39:22.593,47.640,255,1.591,-273.1,15.2,19.593,14.56,0
2026-09-18T13:39:22.695,47.741,255,1.587,-273.1,15.5,19.593,14.60,0
2026-09-18T13:39:22.794,47.840,255,1.587,-273.1,15.6,19.593,14.61,0
2026-09-18T13:39:22.894,47.940,255,1.586,-273.1,15.3,19.593,14.69,0
2026-09-18T13:39:22.995,48.041,255,1.588,-80.2,15.7,19.593,14.75,0
2026-09-18T13:39:23.096,48.142,255,1.588,-273.1,16.0,19.593,14.53,0
2026-09-18T13:39:23.195,48.241,255,1.593,-273.1,16.0,19.593,14.86,0
2026-09-18T13:39:23.297,48.343,255,1.609,-273.1,16.5,19.593,15.23,0
2026-09-18T13:39:23.396,48.442,255,1.612,-273.1,16.2,19.593,15.06,0
2026-09-18T13:39:23.495,48.542,255,1.612,-273.1,16.0,19.593,14.69,0
2026-09-18T13:39:23.596,48.642,255,1.615,-273.1,15.9,19.593,14.70,0
2026-09-18T13:39:23.696,48.742,255,1.617,-273.1,15.9,19.593,14.76,0
2026-09-18T13:39:23.796,48.843,255,1.620,-273.1,15.9,19.593,14.85,0
2026-09-18T13:39:23.897,48.943,255,1.620,-273.1,15.8,19.593,14.80,0
2026-09-18T13:39:23.997,49.043,255,1.620,-80.2,15.8,19.593,14.73,0
2026-09-18T13:39:24.097,49.144,255,1.620,-273.1,15.9,19.593,14.61,0
2026-09-18T13:39:24.197,49.243,255,1.621,-273.1,16.1,19.593,14.95,0
2026-09-18T13:39:24.297,49.344,255,1.621,-273.1,16.0,19.593,14.85,0
2026-09-18T13:39:24.397,49.443,255,1.620,-273.1,15.9,19.593,14.91,0
2026-09-18T13:39:24.498,49.544,255,1.621,-273.1,16.0,19.593,15.15,0
2026-09-18T13:39:24.597,49.643,255,1.620,-90.0,16.1,19.593,14.82,0
2026-09-18T13:39:24.697,49.744,255,1.620,-273.1,15.8,19.593,14.72,0
2026-09-18T13:39:24.797,49.843,255,1.621,-273.1,16.1,19.593,14.86,0
2026-09-18T13:39:24.899,49.945,255,1.622,-273.1,15.9,19.593,15.03,0
2026-09-18T13:39:24.996,50.043,255,1.623,-273.1,16.1,19.593,14.86,0
2026-09-18T13:39:25.097,50.143,255,1.623,-273.1,16.0,19.593,14.84,0
2026-09-18T13:39:25.197,50.244,255,1.623,-273.1,16.0,19.593,14.99,0
2026-09-18T13:39:25.297,50.343,255,1.623,-273.1,15.9,19.593,14.77,0
2026-09-18T13:39:25.398,50.444,255,1.623,-273.1,16.1,19.593,14.97,0
2026-09-18T13:39:25.499,50.545,255,1.621,-273.1,15.6,19.593,14.90,0
2026-09-18T13:39:25.599,50.645,255,1.620,-273.1,15.7,19.593,14.72,0
2026-09-18T13:39:25.699,50.746,255,1.622,-71.8,15.8,19.593,14.82,0
2026-09-18T13:39:25.799,50.845,255,1.622,-273.1,15.8,19.593,14.88,0
2026-09-18T13:39:25.900,50.946,255,1.623,-273.1,15.7,19.593,14.74,0
2026-09-18T13:39:25.999,51.045,255,1.622,-273.1,15.7,19.593,14.73,0
2026-09-18T13:39:26.099,51.146,255,1.621,-273.1,15.7,19.593,15.16,0
2026-09-18T13:39:26.201,51.247,255,1.621,-273.1,15.6,19.593,14.79,0
2026-09-18T13:39:26.300,51.346,255,1.618,-273.1,15.8,19.593,14.67,0
2026-09-18T13:39:26.400,51.446,255,1.617,-273.1,15.8,19.593,14.67,0
2026-09-18T13:39:26.499,51.545,255,1.620,-83.9,15.9,19.593,14.88,0
2026-09-18T13:39:26.599,51.646,255,1.620,-273.1,15.6,19.593,14.68,0
2026-09-18T13:39:26.700,51.747,255,1.617,-273.1,15.7,19.593,14.64,0
2026-09-18T13:39:26.800,51.846,255,1.617,-273.1,15.8,19.593,14.71,0
2026-09-18T13:39:26.901,51.947,255,1.617,-77.4,15.7,19.593,14.82,0
2026-09-18T13:39:27.001,52.048,255,1.617,-273.1,15.3,19.593,14.86,0
2026-09-18T13:39:27.102,52.148,255,1.613,-273.1,15.3,19.593,14.79,0
2026-09-18T13:39:27.202,52.248,255,1.613,-273.1,15.1,19.593,14.31,0
2026-09-18T13:39:27.302,52.348,255,1.616,-273.1,15.4,19.593,14.78,0
2026-09-18T13:39:27.402,52.449,255,1.616,-273.1,15.3,19.593,14.73,0
2026-09-18T13:39:27.503,52.549,255,1.616,-273.1,15.0,19.593,14.57,0
2026-09-18T13:39:27.602,52.649,255,1.615,-273.1,15.2,19.593,15.05,0
2026-09-18T13:39:27.703,52.750,255,1.614,-273.1,15.2,19.593,14.76,0
2026-09-18T13:39:27.802,52.848,255,1.614,-273.1,15.4,19.593,14.90,0
2026-09-18T13:39:27.902,52.948,255,1.613,-273.1,15.4,19.593,14.64,0
2026-09-18T13:39:28.003,53.049,255,1.612,-273.1,15.2,19.593,14.73,0
2026-09-18T13:39:28.103,53.149,255,1.612,-273.1,15.2,19.593,14.60,0
2026-09-18T13:39:28.205,53.252,255,1.610,-273.1,14.6,19.593,14.90,0
2026-09-18T13:39:28.307,53.353,255,1.610,-273.1,14.7,19.593,14.75,0
2026-09-18T13:39:28.404,53.451,255,1.610,-273.1,15.1,19.593,14.77,0
2026-09-18T13:39:28.504,53.551,255,1.610,-273.1,15.0,19.593,15.07,0
2026-09-18T13:39:28.605,53.651,255,1.609,-273.1,14.5,19.593,14.72,0
2026-09-18T13:39:28.706,53.752,255,1.608,-273.1,14.4,19.593,14.80,0
2026-09-18T13:39:28.806,53.853,255,1.606,-273.1,13.8,19.593,14.92,0
2026-09-18T13:39:28.907,53.954,255,1.606,-273.1,13.6,19.593,14.30,0
2026-09-18T13:39:29.007,54.053,255,1.605,-273.1,13.6,19.593,14.68,0
2026-09-18T13:39:29.107,54.153,255,1.605,-273.1,13.5,19.593,14.51,0
2026-09-18T13:39:29.206,54.253,255,1.603,-273.1,14.2,19.593,14.69,0
2026-09-18T13:39:29.307,54.353,255,1.603,-273.1,14.1,19.593,14.47,0
2026-09-18T13:39:29.406,54.453,255,1.602,-273.1,14.4,19.593,14.85,0
2026-09-18T13:39:29.507,54.553,255,1.601,-273.1,14.2,19.593,14.65,0
2026-09-18T13:39:29.607,54.653,255,1.599,-273.1,13.8,19.593,14.79,0
2026-09-18T13:39:29.707,54.754,255,1.599,-273.1,14.1,19.593,14.71,0
2026-09-18T13:39:29.808,54.854,255,1.595,-83.9,13.7,19.593,14.68,0
2026-09-18T13:39:29.908,54.954,255,1.592,-273.1,14.3,19.593,14.53,0
2026-09-18T13:39:30.008,55.054,255,1.589,-273.1,13.5,19.593,14.64,0
2026-09-18T13:39:30.109,55.155,255,1.589,-273.1,13.6,19.593,14.71,0
2026-09-18T13:39:30.210,55.256,255,1.585,-273.1,13.3,19.593,14.56,0
2026-09-18T13:39:30.310,55.357,255,1.579,-273.1,13.6,19.593,14.81,0
2026-09-18T13:39:30.409,55.456,255,1.579,-273.1,13.3,19.593,14.42,0
2026-09-18T13:39:30.510,55.556,255,1.570,-273.1,13.3,19.593,14.20,0
2026-09-18T13:39:30.609,55.655,255,1.559,-90.0,13.7,19.593,14.24,0
2026-09-18T13:39:30.709,55.755,255,1.545,-273.1,13.6,19.593,14.51,0
2026-09-18T13:39:30.810,55.856,255,1.545,-273.1,13.7,19.593,13.82,0
2026-09-18T13:39:30.911,55.957,255,1.539,-273.1,13.4,19.593,14.04,0
2026-09-18T13:39:31.011,56.057,255,1.537,-273.1,12.8,19.593,13.98,0
2026-09-18T13:39:31.111,56.158,255,1.539,-77.4,12.9,19.593,14.14,0
2026-09-18T13:39:31.211,56.258,255,1.539,-273.1,12.8,19.593,14.22,0
2026-09-18T13:39:31.312,56.358,255,1.537,-273.1,13.0,19.593,14.51,0
2026-09-18T13:39:31.412,56.459,255,1.533,-273.1,13.0,19.593,14.41,0
2026-09-18T13:39:31.513,56.559,255,1.530,-90.0,13.2,19.593,14.05,0
2026-09-18T13:39:31.612,56.659,255,1.530,-273.1,12.9,19.593,14.06,0
2026-09-18T13:39:31.713,56.759,255,1.529,-273.1,12.9,19.593,13.86,0
2026-09-18T13:39:31.813,56.859,255,1.525,-273.1,13.4,19.593,13.93,0
2026-09-18T13:39:31.912,56.959,255,1.524,-90.0,13.2,19.593,14.50,0
2026-09-18T13:39:32.013,57.059,255,1.524,-273.1,13.1,19.593,14.28,0
2026-09-18T13:39:32.113,57.160,255,1.530,-273.1,13.0,19.593,13.92,0
2026-09-18T13:39:32.214,57.261,255,1.546,-273.1,12.9,19.593,14.19,0
2026-09-18T13:39:32.313,57.360,255,1.541,-273.1,13.0,19.593,14.15,0
2026-09-18T13:39:32.414,57.460,255,1.541,-273.1,12.8,19.593,13.78,0
2026-09-18T13:39:32.515,57.561,255,1.538,-273.1,13.1,19.593,14.06,0
2026-09-18T13:39:32.616,57.662,255,1.536,-273.1,13.2,19.593,14.07,0
2026-09-18T13:39:32.716,57.763,255,1.536,-83.9,12.8,19.593,14.01,0
2026-09-18T13:39:32.819,57.866,255,1.536,-273.1,12.7,19.593,14.41,0
2026-09-18T13:39:32.917,57.963,255,1.535,-273.1,13.2,19.593,14.21,0
2026-09-18T13:39:33.018,58.064,255,1.533,-273.1,13.2,19.593,14.08,0
2026-09-18T13:39:33.117,58.164,255,1.533,-273.1,12.8,19.593,14.05,0
2026-09-18T13:39:33.218,58.264,255,1.535,-273.1,13.0,19.593,13.90,0
2026-09-18T13:39:33.317,58.363,255,1.533,-273.1,13.4,19.593,14.14,0
2026-09-18T13:39:33.417,58.463,255,1.531,-273.1,13.0,19.593,13.98,0
2026-09-18T13:39:33.517,58.564,255,1.531,-273.1,13.1,19.593,14.06,0
2026-09-18T13:39:33.618,58.664,255,1.531,-83.9,12.9,19.593,14.20,0
2026-09-18T13:39:33.718,58.765,255,1.531,-273.1,12.8,19.593,13.86,0
2026-09-18T13:39:33.818,58.864,255,1.566,-273.1,12.9,19.593,14.37,0
2026-09-18T13:39:33.918,58.964,255,1.566,-273.1,12.9,19.593,14.41,0
2026-09-18T13:39:34.018,59.065,255,1.563,-273.1,13.1,19.593,14.17,0
2026-09-18T13:39:34.119,59.165,255,1.556,-273.1,12.7,-78.362,13.94,0
2026-09-18T13:39:34.218,59.264,255,1.561,-273.1,13.0,19.593,14.60,0
2026-09-18T13:39:34.318,59.365,255,1.561,-273.1,13.1,19.593,14.04,0
2026-09-18T13:39:34.419,59.465,255,1.564,-273.1,13.1,19.593,14.62,0
2026-09-18T13:39:34.518,59.565,255,1.565,-273.1,13.4,19.593,14.06,0
2026-09-18T13:39:34.618,59.665,255,1.566,-273.1,13.1,19.593,14.35,0
2026-09-18T13:39:34.719,59.765,255,1.566,-273.1,12.6,19.593,14.24,0
2026-09-18T13:39:34.818,59.864,255,1.569,-273.1,13.5,19.593,14.57,0
2026-09-18T13:39:34.919,59.965,255,1.573,-273.1,13.5,19.593,14.38,0
2026-09-18T13:39:35.020,60.066,255,1.573,-273.1,13.2,19.593,14.32,0
2026-09-18T13:39:35.122,60.168,255,1.573,-273.1,13.1,19.593,14.43,0
2026-09-18T13:39:35.221,60.268,255,1.571,-90.0,13.2,19.593,14.47,0
2026-09-18T13:39:35.319,60.365,255,1.573,-273.1,13.5,19.593,14.23,0
2026-09-18T13:39:35.420,60.466,255,1.573,-273.1,13.5,19.593,14.39,0
2026-09-18T13:39:35.520,60.566,255,1.572,-273.1,13.3,19.593,14.32,0
2026-09-18T13:39:35.620,60.666,255,1.572,-273.1,13.2,19.593,14.45,0
2026-09-18T13:39:35.721,60.767,255,1.572,-80.2,13.0,19.593,14.46,0
2026-09-18T13:39:35.821,60.867,255,1.572,-273.1,13.1,19.593,14.91,0
2026-09-18T13:39:35.921,60.967,255,1.570,-273.1,13.3,19.593,14.35,0
2026-09-18T13:39:36.023,61.069,255,1.567,-273.1,13.1,19.593,14.26,0
2026-09-18T13:39:36.122,61.168,255,1.562,-273.1,13.1,19.593,14.41,0
2026-09-18T13:39:36.223,61.269,255,1.562,-90.0,13.1,19.593,14.25,0
2026-09-18T13:39:36.323,61.370,255,1.564,-273.1,13.0,19.593,14.36,0
2026-09-18T13:39:36.424,61.471,255,1.559,-273.1,13.1,19.593,14.14,0
2026-09-18T13:39:36.525,61.571,255,1.554,-273.1,12.8,19.593,14.23,0
2026-09-18T13:39:36.624,61.671,255,1.554,-273.1,13.1,19.593,14.23,0
2026-09-18T13:39:36.725,61.772,255,1.553,-273.1,13.2,19.593,14.06,0
2026-09-18T13:39:36.826,61.872,255,1.558,-273.1,11.6,19.593,14.36,0
2026-09-18T13:39:36.925,61.972,255,1.640,-273.1,13.3,19.593,14.73,0
2026-09-18T13:39:37.027,62.073,255,1.640,-273.1,12.9,19.593,14.96,0
2026-09-18T13:39:37.125,62.171,255,1.641,-273.1,13.0,19.593,15.13,0
2026-09-18T13:39:37.226,62.272,255,1.655,-273.1,13.0,19.593,15.27,0
2026-09-18T13:39:37.325,62.372,255,1.666,-273.1,12.8,19.593,15.30,0
2026-09-18T13:39:37.426,62.472,255,1.666,-273.1,13.2,19.593,15.10,0
2026-09-18T13:39:37.527,62.573,255,1.669,-83.9,13.0,19.593,15.24,0
2026-09-18T13:39:37.626,62.673,255,1.674,-273.1,13.0,19.593,15.11,0
2026-09-18T13:39:37.727,62.773,255,1.673,-273.1,13.0,19.593,15.03,0
2026-09-18T13:39:37.828,62.874,255,1.673,-273.1,12.7,19.593,15.02,0
2026-09-18T13:39:37.927,62.974,255,1.673,-273.1,13.1,19.593,15.36,0
2026-09-18T13:39:38.028,63.074,255,1.673,-273.1,12.9,19.593,14.76,0
2026-09-18T13:39:38.128,63.174,255,1.673,-273.1,13.0,19.593,15.62,0
2026-09-18T13:39:38.228,63.274,255,1.666,-273.1,12.8,19.593,15.52,0
2026-09-18T13:39:38.330,63.376,255,1.665,-273.1,13.1,-78.368,15.25,0
2026-09-18T13:39:38.428,63.474,255,1.666,-273.1,13.6,19.593,15.22,0
2026-09-18T13:39:38.528,63.574,255,1.666,-90.0,13.1,19.593,14.91,0
2026-09-18T13:39:38.629,63.675,255,1.670,-273.1,13.2,19.593,15.13,0
2026-09-18T13:39:38.729,63.775,255,1.671,-273.1,13.0,19.593,15.06,0
2026-09-18T13:39:38.827,63.874,255,1.672,-77.4,13.2,19.593,15.36,0
2026-09-18T13:39:38.928,63.975,255,1.672,-273.1,12.9,19.593,15.14,0
2026-09-18T13:39:39.029,64.076,255,1.673,-273.1,13.2,19.593,15.34,0
2026-09-18T13:39:39.130,64.176,255,1.673,-273.1,13.0,19.593,15.20,0
2026-09-18T13:39:39.229,64.275,255,1.673,-273.1,13.2,19.593,15.04,0
2026-09-18T13:39:39.330,64.376,255,1.673,-273.1,13.0,19.593,15.14,0
2026-09-18T13:39:39.430,64.476,255,1.673,-273.1,13.2,19.593,15.17,0
2026-09-18T13:39:39.531,64.577,255,1.672,-71.8,13.1,19.593,15.55,0
2026-09-18T13:39:39.630,64.676,255,1.672,-273.1,13.3,19.593,15.42,0
2026-09-18T13:39:39.729,64.776,255,1.672,-90.0,13.2,19.593,15.42,0
2026-09-18T13:39:39.830,64.876,255,1.672,-273.1,13.2,19.593,15.54,0
2026-09-18T13:39:39.931,64.977,255,1.674,-273.1,13.2,19.593,15.43,0
2026-09-18T13:39:40.032,65.078,255,1.680,-273.1,13.1,19.593,15.43,0
2026-09-18T13:39:40.133,65.179,255,1.680,-273.1,13.0,19.593,15.50,0
2026-09-18T13:39:40.233,65.279,255,1.680,-273.1,13.0,19.593,15.51,0
2026-09-18T13:39:40.331,65.377,255,1.680,-273.1,13.0,19.593,15.61,0
2026-09-18T13:39:40.431,65.478,255,1.679,-273.1,13.2,19.593,15.03,0
2026-09-18T13:39:40.532,65.579,255,1.679,-67.0,13.2,19.593,15.31,0
2026-09-18T13:39:40.633,65.679,255,1.679,-273.1,13.2,19.593,15.18,0
2026-09-18T13:39:40.732,65.778,255,1.681,-273.1,13.1,19.593,15.15,0
2026-09-18T13:39:40.833,65.879,255,1.681,-273.1,13.0,19.593,15.33,0
2026-09-18T13:39:40.932,65.978,255,1.681,-273.1,13.4,19.593,15.20,0
2026-09-18T13:39:41.032,66.078,255,1.681,-273.1,13.2,19.593,15.41,0
2026-09-18T13:39:41.132,66.179,255,1.681,-273.1,13.2,19.593,15.24,0
2026-09-18T13:39:41.233,66.280,255,1.681,-273.1,13.2,19.593,15.33,0
2026-09-18T13:39:41.334,66.380,255,1.682,-273.1,13.1,19.593,15.32,0
2026-09-18T13:39:41.434,66.480,255,1.682,-273.1,13.2,19.593,15.17,0
2026-09-18T13:39:41.535,66.581,255,1.683,-273.1,13.2,19.593,15.27,0
2026-09-18T13:39:41.636,66.682,255,1.683,-273.1,13.0,19.593,15.32,0
2026-09-18T13:39:41.735,66.782,255,1.687,-273.1,13.1,19.593,15.02,0
2026-09-18T13:39:41.836,66.882,255,1.687,-68.1,13.0,19.593,15.31,0
2026-09-18T13:39:41.936,66.983,255,1.688,-273.1,12.9,19.593,15.51,0
2026-09-18T13:39:42.036,67.083,255,1.688,-273.1,13.1,19.593,15.55,0
2026-09-18T13:39:42.137,67.183,255,1.688,-273.1,12.9,19.593,15.24,0
2026-09-18T13:39:42.238,67.284,255,1.691,-273.1,12.9,19.593,15.69,0
2026-09-18T13:39:42.337,67.384,255,1.695,-273.1,13.2,19.593,15.55,0
2026-09-18T13:39:42.438,67.484,255,1.695,-273.1,12.9,19.593,15.21,0
2026-09-18T13:39:42.539,67.585,255,1.699,-273.1,13.0,19.593,15.40,0
2026-09-18T13:39:42.639,67.685,255,1.700,-273.1,13.0,19.593,15.81,0
2026-09-18T13:39:42.739,67.785,255,1.701,-273.1,13.0,19.593,15.31,0
2026-09-18T13:39:42.837,67.884,255,1.701,-273.1,13.2,19.593,15.20,0
2026-09-18T13:39:42.938,67.984,255,1.701,-273.1,13.2,19.593,15.40,0
2026-09-18T13:39:43.038,68.085,255,1.701,-273.1,13.2,19.593,15.42,0
2026-09-18T13:39:43.139,68.185,255,1.701,-69.2,13.2,19.593,15.68,0
2026-09-18T13:39:43.239,68.285,255,1.702,-273.1,13.1,19.593,15.65,0
2026-09-18T13:39:43.338,68.385,255,1.703,-273.1,13.2,19.593,15.35,0
2026-09-18T13:39:43.438,68.485,255,1.705,-273.1,13.2,19.593,15.61,0
2026-09-18T13:39:43.539,68.585,255,1.705,-273.1,13.1,19.593,15.47,0
2026-09-18T13:39:43.640,68.686,255,1.705,-273.1,13.3,19.593,15.51,0
2026-09-18T13:39:43.740,68.786,255,1.706,-273.1,13.2,19.593,15.54,0
2026-09-18T13:39:43.838,68.885,255,1.709,-273.1,13.0,19.593,15.40,0
2026-09-18T13:39:43.939,68.985,255,1.709,-273.1,13.0,19.593,15.70,0
2026-09-18T13:39:44.039,69.085,255,1.712,-273.1,13.2,19.593,15.70,0
2026-09-18T13:39:44.141,69.188,255,1.713,-273.1,12.9,19.593,15.88,0
2026-09-18T13:39:44.241,69.288,255,1.715,-273.1,13.4,19.593,15.74,0
2026-09-18T13:39:44.340,69.386,255,1.715,-273.1,13.2,19.593,15.94,0
2026-09-18T13:39:44.441,69.487,255,1.719,-273.1,13.1,19.593,16.18,0
2026-09-18T13:39:44.541,69.588,255,1.720,-273.1,13.3,19.593,15.50,0
2026-09-18T13:39:44.641,69.687,255,1.722,-273.1,13.2,19.593,15.53,0
2026-09-18T13:39:44.741,69.788,255,1.722,-77.4,13.3,19.593,15.44,0
2026-09-18T13:39:44.842,69.888,255,1.723,-273.1,13.3,19.593,15.83,0
2026-09-18T13:39:44.942,69.988,255,1.725,-273.1,13.3,19.593,15.59,0
2026-09-18T13:39:45.043,70.089,255,1.726,-273.1,13.4,19.593,15.76,0
2026-09-18T13:39:45.143,70.189,255,1.726,-273.1,13.2,19.593,15.62,0
2026-09-18T13:39:45.244,70.290,255,1.727,-273.1,13.1,19.593,15.85,0
2026-09-18T13:39:45.345,70.391,255,1.728,-273.1,12.8,19.593,15.76,0
2026-09-18T13:39:45.444,70.490,255,1.729,-273.1,13.1,19.593,16.11,0
2026-09-18T13:39:45.544,70.591,255,1.729,-273.1,13.0,19.593,16.00,0
2026-09-18T13:39:45.643,70.690,255,1.730,-273.1,13.2,19.593,15.92,0
2026-09-18T13:39:45.744,70.790,255,1.730,-273.1,13.2,19.593,16.24,0
2026-09-18T13:39:45.843,70.889,255,1.730,-273.1,13.4,19.593,15.72,0
2026-09-18T13:39:45.944,70.990,255,1.730,-83.9,13.3,19.593,16.06,0
2026-09-18T13:39:46.044,71.091,255,1.732,-273.1,13.3,19.593,16.07,0
2026-09-18T13:39:46.145,71.192,255,1.733,-70.4,13.3,19.593,15.84,0
2026-09-18T13:39:46.246,71.292,255,1.733,-273.1,13.2,19.593,15.87,0
2026-09-18T13:39:46.344,71.390,255,1.736,-273.1,13.4,19.593,15.65,0
2026-09-18T13:39:46.444,71.491,255,1.739,-71.8,13.3,19.593,15.93,0
2026-09-18T13:39:46.544,71.591,255,1.741,-273.1,13.2,19.593,15.84,0
2026-09-18T13:39:46.645,71.692,255,1.741,-273.1,13.2,19.593,15.54,0
2026-09-18T13:39:46.745,71.792,255,1.742,-273.1,13.2,19.593,16.03,0
2026-09-18T13:39:46.845,71.892,255,1.743,-273.1,13.0,19.593,15.95,0
2026-09-18T13:39:46.946,71.992,255,1.744,-273.1,13.4,19.593,15.99,0
2026-09-18T13:39:47.046,72.093,255,1.744,-273.1,13.2,19.593,15.54,0
2026-09-18T13:39:47.147,72.193,255,1.747,-273.1,13.3,19.593,15.92,0
2026-09-18T13:39:47.248,72.295,255,1.750,-273.1,13.1,19.593,15.67,0
2026-09-18T13:39:47.349,72.395,255,1.753,-273.1,13.2,19.593,15.93,0
2026-09-18T13:39:47.448,72.494,255,1.753,-273.1,13.4,19.593,15.95,0
2026-09-18T13:39:47.548,72.594,255,1.761,-273.1,13.4,19.593,16.13,0
2026-09-18T13:39:47.648,72.695,255,1.768,-83.9,13.3,19.593,15.84,0
2026-09-18T13:39:47.749,72.795,255,1.774,-273.1,13.2,19.593,16.15,0
2026-09-18T13:39:47.849,72.896,255,1.774,-273.1,13.0,19.593,16.09,0
2026-09-18T13:39:47.950,72.996,255,1.779,-273.1,13.1,19.593,16.45,0
2026-09-18T13:39:48.050,73.096,255,1.786,-273.1,13.2,19.593,16.35,0
2026-09-18T13:39:48.151,73.197,255,1.790,-273.1,13.1,-78.374,16.41,0
2026-09-18T13:39:48.252,73.298,255,1.790,-64.4,13.1,19.593,16.24,0
2026-09-18T13:39:48.353,73.400,255,1.792,-273.1,13.2,19.593,16.32,0
2026-09-18T13:39:48.453,73.499,255,1.794,-273.1,13.1,19.593,16.66,0
2026-09-18T13:39:48.552,73.598,255,1.794,-273.1,13.3,19.593,16.51,0
2026-09-18T13:39:48.652,73.699,255,1.795,-273.1,13.1,19.593,16.46,0
2026-09-18T13:39:48.752,73.799,255,1.795,-273.1,13.1,-176.341,16.40,0
2026-09-18T13:39:48.852,73.898,255,1.796,-273.1,13.0,19.593,15.95,0
2026-09-18T13:39:48.952,73.999,255,1.796,-273.1,13.1,19.593,16.24,0
2026-09-18T13:39:49.052,74.098,255,1.797,-273.1,13.1,19.593,16.18,0
2026-09-18T13:39:49.151,74.198,255,1.799,-273.1,13.2,19.593,16.63,0
2026-09-18T13:39:49.252,74.298,255,1.800,-273.1,13.3,19.593,16.33,0
2026-09-18T13:39:49.351,74.397,255,1.800,-273.1,13.4,19.593,16.17,0
2026-09-18T13:39:49.451,74.498,255,1.802,-273.1,13.3,19.593,16.31,0
2026-09-18T13:39:49.551,74.598,255,1.803,-273.1,13.3,19.593,16.37,0
2026-09-18T13:39:49.652,74.699,255,1.803,-63.6,13.2,19.593,16.22,0
2026-09-18T13:39:49.751,74.797,255,1.803,-273.1,13.7,19.593,16.41,0
2026-09-18T13:39:49.852,74.898,255,1.803,-273.1,13.7,19.593,16.39,0
2026-09-18T13:39:49.951,74.997,254,1.796,-273.1,13.7,19.593,16.17,0
2026-09-18T13:39:50.052,75.099,253,1.783,-273.1,13.3,19.593,16.43,0
2026-09-18T13:39:50.153,75.199,253,1.783,-273.1,13.2,19.593,16.73,0
2026-09-18T13:39:50.253,75.299,253,1.784,-273.1,13.4,19.593,16.74,0
2026-09-18T13:39:50.353,75.399,252,1.782,-273.1,13.6,19.593,16.40,0
2026-09-18T13:39:50.453,75.499,251,1.778,-273.1,13.9,19.593,16.66,0
2026-09-18T13:39:50.554,75.600,251,1.778,-273.1,13.7,19.593,16.53,0
2026-09-18T13:39:50.653,75.700,250,1.771,-273.1,13.5,19.593,16.56,0
2026-09-18T13:39:50.754,75.800,250,1.775,-90.0,13.3,19.593,16.67,0
2026-09-18T13:39:50.853,75.900,249,1.775,-273.1,13.4,19.593,16.48,0
2026-09-18T13:39:50.954,76.001,248,1.767,-64.4,13.2,19.593,16.30,0
2026-09-18T13:39:51.055,76.101,248,1.769,-80.2,13.3,19.593,16.60,0
2026-09-18T13:39:51.155,76.201,248,1.771,-273.1,13.5,19.593,16.61,0
2026-09-18T13:39:51.256,76.302,248,1.771,-273.1,13.2,19.593,16.65,0
2026-09-18T13:39:51.356,76.402,247,1.764,-273.1,13.0,19.593,15.94,0
2026-09-18T13:39:51.456,76.502,247,1.767,-273.1,13.3,19.593,16.45,0
2026-09-18T13:39:51.559,76.605,247,1.765,-273.1,13.3,19.593,16.50,0
2026-09-18T13:39:51.658,76.704,246,1.765,-273.1,13.2,19.593,16.21,0
2026-09-18T13:39:51.757,76.803,246,1.768,-273.1,13.3,19.593,16.61,0
2026-09-18T13:39:51.858,76.904,245,1.765,-273.1,13.2,19.593,17.00,0
2026-09-18T13:39:51.958,77.005,245,1.771,-80.2,13.2,19.593,15.90,0
2026-09-18T13:39:52.058,77.105,244,1.771,-273.1,13.4,19.593,16.67,0
2026-09-18T13:39:52.160,77.206,244,1.759,-273.1,13.2,19.593,16.35,0
2026-09-18T13:39:52.260,77.306,244,1.763,-68.1,13.4,19.593,16.48,0
2026-09-18T13:39:52.361,77.408,243,1.760,-273.1,13.3,-5.661,16.64,0
2026-09-18T13:39:52.461,77.507,243,1.760,-83.9,13.1,166.544,17.09,0
2026-09-18T13:39:52.562,77.608,243,1.766,-273.1,13.6,11.378,16.42,0
2026-09-18T13:39:52.664,77.711,243,1.762,-67.0,13.6,19.593,16.54,0
2026-09-18T13:39:52.762,77.808,242,1.758,-273.1,13.5,19.593,16.57,0
2026-09-18T13:39:52.863,77.909,242,1.758,-64.4,13.5,19.593,16.52,0
2026-09-18T13:39:52.963,78.009,242,1.760,-273.1,14.0,19.593,16.39,0
2026-09-18T13:39:53.063,78.109,242,1.758,-273.1,13.2,-6.429,16.72,0
2026-09-18T13:39:53.163,78.209,242,1.761,-273.1,13.3,19.593,16.10,0
2026-09-18T13:39:53.264,78.310,242,1.761,-273.1,13.6,19.593,16.25,0
2026-09-18T13:39:53.364,78.410,242,1.756,-273.1,13.7,19.593,16.10,0
2026-09-18T13:39:53.465,78.511,242,1.757,-273.1,13.6,19.593,17.30,0
2026-09-18T13:39:53.569,78.615,242,1.757,-273.1,13.8,19.593,16.16,0
2026-09-18T13:39:53.665,78.711,242,1.759,-273.1,13.7,19.593,16.47,0
2026-09-18T13:39:53.765,78.812,242,1.761,-273.1,13.8,19.593,16.22,0
2026-09-18T13:39:53.866,78.912,242,1.759,-273.1,13.8,19.593,16.44,0
2026-09-18T13:39:53.967,79.013,242,1.759,-273.1,14.0,19.593,16.42,0
2026-09-18T13:39:54.066,79.112,242,1.762,-68.1,13.8,19.593,16.44,0
2026-09-18T13:39:54.167,79.213,242,1.760,-273.1,13.7,19.593,16.63,0
2026-09-18T13:39:54.267,79.313,242,1.763,-273.1,13.8,19.593,16.21,0
2026-09-18T13:39:54.367,79.414,242,1.763,-273.1,13.9,19.593,16.42,0
2026-09-18T13:39:54.468,79.514,242,1.759,-273.1,13.1,19.593,16.59,0
2026-09-18T13:39:54.568,79.614,242,1.762,-273.1,13.7,19.593,16.43,0
2026-09-18T13:39:54.670,79.717,242,1.760,-90.0,14.1,19.593,16.59,0
2026-09-18T13:39:54.769,79.816,242,1.760,-273.1,14.4,19.593,16.26,0
2026-09-18T13:39:54.869,79.915,242,1.759,-273.1,14.5,19.593,16.31,0
2026-09-18T13:39:54.969,80.015,242,1.756,-273.1,14.0,19.593,16.63,0
2026-09-18T13:39:55.070,80.116,242,1.763,-73.4,14.4,19.593,16.46,0
2026-09-18T13:39:55.169,80.215,242,1.763,-273.1,14.0,19.593,16.44,0
2026-09-18T13:39:55.270,80.316,242,1.766,-273.1,14.1,19.593,16.36,0
2026-09-18T13:39:55.369,80.416,242,1.764,-273.1,13.7,19.593,16.16,0
2026-09-18T13:39:55.470,80.516,242,1.767,-273.1,14.1,19.593,15.65,0
2026-09-18T13:39:55.573,80.620,242,1.767,-273.1,13.8,19.593,16.27,0
2026-09-18T13:39:55.670,80.716,242,1.760,-90.0,14.2,19.593,16.83,0
2026-09-18T13:39:55.770,80.817,242,1.764,-77.4,13.9,19.593,16.92,0
2026-09-18T13:39:55.871,80.917,242,1.760,-273.1,14.0,19.593,16.39,0
2026-09-18T13:39:55.970,81.017,242,1.760,-273.1,13.7,19.593,16.27,0
2026-09-18T13:39:56.071,81.117,242,1.762,-273.1,13.9,19.593,16.16,0
2026-09-18T13:39:56.172,81.218,242,1.765,-273.1,13.7,19.593,16.11,0
2026-09-18T13:39:56.272,81.319,242,1.765,-90.0,14.3,19.593,15.94,0
2026-09-18T13:39:56.373,81.420,242,1.764,-273.1,14.4,19.593,16.32,0
2026-09-18T13:39:56.473,81.519,241,1.770,-273.1,14.4,19.593,16.55,0
2026-09-18T13:39:56.572,81.619,241,1.762,-273.1,14.1,19.593,16.11,0
2026-09-18T13:39:56.673,81.719,241,1.762,-273.1,14.1,19.593,17.20,0
2026-09-18T13:39:56.772,81.819,241,1.768,-273.1,13.9,19.593,16.21,0
2026-09-18T13:39:56.872,81.918,240,1.769,-273.1,13.6,19.593,17.03,0
2026-09-18T13:39:56.972,82.019,240,1.771,-273.1,13.7,19.593,16.47,0
2026-09-18T13:39:57.073,82.119,240,1.771,-273.1,13.9,19.593,16.13,0
2026-09-18T13:39:57.173,82.220,239,1.766,-273.1,13.9,19.593,16.44,0
2026-09-18T13:39:57.273,82.319,239,1.765,-273.1,14.1,19.593,16.55,0
2026-09-18T13:39:57.373,82.420,239,1.761,-273.1,13.7,19.593,16.48,0
2026-09-18T13:39:57.473,82.519,239,1.761,-83.9,14.0,19.593,16.70,0
2026-09-18T13:39:57.574,82.620,238,1.772,-273.1,14.0,19.593,16.73,0
2026-09-18T13:39:57.674,82.721,238,1.765,-75.2,13.9,19.593,15.83,0
2026-09-18T13:39:57.776,82.822,238,1.765,-273.1,13.8,19.593,16.37,0
2026-09-18T13:39:57.874,82.921,237,1.765,-273.1,13.8,19.593,16.72,0
2026-09-18T13:39:57.975,83.021,237,1.770,-273.1,13.5,19.593,15.17,0
2026-09-18T13:39:58.075,83.121,236,1.766,-273.1,13.7,19.593,16.85,0
2026-09-18T13:39:58.175,83.222,236,1.765,-273.1,14.0,19.593,15.84,0
2026-09-18T13:39:58.276,83.322,236,1.765,-273.1,14.0,19.593,16.11,0
2026-09-18T13:39:58.376,83.422,235,1.764,-273.1,13.9,19.593,15.91,0
2026-09-18T13:39:58.475,83.522,235,1.760,-273.1,14.0,19.593,16.34,0
2026-09-18T13:39:58.576,83.623,235,1.760,-273.1,13.9,19.593,16.33,0
2026-09-18T13:39:58.677,83.723,234,1.763,-273.1,13.9,19.593,15.55,0
2026-09-18T13:39:58.777,83.823,234,1.764,-273.1,14.2,19.593,15.92,0
2026-09-18T13:39:58.878,83.924,234,1.760,-273.1,14.2,19.593,15.80,0
2026-09-18T13:39:58.978,84.024,234,1.760,-273.1,14.2,19.593,16.18,0
2026-09-18T13:39:59.079,84.125,234,1.755,-66.1,14.5,19.593,16.54,0
2026-09-18T13:39:59.180,84.226,234,1.753,-273.1,14.6,19.593,17.00,0
2026-09-18T13:39:59.278,84.325,234,1.758,-53.7,14.5,19.593,16.24,0
2026-09-18T13:39:59.380,84.427,234,1.758,-273.1,14.8,19.593,15.09,0
2026-09-18T13:39:59.481,84.528,234,1.754,-90.0,14.7,19.593,16.16,0
2026-09-18T13:39:59.582,84.628,234,1.756,-273.1,15.1,19.593,15.30,0
2026-09-18T13:39:59.681,84.728,234,1.756,-273.1,14.8,19.593,15.78,0
2026-09-18T13:39:59.782,84.828,234,1.756,-273.1,15.1,19.593,16.05,0
2026-09-18T13:39:59.881,84.927,234,1.764,-90.0,14.9,19.593,15.84,0
2026-09-18T13:39:59.981,85.028,234,1.761,-273.1,14.5,19.593,16.12,0
2026-09-18T13:40:00.082,85.128,234,1.760,-273.1,14.8,19.593,16.09,0
2026-09-18T13:40:00.183,85.229,234,1.760,-273.1,14.8,19.593,15.69,0
2026-09-18T13:40:00.284,85.330,234,1.765,-273.1,15.0,19.593,16.19,0
2026-09-18T13:40:00.383,85.430,234,1.764,-273.1,14.8,19.593,16.02,0
2026-09-18T13:40:00.484,85.530,234,1.762,-273.1,15.0,19.593,16.29,0
2026-09-18T13:40:00.584,85.630,234,1.762,-273.1,15.0,19.593,15.49,0
2026-09-18T13:40:00.683,85.729,234,1.765,-273.1,14.6,19.593,16.59,0
2026-09-18T13:40:00.784,85.830,234,1.763,-273.1,15.2,19.593,16.05,0
2026-09-18T13:40:00.882,85.929,234,1.761,-273.1,15.0,19.593,15.84,0
2026-09-18T13:40:00.983,86.030,234,1.761,-273.1,14.3,19.593,17.29,0
2026-09-18T13:40:01.084,86.130,234,1.761,-273.1,14.5,19.593,17.11,0
2026-09-18T13:40:01.184,86.230,234,1.767,-273.1,14.9,19.593,15.96,0
2026-09-18T13:40:01.285,86.331,234,1.763,-273.1,14.6,19.593,16.29,0
2026-09-18T13:40:01.384,86.430,234,1.763,-273.1,14.4,19.593,16.31,0
2026-09-18T13:40:01.485,86.531,234,1.763,-273.1,14.9,19.593,16.28,0
2026-09-18T13:40:01.583,86.630,234,1.768,-273.1,14.3,19.593,16.52,0
2026-09-18T13:40:01.684,86.730,234,1.768,-273.1,14.2,19.593,16.02,0
2026-09-18T13:40:01.785,86.831,234,1.773,-273.1,14.4,19.593,16.09,0
2026-09-18T13:40:01.886,86.933,234,1.765,-273.1,14.7,19.593,15.95,0
2026-09-18T13:40:01.986,87.033,234,1.765,-273.1,14.6,19.593,15.83,0
2026-09-18T13:40:02.085,87.131,234,1.765,-273.1,14.5,19.593,16.70,0
2026-09-18T13:40:02.185,87.231,234,1.761,-273.1,14.5,19.593,16.03,0
2026-09-18T13:40:02.286,87.332,234,1.767,-273.1,14.3,19.593,15.89,0
2026-09-18T13:40:02.385,87.431,234,1.768,-273.1,13.9,19.593,15.09,0
2026-09-18T13:40:02.486,87.532,233,1.768,-273.1,14.2,19.593,16.62,0
2026-09-18T13:40:02.586,87.633,233,1.767,-273.1,14.2,19.593,15.36,0
2026-09-18T13:40:02.687,87.733,233,1.771,-273.1,14.1,19.593,16.85,0
2026-09-18T13:40:02.786,87.833,233,1.769,-273.1,14.1,19.593,16.18,0
2026-09-18T13:40:02.887,87.933,233,1.769,-273.1,14.3,19.593,16.47,0
2026-09-18T13:40:02.988,88.034,233,1.766,-273.1,14.4,19.593,16.34,0
2026-09-18T13:40:03.087,88.133,233,1.773,-77.4,13.9,19.593,17.15,0
2026-09-18T13:40:03.188,88.234,233,1.766,-273.1,14.4,19.593,16.37,0
2026-09-18T13:40:03.287,88.334,233,1.766,-67.0,14.1,19.593,16.38,0
2026-09-18T13:40:03.387,88.433,233,1.772,-80.2,14.0,19.593,17.02,0
2026-09-18T13:40:03.487,88.533,233,1.768,-273.1,13.5,19.593,16.57,0
2026-09-18T13:40:03.587,88.633,232,1.768,-273.1,13.7,19.593,16.64,0
2026-09-18T13:40:03.687,88.733,232,1.768,-273.1,13.8,19.593,16.09,0
2026-09-18T13:40:03.787,88.833,231,1.767,-83.9,13.6,19.593,16.08,0
2026-09-18T13:40:03.887,88.933,231,1.765,-273.1,13.7,19.593,17.13,0
2026-09-18T13:40:03.987,89.033,230,1.765,-273.1,13.6,19.593,15.93,0
2026-09-18T13:40:04.088,89.134,230,1.770,-273.1,13.6,19.593,17.22,0
2026-09-18T13:40:04.189,89.235,230,1.768,-273.1,13.8,19.593,16.04,0
2026-09-18T13:40:04.288,89.334,230,1.767,-273.1,13.5,19.593,17.23,0
2026-09-18T13:40:04.388,89.434,230,1.767,-273.1,13.4,19.593,15.95,0
2026-09-18T13:40:04.488,89.535,230,1.773,-273.1,13.6,19.593,16.51,0
2026-09-18T13:40:04.591,89.637,230,1.770,-273.1,13.2,19.593,15.80,0
2026-09-18T13:40:04.689,89.735,230,1.773,-273.1,13.9,19.593,16.80,0
2026-09-18T13:40:04.793,89.839,230,1.773,-273.1,13.9,19.593,16.36,0
2026-09-18T13:40:04.889,89.935,230,1.771,-273.1,13.5,19.593,16.52,0
2026-09-18T13:40:04.989,90.036,230,1.771,-273.1,13.4,19.593,15.99,0
2026-09-18T13:40:05.090,90.136,230,1.777,-273.1,13.4,19.593,16.98,0
2026-09-18T13:40:05.190,90.237,230,1.777,-273.1,13.8,19.593,16.24,0
2026-09-18T13:40:05.290,90.337,230,1.774,-65.2,13.5,19.593,17.32,0
2026-09-18T13:40:05.390,90.436,230,1.774,-273.1,13.5,19.593,16.85,0
2026-09-18T13:40:05.490,90.536,230,1.775,-80.2,13.7,19.593,15.92,0
2026-09-18T13:40:05.591,90.638,230,1.775,-273.1,13.3,19.593,16.56,0
2026-09-18T13:40:05.691,90.737,230,1.776,-273.1,13.5,19.593,16.54,0
2026-09-18T13:40:05.792,90.838,230,1.774,-273.1,13.2,19.593,16.39,0
2026-09-18T13:40:05.889,90.936,230,1.776,-273.1,13.5,19.593,16.92,0
2026-09-18T13:40:05.989,91.036,230,1.776,-273.1,13.7,19.593,15.92,0
2026-09-18T13:40:06.090,91.136,230,1.782,-273.1,13.7,19.593,16.59,0
2026-09-18T13:40:06.190,91.237,230,1.785,-273.1,13.8,19.593,16.97,0
2026-09-18T13:40:06.290,91.336,230,1.785,-273.1,13.6,19.593,16.39,0
2026-09-18T13:40:06.390,91.437,230,1.778,-273.1,13.7,19.593,16.78,0
2026-09-18T13:40:06.490,91.536,230,1.783,-71.8,13.6,19.593,16.83,0
2026-09-18T13:40:06.592,91.638,230,1.785,-273.1,13.3,19.593,16.16,0
2026-09-18T13:40:06.692,91.738,230,1.785,-273.1,13.5,19.593,17.66,0
2026-09-18T13:40:06.792,91.838,230,1.784,-273.1,13.4,19.593,15.72,0
2026-09-18T13:40:06.894,91.940,230,1.785,-273.1,13.8,19.593,16.20,0
2026-09-18T13:40:06.994,92.040,230,1.787,-273.1,13.5,19.593,16.81,0
2026-09-18T13:40:07.094,92.140,230,1.787,-273.1,13.5,19.593,16.76,0
2026-09-18T13:40:07.195,92.241,230,1.786,-273.1,13.3,19.593,16.39,0
2026-09-18T13:40:07.294,92.340,230,1.782,-273.1,13.6,19.593,16.68,0
2026-09-18T13:40:07.396,92.442,230,1.788,-273.1,13.7,19.593,16.37,0
2026-09-18T13:40:07.493,92.540,230,1.788,-273.1,13.6,19.593,16.59,0
2026-09-18T13:40:07.594,92.640,230,1.786,-273.1,13.4,19.593,16.66,0
2026-09-18T13:40:07.694,92.740,230,1.785,-273.1,13.5,19.593,16.09,0
2026-09-18T13:40:07.793,92.839,230,1.782,-67.0,13.7,19.593,16.84,0
2026-09-18T13:40:07.894,92.940,230,1.782,-61.6,13.4,19.593,17.08,0
2026-09-18T13:40:07.995,93.042,230,1.786,-273.1,13.5,19.593,16.81,0
2026-09-18T13:40:08.096,93.142,230,1.787,-273.1,13.4,19.593,16.21,0
2026-09-18T13:40:08.196,93.243,230,1.788,-273.1,13.6,19.593,16.46,0
2026-09-18T13:40:08.297,93.343,230,1.788,-273.1,13.4,19.593,15.92,0
2026-09-18T13:40:08.397,93.443,230,1.786,-273.1,13.7,19.593,16.85,0
2026-09-18T13:40:08.498,93.544,230,1.790,-273.1,13.6,19.593,15.81,0
2026-09-18T13:40:08.600,93.646,230,1.793,-273.1,13.7,19.593,16.65,0
2026-09-18T13:40:08.699,93.745,230,1.793,-273.1,14.4,19.593,16.33,0
2026-09-18T13:40:08.800,93.846,230,1.788,-273.1,14.1,19.593,16.58,0
2026-09-18T13:40:08.899,93.945,230,1.788,-273.1,13.8,19.593,16.76,0
2026-09-18T13:40:08.999,94.046,230,1.788,-273.1,13.7,19.593,16.09,0
2026-09-18T13:40:09.098,94.145,230,1.788,-273.1,13.8,19.593,17.25,0
2026-09-18T13:40:09.199,94.245,230,1.791,-273.1,13.7,19.593,16.28,0
2026-09-18T13:40:09.300,94.346,230,1.785,-273.1,13.7,19.593,16.21,0
2026-09-18T13:40:09.400,94.447,230,1.785,-273.1,13.9,19.593,16.69,0
2026-09-18T13:40:09.500,94.546,230,1.789,-273.1,13.9,19.593,16.53,0
2026-09-18T13:40:09.601,94.647,230,1.791,-273.1,14.1,19.593,16.30,0
2026-09-18T13:40:09.702,94.748,230,1.790,-273.1,14.2,19.593,16.18,0
2026-09-18T13:40:09.801,94.848,230,1.790,-273.1,14.1,19.593,16.78,0
2026-09-18T13:40:09.901,94.947,230,1.791,-273.1,14.0,19.593,17.34,0
2026-09-18T13:40:10.002,95.049,229,1.793,-273.1,14.0,19.593,16.63,0
2026-09-18T13:40:10.103,95.149,229,1.788,-273.1,14.0,19.593,16.78,0
2026-09-18T13:40:10.203,95.249,228,1.788,-273.1,14.2,19.593,16.72,0
2026-09-18T13:40:10.303,95.349,227,1.791,-75.2,14.2,19.593,16.39,0
2026-09-18T13:40:10.403,95.450,227,1.796,-273.1,14.0,19.593,16.51,0
2026-09-18T13:40:10.505,95.551,226,1.797,-273.1,14.5,19.593,16.89,0
2026-09-18T13:40:10.605,95.652,226,1.797,-273.1,15.0,19.593,15.71,0
2026-09-18T13:40:10.706,95.752,225,1.789,-273.1,14.5,19.593,16.90,0
2026-09-18T13:40:10.805,95.851,224,1.788,-273.1,14.1,19.593,17.32,0
2026-09-18T13:40:10.905,95.952,224,1.783,-273.1,14.0,19.593,17.08,0
2026-09-18T13:40:11.006,96.052,223,1.783,-273.1,14.0,19.593,16.40,0
2026-09-18T13:40:11.105,96.151,223,1.784,-273.1,14.4,19.593,17.08,0
2026-09-18T13:40:11.205,96.251,222,1.782,-273.1,14.0,19.593,16.66,0
2026-09-18T13:40:11.306,96.353,222,1.784,-273.1,14.1,19.593,17.03,0
2026-09-18T13:40:11.405,96.451,221,1.784,-90.0,14.0,19.593,16.02,0
2026-09-18T13:40:11.504,96.550,221,1.785,-273.1,13.7,19.593,17.61,0
2026-09-18T13:40:11.605,96.651,220,1.784,-273.1,13.7,19.593,16.22,0
2026-09-18T13:40:11.705,96.751,219,1.784,-273.1,13.7,19.593,16.62,0
2026-09-18T13:40:11.805,96.851,219,1.788,-273.1,13.6,19.593,15.58,0
2026-09-18T13:40:11.905,96.951,218,1.775,-273.1,13.6,19.593,17.62,0
2026-09-18T13:40:12.004,97.050,218,1.781,-273.1,13.3,19.593,16.53,0
2026-09-18T13:40:12.105,97.151,217,1.781,-273.1,13.5,19.593,16.13,0
2026-09-18T13:40:12.206,97.253,217,1.777,-273.1,13.6,19.593,17.22,0
2026-09-18T13:40:12.306,97.352,216,1.778,-273.1,13.5,19.593,15.73,0
2026-09-18T13:40:12.405,97.452,216,1.779,-273.1,13.6,19.593,16.89,0
2026-09-18T13:40:12.506,97.553,215,1.779,-273.1,13.6,19.593,16.66,0
2026-09-18T13:40:12.607,97.653,215,1.783,-273.1,13.8,19.593,16.18,0
2026-09-18T13:40:12.707,97.753,214,1.783,-273.1,13.6,19.593,16.32,0
2026-09-18T13:40:12.807,97.853,213,1.776,-90.0,13.5,19.593,17.26,0
2026-09-18T13:40:12.907,97.954,213,1.776,-273.1,13.5,19.593,17.03,0
2026-09-18T13:40:13.008,98.055,212,1.779,-273.1,13.7,19.593,16.96,0
2026-09-18T13:40:13.108,98.154,212,1.780,-273.1,13.9,19.593,16.73,0
2026-09-18T13:40:13.209,98.255,211,1.780,-273.1,13.9,19.593,16.76,0
2026-09-18T13:40:13.310,98.356,211,1.780,-273.1,14.7,19.593,16.59,0
2026-09-18T13:40:13.411,98.457,211,1.783,-273.1,14.1,19.593,16.69,0
2026-09-18T13:40:13.511,98.557,211,1.782,-273.1,14.4,19.593,16.84,0
2026-09-18T13:40:13.612,98.658,210,1.779,-273.1,14.5,19.593,16.87,0
2026-09-18T13:40:13.712,98.759,210,1.779,-273.1,14.5,19.593,16.27,0
2026-09-18T13:40:13.814,98.861,209,1.783,-273.1,14.7,19.593,16.62,0
2026-09-18T13:40:13.914,98.960,209,1.781,-75.2,15.1,19.593,16.30,0
2026-09-18T13:40:14.014,99.060,208,1.773,-273.1,14.7,19.593,17.10,0
2026-09-18T13:40:14.114,99.160,207,1.773,-83.9,14.9,19.593,16.09,0
2026-09-18T13:40:14.214,99.260,207,1.773,-273.1,14.9,19.593,16.72,0
2026-09-18T13:40:14.314,99.360,206,1.773,-273.1,14.6,19.593,16.44,0
2026-09-18T13:40:14.414,99.461,206,1.773,-273.1,14.4,19.593,17.26,0
2026-09-18T13:40:14.514,99.560,205,1.773,-273.1,14.3,19.593,16.43,0
2026-09-18T13:40:14.614,99.661,205,1.778,-273.1,14.3,19.593,17.03,0
2026-09-18T13:40:14.714,99.761,204,1.772,-273.1,14.4,19.593,16.52,0
2026-09-18T13:40:14.815,99.861,204,1.772,-90.0,14.5,19.593,16.49,0
2026-09-18T13:40:14.914,99.961,203,1.769,-83.9,14.7,19.593,16.95,0
2026-09-18T13:40:15.015,100.061,203,1.766,-273.1,14.6,19.593,16.88,0
2026-09-18T13:40:15.114,100.161,202,1.765,-273.1,14.1,19.593,16.78,0
2026-09-18T13:40:15.214,100.261,201,1.765,-273.1,14.0,19.593,16.46,0
2026-09-18T13:40:15.315,100.361,201,1.763,-273.1,14.0,19.593,16.27,0
2026-09-18T13:40:15.415,100.461,200,1.762,-273.1,14.2,19.593,16.23,0
2026-09-18T13:40:15.514,100.561,200,1.763,-273.1,14.1,19.593,16.93,0
2026-09-18T13:40:15.616,100.662,199,1.763,-273.1,13.8,19.593,16.76,0
2026-09-18T13:40:15.716,100.762,199,1.764,-273.1,14.2,19.593,16.50,0
2026-09-18T13:40:15.817,100.863,198,1.755,-90.0,14.7,19.593,15.95,0
2026-09-18T13:40:15.916,100.962,198,1.752,-65.2,14.3,19.593,16.97,0
2026-09-18T13:40:16.017,101.063,197,1.752,-273.1,14.4,19.593,16.09,0
2026-09-18T13:40:16.117,101.163,197,1.750,-273.1,13.9,19.593,16.57,0
2026-09-18T13:40:16.216,101.262,196,1.755,-273.1,14.2,19.593,17.56,0
2026-09-18T13:40:16.316,101.362,195,1.762,-77.4,13.9,19.593,16.78,0
2026-09-18T13:40:16.417,101.463,195,1.762,-273.1,14.0,19.593,16.32,0
2026-09-18T13:40:16.517,101.563,195,1.756,-67.0,13.9,19.593,14.50,0
2026-09-18T13:40:16.616,101.663,195,1.750,-273.1,13.8,19.593,16.79,0
2026-09-18T13:40:16.717,101.763,195,1.750,-273.1,13.9,19.593,16.09,0
2026-09-18T13:40:16.818,101.864,195,1.749,-273.1,13.8,19.593,17.09,0
2026-09-18T13:40:16.919,101.965,195,1.745,-90.0,14.2,19.593,16.96,0
2026-09-18T13:40:17.019,102.066,195,1.749,-273.1,14.2,19.593,15.88,0
2026-09-18T13:40:17.118,102.165,195,1.749,-273.1,13.9,19.593,17.42,0
2026-09-18T13:40:17.219,102.266,194,1.753,-273.1,14.1,19.593,16.24,0
2026-09-18T13:40:17.319,102.366,194,1.754,-273.1,14.2,19.593,16.23,0
2026-09-18T13:40:17.420,102.466,194,1.752,-273.1,14.1,19.593,16.61,0
2026-09-18T13:40:17.519,102.566,194,1.752,-273.1,14.3,19.593,17.33,0
2026-09-18T13:40:17.620,102.667,194,1.757,-273.1,14.0,19.593,16.58,0
2026-09-18T13:40:17.721,102.768,194,1.755,-273.1,14.3,19.593,16.42,0
2026-09-18T13:40:17.822,102.868,194,1.754,-273.1,14.5,19.593,17.20,0
2026-09-18T13:40:17.921,102.967,194,1.754,-90.0,14.2,19.593,16.51,0
2026-09-18T13:40:18.021,103.068,194,1.756,-273.1,14.2,19.593,16.11,0
2026-09-18T13:40:18.122,103.169,194,1.755,-273.1,13.3,19.593,16.85,0
2026-09-18T13:40:18.222,103.268,194,1.754,-273.1,14.2,19.593,18.03,0
2026-09-18T13:40:18.323,103.369,194,1.754,-273.1,14.2,19.593,17.21,0
2026-09-18T13:40:18.422,103.468,194,1.755,-273.1,14.1,19.593,15.66,0
2026-09-18T13:40:18.523,103.569,194,1.753,-273.1,14.5,19.593,16.65,0
2026-09-18T13:40:18.624,103.671,193,1.755,-273.1,14.7,19.593,17.07,0
2026-09-18T13:40:18.725,103.771,193,1.755,-273.1,14.8,19.593,15.97,0
2026-09-18T13:40:18.824,103.871,193,1.748,-273.1,14.9,19.593,16.41,0
2026-09-18T13:40:18.925,103.972,193,1.741,-90.0,14.7,19.593,15.96,0
2026-09-18T13:40:19.026,104.073,193,1.743,-273.1,15.2,19.593,16.91,0
2026-09-18T13:40:19.125,104.172,193,1.743,-273.1,14.9,19.593,16.54,0
2026-09-18T13:40:19.226,104.272,193,1.741,-273.1,14.6,19.593,16.89,0
2026-09-18T13:40:19.328,104.374,193,1.741,-273.1,14.8,19.593,16.06,0
2026-09-18T13:40:19.426,104.472,193,1.741,-273.1,14.7,19.593,16.74,0
2026-09-18T13:40:19.527,104.573,193,1.735,-273.1,14.9,19.593,15.99,0
2026-09-18T13:40:19.627,104.674,193,1.747,-273.1,14.9,19.593,15.99,0
2026-09-18T13:40:19.727,104.773,193,1.740,-64.4,14.8,19.593,16.12,0
2026-09-18T13:40:19.827,104.873,193,1.740,-273.1,14.9,19.593,16.95,0
2026-09-18T13:40:19.927,104.974,193,1.747,-273.1,14.7,19.593,16.70,0
2026-09-18T13:40:20.028,105.074,193,1.742,-273.1,14.8,19.593,17.17,0
2026-09-18T13:40:20.129,105.175,193,1.746,-90.0,14.9,19.593,18.03,0
2026-09-18T13:40:20.231,105.277,193,1.746,-273.1,15.0,19.593,16.02,0
2026-09-18T13:40:20.329,105.376,193,1.744,-273.1,15.0,19.593,16.27,0
2026-09-18T13:40:20.430,105.476,193,1.746,-273.1,15.0,19.593,16.61,0
2026-09-18T13:40:20.529,105.575,193,1.746,-273.1,14.8,19.593,16.18,0
2026-09-18T13:40:20.630,105.676,193,1.746,-273.1,14.8,19.593,16.94,0
2026-09-18T13:40:20.730,105.777,193,1.747,-71.8,15.1,19.593,16.39,0
2026-09-18T13:40:20.831,105.877,193,1.738,-273.1,15.0,19.593,16.47,0
2026-09-18T13:40:20.930,105.977,193,1.743,-273.1,14.8,19.593,16.68,0
2026-09-18T13:40:21.031,106.077,193,1.743,-273.1,14.9,19.593,16.66,0
2026-09-18T13:40:21.131,106.177,193,1.739,-273.1,14.9,19.593,16.87,0
2026-09-18T13:40:21.231,106.277,193,1.742,-273.1,15.1,19.593,17.33,0
2026-09-18T13:40:21.332,106.378,193,1.749,-273.1,14.9,19.593,16.37,0
2026-09-18T13:40:21.432,106.478,193,1.749,-273.1,15.2,19.593,17.30,0
2026-09-18T13:40:21.533,106.579,193,1.739,-273.1,15.1,19.593,17.14,0
2026-09-18T13:40:21.633,106.679,193,1.743,-273.1,15.5,19.593,16.98,0
2026-09-18T13:40:21.733,106.780,193,1.739,-273.1,15.1,19.593,15.43,0
2026-09-18T13:40:21.835,106.881,193,1.739,-273.1,15.2,19.593,16.53,0
2026-09-18T13:40:21.933,106.980,193,1.749,-80.2,15.3,19.593,16.89,0
2026-09-18T13:40:22.034,107.080,193,1.742,-273.1,15.3,19.593,17.88,0
2026-09-18T13:40:22.135,107.181,193,1.742,-273.1,15.5,19.593,17.09,0
2026-09-18T13:40:22.236,107.282,193,1.742,-273.1,15.5,19.593,16.55,0
2026-09-18T13:40:22.335,107.382,193,1.748,-90.0,15.7,19.593,17.92,0
2026-09-18T13:40:22.436,107.483,193,1.744,-273.1,15.5,19.593,18.09,0
2026-09-18T13:40:22.537,107.583,193,1.744,-273.1,15.7,19.593,18.14,0
2026-09-18T13:40:22.638,107.685,193,1.744,-273.1,15.4,19.593,14.88,0
2026-09-18T13:40:22.738,107.784,193,1.746,-273.1,15.6,19.593,16.63,0
2026-09-18T13:40:22.838,107.884,193,1.746,-273.1,15.6,19.593,16.46,0
2026-09-18T13:40:22.938,107.985,193,1.746,-273.1,15.5,19.593,16.40,0
2026-09-18T13:40:23.039,108.085,193,1.739,-273.1,15.6,19.593,16.02,0
2026-09-18T13:40:23.141,108.187,193,1.742,-273.1,15.5,19.593,15.16,0
2026-09-18T13:40:23.239,108.286,193,1.743,-273.1,15.7,19.593,16.24,0
2026-09-18T13:40:23.339,108.386,193,1.743,-90.0,15.7,19.593,16.96,0
2026-09-18T13:40:23.440,108.486,193,1.742,-273.1,15.7,19.593,16.03,0
2026-09-18T13:40:23.540,108.586,193,1.745,-273.1,15.4,19.593,16.02,0
2026-09-18T13:40:23.640,108.687,193,1.741,-273.1,15.5,19.593,16.04,0
2026-09-18T13:40:23.741,108.787,193,1.741,-273.1,15.5,19.593,16.42,0
2026-09-18T13:40:23.841,108.888,193,1.744,-273.1,15.5,19.593,16.66,0
2026-09-18T13:40:23.942,108.988,193,1.740,-273.1,15.6,19.593,15.75,0
2026-09-18T13:40:24.041,109.087,193,1.742,-273.1,15.5,19.593,17.01,0
2026-09-18T13:40:24.142,109.188,193,1.742,-273.1,15.5,19.593,16.20,0
2026-09-18T13:40:24.242,109.288,193,1.741,-273.1,15.8,19.593,16.33,0
2026-09-18T13:40:24.343,109.389,193,1.743,-273.1,15.6,19.593,16.00,0
2026-09-18T13:40:24.442,109.488,193,1.741,-273.1,15.5,19.593,16.56,0
2026-09-18T13:40:24.541,109.587,193,1.741,-273.1,15.7,19.593,15.53,0
2026-09-18T13:40:24.642,109.688,193,1.747,-83.9,15.6,19.593,15.92,0
2026-09-18T13:40:24.740,109.787,193,1.740,-83.9,15.2,19.593,17.55,0
2026-09-18T13:40:24.841,109.887,193,1.740,-273.1,15.4,19.593,16.38,0
2026-09-18T13:40:24.941,109.987,193,1.746,-273.1,15.4,19.593,15.70,0
2026-09-18T13:40:25.041,110.088,193,1.751,-273.1,15.8,19.593,17.06,0
2026-09-18T13:40:25.140,110.186,193,1.744,-62.9,15.2,19.593,16.08,0
2026-09-18T13:40:25.242,110.288,193,1.744,-273.1,15.3,19.593,15.70,0
2026-09-18T13:40:25.340,110.386,193,1.748,-273.1,14.9,19.593,16.91,0
2026-09-18T13:40:25.441,110.488,193,1.750,-273.1,15.3,19.593,16.84,0
2026-09-18T13:40:25.542,110.588,193,1.748,-273.1,15.2,19.593,15.09,0
2026-09-18T13:40:25.643,110.689,193,1.748,-273.1,15.2,19.593,16.73,0
2026-09-18T13:40:25.742,110.788,193,1.752,-65.2,15.3,19.593,16.76,0
2026-09-18T13:40:25.842,110.888,193,1.749,-273.1,15.0,19.593,17.04,0
2026-09-18T13:40:25.942,110.989,193,1.754,-273.1,15.2,19.593,16.01,0
2026-09-18T13:40:26.043,111.089,193,1.754,-65.2,15.4,19.593,15.62,0
2026-09-18T13:40:26.144,111.190,193,1.759,-90.0,15.3,19.593,16.37,0
2026-09-18T13:40:26.245,111.291,193,1.755,-64.4,15.6,19.593,16.17,0
2026-09-18T13:40:26.344,111.390,193,1.756,-273.1,15.2,19.593,16.85,0
2026-09-18T13:40:26.444,111.491,193,1.756,-273.1,15.4,19.593,15.89,0
2026-09-18T13:40:26.545,111.591,193,1.747,-273.1,15.6,19.593,16.09,0
2026-09-18T13:40:26.645,111.691,193,1.752,-273.1,15.5,19.593,16.94,0
2026-09-18T13:40:26.746,111.793,193,1.751,-90.0,15.7,19.593,17.24,0
2026-09-18T13:40:26.846,111.893,193,1.751,-273.1,15.9,19.593,15.66,0
2026-09-18T13:40:26.947,111.993,193,1.756,-273.1,15.6,19.593,16.05,0
2026-09-18T13:40:27.047,112.093,193,1.751,-273.1,15.6,19.593,17.04,0
2026-09-18T13:40:27.147,112.194,193,1.758,-273.1,15.8,19.593,17.04,0
2026-09-18T13:40:27.248,112.294,193,1.758,-273.1,15.5,19.593,16.08,0
2026-09-18T13:40:27.348,112.395,193,1.756,-273.1,15.8,19.593,16.54,0
2026-09-18T13:40:27.449,112.495,193,1.753,-273.1,15.6,19.593,17.16,0
2026-09-18T13:40:27.548,112.595,193,1.753,-77.4,16.0,19.593,15.28,0
2026-09-18T13:40:27.649,112.695,193,1.756,-273.1,15.7,19.593,15.91,0
2026-09-18T13:40:27.750,112.796,193,1.753,-273.1,15.6,19.593,16.50,0
2026-09-18T13:40:27.849,112.895,193,1.754,-273.1,15.8,19.593,16.47,0
2026-09-18T13:40:27.950,112.996,193,1.754,-52.1,15.7,19.593,16.69,0
2026-09-18T13:40:28.051,113.097,193,1.751,-273.1,15.6,19.593,15.66,0
2026-09-18T13:40:28.150,113.197,193,1.754,-273.1,15.5,19.593,17.06,0
2026-09-18T13:40:28.250,113.296,193,1.755,-90.0,15.6,19.593,17.29,0
2026-09-18T13:40:28.351,113.397,193,1.755,-273.1,15.7,19.593,17.20,0
2026-09-18T13:40:28.450,113.497,193,1.753,-273.1,16.0,19.593,16.88,0
2026-09-18T13:40:28.550,113.596,193,1.748,-90.0,15.5,19.593,16.45,0
2026-09-18T13:40:28.651,113.697,193,1.755,-273.1,15.7,19.593,16.64,0
2026-09-18T13:40:28.750,113.797,193,1.755,-68.1,15.5,19.593,15.63,0
2026-09-18T13:40:28.849,113.895,193,1.753,-83.9,15.3,19.593,17.34,0
2026-09-18T13:40:28.950,113.996,193,1.751,-83.9,15.2,19.593,17.11,0
2026-09-18T13:40:29.050,114.096,193,1.754,-273.1,15.2,19.593,16.30,0
2026-09-18T13:40:29.150,114.197,193,1.754,-273.1,15.1,19.593,15.88,0
2026-09-18T13:40:29.250,114.296,193,1.748,-273.1,15.1,19.593,15.97,0
2026-09-18T13:40:29.350,114.397,193,1.753,-65.2,15.0,19.593,16.06,0
2026-09-18T13:40:29.450,114.497,193,1.755,-273.1,15.6,19.593,16.68,0
2026-09-18T13:40:29.551,114.597,193,1.755,-73.4,15.2,19.593,15.93,0
2026-09-18T13:40:29.651,114.697,193,1.750,-273.1,15.1,19.593,16.02,0
2026-09-18T13:40:29.750,114.796,193,1.753,-273.1,14.6,19.593,15.98,0
2026-09-18T13:40:29.851,114.898,193,1.753,-83.9,15.1,19.593,15.34,0
2026-09-18T13:40:29.950,114.997,193,1.751,-273.1,14.9,19.593,17.26,0
2026-09-18T13:40:30.050,115.097,193,1.753,-273.1,14.8,19.593,16.49,0
2026-09-18T13:40:30.151,115.197,193,1.753,-273.1,15.0,19.593,16.09,0
2026-09-18T13:40:30.252,115.298,193,1.753,-90.0,15.0,19.593,18.08,0
2026-09-18T13:40:30.353,115.399,193,1.758,-273.1,14.5,19.593,16.06,0
2026-09-18T13:40:30.455,115.501,193,1.750,-273.1,15.2,19.593,15.88,0
2026-09-18T13:40:30.554,115.600,193,1.751,-273.1,15.2,19.593,16.12,0
2026-09-18T13:40:30.653,115.700,193,1.751,-273.1,15.2,19.593,16.42,0
2026-09-18T13:40:30.754,115.800,193,1.753,-273.1,15.3,19.593,16.27,0
2026-09-18T13:40:30.855,115.901,193,1.758,-273.1,15.3,19.593,16.16,0
2026-09-18T13:40:30.955,116.001,193,1.752,-273.1,15.6,19.593,16.58,0
2026-09-18T13:40:31.055,116.102,193,1.752,-273.1,15.8,19.593,17.37,0
2026-09-18T13:40:31.156,116.202,193,1.755,-273.1,15.6,19.593,17.56,0
2026-09-18T13:40:31.256,116.303,193,1.755,-273.1,15.7,19.593,16.70,0
2026-09-18T13:40:31.357,116.403,193,1.754,-273.1,15.5,19.593,16.90,0
2026-09-18T13:40:31.458,116.504,193,1.754,-273.1,15.7,19.593,16.09,0
2026-09-18T13:40:31.558,116.604,193,1.752,-273.1,15.8,19.593,16.66,0
2026-09-18T13:40:31.658,116.704,193,1.758,-273.1,14.8,19.593,15.70,0
2026-09-18T13:40:31.758,116.804,193,1.752,-273.1,16.0,19.593,16.11,0
2026-09-18T13:40:31.860,116.907,193,1.752,-273.1,15.8,19.593,16.42,0
2026-09-18T13:40:31.958,117.004,193,1.754,-273.1,15.7,19.593,16.20,0
2026-09-18T13:40:32.058,117.105,193,1.750,-273.1,15.8,19.593,16.14,0
2026-09-18T13:40:32.159,117.205,193,1.754,-273.1,15.9,19.593,15.84,0
2026-09-18T13:40:32.259,117.306,193,1.754,-273.1,15.6,19.593,15.69,0
2026-09-18T13:40:32.360,117.406,193,1.754,-273.1,15.5,19.593,15.54,0
2026-09-18T13:40:32.460,117.507,193,1.755,-83.9,15.5,19.593,15.84,0
2026-09-18T13:40:32.561,117.607,193,1.755,-273.1,15.5,19.593,17.76,0
2026-09-18T13:40:32.662,117.708,193,1.755,-273.1,15.5,19.593,15.81,0
2026-09-18T13:40:32.762,117.808,193,1.753,-273.1,15.3,19.593,16.91,0
2026-09-18T13:40:32.865,117.911,193,1.752,-273.1,15.7,19.593,16.57,0
2026-09-18T13:40:32.963,118.009,193,1.752,-273.1,15.2,19.593,16.60,0
2026-09-18T13:40:33.063,118.110,193,1.758,-90.0,15.4,19.593,17.12,0
2026-09-18T13:40:33.163,118.210,193,1.761,-83.9,15.4,19.593,16.79,0
2026-09-18T13:40:33.264,118.310,193,1.763,-273.1,14.7,19.593,16.80,0
2026-09-18T13:40:33.364,118.410,193,1.763,-75.2,15.2,19.593,16.58,0
2026-09-18T13:40:33.463,118.509,193,1.771,-73.4,15.4,19.593,16.57,0
2026-09-18T13:40:33.564,118.610,193,1.773,-273.1,15.6,19.593,16.81,0
2026-09-18T13:40:33.664,118.711,193,1.772,-63.6,15.6,19.593,16.92,0
2026-09-18T13:40:33.764,118.810,193,1.772,-273.1,15.5,19.593,16.78,0
2026-09-18T13:40:33.864,118.910,193,1.770,-273.1,15.8,19.593,16.95,0
2026-09-18T13:40:33.964,119.011,193,1.774,-80.2,15.6,19.593,17.18,0
2026-09-18T13:40:34.065,119.112,193,1.768,-70.4,15.5,19.593,16.39,0
2026-09-18T13:40:34.165,119.211,193,1.768,-273.1,15.5,19.593,16.53,0
2026-09-18T13:40:34.265,119.311,193,1.775,-273.1,15.8,19.593,17.77,0
2026-09-18T13:40:34.365,119.411,193,1.771,-273.1,15.5,19.593,17.30,0
2026-09-18T13:40:34.465,119.512,193,1.770,-273.1,15.6,19.593,17.05,0
2026-09-18T13:40:34.566,119.612,193,1.770,-273.1,15.6,19.593,16.31,0
2026-09-18T13:40:34.665,119.712,193,1.770,-273.1,15.7,19.593,15.91,0
2026-09-18T13:40:34.766,119.813,193,1.770,-273.1,15.6,19.593,17.11,0
2026-09-18T13:40:34.866,119.912,193,1.770,-273.1,15.6,19.593,16.98,0
2026-09-18T13:40:34.965,120.011,193,1.770,-273.1,15.7,19.593,17.00,0
2026-09-18T13:40:35.068,120.114,193,1.768,-273.1,15.8,19.593,15.77,0
2026-09-18T13:40:35.165,120.211,193,1.772,-273.1,15.8,19.593,16.84,0
2026-09-18T13:40:35.265,120.311,193,1.772,-273.1,15.6,19.593,16.63,0
2026-09-18T13:40:35.365,120.411,193,1.773,-273.1,15.7,19.593,16.29,0
2026-09-18T13:40:35.465,120.512,193,1.773,-90.0,15.7,19.593,16.88,0
2026-09-18T13:40:35.566,120.612,193,1.769,-273.1,15.6,19.593,16.11,0
2026-09-18T13:40:35.666,120.712,193,1.769,-273.1,15.6,19.593,16.28,0
2026-09-18T13:40:35.767,120.813,193,1.768,-273.1,15.8,19.593,16.09,0
2026-09-18T13:40:35.867,120.913,193,1.770,-273.1,15.7,19.593,16.10,0
2026-09-18T13:40:35.967,121.014,193,1.770,-273.1,15.6,19.593,16.68,0
2026-09-18T13:40:36.067,121.113,192,1.770,-273.1,15.9,19.593,16.68,0
2026-09-18T13:40:36.169,121.215,192,1.768,-273.1,15.6,19.593,17.10,0
2026-09-18T13:40:36.267,121.313,191,1.770,-273.1,15.5,19.593,17.53,0
2026-09-18T13:40:36.368,121.414,190,1.771,-273.1,15.4,19.593,16.98,0
2026-09-18T13:40:36.467,121.513,190,1.771,-83.9,15.4,19.593,16.46,0
2026-09-18T13:40:36.568,121.614,189,1.772,-273.1,15.8,19.593,16.23,0
2026-09-18T13:40:36.669,121.715,189,1.769,-273.1,15.6,19.593,17.10,0
2026-09-18T13:40:36.769,121.815,188,1.774,-273.1,15.7,19.593,16.12,0
2026-09-18T13:40:36.869,121.915,188,1.774,-70.4,16.0,19.593,16.94,0
2026-09-18T13:40:36.969,122.015,187,1.759,-273.1,15.7,19.593,16.79,0
2026-09-18T13:40:37.071,122.118,187,1.759,-273.1,15.6,19.593,16.95,0
2026-09-18T13:40:37.170,122.216,187,1.758,-273.1,15.5,19.593,15.67,0
2026-09-18T13:40:37.270,122.316,187,1.758,-83.9,15.8,19.593,17.39,0
2026-09-18T13:40:37.371,122.417,186,1.764,-83.9,15.8,19.593,15.93,0
2026-09-18T13:40:37.470,122.516,186,1.758,-273.1,15.5,19.593,16.57,0
2026-09-18T13:40:37.570,122.616,185,1.759,-70.4,15.9,19.593,17.02,0
2026-09-18T13:40:37.671,122.717,185,1.759,-273.1,15.6,19.593,16.95,0
2026-09-18T13:40:37.770,122.816,184,1.760,-273.1,15.5,19.593,16.65,0
2026-09-18T13:40:37.871,122.917,184,1.758,-273.1,15.5,19.593,16.19,0
2026-09-18T13:40:37.970,123.017,183,1.758,-273.1,15.2,19.593,16.40,0
2026-09-18T13:40:38.071,123.118,183,1.754,-273.1,15.4,19.593,15.16,0
2026-09-18T13:40:38.172,123.218,182,1.750,-273.1,15.8,19.593,17.36,0
2026-09-18T13:40:38.272,123.318,182,1.747,-273.1,16.0,19.593,16.83,0
2026-09-18T13:40:38.373,123.419,181,1.747,-273.1,15.6,19.593,15.83,0
2026-09-18T13:40:38.473,123.520,181,1.749,-273.1,15.6,19.593,15.38,0
2026-09-18T13:40:38.574,123.620,181,1.745,-273.1,15.7,19.593,16.88,0
2026-09-18T13:40:38.675,123.721,181,1.741,-273.1,15.7,19.593,15.98,0
2026-09-18T13:40:38.775,123.821,181,1.741,-90.0,15.7,19.593,17.16,0
2026-09-18T13:40:38.875,123.921,181,1.744,-273.1,16.0,19.593,15.53,0
2026-09-18T13:40:38.975,124.021,181,1.746,-273.1,15.6,19.593,17.41,0
2026-09-18T13:40:39.075,124.122,181,1.740,-273.1,15.8,19.593,16.24,0
2026-09-18T13:40:39.176,124.223,181,1.740,-273.1,15.6,19.593,16.95,0
2026-09-18T13:40:39.277,124.324,181,1.741,-273.1,15.4,19.593,18.47,0
2026-09-18T13:40:39.378,124.424,181,1.745,-273.1,15.3,19.593,15.72,0
2026-09-18T13:40:39.477,124.523,181,1.742,-273.1,15.4,19.593,14.75,0
2026-09-18T13:40:39.577,124.624,181,1.742,-90.0,15.6,19.593,17.05,0
2026-09-18T13:40:39.678,124.724,181,1.742,-70.4,15.3,19.593,17.41,0
2026-09-18T13:40:39.779,124.825,181,1.743,-273.1,15.3,19.593,15.66,0
2026-09-18T13:40:39.879,124.926,181,1.740,-83.9,15.5,19.593,15.51,0
2026-09-18T13:40:39.980,125.026,181,1.740,-273.1,15.1,19.593,16.74,0
2026-09-18T13:40:40.081,125.127,181,1.742,-273.1,14.9,19.593,15.62,0
2026-09-18T13:40:40.182,125.228,181,1.747,-68.1,15.0,19.593,17.18,0
2026-09-18T13:40:40.282,125.328,181,1.747,-273.1,14.6,19.593,16.82,0
2026-09-18T13:40:40.384,125.431,181,1.747,-273.1,14.4,19.593,18.15,0
2026-09-18T13:40:40.483,125.530,181,1.740,-273.1,14.4,19.593,15.51,0
2026-09-18T13:40:40.585,125.631,181,1.741,-273.1,14.2,19.593,15.46,0
2026-09-18T13:40:40.684,125.730,181,1.740,-273.1,14.4,19.593,15.71,0
2026-09-18T13:40:40.783,125.829,181,1.740,-67.0,14.8,19.593,16.05,0
2026-09-18T13:40:40.884,125.930,181,1.747,-273.1,14.6,19.593,16.62,0
2026-09-18T13:40:40.983,126.029,181,1.736,-273.1,15.1,19.593,16.90,0
2026-09-18T13:40:41.083,126.130,181,1.736,-273.1,15.0,19.593,16.36,0
2026-09-18T13:40:41.184,126.231,181,1.739,-70.4,14.9,19.593,16.32,0
2026-09-18T13:40:41.284,126.330,181,1.736,-273.1,14.8,19.593,16.57,0
2026-09-18T13:40:41.383,126.429,181,1.743,-273.1,15.2,19.593,17.38,0
2026-09-18T13:40:41.484,126.530,181,1.743,-273.1,15.0,19.593,16.55,0
2026-09-18T13:40:41.583,126.629,181,1.740,-273.1,15.2,19.593,15.92,0
2026-09-18T13:40:41.683,126.730,181,1.740,-273.1,15.4,19.593,16.57,0
2026-09-18T13:40:41.783,126.830,181,1.743,-273.1,15.3,19.593,16.81,0
2026-09-18T13:40:41.884,126.930,181,1.743,-273.1,15.2,19.593,16.32,0
2026-09-18T13:40:41.985,127.031,181,1.738,-273.1,15.6,19.593,15.91,0
2026-09-18T13:40:42.086,127.132,181,1.741,-273.1,15.1,19.593,16.62,0
2026-09-18T13:40:42.186,127.232,181,1.739,-273.1,14.8,19.593,15.14,0
2026-09-18T13:40:42.286,127.333,181,1.739,-273.1,14.7,19.593,16.61,0
2026-09-18T13:40:42.387,127.433,181,1.737,-273.1,14.8,19.593,16.72,0
2026-09-18T13:40:42.486,127.532,181,1.737,-273.1,15.2,19.593,17.18,0
2026-09-18T13:40:42.586,127.633,181,1.736,-273.1,15.0,19.593,17.72,0
2026-09-18T13:40:42.687,127.733,181,1.736,-273.1,14.9,19.593,16.89,0
2026-09-18T13:40:42.786,127.833,181,1.737,-273.1,15.4,19.593,16.79,0
2026-09-18T13:40:42.886,127.932,181,1.734,-273.1,15.3,19.593,17.66,0
2026-09-18T13:40:42.986,128.032,181,1.734,-273.1,15.7,19.593,16.25,0
2026-09-18T13:40:43.086,128.133,181,1.734,-273.1,15.3,19.593,16.50,0
2026-09-18T13:40:43.187,128.233,181,1.735,-273.1,15.4,19.593,16.70,0
2026-09-18T13:40:43.286,128.332,181,1.736,-273.1,15.6,19.593,16.16,0
2026-09-18T13:40:43.386,128.432,181,1.736,-273.1,15.6,19.593,17.10,0
2026-09-18T13:40:43.487,128.533,181,1.729,-273.1,15.5,19.593,15.92,0
2026-09-18T13:40:43.586,128.632,181,1.732,-273.1,15.5,19.593,16.63,0
2026-09-18T13:40:43.687,128.733,181,1.731,-80.2,15.7,19.593,14.92,0
2026-09-18T13:40:43.786,128.832,181,1.731,-83.9,16.0,19.593,16.91,0
2026-09-18T13:40:43.886,128.932,181,1.731,-90.0,15.7,19.593,16.56,0
2026-09-18T13:40:43.986,129.033,181,1.729,-273.1,15.8,19.593,15.48,0
2026-09-18T13:40:44.087,129.134,181,1.734,-273.1,15.8,19.593,16.73,0
2026-09-18T13:40:44.188,129.235,181,1.734,-273.1,15.6,19.593,18.70,0
2026-09-18T13:40:44.289,129.336,181,1.731,-273.1,15.3,19.593,15.20,0
2026-09-18T13:40:44.390,129.437,181,1.730,-273.1,15.5,19.593,16.71,0
2026-09-18T13:40:44.490,129.536,181,1.735,-273.1,15.3,19.593,16.65,0
2026-09-18T13:40:44.590,129.636,181,1.735,-273.1,15.3,19.593,15.85,0
2026-09-18T13:40:44.691,129.737,181,1.729,-273.1,15.3,19.593,16.18,0
2026-09-18T13:40:44.790,129.837,181,1.730,-67.0,15.4,19.593,15.27,0
2026-09-18T13:40:44.890,129.937,182,1.732,-273.1,15.5,19.593,16.89,0
2026-09-18T13:40:44.991,130.037,182,1.732,-273.1,15.3,19.593,15.71,0
2026-09-18T13:40:45.091,130.138,182,1.733,-273.1,15.4,19.593,16.27,0
2026-09-18T13:40:45.192,130.238,182,1.731,-273.1,15.3,19.593,15.38,0
2026-09-18T13:40:45.292,130.339,183,1.727,-273.1,15.3,19.593,15.31,0
2026-09-18T13:40:45.393,130.439,183,1.727,-273.1,15.0,19.593,17.07,0
2026-09-18T13:40:45.494,130.540,183,1.729,-66.1,15.1,19.593,15.01,0
2026-09-18T13:40:45.593,130.639,183,1.730,-273.1,15.2,19.593,16.36,0
2026-09-18T13:40:45.693,130.739,183,1.725,-273.1,15.2,19.593,18.10,0
2026-09-18T13:40:45.793,130.839,183,1.725,-273.1,15.2,19.593,16.77,0
2026-09-18T13:40:45.893,130.940,183,1.726,-273.1,15.4,19.593,14.98,0
2026-09-18T13:40:45.993,131.040,184,1.731,-273.1,15.3,19.593,17.15,0
2026-09-18T13:40:46.094,131.140,184,1.731,-273.1,15.3,19.593,15.59,0
2026-09-18T13:40:46.193,131.239,184,1.743,-273.1,15.4,19.593,16.46,0
2026-09-18T13:40:46.294,131.340,184,1.743,-273.1,15.3,19.593,16.10,0
2026-09-18T13:40:46.393,131.439,184,1.738,-273.1,15.5,19.593,16.06,0
2026-09-18T13:40:46.493,131.540,184,1.738,-273.1,15.6,19.593,15.96,0
2026-09-18T13:40:46.593,131.639,184,1.737,-273.1,15.7,19.593,16.88,0
2026-09-18T13:40:46.693,131.739,184,1.737,-273.1,16.0,19.593,16.35,0
2026-09-18T13:40:46.793,131.840,184,1.740,-273.1,15.6,19.593,16.43,0
2026-09-18T13:40:46.894,131.940,184,1.740,-273.1,15.5,19.593,16.46,0
2026-09-18T13:40:46.994,132.040,184,1.738,-273.1,15.6,19.593,16.77,0
2026-09-18T13:40:47.094,132.141,184,1.737,-273.1,15.7,19.593,16.50,0
2026-09-18T13:40:47.194,132.240,184,1.738,-273.1,15.7,19.593,16.95,0
2026-09-18T13:40:47.295,132.341,184,1.738,-273.1,15.5,19.593,15.88,0
2026-09-18T13:40:47.395,132.441,184,1.737,-273.1,15.7,19.593,16.40,0
2026-09-18T13:40:47.494,132.540,184,1.738,-273.1,15.9,19.593,15.64,0
2026-09-18T13:40:47.597,132.643,184,1.743,-273.1,15.6,19.593,16.76,0
2026-09-18T13:40:47.696,132.743,184,1.743,-273.1,15.8,19.593,16.74,0
2026-09-18T13:40:47.797,132.844,184,1.738,-273.1,15.8,19.593,16.33,0
2026-09-18T13:40:47.896,132.942,184,1.739,-273.1,15.6,19.593,16.40,0
2026-09-18T13:40:47.996,133.042,184,1.739,-273.1,15.6,19.593,16.87,0
2026-09-18T13:40:48.097,133.144,184,1.739,-273.1,15.7,19.593,16.94,0
2026-09-18T13:40:48.197,133.243,184,1.736,-273.1,15.7,19.593,16.31,0
2026-09-18T13:40:48.298,133.344,184,1.737,-273.1,15.6,19.593,15.92,0
2026-09-18T13:40:48.399,133.445,184,1.737,-273.1,15.5,19.593,16.84,0
2026-09-18T13:40:48.499,133.545,184,1.733,-90.0,15.6,19.593,16.97,0
2026-09-18T13:40:48.599,133.645,184,1.736,-73.4,15.5,19.593,16.80,0
2026-09-18T13:40:48.700,133.746,184,1.738,-273.1,15.5,19.593,16.09,0
2026-09-18T13:40:48.802,133.849,184,1.738,-273.1,15.2,19.593,16.36,0
2026-09-18T13:40:48.900,133.946,184,1.740,-273.1,15.4,19.593,16.21,0
2026-09-18T13:40:49.000,134.047,184,1.740,-273.1,15.6,19.593,15.81,0
2026-09-18T13:40:49.100,134.147,184,1.740,-273.1,15.4,19.593,15.77,0
2026-09-18T13:40:49.201,134.248,184,1.740,-273.1,15.3,19.593,16.35,0
2026-09-18T13:40:49.301,134.348,184,1.740,-273.1,15.4,19.593,17.10,0
2026-09-18T13:40:49.402,134.449,184,1.737,-65.2,15.2,19.593,15.69,0
2026-09-18T13:40:49.503,134.549,184,1.740,-273.1,15.0,19.593,15.62,0
2026-09-18T13:40:49.606,134.652,184,1.740,-273.1,15.0,19.593,16.51,0
2026-09-18T13:40:49.704,134.750,184,1.740,-273.1,14.7,19.593,15.55,0
2026-09-18T13:40:49.805,134.851,184,1.743,-273.1,14.4,19.593,16.17,0
2026-09-18T13:40:49.905,134.952,184,1.734,-273.1,14.2,19.593,16.62,0
2026-09-18T13:40:50.006,135.053,184,1.734,-273.1,14.4,19.593,17.41,0
2026-09-18T13:40:50.107,135.153,184,1.736,-273.1,14.1,19.593,16.74,0
2026-09-18T13:40:50.209,135.255,184,1.737,-273.1,14.1,19.593,15.08,0
2026-09-18T13:40:50.307,135.353,184,1.735,-273.1,14.2,19.593,16.01,0
2026-09-18T13:40:50.407,135.453,184,1.735,-273.1,13.9,19.593,16.99,0
2026-09-18T13:40:50.508,135.555,184,1.733,-273.1,13.9,19.593,14.75,0
2026-09-18T13:40:50.608,135.654,184,1.739,-273.1,14.2,19.593,15.16,0
2026-09-18T13:40:50.709,135.756,184,1.740,-273.1,14.1,19.593,16.74,0
2026-09-18T13:40:50.809,135.855,184,1.740,-55.2,14.0,19.593,15.81,0
2026-09-18T13:40:50.909,135.955,184,1.740,-273.1,14.0,19.593,16.72,0
2026-09-18T13:40:51.008,136.055,184,1.734,-273.1,14.2,19.593,16.58,0
2026-09-18T13:40:51.109,136.155,184,1.737,-273.1,14.2,19.593,16.03,0
2026-09-18T13:40:51.209,136.255,184,1.737,-77.4,14.5,19.593,16.26,0
2026-09-18T13:40:51.309,136.355,184,1.733,-273.1,14.1,19.593,16.83,0
2026-09-18T13:40:51.409,136.455,185,1.735,-273.1,14.4,19.593,15.89,0
2026-09-18T13:40:51.509,136.556,185,1.735,-273.1,14.2,19.593,17.17,0
2026-09-18T13:40:51.610,136.656,185,1.733,-273.1,14.2,19.593,16.93,0
2026-09-18T13:40:51.710,136.757,185,1.735,-273.1,13.9,19.593,16.22,0
2026-09-18T13:40:51.810,136.857,185,1.735,-273.1,14.1,19.593,16.39,0
2026-09-18T13:40:51.910,136.957,186,1.735,-273.1,14.3,19.593,15.79,0
2026-09-18T13:40:52.010,137.056,186,1.735,-273.1,14.7,19.593,16.67,0
2026-09-18T13:40:52.111,137.157,186,1.735,-273.1,14.3,19.593,15.82,0
2026-09-18T13:40:52.210,137.256,186,1.736,-273.1,14.6,19.593,18.08,0
2026-09-18T13:40:52.310,137.356,186,1.736,-273.1,14.8,19.593,16.01,0
2026-09-18T13:40:52.411,137.457,186,1.735,-273.1,14.7,19.593,15.92,0
2026-09-18T13:40:52.510,137.557,186,1.738,-273.1,14.8,19.593,15.85,0
2026-09-18T13:40:52.610,137.656,186,1.735,-90.0,15.3,19.593,15.80,0
2026-09-18T13:40:52.711,137.757,186,1.735,-273.1,15.0,19.593,16.40,0
2026-09-18T13:40:52.811,137.857,187,1.734,-273.1,15.1,19.593,16.40,0
2026-09-18T13:40:52.911,137.958,187,1.732,-273.1,15.2,19.593,15.76,0
2026-09-18T13:40:53.010,138.056,187,1.734,-273.1,15.4,19.593,15.65,0
2026-09-18T13:40:53.111,138.157,187,1.734,-273.1,15.5,19.593,16.50,0
2026-09-18T13:40:53.210,138.257,187,1.741,-273.1,15.5,19.593,15.99,0
2026-09-18T13:40:53.310,138.356,187,1.735,-273.1,15.4,19.593,16.94,0
2026-09-18T13:40:53.410,138.456,187,1.734,-273.1,15.6,19.593,16.03,0
2026-09-18T13:40:53.510,138.556,187,1.734,-67.0,15.4,19.593,16.60,0
2026-09-18T13:40:53.609,138.655,187,1.740,-73.4,15.6,19.593,15.62,0
2026-09-18T13:40:53.710,138.756,188,1.740,-273.1,15.8,19.593,15.90,0
2026-09-18T13:40:53.811,138.857,188,1.740,-273.1,15.7,19.593,16.58,0
2026-09-18T13:40:53.911,138.957,188,1.734,-273.1,15.4,19.593,16.61,0
2026-09-18T13:40:54.011,139.057,188,1.735,-273.1,15.5,19.593,17.12,0
2026-09-18T13:40:54.113,139.159,189,1.736,-83.9,15.7,19.593,15.38,0
2026-09-18T13:40:54.211,139.258,189,1.736,-80.2,15.6,19.593,16.78,0
2026-09-18T13:40:54.312,139.358,189,1.738,-273.1,15.6,19.593,16.72,0
2026-09-18T13:40:54.412,139.458,190,1.741,-273.1,15.5,19.593,15.64,0
2026-09-18T13:40:54.512,139.558,191,1.742,-273.1,15.7,19.593,16.52,0
2026-09-18T13:40:54.612,139.659,191,1.742,-273.1,15.4,19.593,16.53,0
2026-09-18T13:40:54.713,139.759,191,1.745,-273.1,14.0,19.593,16.12,0
2026-09-18T13:40:54.812,139.859,191,1.745,-273.1,15.5,19.593,17.13,0
2026-09-18T13:40:54.913,139.960,191,1.745,-273.1,15.3,19.593,15.66,0
2026-09-18T13:40:55.013,140.060,192,1.745,-273.1,15.5,19.593,15.98,0
2026-09-18T13:40:55.113,140.159,192,1.740,-273.1,15.6,19.593,16.06,0
2026-09-18T13:40:55.213,140.260,192,1.743,-273.1,15.6,19.593,17.10,0
2026-09-18T13:40:55.313,140.359,192,1.742,-273.1,15.6,19.593,15.84,0
2026-09-18T13:40:55.414,140.461,192,1.742,-273.1,15.8,19.593,16.61,0
2026-09-18T13:40:55.514,140.560,192,1.740,-273.1,15.8,19.593,16.63,0
2026-09-18T13:40:55.613,140.660,192,1.743,-90.0,15.8,19.593,17.54,0
2026-09-18T13:40:55.714,140.760,192,1.744,-273.1,15.7,19.593,16.06,0
2026-09-18T13:40:55.814,140.861,192,1.744,-273.1,15.4,19.593,16.39,0
2026-09-18T13:40:55.915,140.962,192,1.742,-90.0,15.7,19.593,15.03,0
2026-09-18T13:40:56.015,141.061,192,1.745,-273.1,15.7,19.593,17.36,0
2026-09-18T13:40:56.114,141.160,192,1.745,-90.0,15.8,19.593,15.62,0
2026-09-18T13:40:56.215,141.261,192,1.749,-273.1,15.6,19.593,15.51,0
2026-09-18T13:40:56.315,141.361,192,1.739,-273.1,15.6,19.593,16.76,0
2026-09-18T13:40:56.415,141.461,192,1.741,-273.1,15.7,19.593,16.37,0
2026-09-18T13:40:56.516,141.562,192,1.741,-273.1,15.8,19.593,16.44,0
2026-09-18T13:40:56.617,141.663,192,1.744,-273.1,15.6,19.593,16.76,0
2026-09-18T13:40:56.716,141.762,192,1.743,-273.1,15.7,19.593,17.26,0
2026-09-18T13:40:56.817,141.863,192,1.743,-273.1,15.5,19.593,16.33,0
2026-09-18T13:40:56.917,141.963,192,1.743,-273.1,15.6,19.593,16.39,0
2026-09-18T13:40:57.017,142.063,192,1.753,-90.0,15.5,19.593,16.21,0
2026-09-18T13:40:57.117,142.163,192,1.745,-273.1,15.7,19.593,16.94,0
2026-09-18T13:40:57.219,142.266,192,1.746,-273.1,15.5,19.593,16.79,0
2026-09-18T13:40:57.317,142.364,192,1.746,-67.0,15.8,19.593,17.10,0
2026-09-18T13:40:57.418,142.464,192,1.747,-273.1,15.6,19.593,15.87,0
2026-09-18T13:40:57.517,142.563,192,1.747,-273.1,15.6,19.593,16.32,0
2026-09-18T13:40:57.618,142.665,192,1.741,-273.1,15.8,19.593,16.19,0
2026-09-18T13:40:57.718,142.764,192,1.741,-273.1,15.6,19.593,17.02,0
2026-09-18T13:40:57.818,142.864,192,1.742,-273.1,15.7,19.593,18.24,0
2026-09-18T13:40:57.918,142.964,192,1.745,-273.1,15.3,19.593,17.40,0
2026-09-18T13:40:58.018,143.064,192,1.745,-273.1,15.6,19.593,16.04,0
2026-09-18T13:40:58.119,143.165,192,1.745,-273.1,15.7,19.593,17.22,0
2026-09-18T13:40:58.219,143.266,192,1.748,-273.1,15.8,19.593,16.04,0
2026-09-18T13:40:58.320,143.366,192,1.748,-273.1,15.7,19.593,16.11,0
2026-09-18T13:40:58.420,143.466,192,1.747,-273.1,16.0,19.593,16.31,0
2026-09-18T13:40:58.521,143.567,192,1.747,-273.1,15.6,19.593,16.92,0
2026-09-18T13:40:58.620,143.666,192,1.748,-273.1,15.8,19.593,16.13,0
2026-09-18T13:40:58.721,143.767,192,1.745,-273.1,15.8,19.593,17.00,0
2026-09-18T13:40:58.821,143.868,192,1.745,-273.1,15.7,19.593,16.41,0
2026-09-18T13:40:58.922,143.968,0,1.748,-273.1,15.1,19.593,20.02,0
2026-09-18T13:40:59.022,144.068,0,1.090,-273.1,16.0,19.593,11.14,0
2026-09-18T13:40:59.122,144.168,0,0.307,-273.1,16.5,19.593,5.46,0
2026-09-18T13:40:59.223,144.269,0,0.307,-83.9,16.8,19.593,2.36,0
2026-09-18T13:40:59.323,144.370,0,0.205,-273.1,16.9,19.593,1.06,0
2026-09-18T13:40:59.423,144.470,0,0.614,-273.1,16.7,19.593,0.75,0
2026-09-18T13:40:59.523,144.570,0,0.461,-273.1,16.9,19.593,0.17,0
2026-09-18T13:40:59.624,144.670,0,0.461,-273.1,17.1,19.593,0.32,0
2026-09-18T13:40:59.725,144.772,0,0.563,-273.1,16.9,19.593,0.34,0
2026-09-18T13:40:59.823,144.869,0,0.410,-273.1,17.1,19.593,0.45,0
2026-09-18T13:40:59.923,144.970,0,0.563,-273.1,17.1,19.593,0.35,0
2026-09-18T13:41:00.024,145.070,0,0.563,-273.1,16.9,19.593,0.29,0
2026-09-18T13:41:00.125,145.171,0,0.614,-273.1,17.1,19.593,0.32,0
2026-09-18T13:41:00.225,145.271,0,0.512,-273.1,17.0,19.593,0.42,0
2026-09-18T13:41:00.326,145.372,0,0.819,-90.0,17.2,19.593,0.24,0
2026-09-18T13:41:00.426,145.472,0,0.819,-273.1,16.9,19.593,0.06,0
2026-09-18T13:41:00.528,145.575,0,0.512,-90.0,17.0,19.593,0.17,0
2026-09-18T13:41:00.628,145.674,0,0.666,-273.1,16.8,19.593,0.16,0
2026-09-18T13:41:00.727,145.774,0,0.717,-273.1,17.0,19.593,0.16,0
2026-09-18T13:41:00.827,145.873,0,0.717,-273.1,17.3,19.593,0.21,0
2026-09-18T13:41:00.926,145.973,0,0.512,-273.1,17.0,19.593,0.30,0
2026-09-18T13:41:01.027,146.073,0,0.563,-273.1,17.0,19.593,0.15,0
2026-09-18T13:41:01.127,146.173,0,0.922,-90.0,17.1,19.593,0.12,0
2026-09-18T13:41:01.227,146.274,0,0.922,-273.1,16.9,19.593,0.18,0
2026-09-18T13:41:01.328,146.374,0,0.614,-273.1,16.8,19.593,0.21,0
2026-09-18T13:41:01.427,146.474,0,0.563,-273.1,17.1,19.593,0.08,0
