timestamp,elapsed_s,pwm,current_A,t1_casing_C,t2_magnet_C,force_N,flux_mT,fault
2026-09-18T12:55:16.506,235.399,0,1.075,-273.1,16.5,19.593,-0.07,0
2026-09-18T12:55:16.608,235.501,0,0.717,-273.1,16.3,19.593,0.00,0
2026-09-18T12:55:16.706,235.599,0,0.768,-273.1,16.4,19.593,0.01,0
2026-09-18T12:55:16.806,235.699,0,0.768,-67.0,16.3,19.593,0.08,0
2026-09-18T12:55:16.906,235.799,0,0.819,-273.1,16.3,19.593,0.28,0
2026-09-18T12:55:17.006,235.899,0,0.666,-273.1,16.4,19.593,-0.04,0
2026-09-18T12:55:17.107,236.000,0,0.666,-273.1,16.5,19.593,-0.04,0
2026-09-18T12:55:17.210,236.102,0,0.666,-273.1,16.3,19.593,-0.05,0
2026-09-18T12:55:17.307,236.200,0,0.973,-66.1,16.6,19.593,-0.13,0
2026-09-18T12:55:17.406,236.299,0,0.922,-273.1,16.6,19.593,-0.31,0
2026-09-18T12:55:17.506,236.399,0,0.922,-65.2,16.6,19.593,-0.21,0
2026-09-18T12:55:17.607,236.500,0,0.922,-273.1,16.5,19.593,0.02,0
2026-09-18T12:55:17.707,236.599,0,0.666,-273.1,16.7,19.593,-0.04,0
2026-09-18T12:55:17.806,236.699,0,0.461,-273.1,16.9,19.593,-0.32,0
2026-09-18T12:55:17.907,0.075,0,0.461,-273.1,16.7,19.593,-0.20,0
2026-09-18T12:55:18.007,0.176,0,0.870,-273.1,16.8,19.593,-0.13,0
2026-09-18T12:55:18.108,0.277,0,0.870,-273.1,16.6,19.593,-0.17,0
2026-09-18T12:55:18.210,0.379,0,0.614,-273.1,16.9,19.593,-0.12,0
2026-09-18T12:55:18.308,0.476,0,0.614,-273.1,16.7,19.593,-0.05,0
2026-09-18T12:55:18.408,0.577,0,1.024,-273.1,16.8,19.593,-0.13,0
2026-09-18T12:55:18.509,0.678,0,0.563,-273.1,16.6,19.593,-0.31,0
2026-09-18T12:55:18.608,0.777,0,0.870,-90.0,17.2,19.593,-0.08,0
2026-09-18T12:55:18.709,0.877,0,0.870,-90.0,16.9,19.593,-0.16,0
2026-09-18T12:55:18.810,0.978,0,0.870,-273.1,16.7,19.593,-0.02,0
2026-09-18T12:55:18.910,1.079,0,0.768,-273.1,16.6,19.593,-0.19,0
2026-09-18T12:55:19.010,1.179,0,0.819,-273.1,16.6,19.593,-0.18,0
2026-09-18T12:55:19.111,1.279,0,0.819,-273.1,16.6,19.593,-0.31,0
2026-09-18T12:55:19.212,1.381,0,0.717,-273.1,16.6,19.593,-0.15,0
2026-09-18T12:55:19.312,1.480,0,0.819,-273.1,16.5,19.593,-0.32,0
2026-09-18T12:55:19.412,1.581,0,0.922,-273.1,16.4,19.593,-0.30,0
2026-09-18T12:55:19.512,1.681,0,0.922,-273.1,16.5,19.593,-0.16,0
2026-09-18T12:55:19.612,1.781,10,0.512,-273.1,16.6,19.593,-0.20,0
2026-09-18T12:55:19.713,1.882,10,0.155,-273.1,16.6,19.593,-0.05,0
2026-09-18T12:55:19.817,1.985,20,0.017,-65.2,16.6,19.593,0.17,0
2026-09-18T12:55:19.913,2.081,20,0.017,-90.0,16.6,19.593,0.58,0
2026-09-18T12:55:20.014,2.182,30,0.126,-273.1,16.6,19.593,1.08,0
2026-09-18T12:55:20.114,2.283,30,0.260,-273.1,16.3,19.593,2.12,0
2026-09-18T12:55:20.214,2.383,40,0.260,-273.1,16.3,19.593,2.91,0
2026-09-18T12:55:20.315,2.484,40,0.344,-273.1,16.2,19.593,3.62,0
2026-09-18T12:55:20.415,2.584,50,0.452,-273.1,15.6,19.593,4.54,0
2026-09-18T12:55:20.516,2.685,50,0.592,-47.5,16.2,19.593,5.08,0
2026-09-18T12:55:20.615,2.784,60,0.592,-273.1,16.0,19.593,5.80,0
2026-09-18T12:55:20.716,2.885,60,0.677,-273.1,15.9,19.593,6.28,0
2026-09-18T12:55:20.817,2.986,70,0.729,-80.2,16.2,19.593,7.49,0
2026-09-18T12:55:20.917,3.086,70,0.822,-273.1,15.9,19.593,7.46,0
2026-09-18T12:55:21.018,3.186,80,0.822,-273.1,15.8,19.593,8.18,0
2026-09-18T12:55:21.117,3.286,80,0.858,-67.0,15.9,19.593,8.28,0
2026-09-18T12:55:21.217,3.385,90,0.908,-273.1,15.8,19.593,9.22,0
2026-09-18T12:55:21.318,3.486,90,0.970,-273.1,15.8,19.593,9.54,0
2026-09-18T12:55:21.418,3.586,100,0.970,-273.1,15.6,19.593,9.67,0
2026-09-18T12:55:21.518,3.687,100,1.005,-273.1,15.7,19.593,10.02,0
2026-09-18T12:55:21.619,3.788,110,1.035,-90.0,15.5,19.593,9.79,0
2026-09-18T12:55:21.719,3.887,120,1.063,-273.1,15.6,19.593,9.15,0
2026-09-18T12:55:21.819,3.987,120,1.063,-273.1,15.3,19.593,10.15,0
2026-09-18T12:55:21.919,4.088,130,1.091,-273.1,15.6,19.593,9.39,0
2026-09-18T12:55:22.019,4.188,130,1.105,-273.1,15.5,19.593,9.99,0
2026-09-18T12:55:22.120,4.288,140,1.122,-273.1,15.6,19.593,10.06,0
2026-09-18T12:55:22.219,4.388,140,1.122,-273.1,16.0,19.593,10.75,0
2026-09-18T12:55:22.319,4.487,150,1.133,-273.1,15.9,19.593,10.88,0
2026-09-18T12:55:22.419,4.588,150,1.148,-273.1,15.7,19.593,10.29,0
2026-09-18T12:55:22.520,4.689,160,1.148,-273.1,15.7,19.593,10.71,0
2026-09-18T12:55:22.620,4.789,170,1.159,-273.1,15.8,19.593,11.48,0
2026-09-18T12:55:22.721,4.889,170,1.170,-273.1,15.8,19.593,11.05,0
2026-09-18T12:55:22.824,4.993,180,1.181,-273.1,16.2,19.593,11.29,0
2026-09-18T12:55:22.921,5.089,180,1.181,-273.1,16.0,19.593,10.67,0
2026-09-18T12:55:23.020,5.188,190,1.193,-273.1,15.9,19.593,10.70,0
2026-09-18T12:55:23.120,5.289,190,1.200,-90.0,16.0,19.593,11.45,0
2026-09-18T12:55:23.219,5.388,200,1.211,-273.1,15.9,19.593,11.48,0
2026-09-18T12:55:23.320,5.489,200,1.211,-273.1,16.0,19.593,10.33,0
2026-09-18T12:55:23.420,5.588,210,1.221,-273.1,16.2,19.593,10.17,0
2026-09-18T12:55:23.520,5.688,210,1.232,-273.1,16.1,19.593,10.93,0
2026-09-18T12:55:23.621,5.790,220,1.241,-273.1,16.0,19.593,10.70,0
2026-09-18T12:55:23.722,5.890,220,1.241,-273.1,16.1,19.593,11.33,0
2026-09-18T12:55:23.821,5.990,230,1.255,-273.1,16.1,19.593,11.12,0
2026-09-18T12:55:23.921,6.090,240,1.262,-273.1,16.0,19.593,11.46,0
2026-09-18T12:55:24.022,6.191,240,1.275,-90.0,16.0,19.593,12.08,0
2026-09-18T12:55:24.122,6.291,250,1.275,-73.4,16.0,19.593,11.81,0
2026-09-18T12:55:24.223,6.392,250,1.280,-83.9,16.0,19.593,11.72,0
2026-09-18T12:55:24.324,6.492,255,1.295,-273.1,16.1,19.593,11.85,0
2026-09-18T12:55:24.423,6.592,255,1.312,-273.1,15.9,19.593,11.90,0
2026-09-18T12:55:24.523,6.692,255,1.312,-273.1,15.9,19.593,12.05,0
2026-09-18T12:55:24.624,6.793,255,1.317,-273.1,16.2,19.593,11.75,0
2026-09-18T12:55:24.724,6.893,255,1.321,-83.9,16.2,19.593,12.00,0
2026-09-18T12:55:24.824,6.992,255,1.321,-273.1,16.2,19.593,12.02,0
2026-09-18T12:55:24.925,7.093,255,1.324,-273.1,15.9,19.593,12.12,0
2026-09-18T12:55:25.024,7.193,255,1.327,-273.1,16.1,19.593,11.81,0
2026-09-18T12:55:25.124,7.293,255,1.330,-273.1,16.1,19.593,12.14,0
2026-09-18T12:55:25.225,7.394,255,1.330,-273.1,16.1,19.593,12.01,0
2026-09-18T12:55:25.324,7.493,255,1.333,-80.2,16.1,19.593,12.23,0
2026-09-18T12:55:25.425,7.594,255,1.336,-273.1,16.2,19.593,12.13,0
2026-09-18T12:55:25.526,7.694,255,1.338,-273.1,16.0,19.593,12.04,0
2026-09-18T12:55:25.625,7.794,255,1.338,-273.1,16.0,19.593,12.08,0
2026-09-18T12:55:25.726,7.894,255,1.341,-273.1,16.1,19.593,11.83,0
2026-09-18T12:55:25.825,7.993,255,1.343,-273.1,16.2,19.593,12.16,0
2026-09-18T12:55:25.926,8.095,255,1.345,-273.1,16.0,19.593,12.31,0
2026-09-18T12:55:26.025,8.194,255,1.345,-273.1,16.3,19.593,12.14,0
2026-09-18T12:55:26.126,8.295,255,1.347,-273.1,16.0,19.593,11.96,0
2026-09-18T12:55:26.226,8.395,255,1.350,-273.1,16.1,19.593,12.24,0
2026-09-18T12:55:26.327,8.495,255,1.352,-273.1,16.1,19.593,12.36,0
2026-09-18T12:55:26.427,8.596,255,1.352,-273.1,16.0,19.593,11.99,0
2026-09-18T12:55:26.528,8.697,255,1.354,-273.1,16.0,19.593,12.15,0
2026-09-18T12:55:26.628,8.797,255,1.356,-273.1,15.9,19.593,12.53,0
2026-09-18T12:55:26.728,8.896,255,1.358,-77.4,16.1,19.593,12.11,0
2026-09-18T12:55:26.828,8.997,255,1.358,-273.1,16.0,19.593,12.29,0
2026-09-18T12:55:26.929,9.097,255,1.360,-273.1,16.0,19.593,12.31,0
2026-09-18T12:55:27.029,9.198,255,1.362,-90.0,15.8,19.593,12.08,0
2026-09-18T12:55:27.130,9.299,255,1.363,-273.1,16.0,19.593,12.33,0
2026-09-18T12:55:27.231,9.399,255,1.363,-273.1,16.0,19.593,12.34,0
2026-09-18T12:55:27.331,9.500,255,1.365,-273.1,16.0,19.593,12.41,0
2026-09-18T12:55:27.430,9.598,255,1.367,-77.4,16.3,19.593,12.37,0
2026-09-18T12:55:27.530,9.698,255,1.367,-273.1,16.1,19.593,12.44,0
2026-09-18T12:55:27.630,9.798,255,1.368,-273.1,16.1,19.593,12.55,0
2026-09-18T12:55:27.731,9.899,255,1.370,-273.1,16.1,19.593,12.49,0
2026-09-18T12:55:27.830,9.999,255,1.371,-273.1,16.2,19.593,12.20,0
2026-09-18T12:55:27.931,10.099,255,1.371,-273.1,16.1,19.593,12.44,0
2026-09-18T12:55:28.030,10.199,255,1.373,-66.1,16.2,19.593,12.32,0
2026-09-18T12:55:28.131,10.299,255,1.374,-273.1,16.1,19.593,12.61,0
2026-09-18T12:55:28.231,10.400,255,1.375,-273.1,16.2,19.593,12.61,0
2026-09-18T12:55:28.332,10.500,255,1.375,-273.1,16.1,19.593,12.48,0
2026-09-18T12:55:28.431,10.599,255,1.377,-273.1,16.0,19.593,12.34,0
2026-09-18T12:55:28.531,10.699,255,1.378,-64.4,16.2,19.593,12.48,0
2026-09-18T12:55:28.631,10.800,255,1.380,-273.1,16.1,19.593,12.34,0
2026-09-18T12:55:28.733,10.902,255,1.380,-273.1,16.2,19.593,12.25,0
2026-09-18T12:55:28.831,11.000,255,1.381,-273.1,16.0,19.593,12.08,0
2026-09-18T12:55:28.931,11.100,255,1.382,-273.1,16.0,19.593,12.41,0
2026-09-18T12:55:29.031,11.200,255,1.383,-273.1,15.9,19.593,12.86,0
2026-09-18T12:55:29.132,11.300,255,1.383,-273.1,15.8,19.593,11.97,0
2026-09-18T12:55:29.232,11.401,255,1.385,-273.1,16.0,19.593,12.39,0
2026-09-18T12:55:29.332,11.500,255,1.386,-273.1,15.9,19.593,12.49,0
2026-09-18T12:55:29.432,11.601,255,1.386,-273.1,15.9,19.593,12.36,0
2026-09-18T12:55:29.531,11.700,255,1.387,-273.1,15.6,19.593,12.51,0
2026-09-18T12:55:29.632,11.800,255,1.388,-273.1,15.7,19.593,12.18,0
2026-09-18T12:55:29.732,11.900,255,1.389,-273.1,15.7,19.593,12.67,0
2026-09-18T12:55:29.833,12.002,255,1.389,-273.1,15.7,19.593,12.57,0
2026-09-18T12:55:29.931,12.100,255,1.390,-273.1,15.8,19.593,12.18,0
2026-09-18T12:55:30.032,12.201,255,1.391,-273.1,15.8,19.593,12.79,0
2026-09-18T12:55:30.132,12.301,255,1.392,-273.1,15.7,19.593,12.56,0
2026-09-18T12:55:30.233,12.402,255,1.392,-273.1,15.8,19.593,12.49,0
2026-09-18T12:55:30.333,12.501,255,1.393,-273.1,15.7,19.593,12.26,0
2026-09-18T12:55:30.433,12.602,255,1.394,-273.1,15.6,19.593,12.64,0
2026-09-18T12:55:30.534,12.702,255,1.395,-273.1,15.8,19.593,12.49,0
2026-09-18T12:55:30.633,12.802,255,1.395,-273.1,15.6,19.593,12.38,0
2026-09-18T12:55:30.732,12.901,255,1.396,-273.1,15.8,19.593,12.48,0
2026-09-18T12:55:30.833,13.002,255,1.397,-75.2,15.5,19.593,12.64,0
2026-09-18T12:55:30.933,13.101,255,1.398,-83.9,15.6,19.593,12.73,0
2026-09-18T12:55:31.036,13.205,255,1.398,-273.1,15.4,19.593,12.71,0
2026-09-18T12:55:31.135,13.303,255,1.399,-273.1,15.8,19.593,12.69,0
2026-09-18T12:55:31.234,13.403,255,1.401,-273.1,15.5,19.593,12.45,0
2026-09-18T12:55:31.334,13.502,255,1.402,-273.1,15.5,19.593,12.58,0
2026-09-18T12:55:31.434,13.603,255,1.402,-273.1,15.4,19.593,12.59,0
2026-09-18T12:55:31.534,13.702,255,1.403,-273.1,15.1,19.593,12.49,0
2026-09-18T12:55:31.634,13.803,255,1.404,-273.1,15.5,19.593,12.68,0
2026-09-18T12:55:31.735,13.904,255,1.404,-273.1,15.5,19.593,12.83,0
2026-09-18T12:55:31.836,14.004,255,1.405,-273.1,15.5,19.593,12.79,0
2026-09-18T12:55:31.936,14.105,255,1.406,-273.1,15.6,19.593,12.68,0
2026-09-18T12:55:32.036,14.204,255,1.407,-80.2,15.3,19.593,12.78,0
2026-09-18T12:55:32.136,14.305,255,1.407,-273.1,15.3,19.593,12.60,0
2026-09-18T12:55:32.236,14.404,255,1.408,-90.0,15.5,19.593,12.48,0
2026-09-18T12:55:32.338,14.507,255,1.409,-273.1,15.4,19.593,12.95,0
2026-09-18T12:55:32.438,14.607,255,1.410,-273.1,15.5,19.593,12.70,0
2026-09-18T12:55:32.538,14.707,255,1.410,-77.4,15.5,19.593,12.63,0
2026-09-18T12:55:32.638,14.806,255,1.411,-273.1,15.5,19.593,12.78,0
2026-09-18T12:55:32.738,14.907,255,1.412,-273.1,15.6,19.593,12.68,0
2026-09-18T12:55:32.839,15.007,255,1.413,-273.1,15.6,19.593,12.56,0
2026-09-18T12:55:32.938,15.107,255,1.413,-273.1,15.3,19.593,12.59,0
2026-09-18T12:55:33.037,15.206,255,1.414,-83.9,15.4,19.593,12.75,0
2026-09-18T12:55:33.138,15.307,255,1.415,-90.0,15.5,19.593,12.63,0
2026-09-18T12:55:33.238,15.406,255,1.416,-273.1,15.1,19.593,12.72,0
2026-09-18T12:55:33.338,15.507,255,1.416,-273.1,15.3,19.593,12.79,0
2026-09-18T12:55:33.438,15.607,255,1.417,-83.9,15.4,19.593,12.87,0
2026-09-18T12:55:33.539,15.708,255,1.418,-273.1,15.5,19.593,12.67,0
2026-09-18T12:55:33.638,15.807,255,1.419,-273.1,15.3,19.593,12.64,0
2026-09-18T12:55:33.739,15.907,255,1.419,-273.1,15.3,19.593,12.92,0
2026-09-18T12:55:33.839,16.008,255,1.420,-273.1,15.5,19.593,12.76,0
2026-09-18T12:55:33.939,16.107,255,1.421,-67.0,15.5,19.593,12.75,0
2026-09-18T12:55:34.040,16.208,255,1.421,-273.1,15.2,19.593,12.66,0
2026-09-18T12:55:34.139,16.307,255,1.422,-273.1,15.2,19.593,12.92,0
2026-09-18T12:55:34.239,16.408,255,1.424,-273.1,15.4,19.593,12.69,0
2026-09-18T12:55:34.340,16.508,255,1.425,-273.1,15.2,19.593,12.78,0
2026-09-18T12:55:34.440,16.608,255,1.425,-273.1,15.3,19.593,12.85,0
2026-09-18T12:55:34.541,16.710,255,1.426,-273.1,15.4,19.593,12.86,0
2026-09-18T12:55:34.641,16.810,255,1.426,-273.1,15.2,19.593,12.90,0
2026-09-18T12:55:34.742,16.911,255,1.427,-273.1,15.2,19.593,12.92,0
2026-09-18T12:55:34.842,17.011,255,1.427,-273.1,15.4,19.593,12.79,0
2026-09-18T12:55:34.944,17.112,255,1.428,-273.1,15.4,19.593,12.87,0
2026-09-18T12:55:35.043,17.212,255,1.429,-90.0,15.5,19.593,12.65,0
2026-09-18T12:55:35.142,17.311,255,1.431,-273.1,15.2,19.593,13.01,0
2026-09-18T12:55:35.242,17.411,255,1.431,-273.1,15.2,19.593,12.84,0
2026-09-18T12:55:35.342,17.511,255,1.431,-273.1,15.3,19.593,13.16,0
2026-09-18T12:55:35.447,17.616,255,1.432,-273.1,15.2,19.593,12.93,0
2026-09-18T12:55:35.546,17.715,255,1.433,-273.1,15.4,19.593,13.09,0
2026-09-18T12:55:35.643,17.812,255,1.433,-273.1,15.1,19.593,12.96,0
2026-09-18T12:55:35.744,17.913,255,1.434,-273.1,15.6,19.593,12.84,0
2026-09-18T12:55:35.843,18.012,255,1.435,-273.1,15.3,19.593,12.83,0
2026-09-18T12:55:35.943,18.111,255,1.435,-273.1,15.1,19.593,13.06,0
2026-09-18T12:55:36.043,18.212,255,1.435,-273.1,15.2,19.593,12.80,0
2026-09-18T12:55:36.143,18.312,255,1.436,-83.9,15.3,19.593,12.77,0
2026-09-18T12:55:36.243,18.412,255,1.437,-273.1,15.4,19.593,13.10,0
2026-09-18T12:55:36.344,18.512,255,1.438,-273.1,15.3,19.593,12.89,0
2026-09-18T12:55:36.445,18.613,255,1.438,-273.1,15.3,19.593,12.67,0
2026-09-18T12:55:36.547,18.715,255,1.439,-273.1,15.6,19.593,12.96,0
2026-09-18T12:55:36.645,18.814,255,1.440,-273.1,15.2,19.593,12.82,0
2026-09-18T12:55:36.745,18.913,255,1.440,-273.1,15.4,19.593,12.89,0
2026-09-18T12:55:36.845,19.014,255,1.441,-273.1,15.3,19.593,12.98,0
2026-09-18T12:55:36.946,19.115,255,1.442,-273.1,15.4,19.593,13.27,0
2026-09-18T12:55:37.046,19.215,255,1.444,-273.1,15.4,19.593,13.04,0
2026-09-18T12:55:37.147,19.316,255,1.444,-273.1,15.8,19.593,12.94,0
2026-09-18T12:55:37.247,19.415,255,1.446,-273.1,15.6,19.593,12.63,0
2026-09-18T12:55:37.347,19.516,255,1.447,-273.1,15.4,19.593,13.12,0
2026-09-18T12:55:37.448,19.616,255,1.447,-273.1,15.6,19.593,13.09,0
2026-09-18T12:55:37.548,19.717,255,1.447,-273.1,15.2,19.593,13.09,0
2026-09-18T12:55:37.648,19.816,255,1.448,-68.1,15.3,19.593,13.16,0
2026-09-18T12:55:37.748,19.916,255,1.449,-273.1,15.2,19.593,12.86,0
2026-09-18T12:55:37.848,20.017,255,1.450,-83.9,15.3,19.593,12.98,0
2026-09-18T12:55:37.949,20.117,255,1.450,-273.1,15.3,19.593,13.05,0
2026-09-18T12:55:38.049,20.218,255,1.451,-71.8,15.3,19.593,13.40,0
2026-09-18T12:55:38.150,20.319,255,1.452,-273.1,15.2,19.593,12.78,0
2026-09-18T12:55:38.250,20.418,255,1.453,-273.1,15.3,19.593,12.89,0
2026-09-18T12:55:38.350,20.519,255,1.453,-273.1,15.3,19.593,13.24,0
2026-09-18T12:55:38.451,20.619,255,1.454,-273.1,15.2,19.593,12.67,0
2026-09-18T12:55:38.553,20.721,255,1.455,-273.1,15.2,19.593,12.98,0
2026-09-18T12:55:38.653,20.821,255,1.456,-273.1,15.2,19.593,13.45,0
2026-09-18T12:55:38.752,20.920,255,1.456,-273.1,15.5,19.593,13.11,0
2026-09-18T12:55:38.852,21.021,255,1.457,-273.1,15.3,19.593,13.15,0
2026-09-18T12:55:38.953,21.122,255,1.458,-273.1,15.3,19.593,13.06,0
2026-09-18T12:55:39.052,21.221,255,1.458,-90.0,15.3,19.593,13.16,0
2026-09-18T12:55:39.153,21.322,255,1.459,-273.1,15.3,19.593,13.22,0
2026-09-18T12:55:39.252,21.421,255,1.459,-273.1,15.4,19.593,13.15,0
2026-09-18T12:55:39.353,21.521,255,1.461,-273.1,15.9,19.593,13.48,0
2026-09-18T12:55:39.452,21.621,255,1.461,-80.2,15.3,19.593,13.34,0
2026-09-18T12:55:39.554,21.723,255,1.462,-273.1,15.3,19.593,13.20,0
2026-09-18T12:55:39.653,21.822,255,1.462,-273.1,15.4,19.593,13.39,0
2026-09-18T12:55:39.753,21.922,255,1.463,-273.1,15.4,19.593,13.03,0
2026-09-18T12:55:39.854,22.023,255,1.463,-90.0,15.5,19.593,13.29,0
2026-09-18T12:55:39.954,22.122,255,1.464,-273.1,15.4,19.593,13.61,0
2026-09-18T12:55:40.054,22.222,255,1.465,-273.1,15.3,19.593,13.07,0
2026-09-18T12:55:40.155,22.323,255,1.466,-68.1,15.3,19.593,12.94,0
2026-09-18T12:55:40.254,22.423,255,1.466,-273.1,15.3,19.593,12.90,0
2026-09-18T12:55:40.355,22.524,255,1.467,-273.1,15.2,19.593,13.18,0
2026-09-18T12:55:40.456,22.624,255,1.467,-273.1,15.3,19.593,13.24,0
2026-09-18T12:55:40.556,22.724,255,1.468,-273.1,15.2,19.593,13.16,0
2026-09-18T12:55:40.656,22.825,255,1.468,-273.1,15.3,19.593,13.18,0
2026-09-18T12:55:40.758,22.927,255,1.469,-273.1,15.5,19.593,13.09,0
2026-09-18T12:55:40.856,23.024,255,1.470,-273.1,15.2,19.593,13.12,0
2026-09-18T12:55:40.956,23.125,255,1.471,-273.1,15.2,19.593,13.33,0
2026-09-18T12:55:41.057,23.225,255,1.471,-273.1,15.5,19.593,13.38,0
2026-09-18T12:55:41.157,23.326,255,1.471,-273.1,15.3,19.593,13.00,0
2026-09-18T12:55:41.258,23.427,255,1.472,-273.1,15.1,19.593,13.11,0
2026-09-18T12:55:41.357,23.526,255,1.474,-273.1,15.2,19.593,13.19,0
2026-09-18T12:55:41.459,23.627,255,1.474,-273.1,15.3,19.593,13.38,0
2026-09-18T12:55:41.559,23.728,255,1.475,-273.1,15.2,19.593,13.35,0
2026-09-18T12:55:41.661,23.830,255,1.475,-273.1,15.2,19.593,13.34,0
2026-09-18T12:55:41.759,23.927,255,1.475,-64.4,15.3,19.593,13.18,0
2026-09-18T12:55:41.858,24.026,255,1.476,-273.1,15.4,19.593,13.43,0
2026-09-18T12:55:41.958,24.127,255,1.477,-65.2,15.4,19.593,13.61,0
2026-09-18T12:55:42.059,24.228,255,1.478,-273.1,15.5,19.593,13.23,0
2026-09-18T12:55:42.159,24.327,255,1.478,-273.1,15.3,19.593,13.33,0
2026-09-18T12:55:42.259,24.428,255,1.479,-273.1,15.3,19.593,13.02,0
2026-09-18T12:55:42.360,24.529,255,1.480,-273.1,15.6,19.593,13.43,0
2026-09-18T12:55:42.459,24.628,255,1.480,-273.1,15.2,19.593,12.96,0
2026-09-18T12:55:42.559,24.728,255,1.480,-273.1,15.5,19.593,13.15,0
2026-09-18T12:55:42.660,24.829,255,1.481,-273.1,15.4,19.593,13.19,0
2026-09-18T12:55:42.760,24.928,255,1.482,-273.1,15.4,19.593,13.17,0
2026-09-18T12:55:42.859,25.028,255,1.483,-273.1,15.6,19.593,13.13,0
2026-09-18T12:55:42.960,25.129,255,1.483,-69.2,15.5,19.593,13.22,0
2026-09-18T12:55:43.061,25.229,255,1.484,-273.1,15.3,19.593,13.54,0
2026-09-18T12:55:43.160,25.329,255,1.485,-273.1,15.4,19.593,13.18,0
2026-09-18T12:55:43.260,25.429,255,1.486,-64.4,15.6,19.593,13.29,0
2026-09-18T12:55:43.361,25.530,255,1.486,-273.1,15.3,19.593,13.39,0
2026-09-18T12:55:43.462,25.631,255,1.487,-273.1,15.6,19.593,13.24,0
2026-09-18T12:55:43.561,25.730,255,1.487,-273.1,15.4,19.593,13.42,0
2026-09-18T12:55:43.662,25.830,255,1.488,-273.1,15.8,19.593,13.54,0
2026-09-18T12:55:43.762,25.931,255,1.488,-273.1,15.6,19.593,13.39,0
2026-09-18T12:55:43.863,26.031,255,1.488,-273.1,15.4,19.593,13.17,0
2026-09-18T12:55:43.964,26.132,255,1.490,-75.2,15.3,19.593,13.46,0
2026-09-18T12:55:44.063,26.232,255,1.490,-273.1,15.4,19.593,13.04,0
2026-09-18T12:55:44.164,26.332,255,1.491,-273.1,15.3,19.593,13.10,0
2026-09-18T12:55:44.264,26.433,255,1.491,-273.1,15.2,19.593,13.62,0
2026-09-18T12:55:44.365,26.534,255,1.492,-273.1,15.4,19.593,13.15,0
2026-09-18T12:55:44.464,26.633,255,1.492,-273.1,15.4,19.593,13.37,0
2026-09-18T12:55:44.565,26.733,255,1.493,-273.1,15.4,19.593,13.46,0
2026-09-18T12:55:44.665,26.834,255,1.494,-273.1,15.2,19.593,13.07,0
2026-09-18T12:55:44.765,26.934,255,1.495,-273.1,15.3,19.593,13.37,0
2026-09-18T12:55:44.865,27.034,255,1.495,-77.4,15.6,19.593,13.42,0
2026-09-18T12:55:44.970,27.138,255,1.496,-273.1,15.3,19.593,13.39,0
2026-09-18T12:55:45.070,27.239,255,1.496,-273.1,15.4,19.593,13.59,0
2026-09-18T12:55:45.165,27.334,255,1.497,-273.1,15.3,19.593,13.43,0
2026-09-18T12:55:45.266,27.435,255,1.497,-273.1,15.4,19.593,13.33,0
2026-09-18T12:55:45.366,27.535,255,1.498,-273.1,15.4,19.593,13.34,0
2026-09-18T12:55:45.467,27.636,255,1.499,-273.1,15.2,19.593,13.44,0
2026-09-18T12:55:45.568,27.736,255,1.500,-273.1,15.5,19.593,13.61,0
2026-09-18T12:55:45.667,27.836,255,1.500,-273.1,15.4,19.593,13.15,0
2026-09-18T12:55:45.768,27.937,255,1.501,-273.1,15.1,19.593,13.89,0
2026-09-18T12:55:45.868,28.037,255,1.502,-273.1,15.2,19.593,13.70,0
2026-09-18T12:55:45.968,28.137,255,1.503,-273.1,15.2,19.593,13.95,0
2026-09-18T12:55:46.069,28.237,255,1.503,-273.1,15.5,19.593,13.64,0
2026-09-18T12:55:46.170,28.338,255,1.504,-273.1,15.5,19.593,13.36,0
2026-09-18T12:55:46.270,28.438,255,1.505,-68.1,15.3,19.593,13.61,0
2026-09-18T12:55:46.370,28.539,255,1.506,-77.4,15.5,19.593,13.74,0
2026-09-18T12:55:46.473,28.641,255,1.506,-273.1,15.2,19.593,13.56,0
2026-09-18T12:55:46.571,28.739,255,1.506,-273.1,15.2,19.593,13.19,0
2026-09-18T12:55:46.671,28.840,255,1.507,-273.1,15.3,19.593,13.54,0
2026-09-18T12:55:46.771,28.940,255,1.507,-273.1,15.4,19.593,13.53,0
2026-09-18T12:55:46.871,29.040,255,1.508,-67.0,15.3,19.593,13.35,0
2026-09-18T12:55:46.972,29.140,255,1.509,-273.1,15.4,19.593,13.37,0
2026-09-18T12:55:47.072,29.241,255,1.510,-273.1,15.4,19.593,13.75,0
2026-09-18T12:55:47.173,29.342,255,1.510,-273.1,15.1,19.593,13.37,0
2026-09-18T12:55:47.272,29.441,255,1.511,-80.2,15.4,19.593,13.64,0
2026-09-18T12:55:47.373,29.541,255,1.512,-273.1,15.3,19.593,13.33,0
2026-09-18T12:55:47.472,29.641,255,1.512,-273.1,15.2,19.593,14.01,0
2026-09-18T12:55:47.573,29.742,255,1.512,-273.1,15.2,19.593,13.56,0
2026-09-18T12:55:47.674,29.842,255,1.513,-273.1,15.5,19.593,13.49,0
2026-09-18T12:55:47.773,29.941,255,1.514,-273.1,15.3,19.593,13.57,0
2026-09-18T12:55:47.874,30.042,255,1.515,-273.1,15.3,19.593,13.86,0
2026-09-18T12:55:47.973,30.141,255,1.515,-273.1,15.4,19.593,13.60,0
2026-09-18T12:55:48.076,30.244,255,1.516,-273.1,15.3,19.593,13.96,0
2026-09-18T12:55:48.173,30.342,255,1.517,-273.1,15.3,19.593,13.63,0
2026-09-18T12:55:48.273,30.441,255,1.518,-90.0,15.5,19.593,13.43,0
2026-09-18T12:55:48.373,30.542,255,1.518,-273.1,15.4,19.593,13.39,0
2026-09-18T12:55:48.474,30.642,255,1.519,-273.1,15.4,19.593,13.56,0
2026-09-18T12:55:48.575,30.743,255,1.520,-90.0,15.6,19.593,13.91,0
2026-09-18T12:55:48.674,30.843,255,1.521,-273.1,15.6,19.593,13.77,0
2026-09-18T12:55:48.776,30.944,255,1.521,-273.1,15.7,19.593,13.54,0
2026-09-18T12:55:48.874,31.043,255,1.522,-273.1,15.7,19.593,13.51,0
2026-09-18T12:55:48.975,31.143,255,1.522,-273.1,15.4,19.593,13.63,0
2026-09-18T12:55:49.074,31.242,255,1.522,-273.1,15.8,19.593,13.60,0
2026-09-18T12:55:49.174,31.343,255,1.523,-273.1,15.6,19.593,13.64,0
2026-09-18T12:55:49.275,31.443,255,1.524,-273.1,15.8,19.593,13.67,0
2026-09-18T12:55:49.374,31.542,255,1.525,-273.1,15.9,19.593,13.79,0
2026-09-18T12:55:49.474,31.643,255,1.525,-273.1,16.0,19.593,13.52,0
2026-09-18T12:55:49.575,31.743,255,1.525,-273.1,15.7,19.593,13.71,0
2026-09-18T12:55:49.674,31.842,255,1.525,-273.1,16.2,19.593,13.81,0
2026-09-18T12:55:49.774,31.943,255,1.527,-273.1,15.8,19.593,13.63,0
2026-09-18T12:55:49.874,32.042,255,1.527,-273.1,16.0,19.593,13.54,0
2026-09-18T12:55:49.974,32.143,255,1.528,-273.1,16.1,19.593,14.17,0
2026-09-18T12:55:50.074,32.242,255,1.528,-273.1,16.1,19.593,13.81,0
2026-09-18T12:55:50.174,32.343,255,1.529,-273.1,15.9,19.593,13.74,0
2026-09-18T12:55:50.275,32.444,255,1.529,-273.1,16.0,19.593,13.53,0
2026-09-18T12:55:50.376,32.545,255,1.530,-273.1,16.1,19.593,13.66,0
2026-09-18T12:55:50.477,32.646,255,1.530,-273.1,16.0,19.593,13.64,0
2026-09-18T12:55:50.578,32.746,255,1.531,-273.1,15.8,19.593,13.74,0
2026-09-18T12:55:50.677,32.845,255,1.531,-65.2,16.2,19.593,13.97,0
2026-09-18T12:55:50.777,32.946,255,1.532,-273.1,15.8,19.593,13.67,0
2026-09-18T12:55:50.877,33.046,255,1.532,-273.1,16.3,19.593,13.57,0
2026-09-18T12:55:50.978,33.146,255,1.533,-273.1,16.0,19.593,13.72,0
2026-09-18T12:55:51.076,33.245,255,1.533,-273.1,16.0,19.593,13.74,0
2026-09-18T12:55:51.181,33.350,255,1.533,-273.1,16.0,19.593,13.76,0
2026-09-18T12:55:51.277,33.446,255,1.534,-273.1,16.0,19.593,14.10,0
2026-09-18T12:55:51.378,33.546,255,1.534,-273.1,16.0,19.593,13.69,0
2026-09-18T12:55:51.479,33.647,255,1.535,-273.1,15.8,19.593,13.88,0
2026-09-18T12:55:51.578,33.747,255,1.536,-273.1,16.0,19.593,13.71,0
2026-09-18T12:55:51.681,33.850,255,1.538,-273.1,16.0,19.593,13.90,0
2026-09-18T12:55:51.779,33.948,255,1.538,-273.1,15.8,19.593,13.63,0
2026-09-18T12:55:51.881,34.049,255,1.538,-273.1,16.2,19.593,13.68,0
2026-09-18T12:55:51.980,34.148,255,1.539,-273.1,15.8,19.593,13.69,0
2026-09-18T12:55:52.080,34.249,255,1.539,-273.1,15.9,19.593,13.84,0
2026-09-18T12:55:52.180,34.349,255,1.539,-273.1,15.9,19.593,13.99,0
2026-09-18T12:55:52.280,34.448,255,1.540,-273.1,15.8,19.593,13.69,0
2026-09-18T12:55:52.382,34.550,255,1.541,-273.1,16.0,19.593,13.91,0
2026-09-18T12:55:52.480,34.649,255,1.541,-273.1,16.0,19.593,13.67,0
2026-09-18T12:55:52.580,34.749,255,1.541,-273.1,16.0,19.593,14.03,0
2026-09-18T12:55:52.680,34.849,255,1.542,-273.1,16.1,19.593,13.81,0
2026-09-18T12:55:52.780,34.949,255,1.543,-273.1,16.3,19.593,13.53,0
2026-09-18T12:55:52.879,35.048,255,1.545,-273.1,16.1,19.593,14.11,0
2026-09-18T12:55:52.982,35.151,255,1.545,-273.1,16.0,19.593,13.84,0
2026-09-18T12:55:53.082,35.250,255,1.546,-273.1,16.1,19.593,13.61,0
2026-09-18T12:55:53.182,35.350,255,1.546,-273.1,16.1,19.593,13.87,0
2026-09-18T12:55:53.283,35.451,255,1.547,-273.1,15.8,19.593,13.72,0
2026-09-18T12:55:53.382,35.550,255,1.547,-273.1,16.1,19.593,13.52,0
2026-09-18T12:55:53.482,35.650,255,1.548,-273.1,16.0,19.593,13.75,0
2026-09-18T12:55:53.584,35.753,255,1.549,-273.1,16.0,19.593,13.84,0
2026-09-18T12:55:53.682,35.850,255,1.549,-273.1,16.3,19.593,13.98,0
2026-09-18T12:55:53.782,35.951,255,1.550,-273.1,16.1,19.593,13.81,0
2026-09-18T12:55:53.882,36.051,255,1.551,-90.0,16.1,19.593,13.71,0
2026-09-18T12:55:53.983,36.151,255,1.551,-273.1,16.0,19.593,13.95,0
2026-09-18T12:55:54.083,36.252,255,1.551,-273.1,16.1,19.593,13.98,0
2026-09-18T12:55:54.183,36.352,255,1.552,-273.1,16.0,19.593,14.16,0
2026-09-18T12:55:54.284,36.452,255,1.553,-273.1,16.1,19.593,13.56,0
2026-09-18T12:55:54.384,36.553,255,1.554,-273.1,16.0,19.593,13.78,0
2026-09-18T12:55:54.485,36.653,255,1.554,-273.1,15.9,19.593,13.96,0
2026-09-18T12:55:54.585,36.754,255,1.555,-273.1,15.9,19.593,13.82,0
2026-09-18T12:55:54.685,36.853,255,1.556,-273.1,15.9,19.593,13.95,0
2026-09-18T12:55:54.786,36.955,255,1.557,-273.1,16.0,19.593,14.00,0
2026-09-18T12:55:54.885,37.053,255,1.557,-273.1,16.2,19.593,13.82,0
2026-09-18T12:55:54.985,37.154,255,1.557,-273.1,16.3,19.593,14.05,0
2026-09-18T12:55:55.084,37.253,255,1.558,-273.1,16.0,19.593,14.06,0
2026-09-18T12:55:55.185,37.353,255,1.558,-273.1,16.3,19.593,14.10,0
2026-09-18T12:55:55.285,37.453,255,1.558,-273.1,15.9,19.593,14.08,0
2026-09-18T12:55:55.385,37.554,255,1.559,-273.1,15.9,19.593,14.09,0
2026-09-18T12:55:55.486,37.654,255,1.559,-273.1,16.1,19.593,14.11,0
2026-09-18T12:55:55.586,37.755,255,1.560,-273.1,16.0,19.593,13.90,0
2026-09-18T12:55:55.686,37.854,255,1.560,-273.1,15.8,19.593,13.90,0
2026-09-18T12:55:55.786,37.955,255,1.561,-273.1,16.1,19.593,13.91,0
2026-09-18T12:55:55.886,38.055,255,1.562,-273.1,16.1,19.593,13.59,0
2026-09-18T12:55:55.985,38.154,255,1.562,-273.1,15.6,19.593,13.82,0
2026-09-18T12:55:56.086,38.255,255,1.562,-273.1,15.7,19.593,14.38,0
2026-09-18T12:55:56.187,38.355,255,1.563,-273.1,15.8,19.593,14.31,0
2026-09-18T12:55:56.287,38.456,255,1.563,-273.1,15.9,19.593,14.19,0
2026-09-18T12:55:56.388,38.557,255,1.563,-273.1,15.7,19.593,14.01,0
2026-09-18T12:55:56.487,38.656,255,1.564,-273.1,16.0,19.593,14.01,0
2026-09-18T12:55:56.588,38.757,255,1.565,-273.1,15.9,19.593,14.35,0
2026-09-18T12:55:56.688,38.857,255,1.566,-273.1,15.8,19.593,13.89,0
2026-09-18T12:55:56.789,38.957,255,1.566,-273.1,15.7,19.593,13.84,0
2026-09-18T12:55:56.889,39.058,255,1.567,-90.0,16.0,19.593,14.10,0
2026-09-18T12:55:56.990,39.159,255,1.567,-273.1,16.1,19.593,13.91,0
2026-09-18T12:55:57.093,39.261,255,1.568,-273.1,16.3,19.593,13.95,0
2026-09-18T12:55:57.191,39.360,255,1.568,-90.0,16.1,19.593,14.01,0
2026-09-18T12:55:57.292,39.461,255,1.569,-273.1,16.2,19.593,13.89,0
2026-09-18T12:55:57.392,39.561,255,1.570,-273.1,16.2,19.593,14.29,0
2026-09-18T12:55:57.492,39.661,255,1.571,-273.1,15.9,19.593,14.02,0
2026-09-18T12:55:57.592,39.761,255,1.571,-273.1,16.1,19.593,14.35,0
2026-09-18T12:55:57.693,39.862,255,1.571,-273.1,16.0,19.593,13.93,0
2026-09-18T12:55:57.793,39.961,255,1.572,-273.1,16.1,19.593,13.95,0
2026-09-18T12:55:57.893,40.062,255,1.573,-273.1,16.0,19.593,14.35,0
2026-09-18T12:55:57.992,40.161,255,1.573,-90.0,16.1,19.593,14.04,0
2026-09-18T12:55:58.093,40.262,255,1.573,-273.1,16.0,19.593,14.07,0
2026-09-18T12:55:58.194,40.363,255,1.574,-273.1,15.8,19.593,14.24,0
2026-09-18T12:55:58.292,40.461,255,1.575,-273.1,15.8,19.593,14.16,0
2026-09-18T12:55:58.394,40.563,255,1.575,-273.1,16.0,19.593,13.95,0
2026-09-18T12:55:58.492,40.661,255,1.577,-273.1,16.0,19.593,14.00,0
2026-09-18T12:55:58.593,40.761,255,1.578,-273.1,15.8,19.593,14.13,0
2026-09-18T12:55:58.693,40.862,255,1.578,-273.1,15.8,19.593,14.29,0
2026-09-18T12:55:58.793,40.962,255,1.579,-273.1,15.7,19.593,13.85,0
2026-09-18T12:55:58.892,41.061,255,1.579,-273.1,15.6,19.593,14.43,0
2026-09-18T12:55:58.993,41.161,255,1.579,-273.1,15.7,19.593,14.21,0
2026-09-18T12:55:59.093,41.262,255,1.579,-273.1,15.7,19.593,13.90,0
2026-09-18T12:55:59.193,41.361,255,1.580,-273.1,15.6,19.593,14.20,0
2026-09-18T12:55:59.293,41.462,255,1.580,-273.1,15.6,19.593,13.84,0
2026-09-18T12:55:59.394,41.562,255,1.581,-273.1,15.6,19.593,14.35,0
2026-09-18T12:55:59.497,41.666,255,1.581,-273.1,15.6,19.593,14.05,0
2026-09-18T12:55:59.594,41.763,255,1.582,-273.1,15.6,19.593,13.91,0
2026-09-18T12:55:59.695,41.863,255,1.584,-273.1,15.8,19.593,14.12,0
2026-09-18T12:55:59.794,41.962,255,1.586,-273.1,15.7,19.593,14.41,0
2026-09-18T12:55:59.894,42.062,255,1.586,-80.2,15.6,19.593,14.24,0
2026-09-18T12:55:59.994,42.163,255,1.587,-273.1,15.6,19.593,14.52,0
2026-09-18T12:56:00.095,42.264,255,1.588,-273.1,15.6,19.593,14.01,0
2026-09-18T12:56:00.195,42.363,255,1.589,-77.4,15.6,19.593,14.21,0
2026-09-18T12:56:00.295,42.464,255,1.589,-273.1,15.6,19.593,14.44,0
2026-09-18T12:56:00.394,42.563,255,1.590,-273.1,15.4,19.593,14.09,0
2026-09-18T12:56:00.497,42.665,255,1.591,-67.0,15.6,19.593,14.36,0
2026-09-18T12:56:00.595,42.764,255,1.591,-70.4,15.4,19.593,14.20,0
2026-09-18T12:56:00.695,42.864,255,1.591,-83.9,15.5,19.593,14.56,0
2026-09-18T12:56:00.796,42.965,255,1.592,-273.1,15.4,19.593,14.49,0
2026-09-18T12:56:00.895,43.064,255,1.593,-273.1,15.6,19.593,14.23,0
2026-09-18T12:56:00.996,43.164,255,1.593,-90.0,15.5,19.593,14.51,0
2026-09-18T12:56:01.095,43.264,255,1.594,-63.6,14.7,19.593,14.36,0
2026-09-18T12:56:01.196,43.365,255,1.594,-273.1,15.3,19.593,14.42,0
2026-09-18T12:56:01.296,43.465,255,1.595,-273.1,15.2,19.593,14.32,0
2026-09-18T12:56:01.396,43.564,255,1.595,-273.1,13.4,19.593,14.16,0
2026-09-18T12:56:01.497,43.665,255,1.595,-273.1,15.3,19.593,14.26,0
2026-09-18T12:56:01.597,43.766,255,1.596,-90.0,15.6,19.593,14.30,0
2026-09-18T12:56:01.698,43.866,255,1.597,-273.1,15.4,19.593,14.10,0
2026-09-18T12:56:01.798,43.967,255,1.597,-273.1,15.4,19.593,14.19,0
2026-09-18T12:56:01.899,44.068,255,1.597,-75.2,15.5,19.593,14.46,0
2026-09-18T12:56:02.000,44.168,255,1.598,-273.1,15.5,19.593,14.31,0
2026-09-18T12:56:02.100,44.268,255,1.599,-273.1,15.6,19.593,14.40,0
2026-09-18T12:56:02.200,44.369,255,1.599,-273.1,15.7,19.593,14.32,0
2026-09-18T12:56:02.301,44.469,255,1.600,-273.1,15.6,19.593,14.35,0
2026-09-18T12:56:02.400,44.568,255,1.600,-273.1,15.5,19.593,14.36,0
2026-09-18T12:56:02.501,44.670,255,1.601,-273.1,15.4,19.593,14.52,0
2026-09-18T12:56:02.601,44.770,255,1.601,-63.6,15.6,19.593,14.20,0
2026-09-18T12:56:02.700,44.869,255,1.602,-273.1,15.5,19.593,14.49,0
2026-09-18T12:56:02.801,44.969,255,1.602,-273.1,15.5,19.593,14.58,0
2026-09-18T12:56:02.902,45.070,255,1.603,-273.1,15.5,19.593,14.59,0
2026-09-18T12:56:03.001,45.170,255,1.603,-83.9,15.5,19.593,14.72,0
2026-09-18T12:56:03.102,45.270,255,1.604,-273.1,15.6,19.593,14.27,0
2026-09-18T12:56:03.203,45.371,255,1.604,-273.1,15.5,19.593,14.54,0
2026-09-18T12:56:03.303,45.472,255,1.605,-273.1,15.6,19.593,14.65,0
2026-09-18T12:56:03.404,45.572,255,1.605,-273.1,15.5,19.593,14.01,0
2026-09-18T12:56:03.504,45.673,255,1.606,-273.1,15.6,19.593,14.61,0
2026-09-18T12:56:03.605,45.774,255,1.606,-273.1,15.7,19.593,14.05,0
2026-09-18T12:56:03.705,45.873,255,1.606,-273.1,15.6,19.593,14.34,0
2026-09-18T12:56:03.805,45.973,255,1.607,-273.1,15.5,19.593,14.31,0
2026-09-18T12:56:03.904,46.073,255,1.607,-273.1,15.6,19.593,14.15,0
2026-09-18T12:56:04.005,46.173,255,1.608,-273.1,15.5,19.593,14.84,0
2026-09-18T12:56:04.104,46.273,255,1.608,-273.1,15.5,19.593,14.23,0
2026-09-18T12:56:04.205,46.373,255,1.608,-273.1,15.6,19.593,14.66,0
2026-09-18T12:56:04.304,46.472,255,1.609,-273.1,15.5,19.593,14.38,0
2026-09-18T12:56:04.405,46.573,255,1.610,-273.1,15.1,19.593,14.42,0
2026-09-18T12:56:04.504,46.673,255,1.610,-65.2,15.4,19.593,14.48,0
2026-09-18T12:56:04.604,46.773,255,1.611,-273.1,15.5,19.593,14.24,0
2026-09-18T12:56:04.707,46.875,255,1.612,-273.1,15.4,19.593,14.77,0
2026-09-18T12:56:04.804,46.973,255,1.612,-273.1,15.2,19.593,14.50,0
2026-09-18T12:56:04.907,47.075,255,1.612,-83.9,15.3,19.593,14.33,0
2026-09-18T12:56:05.004,47.172,255,1.613,-90.0,15.4,19.593,14.28,0
2026-09-18T12:56:05.105,47.273,255,1.613,-90.0,15.4,19.593,14.60,0
2026-09-18T12:56:05.205,47.374,255,1.614,-83.9,15.3,19.593,14.55,0
2026-09-18T12:56:05.305,47.474,255,1.614,-273.1,15.2,19.593,14.58,0
2026-09-18T12:56:05.406,47.574,255,1.615,-273.1,15.1,19.593,14.41,0
2026-09-18T12:56:05.505,47.674,255,1.615,-273.1,15.2,19.593,14.57,0
2026-09-18T12:56:05.606,47.774,255,1.616,-273.1,15.3,19.593,14.17,0
2026-09-18T12:56:05.706,47.874,255,1.616,-273.1,15.2,19.593,14.38,0
2026-09-18T12:56:05.807,47.975,255,1.616,-64.4,15.1,19.593,14.49,0
2026-09-18T12:56:05.907,48.076,255,1.617,-273.1,15.3,19.593,14.60,0
2026-09-18T12:56:06.008,48.176,255,1.617,-273.1,15.2,19.593,14.36,0
2026-09-18T12:56:06.108,48.277,255,1.617,-71.8,15.3,19.593,14.00,0
2026-09-18T12:56:06.209,48.378,255,1.617,-273.1,15.4,19.593,14.85,0
2026-09-18T12:56:06.308,48.477,255,1.619,-273.1,15.4,19.593,14.47,0
2026-09-18T12:56:06.409,48.577,255,1.619,-273.1,15.3,19.593,14.81,0
2026-09-18T12:56:06.510,48.678,255,1.620,-90.0,15.4,19.593,14.61,0
2026-09-18T12:56:06.610,48.779,255,1.622,-90.0,15.8,19.593,14.43,0
2026-09-18T12:56:06.710,48.879,255,1.623,-273.1,15.5,19.593,14.40,0
2026-09-18T12:56:06.810,48.979,255,1.623,-77.4,15.3,19.593,14.82,0
2026-09-18T12:56:06.912,49.081,255,1.624,-273.1,15.2,19.593,14.69,0
2026-09-18T12:56:07.010,49.178,255,1.625,-273.1,15.2,19.593,14.67,0
2026-09-18T12:56:07.110,49.279,255,1.626,-273.1,15.1,19.593,14.47,0
2026-09-18T12:56:07.211,49.379,255,1.626,-273.1,15.3,19.593,14.69,0
2026-09-18T12:56:07.310,49.479,255,1.626,-67.0,15.2,19.593,14.26,0
2026-09-18T12:56:07.411,49.579,255,1.629,-273.1,15.3,19.593,14.55,0
2026-09-18T12:56:07.512,49.680,255,1.630,-273.1,15.2,19.593,14.75,0
2026-09-18T12:56:07.612,49.780,255,1.630,-68.1,15.0,19.593,14.65,0
2026-09-18T12:56:07.711,49.879,255,1.631,-273.1,15.2,19.593,14.53,0
2026-09-18T12:56:07.812,49.980,255,1.632,-273.1,15.3,19.593,14.76,0
2026-09-18T12:56:07.913,50.081,255,1.632,-273.1,15.1,19.593,14.70,0
2026-09-18T12:56:08.012,50.181,255,1.632,-273.1,15.2,19.593,14.75,0
2026-09-18T12:56:08.111,50.280,255,1.632,-273.1,15.0,19.593,14.75,0
2026-09-18T12:56:08.212,50.380,255,1.632,-273.1,15.2,19.593,14.56,0
2026-09-18T12:56:08.311,50.480,255,1.632,-273.1,15.1,19.593,14.48,0
2026-09-18T12:56:08.412,50.580,255,1.633,-273.1,15.1,19.593,14.62,0
2026-09-18T12:56:08.513,50.682,255,1.637,-273.1,15.1,19.593,14.62,0
2026-09-18T12:56:08.615,50.784,255,1.644,-273.1,15.0,19.593,14.66,0
2026-09-18T12:56:08.713,50.881,255,1.644,-273.1,14.9,19.593,14.58,0
2026-09-18T12:56:08.813,50.981,255,1.647,-273.1,14.9,19.593,14.56,0
2026-09-18T12:56:08.912,51.081,255,1.648,-90.0,15.0,19.593,14.85,0
2026-09-18T12:56:09.013,51.182,255,1.650,-273.1,15.0,19.593,14.87,0
2026-09-18T12:56:09.113,51.281,255,1.650,-273.1,15.1,19.593,14.72,0
2026-09-18T12:56:09.212,51.380,255,1.650,-273.1,15.2,19.593,14.90,0
2026-09-18T12:56:09.312,51.481,255,1.651,-273.1,15.0,19.593,15.03,0
2026-09-18T12:56:09.413,51.582,255,1.652,-273.1,15.1,19.593,14.58,0
2026-09-18T12:56:09.514,51.682,255,1.652,-273.1,15.0,19.593,14.71,0
2026-09-18T12:56:09.613,51.781,255,1.653,-273.1,15.1,19.593,14.60,0
2026-09-18T12:56:09.714,51.882,255,1.654,-273.1,15.1,19.593,14.53,0
2026-09-18T12:56:09.813,51.982,255,1.655,-273.1,15.2,19.593,15.10,0
2026-09-18T12:56:09.915,52.084,255,1.655,-273.1,15.3,19.593,14.71,0
2026-09-18T12:56:10.015,52.184,255,1.656,-273.1,15.1,19.593,14.74,0
2026-09-18T12:56:10.115,52.284,255,1.658,-273.1,15.3,19.593,14.79,0
2026-09-18T12:56:10.214,52.383,255,1.660,-273.1,15.3,19.593,15.18,0
2026-09-18T12:56:10.315,52.483,255,1.660,-90.0,15.1,19.593,14.80,0
2026-09-18T12:56:10.415,52.584,255,1.662,-273.1,15.2,19.593,14.95,0
2026-09-18T12:56:10.515,52.684,255,1.662,-273.1,15.0,19.593,14.82,0
2026-09-18T12:56:10.615,52.784,255,1.662,-273.1,14.9,19.593,15.01,0
2026-09-18T12:56:10.716,52.885,255,1.662,-273.1,15.2,19.593,14.90,0
2026-09-18T12:56:10.816,52.984,255,1.663,-90.0,15.3,19.593,15.06,0
2026-09-18T12:56:10.917,53.086,255,1.666,-273.1,15.1,19.593,14.80,0
2026-09-18T12:56:11.019,53.187,255,1.666,-273.1,15.1,19.593,15.08,0
2026-09-18T12:56:11.117,53.286,255,1.667,-273.1,15.1,19.593,14.81,0
2026-09-18T12:56:11.217,53.385,255,1.668,-273.1,15.2,19.593,14.65,0
2026-09-18T12:56:11.317,53.486,255,1.669,-273.1,15.1,19.593,15.24,0
2026-09-18T12:56:11.418,53.586,255,1.669,-273.1,15.2,19.593,15.13,0
2026-09-18T12:56:11.518,53.686,255,1.669,-273.1,15.1,19.593,14.95,0
2026-09-18T12:56:11.618,53.787,255,1.669,-273.1,15.0,19.593,15.31,0
2026-09-18T12:56:11.719,53.887,255,1.670,-273.1,15.0,19.593,14.94,0
2026-09-18T12:56:11.819,53.988,255,1.670,-273.1,14.8,19.593,15.15,0
2026-09-18T12:56:11.920,54.088,255,1.670,-273.1,15.1,19.593,15.05,0
2026-09-18T12:56:12.021,54.189,255,1.671,-273.1,14.9,19.593,14.98,0
2026-09-18T12:56:12.120,54.289,255,1.672,-273.1,15.0,19.593,15.12,0
2026-09-18T12:56:12.221,54.389,255,1.672,-273.1,15.3,19.593,14.90,0
2026-09-18T12:56:12.320,54.488,255,1.673,-273.1,15.4,19.593,15.08,0
2026-09-18T12:56:12.421,54.589,255,1.673,-273.1,15.1,19.593,14.95,0
2026-09-18T12:56:12.520,54.689,255,1.672,-273.1,15.2,19.593,15.08,0
2026-09-18T12:56:12.621,54.789,255,1.672,-273.1,15.2,19.593,15.17,0
2026-09-18T12:56:12.721,54.890,255,1.673,-273.1,15.0,19.593,14.89,0
2026-09-18T12:56:12.821,54.989,255,1.673,-273.1,15.1,19.593,14.95,0
2026-09-18T12:56:12.923,55.092,255,1.674,-273.1,15.1,19.593,14.81,0
2026-09-18T12:56:13.024,55.193,255,1.674,-273.1,15.2,19.593,15.43,0
2026-09-18T12:56:13.122,55.291,255,1.675,-273.1,15.0,19.593,15.34,0
2026-09-18T12:56:13.221,55.389,255,1.677,-273.1,15.2,19.593,14.86,0
2026-09-18T12:56:13.322,55.490,255,1.677,-273.1,15.2,19.593,15.10,0
2026-09-18T12:56:13.421,55.590,255,1.676,-90.0,15.5,19.593,14.80,0
2026-09-18T12:56:13.522,55.691,255,1.677,-273.1,15.2,19.593,15.03,0
2026-09-18T12:56:13.623,55.791,255,1.678,-273.1,15.0,19.593,15.44,0
2026-09-18T12:56:13.722,55.891,255,1.678,-273.1,15.2,19.593,15.06,0
2026-09-18T12:56:13.823,55.991,255,1.678,-273.1,15.1,19.593,15.11,0
2026-09-18T12:56:13.922,56.091,255,1.679,-273.1,15.3,19.593,14.93,0
2026-09-18T12:56:14.021,56.190,255,1.680,-90.0,15.4,19.593,15.26,0
2026-09-18T12:56:14.122,56.290,255,1.680,-273.1,15.6,19.593,15.09,0
2026-09-18T12:56:14.223,56.391,255,1.682,-273.1,15.3,19.593,15.00,0
2026-09-18T12:56:14.322,56.491,255,1.683,-273.1,15.5,19.593,14.97,0
2026-09-18T12:56:14.422,56.591,255,1.686,-273.1,15.5,19.593,14.83,0
2026-09-18T12:56:14.523,56.691,255,1.686,-273.1,15.5,19.593,15.16,0
2026-09-18T12:56:14.623,56.792,255,1.689,-273.1,15.4,19.593,14.97,0
2026-09-18T12:56:14.722,56.891,255,1.692,-273.1,15.6,19.593,15.17,0
2026-09-18T12:56:14.823,56.992,255,1.692,-273.1,15.5,19.593,14.83,0
2026-09-18T12:56:14.924,57.092,255,1.692,-90.0,15.6,19.593,15.05,0
2026-09-18T12:56:15.024,57.193,255,1.694,-273.1,15.4,19.593,15.20,0
2026-09-18T12:56:15.125,57.293,255,1.694,-273.1,15.3,19.593,15.06,0
2026-09-18T12:56:15.225,57.394,255,1.694,-273.1,15.2,19.593,15.33,0
2026-09-18T12:56:15.325,57.494,255,1.694,-273.1,15.4,19.593,15.43,0
2026-09-18T12:56:15.425,57.593,255,1.696,-273.1,15.3,19.593,15.15,0
2026-09-18T12:56:15.525,57.694,255,1.698,-273.1,15.3,19.593,15.20,0
2026-09-18T12:56:15.627,57.795,255,1.698,-273.1,15.1,19.593,15.15,0
2026-09-18T12:56:15.727,57.896,255,1.699,-273.1,15.2,19.593,15.33,0
2026-09-18T12:56:15.826,57.995,255,1.702,-273.1,15.5,19.593,15.16,0
2026-09-18T12:56:15.927,58.096,255,1.703,-90.0,15.3,19.593,15.20,0
2026-09-18T12:56:16.026,58.195,255,1.703,-273.1,15.5,19.593,15.39,0
2026-09-18T12:56:16.127,58.296,255,1.704,-273.1,15.5,19.593,15.52,0
2026-09-18T12:56:16.228,58.397,255,1.705,-273.1,15.4,19.593,15.24,0
2026-09-18T12:56:16.327,58.495,255,1.707,-273.1,15.5,19.593,15.48,0
2026-09-18T12:56:16.427,58.596,255,1.707,-273.1,15.3,19.593,15.39,0
2026-09-18T12:56:16.527,58.696,255,1.706,-273.1,15.7,19.593,15.42,0
2026-09-18T12:56:16.628,58.796,255,1.707,-273.1,15.5,19.593,15.33,0
2026-09-18T12:56:16.728,58.897,255,1.708,-273.1,15.4,19.593,15.22,0
2026-09-18T12:56:16.828,58.996,255,1.708,-273.1,15.5,19.593,14.98,0
2026-09-18T12:56:16.928,59.097,255,1.709,-273.1,15.5,19.593,15.11,0
2026-09-18T12:56:17.028,59.196,255,1.710,-273.1,15.6,19.593,15.52,0
2026-09-18T12:56:17.128,59.297,255,1.712,-273.1,15.5,19.593,15.39,0
2026-09-18T12:56:17.228,59.397,255,1.712,-273.1,16.0,19.593,15.21,0
2026-09-18T12:56:17.328,59.496,255,1.712,-90.0,15.8,19.593,15.21,0
2026-09-18T12:56:17.430,59.598,255,1.713,-65.2,15.8,19.593,15.29,0
2026-09-18T12:56:17.530,59.699,255,1.714,-273.1,15.6,19.593,15.28,0
2026-09-18T12:56:17.631,59.799,255,1.714,-273.1,15.5,19.593,15.13,0
2026-09-18T12:56:17.731,59.900,255,1.715,-273.1,15.3,19.593,15.35,0
2026-09-18T12:56:17.836,60.004,255,1.715,-273.1,15.6,19.593,15.38,0
2026-09-18T12:56:17.931,60.100,255,1.716,-273.1,15.3,19.593,15.35,0
2026-09-18T12:56:18.032,60.200,255,1.716,-273.1,15.2,19.593,15.37,0
2026-09-18T12:56:18.132,60.301,255,1.717,-273.1,15.4,19.593,15.16,0
2026-09-18T12:56:18.232,60.401,255,1.718,-273.1,15.8,19.593,15.13,0
2026-09-18T12:56:18.332,60.501,255,1.718,-273.1,15.4,19.593,15.43,0
2026-09-18T12:56:18.433,60.601,255,1.719,-273.1,15.3,19.593,15.25,0
2026-09-18T12:56:18.533,60.702,255,1.721,-273.1,15.2,19.593,15.50,0
2026-09-18T12:56:18.633,60.802,255,1.722,-273.1,15.5,19.593,15.47,0
2026-09-18T12:56:18.735,60.903,255,1.722,-273.1,15.7,19.593,15.46,0
2026-09-18T12:56:18.838,61.006,255,1.722,-273.1,15.5,19.593,15.54,0
2026-09-18T12:56:18.933,61.102,255,1.722,-273.1,15.5,19.593,15.44,0
2026-09-18T12:56:19.034,61.203,255,1.726,-273.1,15.6,19.593,15.62,0
2026-09-18T12:56:19.134,61.302,255,1.726,-273.1,15.6,19.593,15.21,0
2026-09-18T12:56:19.235,61.403,255,1.726,-273.1,15.5,19.593,15.64,0
2026-09-18T12:56:19.335,61.504,255,1.727,-273.1,15.3,19.593,15.53,0
2026-09-18T12:56:19.434,61.603,255,1.727,-90.0,15.5,19.593,15.46,0
2026-09-18T12:56:19.535,61.704,255,1.727,-273.1,15.5,19.593,15.37,0
2026-09-18T12:56:19.635,61.803,255,1.728,-70.4,15.8,19.593,15.51,0
2026-09-18T12:56:19.735,61.904,255,1.730,-273.1,15.5,19.593,15.64,0
2026-09-18T12:56:19.836,62.004,255,1.730,-273.1,15.5,19.593,15.36,0
2026-09-18T12:56:19.935,62.104,255,1.730,-273.1,15.7,19.593,15.50,0
2026-09-18T12:56:20.035,62.204,255,1.731,-273.1,15.9,19.593,15.62,0
2026-09-18T12:56:20.136,62.304,255,1.731,-273.1,15.5,19.593,15.29,0
2026-09-18T12:56:20.236,62.404,255,1.732,-273.1,15.6,19.593,15.24,0
2026-09-18T12:56:20.337,62.505,255,1.732,-273.1,15.6,19.593,15.51,0
2026-09-18T12:56:20.437,62.606,255,1.733,-273.1,15.6,19.593,15.34,0
2026-09-18T12:56:20.538,62.706,255,1.733,-273.1,15.5,19.593,15.88,0
2026-09-18T12:56:20.639,62.807,255,1.733,-273.1,15.5,19.593,15.68,0
2026-09-18T12:56:20.740,62.909,255,1.734,-65.2,15.5,19.593,15.68,0
2026-09-18T12:56:20.839,63.007,255,1.735,-273.1,15.2,19.593,15.40,0
2026-09-18T12:56:20.939,63.108,255,1.736,-273.1,15.4,19.593,15.55,0
2026-09-18T12:56:21.040,63.208,255,1.736,-273.1,15.4,19.593,15.77,0
2026-09-18T12:56:21.140,63.309,255,1.737,-273.1,15.3,19.593,15.68,0
2026-09-18T12:56:21.241,63.410,255,1.740,-273.1,15.2,19.593,15.77,0
2026-09-18T12:56:21.340,63.509,255,1.741,-273.1,15.3,19.593,15.49,0
2026-09-18T12:56:21.440,63.609,255,1.741,-273.1,15.3,19.593,15.73,0
2026-09-18T12:56:21.541,63.710,255,1.742,-273.1,15.3,19.593,15.16,0
2026-09-18T12:56:21.642,63.810,255,1.742,-273.1,15.5,19.593,15.60,0
2026-09-18T12:56:21.740,63.909,255,1.742,-90.0,15.4,19.593,15.99,0
2026-09-18T12:56:21.841,64.010,255,1.742,-65.2,15.5,19.593,15.42,0
2026-09-18T12:56:21.941,64.110,255,1.742,-64.4,15.4,19.593,15.62,0
2026-09-18T12:56:22.042,64.211,255,1.743,-273.1,15.4,19.593,15.68,0
2026-09-18T12:56:22.142,64.311,255,1.744,-273.1,15.3,19.593,15.94,0
2026-09-18T12:56:22.243,64.411,255,1.744,-273.1,15.2,19.593,15.76,0
2026-09-18T12:56:22.343,64.512,255,1.744,-273.1,15.1,19.593,15.80,0
2026-09-18T12:56:22.443,64.612,255,1.745,-273.1,15.2,19.593,15.79,0
2026-09-18T12:56:22.544,64.712,255,1.747,-273.1,15.3,19.593,15.72,0
2026-09-18T12:56:22.643,64.812,255,1.747,-273.1,15.5,19.593,15.62,0
2026-09-18T12:56:22.744,64.913,255,1.748,-273.1,15.2,19.593,15.70,0
2026-09-18T12:56:22.845,65.013,255,1.748,-273.1,15.5,19.593,15.64,0
2026-09-18T12:56:22.948,65.117,255,1.747,-273.1,15.3,19.593,15.49,0
2026-09-18T12:56:23.044,65.213,255,1.747,-273.1,15.4,19.593,15.79,0
2026-09-18T12:56:23.144,65.313,255,1.748,-273.1,15.3,19.593,15.27,0
2026-09-18T12:56:23.245,65.413,255,1.748,-273.1,15.4,19.593,15.38,0
2026-09-18T12:56:23.344,65.513,255,1.748,-273.1,15.3,19.593,15.69,0
2026-09-18T12:56:23.445,65.613,255,1.749,-273.1,15.4,19.593,15.51,0
2026-09-18T12:56:23.545,65.714,255,1.749,-273.1,15.4,19.593,15.67,0
2026-09-18T12:56:23.646,65.815,255,1.749,-273.1,15.3,19.593,15.75,0
2026-09-18T12:56:23.746,65.914,255,1.749,-90.0,15.6,19.593,15.52,0
2026-09-18T12:56:23.846,66.014,255,1.750,-273.1,15.6,19.593,15.80,0
2026-09-18T12:56:23.946,66.115,255,1.751,-273.1,15.4,19.593,15.67,0
2026-09-18T12:56:24.046,66.215,255,1.752,-273.1,15.5,19.593,15.12,0
2026-09-18T12:56:24.148,66.316,255,1.752,-273.1,15.6,19.593,15.06,0
2026-09-18T12:56:24.245,66.414,255,1.752,-273.1,16.0,19.593,15.34,0
2026-09-18T12:56:24.348,66.516,255,1.752,-273.1,15.8,19.593,15.83,0
2026-09-18T12:56:24.446,66.615,255,1.753,-273.1,15.7,19.593,15.81,0
2026-09-18T12:56:24.545,66.714,255,1.753,-90.0,15.9,19.593,15.09,0
2026-09-18T12:56:24.645,66.814,255,1.754,-273.1,15.8,19.593,15.29,0
2026-09-18T12:56:24.746,66.914,255,1.755,-273.1,15.9,19.593,15.31,0
2026-09-18T12:56:24.845,67.013,255,1.755,-273.1,16.0,19.593,15.48,0
2026-09-18T12:56:24.945,67.114,255,1.755,-273.1,15.6,19.593,15.83,0
2026-09-18T12:56:25.046,67.214,255,1.756,-273.1,15.9,19.593,15.27,0
2026-09-18T12:56:25.146,67.314,255,1.756,-273.1,16.0,19.593,15.90,0
2026-09-18T12:56:25.246,67.415,255,1.757,-273.1,15.9,19.593,15.70,0
2026-09-18T12:56:25.347,67.516,255,1.757,-273.1,16.0,19.593,15.54,0
2026-09-18T12:56:25.447,67.615,255,1.758,-273.1,16.0,19.593,15.42,0
2026-09-18T12:56:25.548,67.716,255,1.758,-273.1,15.8,19.593,15.39,0
2026-09-18T12:56:25.648,67.817,255,1.758,-273.1,15.6,19.593,15.42,0
2026-09-18T12:56:25.749,67.918,255,1.758,-273.1,15.8,19.593,15.57,0
2026-09-18T12:56:25.849,68.018,255,1.759,-273.1,15.5,19.593,15.76,0
2026-09-18T12:56:25.948,68.116,255,1.758,-83.9,15.9,19.593,15.28,0
2026-09-18T12:56:26.049,68.217,255,1.758,-83.9,15.9,19.593,15.85,0
2026-09-18T12:56:26.148,68.317,255,1.760,-273.1,16.4,19.593,15.57,0
2026-09-18T12:56:26.249,68.417,255,1.761,-273.1,15.8,19.593,16.18,0
2026-09-18T12:56:26.348,68.517,255,1.762,-273.1,15.8,19.593,15.42,0
2026-09-18T12:56:26.449,68.617,255,1.762,-273.1,15.7,19.593,15.63,0
2026-09-18T12:56:26.549,68.717,255,1.764,-273.1,15.9,19.593,15.92,0
2026-09-18T12:56:26.649,68.818,255,1.766,-273.1,15.8,19.593,15.76,0
2026-09-18T12:56:26.750,68.918,255,1.766,-83.9,16.0,19.593,15.91,0
2026-09-18T12:56:26.849,69.018,255,1.766,-273.1,15.8,19.593,16.08,0
2026-09-18T12:56:26.951,69.119,255,1.767,-273.1,15.9,19.593,16.06,0
2026-09-18T12:56:27.052,69.220,255,1.767,-273.1,15.8,19.593,15.90,0
2026-09-18T12:56:27.149,69.318,255,1.768,-273.1,15.9,19.593,15.50,0
2026-09-18T12:56:27.251,69.419,255,1.768,-273.1,16.0,19.593,15.93,0
2026-09-18T12:56:27.351,69.519,255,1.768,-67.0,16.1,19.593,15.76,0
2026-09-18T12:56:27.451,69.620,255,1.769,-273.1,15.6,19.593,15.63,0
2026-09-18T12:56:27.552,69.720,255,1.769,-273.1,15.8,19.593,15.72,0
2026-09-18T12:56:27.652,69.821,255,1.769,-83.9,15.9,19.593,15.95,0
2026-09-18T12:56:27.753,69.922,255,1.770,-273.1,16.1,19.593,16.03,0
2026-09-18T12:56:27.852,70.021,255,1.770,-65.2,15.8,19.593,15.84,0
2026-09-18T12:56:27.953,70.121,255,1.770,-273.1,15.8,19.593,15.62,0
2026-09-18T12:56:28.052,70.221,255,1.770,-273.1,15.7,19.593,16.05,0
2026-09-18T12:56:28.153,70.322,255,1.771,-67.0,16.1,19.593,15.71,0
2026-09-18T12:56:28.254,70.423,255,1.772,-273.1,15.9,19.593,15.68,0
2026-09-18T12:56:28.356,70.524,254,1.772,-273.1,15.8,19.593,15.82,0
2026-09-18T12:56:28.454,70.622,254,1.770,-75.2,15.9,19.593,16.08,0
2026-09-18T12:56:28.554,70.723,254,1.751,-273.1,15.5,19.593,16.18,0
2026-09-18T12:56:28.655,70.824,254,1.753,-273.1,15.8,19.593,15.82,0
2026-09-18T12:56:28.755,70.923,254,1.753,-273.1,15.9,19.593,16.35,0
2026-09-18T12:56:28.855,71.023,253,1.754,-273.1,15.8,19.593,15.70,0
2026-09-18T12:56:28.954,71.122,253,1.754,-273.1,15.8,19.593,16.32,0
2026-09-18T12:56:29.055,71.224,252,1.753,-90.0,15.9,19.593,16.24,0
2026-09-18T12:56:29.156,71.325,252,1.753,-273.1,15.7,19.593,15.87,0
2026-09-18T12:56:29.257,71.426,251,1.754,-273.1,15.9,19.593,15.90,0
2026-09-18T12:56:29.361,71.530,251,1.753,-273.1,15.7,19.593,16.20,0
2026-09-18T12:56:29.457,71.625,251,1.755,-273.1,15.6,19.593,16.22,0
2026-09-18T12:56:29.556,71.725,251,1.755,-273.1,15.8,19.593,14.90,0
2026-09-18T12:56:29.656,71.825,251,1.752,-273.1,15.7,19.593,16.37,0
2026-09-18T12:56:29.758,71.927,251,1.756,-273.1,15.6,19.593,16.21,0
2026-09-18T12:56:29.858,72.027,251,1.754,-273.1,15.6,19.593,15.89,0
2026-09-18T12:56:29.959,72.128,251,1.754,-273.1,15.6,19.593,15.87,0
2026-09-18T12:56:30.058,72.227,251,1.752,-273.1,15.8,19.593,16.28,0
2026-09-18T12:56:30.159,72.328,251,1.750,-273.1,16.1,19.593,15.91,0
2026-09-18T12:56:30.261,72.430,251,1.749,-273.1,15.5,19.593,15.90,0
2026-09-18T12:56:30.360,72.528,251,1.749,-273.1,15.7,19.593,16.11,0
2026-09-18T12:56:30.462,72.630,251,1.750,-273.1,15.7,19.593,15.88,0
2026-09-18T12:56:30.560,72.728,251,1.754,-273.1,15.7,19.593,15.77,0
2026-09-18T12:56:30.660,72.829,251,1.753,-75.2,15.6,19.593,16.27,0
2026-09-18T12:56:30.761,72.929,251,1.753,-273.1,15.7,19.593,16.18,0
2026-09-18T12:56:30.861,73.029,251,1.755,-273.1,15.6,19.593,16.16,0
2026-09-18T12:56:30.961,73.130,251,1.757,-65.2,15.7,19.593,16.01,0
2026-09-18T12:56:31.062,73.230,251,1.757,-273.1,15.6,19.593,16.28,0
2026-09-18T12:56:31.162,73.331,251,1.753,-273.1,15.6,19.593,16.36,0
2026-09-18T12:56:31.263,73.432,251,1.754,-273.1,15.6,19.593,15.90,0
2026-09-18T12:56:31.363,73.532,251,1.754,-67.0,15.4,19.593,15.96,0
2026-09-18T12:56:31.464,73.633,251,1.754,-273.1,15.5,19.593,16.20,0
2026-09-18T12:56:31.564,73.732,250,1.755,-83.9,15.6,19.593,15.87,0
2026-09-18T12:56:31.664,73.832,250,1.757,-273.1,15.5,19.593,15.98,0
2026-09-18T12:56:31.764,73.933,249,1.758,-273.1,15.6,19.593,16.24,0
2026-09-18T12:56:31.864,74.033,249,1.758,-273.1,15.5,19.593,16.37,0
2026-09-18T12:56:31.965,74.134,248,1.749,-273.1,15.6,19.593,16.02,0
2026-09-18T12:56:32.065,74.233,247,1.751,-273.1,15.3,19.593,16.36,0
2026-09-18T12:56:32.165,74.334,247,1.750,-273.1,15.6,19.593,15.96,0
2026-09-18T12:56:32.265,74.434,246,1.750,-273.1,15.5,19.593,15.93,0
2026-09-18T12:56:32.366,74.535,246,1.752,-273.1,15.6,19.593,15.91,0
2026-09-18T12:56:32.466,74.634,246,1.750,-273.1,15.6,19.593,16.19,0
2026-09-18T12:56:32.565,74.734,246,1.750,-68.1,15.7,19.593,16.01,0
2026-09-18T12:56:32.665,74.833,245,1.750,-273.1,15.6,19.593,16.24,0
2026-09-18T12:56:32.768,74.937,245,1.752,-273.1,15.6,19.593,15.91,0
2026-09-18T12:56:32.864,75.033,245,1.752,-273.1,15.7,19.593,15.79,0
2026-09-18T12:56:32.965,75.134,245,1.757,-273.1,15.8,19.593,16.02,0
2026-09-18T12:56:33.065,75.233,245,1.757,-273.1,15.7,19.593,16.00,0
2026-09-18T12:56:33.167,75.335,245,1.759,-273.1,15.8,19.593,16.10,0
2026-09-18T12:56:33.266,75.435,245,1.759,-273.1,15.8,19.593,15.80,0
2026-09-18T12:56:33.367,75.535,245,1.759,-90.0,15.8,19.593,16.11,0
2026-09-18T12:56:33.467,75.635,245,1.755,-90.0,15.2,19.593,15.72,0
2026-09-18T12:56:33.568,75.736,245,1.754,-273.1,15.7,19.593,16.98,0
2026-09-18T12:56:33.667,75.836,245,1.759,-273.1,15.6,19.593,15.81,0
2026-09-18T12:56:33.771,75.939,245,1.759,-273.1,13.4,19.593,16.37,0
2026-09-18T12:56:33.868,76.036,245,1.755,-273.1,16.1,19.593,16.14,0
2026-09-18T12:56:33.968,76.137,245,1.754,-273.1,15.6,19.593,16.06,0
2026-09-18T12:56:34.068,76.237,245,1.754,-273.1,15.6,19.593,15.82,0
2026-09-18T12:56:34.168,76.337,245,1.754,-273.1,15.7,19.593,15.84,0
2026-09-18T12:56:34.268,76.437,245,1.759,-273.1,15.7,19.593,15.77,0
2026-09-18T12:56:34.369,76.538,245,1.759,-273.1,15.8,19.593,16.16,0
2026-09-18T12:56:34.470,76.639,245,1.760,-273.1,15.6,19.593,15.90,0
2026-09-18T12:56:34.571,76.739,245,1.760,-273.1,15.5,19.593,16.26,0
2026-09-18T12:56:34.672,76.840,245,1.757,-273.1,15.4,19.593,16.21,0
2026-09-18T12:56:34.771,76.940,245,1.755,-273.1,15.7,19.593,16.01,0
2026-09-18T12:56:34.871,77.040,245,1.760,-273.1,15.8,19.593,16.15,0
2026-09-18T12:56:34.972,77.140,245,1.760,-273.1,15.9,19.593,15.89,0
2026-09-18T12:56:35.071,77.239,245,1.759,-273.1,15.7,19.593,15.81,0
2026-09-18T12:56:35.171,77.340,245,1.762,-273.1,15.9,19.593,15.61,0
2026-09-18T12:56:35.272,77.441,245,1.763,-273.1,15.6,19.593,16.01,0
2026-09-18T12:56:35.373,77.541,245,1.763,-90.0,15.5,19.593,16.10,0
2026-09-18T12:56:35.474,77.642,245,1.761,-273.1,15.5,19.593,15.78,0
2026-09-18T12:56:35.573,77.742,245,1.758,-54.8,15.7,19.593,16.14,0
2026-09-18T12:56:35.674,77.842,245,1.764,-273.1,15.6,19.593,16.13,0
2026-09-18T12:56:35.773,77.941,245,1.764,-273.1,15.5,19.593,15.28,0
2026-09-18T12:56:35.873,78.041,245,1.761,-273.1,15.5,19.593,15.95,0
2026-09-18T12:56:35.973,78.142,245,1.762,-273.1,15.8,19.593,16.17,0
2026-09-18T12:56:36.074,78.243,245,1.762,-90.0,15.8,19.593,16.04,0
2026-09-18T12:56:36.176,78.344,245,1.759,-273.1,15.6,19.593,15.85,0
2026-09-18T12:56:36.273,78.442,245,1.766,-90.0,15.8,19.593,15.42,0
2026-09-18T12:56:36.373,78.542,245,1.765,-273.1,15.9,19.593,16.41,0
2026-09-18T12:56:36.474,78.642,245,1.765,-273.1,15.7,19.593,16.12,0
2026-09-18T12:56:36.574,78.743,245,1.765,-273.1,15.6,19.593,16.17,0
2026-09-18T12:56:36.675,78.843,245,1.768,-273.1,15.9,19.593,16.31,0
2026-09-18T12:56:36.775,78.944,245,1.761,-273.1,15.7,19.593,16.13,0
2026-09-18T12:56:36.875,79.043,245,1.761,-90.0,15.8,19.593,16.07,0
2026-09-18T12:56:36.975,79.144,245,1.761,-273.1,14.7,19.593,16.03,0
2026-09-18T12:56:37.077,79.245,245,1.771,-273.1,15.5,19.593,16.17,0
2026-09-18T12:56:37.178,79.347,245,1.762,-273.1,15.6,19.593,16.16,0
2026-09-18T12:56:37.276,79.445,245,1.762,-273.1,15.8,19.593,16.21,0
2026-09-18T12:56:37.376,79.545,245,1.769,-273.1,15.7,19.593,16.15,0
2026-09-18T12:56:37.476,79.645,245,1.769,-273.1,15.3,19.593,16.28,0
2026-09-18T12:56:37.576,79.745,245,1.770,-273.1,15.7,19.593,16.27,0
2026-09-18T12:56:37.677,79.846,245,1.770,-273.1,15.6,19.593,15.56,0
2026-09-18T12:56:37.778,79.947,245,1.770,-273.1,15.5,19.593,15.77,0
2026-09-18T12:56:37.878,80.047,245,1.771,-83.9,15.5,19.593,16.19,0
2026-09-18T12:56:37.978,80.147,245,1.768,-273.1,15.4,19.593,15.93,0
2026-09-18T12:56:38.079,80.248,245,1.768,-273.1,15.5,19.593,16.06,0
2026-09-18T12:56:38.181,80.350,245,1.772,-273.1,15.5,19.593,16.72,0
2026-09-18T12:56:38.279,80.447,245,1.774,-273.1,15.6,19.593,15.85,0
2026-09-18T12:56:38.379,80.547,245,1.775,-273.1,15.6,19.593,15.87,0
2026-09-18T12:56:38.480,80.648,245,1.775,-273.1,15.6,19.593,16.20,0
2026-09-18T12:56:38.579,80.748,245,1.776,-77.4,15.6,19.593,16.11,0
2026-09-18T12:56:38.680,80.848,244,1.773,-273.1,15.6,19.593,16.47,0
2026-09-18T12:56:38.779,80.947,244,1.773,-273.1,15.8,19.593,16.04,0
2026-09-18T12:56:38.878,81.047,243,1.762,-273.1,15.7,19.593,16.08,0
2026-09-18T12:56:38.979,81.148,243,1.763,-273.1,15.8,19.593,16.32,0
2026-09-18T12:56:39.079,81.247,242,1.763,-273.1,15.6,19.593,16.03,0
2026-09-18T12:56:39.179,81.348,242,1.763,-71.8,15.8,19.593,15.77,0
2026-09-18T12:56:39.280,81.449,241,1.765,-273.1,15.8,19.593,15.31,0
2026-09-18T12:56:39.380,81.549,241,1.765,-273.1,15.8,19.593,15.90,0
2026-09-18T12:56:39.480,81.649,240,1.765,-273.1,15.7,19.593,15.90,0
2026-09-18T12:56:39.581,81.749,239,1.765,-273.1,15.8,19.593,16.26,0
2026-09-18T12:56:39.683,81.851,239,1.765,-66.1,15.8,19.593,16.37,0
2026-09-18T12:56:39.780,81.948,238,1.761,-83.9,15.8,19.593,15.75,0
2026-09-18T12:56:39.883,82.052,238,1.758,-273.1,15.8,19.593,15.66,0
2026-09-18T12:56:39.982,82.150,237,1.758,-67.0,15.7,19.593,16.25,0
2026-09-18T12:56:40.083,82.251,237,1.759,-273.1,15.6,19.593,15.61,0
2026-09-18T12:56:40.183,82.352,236,1.754,-273.1,15.7,19.593,15.39,0
2026-09-18T12:56:40.283,82.452,236,1.757,-90.0,15.8,19.593,16.02,0
2026-09-18T12:56:40.384,82.552,236,1.757,-273.1,15.6,19.593,15.88,0
2026-09-18T12:56:40.485,82.653,236,1.760,-273.1,15.1,19.593,15.91,0
2026-09-18T12:56:40.586,82.755,236,1.765,-273.1,15.5,19.593,16.73,0
2026-09-18T12:56:40.686,82.854,236,1.766,-273.1,15.5,19.593,15.84,0
2026-09-18T12:56:40.786,82.954,236,1.766,-273.1,15.5,19.593,15.76,0
2026-09-18T12:56:40.886,83.055,236,1.758,-273.1,15.5,19.593,15.90,0
2026-09-18T12:56:40.986,83.155,236,1.762,-273.1,15.8,19.593,15.79,0
2026-09-18T12:56:41.086,83.254,236,1.762,-273.1,15.6,19.593,15.89,0
2026-09-18T12:56:41.187,83.355,236,1.757,-273.1,15.4,19.593,16.42,0
2026-09-18T12:56:41.288,83.456,236,1.762,-83.9,15.8,19.593,15.51,0
2026-09-18T12:56:41.386,83.555,236,1.754,-273.1,15.6,19.593,15.96,0
2026-09-18T12:56:41.487,83.655,236,1.754,-273.1,15.7,19.593,16.06,0
2026-09-18T12:56:41.587,83.756,236,1.761,-273.1,15.6,19.593,15.66,0
2026-09-18T12:56:41.687,83.856,236,1.756,-273.1,15.6,19.593,15.98,0
2026-09-18T12:56:41.787,83.955,236,1.759,-273.1,16.0,19.593,15.48,0
2026-09-18T12:56:41.888,84.056,236,1.759,-273.1,15.6,19.593,15.80,0
2026-09-18T12:56:41.987,84.156,236,1.763,-273.1,15.6,19.593,16.44,0
2026-09-18T12:56:42.088,84.256,236,1.762,-273.1,15.8,19.593,16.03,0
2026-09-18T12:56:42.188,84.356,236,1.761,-273.1,15.6,19.593,16.07,0
2026-09-18T12:56:42.288,84.457,236,1.761,-273.1,15.5,19.593,15.57,0
2026-09-18T12:56:42.390,84.558,236,1.758,-273.1,15.7,19.593,16.54,0
2026-09-18T12:56:42.490,84.659,236,1.759,-273.1,15.8,19.593,15.98,0
2026-09-18T12:56:42.589,84.757,236,1.762,-273.1,15.6,19.593,16.14,0
2026-09-18T12:56:42.689,84.857,236,1.762,-273.1,15.6,19.593,15.66,0
2026-09-18T12:56:42.789,84.958,236,1.763,-273.1,15.6,19.593,16.49,0
2026-09-18T12:56:42.890,85.058,236,1.762,-273.1,15.7,19.593,16.33,0
2026-09-18T12:56:42.990,85.158,236,1.763,-273.1,15.5,19.593,15.85,0
2026-09-18T12:56:43.090,85.259,236,1.763,-273.1,15.7,19.593,15.99,0
2026-09-18T12:56:43.191,85.360,236,1.768,-273.1,15.7,19.593,15.68,0
2026-09-18T12:56:43.291,85.459,236,1.765,-75.2,15.7,19.593,16.20,0
2026-09-18T12:56:43.390,85.558,236,1.764,-83.9,15.8,19.593,16.02,0
2026-09-18T12:56:43.490,85.659,236,1.764,-273.1,15.7,19.593,16.01,0
2026-09-18T12:56:43.590,85.759,236,1.762,-273.1,15.8,19.593,15.79,0
2026-09-18T12:56:43.691,85.859,235,1.764,-90.0,15.6,19.593,17.37,0
2026-09-18T12:56:43.791,85.960,235,1.764,-273.1,15.6,19.593,16.13,0
2026-09-18T12:56:43.893,86.061,234,1.764,-273.1,15.4,19.593,15.81,0
2026-09-18T12:56:43.994,86.162,234,1.757,-273.1,15.4,19.593,15.73,0
2026-09-18T12:56:44.093,86.262,234,1.756,-273.1,15.4,19.593,15.50,0
2026-09-18T12:56:44.194,86.362,234,1.756,-273.1,15.6,19.593,16.34,0
2026-09-18T12:56:44.294,86.462,234,1.753,-273.1,15.6,19.593,16.00,0
2026-09-18T12:56:44.396,86.564,234,1.752,-273.1,15.4,19.593,15.53,0
2026-09-18T12:56:44.497,86.666,234,1.751,-273.1,15.5,19.593,15.55,0
2026-09-18T12:56:44.596,86.764,234,1.751,-273.1,15.5,19.593,15.90,0
2026-09-18T12:56:44.694,86.863,234,1.750,-273.1,15.5,19.593,15.16,0
2026-09-18T12:56:44.795,86.964,234,1.754,-64.4,15.5,19.593,15.74,0
2026-09-18T12:56:44.896,87.064,234,1.751,-273.1,15.3,19.593,15.64,0
2026-09-18T12:56:44.996,87.165,233,1.751,-273.1,15.6,19.593,15.92,0
2026-09-18T12:56:45.096,87.265,233,1.759,-273.1,15.3,19.593,16.46,0
2026-09-18T12:56:45.197,87.365,233,1.752,-90.0,15.4,19.593,15.76,0
2026-09-18T12:56:45.297,87.466,233,1.757,-273.1,15.4,19.593,15.47,0
2026-09-18T12:56:45.398,87.567,233,1.757,-273.1,15.2,19.593,16.63,0
2026-09-18T12:56:45.498,87.667,233,1.753,-273.1,15.3,19.593,16.25,0
2026-09-18T12:56:45.598,87.766,233,1.755,-273.1,15.6,19.593,15.70,0
2026-09-18T12:56:45.697,87.865,233,1.757,-273.1,15.5,19.593,15.92,0
2026-09-18T12:56:45.798,87.966,232,1.757,-273.1,15.4,19.593,16.02,0
2026-09-18T12:56:45.897,88.066,232,1.755,-90.0,15.7,19.593,16.65,0
2026-09-18T12:56:45.998,88.166,232,1.754,-273.1,15.6,19.593,15.79,0
2026-09-18T12:56:46.098,88.267,232,1.757,-83.9,15.6,19.593,16.62,0
2026-09-18T12:56:46.199,88.368,232,1.757,-273.1,15.5,19.593,15.88,0
2026-09-18T12:56:46.299,88.467,232,1.755,-273.1,15.4,19.593,15.81,0
2026-09-18T12:56:46.401,88.570,232,1.759,-273.1,15.4,19.593,16.84,0
2026-09-18T12:56:46.500,88.669,232,1.759,-80.2,15.1,19.593,15.77,0
2026-09-18T12:56:46.602,88.771,232,1.758,-273.1,15.5,19.593,15.54,0
2026-09-18T12:56:46.700,88.869,232,1.758,-273.1,15.2,19.593,15.47,0
2026-09-18T12:56:46.801,88.969,232,1.756,-64.4,14.9,19.593,15.47,0
2026-09-18T12:56:46.901,89.069,232,1.756,-273.1,15.6,19.593,15.70,0
2026-09-18T12:56:47.000,89.168,232,1.758,-71.8,15.5,19.593,15.82,0
2026-09-18T12:56:47.101,89.269,232,1.758,-273.1,15.4,19.593,15.68,0
2026-09-18T12:56:47.202,89.371,232,1.757,-273.1,15.4,19.593,15.96,0
2026-09-18T12:56:47.304,89.472,232,1.757,-273.1,15.3,19.593,15.65,0
2026-09-18T12:56:47.402,89.571,232,1.759,-273.1,15.5,19.593,15.75,0
2026-09-18T12:56:47.501,89.669,232,1.760,-273.1,15.5,19.593,16.33,0
2026-09-18T12:56:47.601,89.770,232,1.760,-273.1,15.4,19.593,15.21,0
2026-09-18T12:56:47.702,89.871,232,1.760,-67.0,15.6,19.593,17.08,0
2026-09-18T12:56:47.801,89.970,232,1.759,-273.1,15.5,19.593,15.69,0
2026-09-18T12:56:47.902,90.071,232,1.755,-273.1,14.4,19.593,15.72,0
2026-09-18T12:56:48.002,90.170,232,1.763,-273.1,15.6,19.593,16.33,0
2026-09-18T12:56:48.102,90.271,232,1.763,-273.1,15.5,19.593,15.90,0
2026-09-18T12:56:48.203,90.371,232,1.763,-273.1,15.6,19.593,15.53,0
2026-09-18T12:56:48.302,90.471,232,1.758,-273.1,15.5,19.593,15.24,0
2026-09-18T12:56:48.403,90.572,232,1.758,-90.0,15.6,19.593,15.34,0
2026-09-18T12:56:48.504,90.672,232,1.758,-63.6,15.5,19.593,16.95,0
2026-09-18T12:56:48.603,90.772,232,1.763,-273.1,15.4,19.593,17.66,0
2026-09-18T12:56:48.704,90.872,232,1.762,-273.1,15.6,19.593,15.79,0
2026-09-18T12:56:48.803,90.972,232,1.762,-90.0,15.9,19.593,15.76,0
2026-09-18T12:56:48.903,91.072,232,1.758,-273.1,15.9,19.593,16.73,0
2026-09-18T12:56:49.004,91.173,232,1.762,-273.1,15.6,19.593,16.09,0
2026-09-18T12:56:49.105,91.273,232,1.764,-273.1,15.4,19.593,16.07,0
2026-09-18T12:56:49.204,91.372,232,1.764,-273.1,15.8,19.593,15.75,0
2026-09-18T12:56:49.304,91.473,232,1.763,-273.1,15.7,19.593,16.36,0
2026-09-18T12:56:49.404,91.573,232,1.764,-273.1,15.6,19.593,16.04,0
2026-09-18T12:56:49.505,91.673,232,1.761,-273.1,15.7,19.593,15.70,0
2026-09-18T12:56:49.604,91.772,232,1.761,-273.1,15.8,19.593,15.80,0
2026-09-18T12:56:49.705,91.873,232,1.762,-273.1,15.8,19.593,17.10,0
2026-09-18T12:56:49.805,91.973,232,1.766,-83.9,15.6,19.593,16.26,0
2026-09-18T12:56:49.905,92.074,232,1.764,-273.1,15.5,19.593,15.61,0
2026-09-18T12:56:50.005,92.174,232,1.764,-90.0,15.8,19.593,16.47,0
2026-09-18T12:56:50.106,92.275,232,1.763,-273.1,15.6,19.593,15.74,0
2026-09-18T12:56:50.205,92.374,232,1.764,-273.1,15.7,19.593,15.81,0
2026-09-18T12:56:50.305,92.474,231,1.764,-71.8,15.8,19.593,16.51,0
2026-09-18T12:56:50.406,92.574,231,1.764,-273.1,15.9,19.593,15.49,0
2026-09-18T12:56:50.507,92.675,231,1.762,-273.1,15.6,19.593,15.67,0
2026-09-18T12:56:50.607,92.775,231,1.763,-273.1,15.9,19.593,15.92,0
2026-09-18T12:56:50.709,92.878,231,1.764,-273.1,15.7,19.593,15.84,0
2026-09-18T12:56:50.806,92.974,231,1.764,-273.1,15.8,19.593,15.80,0
2026-09-18T12:56:50.906,93.075,231,1.766,-273.1,16.0,19.593,15.95,0
2026-09-18T12:56:51.007,93.175,231,1.764,-273.1,15.8,19.593,15.91,0
2026-09-18T12:56:51.107,93.276,231,1.764,-273.1,15.8,19.593,16.15,0
2026-09-18T12:56:51.208,93.376,231,1.765,-90.0,16.0,19.593,15.64,0
2026-09-18T12:56:51.308,93.477,231,1.766,-69.2,15.7,19.593,17.14,0
2026-09-18T12:56:51.409,93.577,231,1.764,-273.1,16.1,19.593,16.44,0
2026-09-18T12:56:51.509,93.677,231,1.764,-77.4,15.8,19.593,15.81,0
2026-09-18T12:56:51.610,93.778,231,1.765,-273.1,15.6,19.593,16.99,0
2026-09-18T12:56:51.710,93.879,231,1.766,-273.1,15.6,19.593,15.88,0
2026-09-18T12:56:51.811,93.979,231,1.763,-90.0,15.6,19.593,15.88,0
2026-09-18T12:56:51.911,94.079,231,1.763,-273.1,15.4,19.593,15.79,0
2026-09-18T12:56:52.013,94.181,231,1.766,-46.4,15.5,19.593,16.06,0
2026-09-18T12:56:52.112,94.280,231,1.766,-273.1,15.7,19.593,16.24,0
2026-09-18T12:56:52.212,94.381,231,1.767,-273.1,15.4,19.593,15.82,0
2026-09-18T12:56:52.313,94.482,231,1.767,-83.9,15.4,19.593,15.60,0
2026-09-18T12:56:52.413,94.582,231,1.766,-273.1,15.4,19.593,16.28,0
2026-09-18T12:56:52.515,94.683,231,1.769,-273.1,15.5,19.593,15.68,0
2026-09-18T12:56:52.614,94.783,231,1.768,-273.1,15.2,19.593,15.55,0
2026-09-18T12:56:52.714,94.883,231,1.768,-273.1,15.2,19.593,16.07,0
2026-09-18T12:56:52.815,94.983,230,1.766,-77.4,15.3,19.593,15.94,0
2026-09-18T12:56:52.914,95.082,230,1.769,-273.1,15.4,19.593,15.92,0
2026-09-18T12:56:53.014,95.183,230,1.768,-273.1,15.5,19.593,15.83,0
2026-09-18T12:56:53.115,95.284,229,1.768,-273.1,15.5,19.593,15.44,0
2026-09-18T12:56:53.214,95.383,229,1.767,-90.0,15.6,19.593,15.47,0
2026-09-18T12:56:53.315,95.483,228,1.764,-273.1,15.5,19.593,15.79,0
2026-09-18T12:56:53.415,95.584,228,1.758,-273.1,15.4,19.593,15.39,0
2026-09-18T12:56:53.515,95.684,228,1.758,-273.1,15.5,19.593,16.47,0
2026-09-18T12:56:53.616,95.785,228,1.759,-273.1,15.5,19.593,16.74,0
2026-09-18T12:56:53.715,95.884,228,1.762,-273.1,15.4,19.593,15.68,0
2026-09-18T12:56:53.816,95.985,228,1.762,-273.1,15.4,19.593,15.90,0
2026-09-18T12:56:53.916,96.085,228,1.761,-273.1,15.3,19.593,15.83,0
2026-09-18T12:56:54.018,96.186,227,1.764,-273.1,15.3,19.593,15.71,0
2026-09-18T12:56:54.119,96.288,227,1.760,-273.1,15.2,19.593,15.38,0
2026-09-18T12:56:54.218,96.386,226,1.760,-273.1,15.2,19.593,16.00,0
2026-09-18T12:56:54.318,96.487,226,1.757,-273.1,15.3,19.593,16.39,0
2026-09-18T12:56:54.418,96.586,226,1.763,-90.0,15.2,19.593,15.73,0
2026-09-18T12:56:54.518,96.687,226,1.760,-273.1,15.3,19.593,15.80,0
2026-09-18T12:56:54.619,96.787,226,1.760,-83.9,15.3,19.593,15.85,0
2026-09-18T12:56:54.719,96.888,226,1.758,-67.0,15.4,19.593,16.54,0
2026-09-18T12:56:54.819,96.987,226,1.763,-273.1,15.5,19.593,16.33,0
2026-09-18T12:56:54.920,97.088,226,1.759,-273.1,15.1,19.593,15.97,0
2026-09-18T12:56:55.019,97.188,226,1.759,-273.1,15.3,19.593,15.67,0
2026-09-18T12:56:55.120,97.289,226,1.764,-273.1,15.2,19.593,16.85,0
2026-09-18T12:56:55.221,97.390,226,1.765,-273.1,15.0,19.593,15.75,0
2026-09-18T12:56:55.322,97.490,226,1.765,-90.0,15.3,19.593,16.10,0
2026-09-18T12:56:55.425,97.594,226,1.765,-273.1,15.2,19.593,16.13,0
2026-09-18T12:56:55.522,97.691,225,1.761,-273.1,15.2,19.593,16.76,0
2026-09-18T12:56:55.623,97.791,225,1.760,-273.1,15.1,19.593,15.77,0
2026-09-18T12:56:55.722,97.890,225,1.764,-273.1,15.3,19.593,15.46,0
2026-09-18T12:56:55.823,97.991,225,1.764,-273.1,15.2,19.593,16.28,0
2026-09-18T12:56:55.922,98.091,225,1.759,-273.1,15.5,19.593,15.29,0
2026-09-18T12:56:56.022,98.190,224,1.763,-273.1,15.3,19.593,16.03,0
2026-09-18T12:56:56.123,98.291,224,1.755,-273.1,15.1,19.593,16.88,0
2026-09-18T12:56:56.222,98.390,224,1.755,-273.1,15.2,19.593,15.68,0
2026-09-18T12:56:56.322,98.491,224,1.757,-83.9,15.3,19.593,16.54,0
2026-09-18T12:56:56.423,98.591,224,1.753,-65.2,15.2,19.593,15.07,0
2026-09-18T12:56:56.524,98.693,223,1.753,-80.2,15.3,19.593,16.33,0
2026-09-18T12:56:56.625,98.794,223,1.755,-273.1,15.0,19.593,16.13,0
2026-09-18T12:56:56.725,98.894,223,1.756,-273.1,15.0,19.593,15.67,0
2026-09-18T12:56:56.824,98.993,223,1.755,-273.1,15.2,19.593,15.67,0
2026-09-18T12:56:56.923,99.092,223,1.755,-273.1,15.3,19.593,16.07,0
2026-09-18T12:56:57.025,99.194,223,1.758,-273.1,14.2,19.593,16.44,0
2026-09-18T12:56:57.126,99.294,223,1.751,-273.1,15.2,19.593,16.09,0
2026-09-18T12:56:57.226,99.395,223,1.752,-273.1,15.2,19.593,15.90,0
2026-09-18T12:56:57.326,99.494,223,1.752,-273.1,15.3,19.593,15.77,0
2026-09-18T12:56:57.426,99.595,223,1.755,-273.1,15.4,19.593,16.10,0
2026-09-18T12:56:57.526,99.694,223,1.755,-273.1,15.3,19.593,16.37,0
2026-09-18T12:56:57.627,99.795,223,1.757,-73.4,15.3,19.593,16.47,0
2026-09-18T12:56:57.726,99.895,223,1.757,-273.1,15.4,19.593,16.22,0
2026-09-18T12:56:57.825,99.994,223,1.755,-273.1,15.0,19.593,15.36,0
2026-09-18T12:56:57.926,100.094,223,1.757,-273.1,15.3,19.593,16.43,0
2026-09-18T12:56:58.026,100.195,223,1.753,-273.1,15.3,19.593,15.87,0
2026-09-18T12:56:58.126,100.295,223,1.753,-273.1,15.3,19.593,16.65,0
2026-09-18T12:56:58.227,100.395,223,1.754,-273.1,15.3,19.593,15.26,0
2026-09-18T12:56:58.325,100.494,222,1.757,-90.0,15.6,19.593,17.66,0
2026-09-18T12:56:58.426,100.595,222,1.757,-273.1,15.4,19.593,16.26,0
2026-09-18T12:56:58.527,100.695,222,1.757,-273.1,14.9,19.593,15.87,0
2026-09-18T12:56:58.627,100.796,222,1.755,-273.1,15.2,19.593,16.40,0
2026-09-18T12:56:58.728,100.897,222,1.754,-273.1,15.5,19.593,17.11,0
2026-09-18T12:56:58.828,100.997,222,1.756,-63.6,15.3,19.593,17.70,0
2026-09-18T12:56:58.928,101.097,222,1.756,-273.1,15.6,19.593,16.68,0
2026-09-18T12:56:59.028,101.197,222,1.753,-273.1,15.3,19.593,16.71,0
2026-09-18T12:56:59.129,101.298,222,1.753,-273.1,15.3,19.593,16.11,0
2026-09-18T12:56:59.229,101.398,222,1.753,-273.1,15.3,19.593,16.06,0
2026-09-18T12:56:59.330,101.498,222,1.756,-273.1,15.0,19.593,16.02,0
2026-09-18T12:56:59.430,101.599,222,1.757,-273.1,15.2,19.593,16.07,0
2026-09-18T12:56:59.529,101.698,222,1.756,-273.1,15.3,19.593,16.35,0
2026-09-18T12:56:59.630,101.798,222,1.756,-273.1,15.2,19.593,15.72,0
2026-09-18T12:56:59.730,101.899,222,1.756,-90.0,15.2,19.593,15.76,0
2026-09-18T12:56:59.831,102.000,222,1.756,-273.1,15.1,19.593,16.01,0
2026-09-18T12:56:59.930,102.099,222,1.755,-273.1,15.3,19.593,16.31,0
2026-09-18T12:57:00.031,102.200,222,1.755,-273.1,15.0,19.593,16.24,0
2026-09-18T12:57:00.130,102.299,222,1.758,-273.1,15.4,19.593,16.20,0
2026-09-18T12:57:00.231,102.400,222,1.754,-273.1,15.4,19.593,16.05,0
2026-09-18T12:57:00.331,102.499,222,1.756,-90.0,15.7,19.593,16.19,0
2026-09-18T12:57:00.431,102.599,222,1.756,-90.0,15.3,19.593,15.90,0
2026-09-18T12:57:00.531,102.699,222,1.758,-90.0,15.5,19.593,15.73,0
2026-09-18T12:57:00.632,102.801,222,1.758,-273.1,15.2,19.593,15.96,0
2026-09-18T12:57:00.733,102.902,222,1.756,-273.1,15.5,19.593,16.12,0
2026-09-18T12:57:00.834,103.002,222,1.756,-273.1,15.3,19.593,16.11,0
2026-09-18T12:57:00.934,103.103,222,1.756,-273.1,15.2,19.593,15.96,0
2026-09-18T12:57:01.034,103.202,222,1.755,-75.2,15.2,19.593,16.59,0
2026-09-18T12:57:01.134,103.303,222,1.753,-273.1,15.2,19.593,17.01,0
2026-09-18T12:57:01.235,103.403,222,1.753,-273.1,15.1,19.593,16.38,0
2026-09-18T12:57:01.336,103.504,222,1.759,-83.9,15.3,19.593,15.81,0
2026-09-18T12:57:01.436,103.604,222,1.755,-77.4,15.5,19.593,17.14,0
2026-09-18T12:57:01.535,103.704,222,1.755,-273.1,15.2,19.593,16.37,0
2026-09-18T12:57:01.634,103.803,222,1.755,-90.0,15.2,19.593,15.47,0
2026-09-18T12:57:01.734,103.903,222,1.756,-83.9,15.4,19.593,16.32,0
2026-09-18T12:57:01.835,104.003,222,1.757,-273.1,15.2,19.593,16.51,0
2026-09-18T12:57:01.935,104.104,222,1.757,-90.0,15.3,19.593,16.65,0
2026-09-18T12:57:02.036,104.205,222,1.756,-273.1,15.0,19.593,16.36,0
2026-09-18T12:57:02.137,104.305,222,1.754,-273.1,15.2,19.593,16.44,0
2026-09-18T12:57:02.237,104.406,222,1.754,-273.1,15.1,19.593,16.20,0
2026-09-18T12:57:02.336,104.505,222,1.754,-273.1,15.0,19.593,15.87,0
2026-09-18T12:57:02.437,104.606,222,1.759,-273.1,15.3,19.593,15.96,0
2026-09-18T12:57:02.537,104.705,221,1.755,-273.1,15.5,19.593,16.17,0
2026-09-18T12:57:02.637,104.806,221,1.759,-273.1,15.2,19.593,16.32,0
2026-09-18T12:57:02.738,104.906,221,1.759,-273.1,15.2,19.593,15.51,0
2026-09-18T12:57:02.838,105.007,221,1.759,-273.1,15.1,19.593,16.59,0
2026-09-18T12:57:02.939,105.107,221,1.757,-273.1,15.4,19.593,16.02,0
2026-09-18T12:57:03.039,105.208,221,1.754,-273.1,15.5,19.593,16.07,0
2026-09-18T12:57:03.139,105.308,221,1.754,-273.1,15.1,19.593,15.91,0
2026-09-18T12:57:03.240,105.408,221,1.758,-273.1,15.2,19.593,16.59,0
2026-09-18T12:57:03.342,105.510,221,1.758,-273.1,15.0,19.593,16.25,0
2026-09-18T12:57:03.441,105.610,221,1.758,-273.1,15.2,19.593,15.06,0
2026-09-18T12:57:03.542,105.711,221,1.758,-273.1,15.0,19.593,16.03,0
2026-09-18T12:57:03.642,105.810,220,1.759,-273.1,15.2,19.593,15.84,0
2026-09-18T12:57:03.741,105.909,220,1.757,-273.1,15.3,19.593,17.39,0
2026-09-18T12:57:03.841,106.010,220,1.756,-273.1,15.0,19.593,15.86,0
2026-09-18T12:57:03.941,106.110,220,1.756,-273.1,15.2,19.593,16.03,0
2026-09-18T12:57:04.042,106.211,220,1.762,-273.1,15.2,19.593,16.16,0
2026-09-18T12:57:04.142,106.311,220,1.757,-65.2,15.1,19.593,16.51,0
2026-09-18T12:57:04.241,106.410,220,1.757,-273.1,15.7,19.593,15.56,0
2026-09-18T12:57:04.343,106.511,220,1.759,-273.1,15.5,19.593,16.20,0
2026-09-18T12:57:04.442,106.611,220,1.758,-273.1,15.0,19.593,15.41,0
2026-09-18T12:57:04.542,106.710,219,1.762,-273.1,15.2,19.593,16.39,0
2026-09-18T12:57:04.642,106.811,219,1.762,-273.1,15.2,19.593,15.84,0
2026-09-18T12:57:04.744,106.913,219,1.749,-273.1,15.3,19.593,15.93,0
2026-09-18T12:57:04.843,107.012,219,1.752,-273.1,15.3,19.593,16.39,0
2026-09-18T12:57:04.944,107.112,219,1.750,-273.1,15.1,19.593,15.59,0
2026-09-18T12:57:05.044,107.213,219,1.750,-273.1,14.9,19.593,16.36,0
2026-09-18T12:57:05.145,107.314,218,1.752,-273.1,15.1,19.593,16.22,0
2026-09-18T12:57:05.246,107.415,218,1.750,-273.1,15.1,19.593,15.39,0
2026-09-18T12:57:05.346,107.514,218,1.748,-273.1,15.0,19.593,16.14,0
2026-09-18T12:57:05.446,107.615,218,1.748,-273.1,15.1,19.593,14.90,0
2026-09-18T12:57:05.547,107.715,218,1.750,-273.1,15.3,19.593,16.14,0
2026-09-18T12:57:05.647,107.816,218,1.751,-273.1,15.2,19.593,16.39,0
2026-09-18T12:57:05.746,107.915,218,1.747,-273.1,15.1,19.593,16.46,0
2026-09-18T12:57:05.848,108.016,218,1.747,-273.1,15.2,19.593,16.05,0
2026-09-18T12:57:05.948,108.117,218,1.747,-273.1,15.1,19.593,16.51,0
2026-09-18T12:57:06.051,108.220,218,1.749,-273.1,15.1,19.593,16.21,0
2026-09-18T12:57:06.149,108.317,218,1.752,-273.1,15.3,19.593,16.32,0
2026-09-18T12:57:06.250,108.418,218,1.752,-273.1,15.6,19.593,15.17,0
2026-09-18T12:57:06.351,108.519,218,1.745,-273.1,15.3,19.593,16.24,0
2026-09-18T12:57:06.451,108.620,218,1.752,-273.1,15.4,19.593,16.39,0
2026-09-18T12:57:06.551,108.719,218,1.748,-273.1,15.3,19.593,15.78,0
2026-09-18T12:57:06.651,108.820,218,1.748,-77.4,15.4,19.593,16.04,0
2026-09-18T12:57:06.751,108.920,218,1.751,-273.1,15.2,19.593,16.16,0
2026-09-18T12:57:06.852,109.021,218,1.752,-273.1,15.4,19.593,16.01,0
2026-09-18T12:57:06.952,109.120,218,1.747,-83.9,15.5,19.593,15.54,0
2026-09-18T12:57:07.052,109.221,218,1.747,-273.1,15.3,19.593,16.05,0
2026-09-18T12:57:07.153,109.321,218,1.753,-273.1,15.5,19.593,15.99,0
2026-09-18T12:57:07.252,109.421,218,1.753,-273.1,15.3,19.593,14.80,0
2026-09-18T12:57:07.353,109.522,218,1.753,-273.1,15.3,19.593,16.31,0
2026-09-18T12:57:07.452,109.621,218,1.748,-273.1,15.3,19.593,15.73,0
2026-09-18T12:57:07.553,109.721,218,1.746,-273.1,15.2,19.593,15.50,0
2026-09-18T12:57:07.653,109.822,218,1.749,-273.1,15.3,19.593,16.10,0
2026-09-18T12:57:07.753,109.921,218,1.749,-273.1,15.3,19.593,15.70,0
2026-09-18T12:57:07.853,110.022,218,1.747,-273.1,15.4,19.593,16.40,0
2026-09-18T12:57:07.955,110.123,218,1.753,-83.9,15.4,19.593,16.23,0
2026-09-18T12:57:08.058,110.226,218,1.748,-273.1,15.4,19.593,16.05,0
2026-09-18T12:57:08.158,110.327,218,1.748,-273.1,15.6,19.593,15.91,0
2026-09-18T12:57:08.256,110.425,218,1.748,-273.1,15.3,19.593,15.78,0
2026-09-18T12:57:08.355,110.524,218,1.753,-273.1,15.3,19.593,16.01,0
2026-09-18T12:57:08.456,110.624,218,1.753,-273.1,15.3,19.593,16.73,0
2026-09-18T12:57:08.555,110.724,218,1.753,-80.2,15.3,19.593,15.61,0
2026-09-18T12:57:08.656,110.825,218,1.749,-273.1,15.4,19.593,15.52,0
2026-09-18T12:57:08.755,110.924,218,1.753,-273.1,15.2,19.593,15.68,0
2026-09-18T12:57:08.856,111.025,218,1.747,-80.2,15.2,19.593,16.62,0
2026-09-18T12:57:08.955,111.124,218,1.747,-273.1,15.4,19.593,15.98,0
2026-09-18T12:57:09.056,111.224,218,1.750,-273.1,15.3,19.593,15.69,0
2026-09-18T12:57:09.155,111.324,218,1.755,-273.1,15.3,19.593,15.80,0
2026-09-18T12:57:09.256,111.425,218,1.753,-90.0,15.4,19.593,16.77,0
2026-09-18T12:57:09.357,111.525,218,1.753,-273.1,15.2,19.593,15.94,0
2026-09-18T12:57:09.456,111.625,218,1.753,-273.1,15.2,19.593,15.88,0
2026-09-18T12:57:09.557,111.726,218,1.754,-273.1,15.2,19.593,16.22,0
2026-09-18T12:57:09.657,111.825,218,1.754,-273.1,15.2,19.593,16.58,0
2026-09-18T12:57:09.758,111.927,218,1.753,-273.1,15.3,19.593,16.05,0
2026-09-18T12:57:09.858,112.027,218,1.749,-273.1,15.2,19.593,15.35,0
2026-09-18T12:57:09.957,112.126,218,1.750,-273.1,15.2,19.593,15.97,0
2026-09-18T12:57:10.058,112.226,218,1.750,-273.1,15.2,19.593,15.87,0
2026-09-18T12:57:10.158,112.327,218,1.747,-83.9,15.6,19.593,15.58,0
2026-09-18T12:57:10.258,112.427,218,1.752,-80.2,15.3,19.593,14.98,0
2026-09-18T12:57:10.359,112.528,218,1.753,-273.1,15.2,19.593,16.32,0
2026-09-18T12:57:10.458,112.627,218,1.753,-273.1,15.2,19.593,16.77,0
2026-09-18T12:57:10.558,112.726,218,1.753,-273.1,15.2,19.593,15.51,0
2026-09-18T12:57:10.659,112.827,218,1.756,-273.1,15.2,19.593,16.63,0
2026-09-18T12:57:10.759,112.928,218,1.753,-273.1,15.2,19.593,15.85,0
2026-09-18T12:57:10.860,113.029,218,1.753,-273.1,15.2,19.593,15.23,0
2026-09-18T12:57:10.960,113.129,218,1.755,-273.1,15.3,19.593,15.64,0
2026-09-18T12:57:11.061,113.229,218,1.748,-273.1,15.3,19.593,15.72,0
2026-09-18T12:57:11.161,113.330,218,1.753,-273.1,15.4,19.593,15.43,0
2026-09-18T12:57:11.261,113.429,217,1.753,-273.1,15.2,19.593,15.80,0
2026-09-18T12:57:11.361,113.530,217,1.751,-66.1,15.4,19.593,16.36,0
2026-09-18T12:57:11.462,113.630,217,1.745,-273.1,15.1,19.593,15.51,0
2026-09-18T12:57:11.562,113.731,217,1.748,-273.1,15.3,19.593,16.46,0
2026-09-18T12:57:11.663,113.831,217,1.748,-273.1,15.4,19.593,16.33,0
2026-09-18T12:57:11.762,113.931,217,1.746,-273.1,15.2,19.593,16.17,0
2026-09-18T12:57:11.863,114.031,217,1.748,-273.1,15.2,19.593,15.93,0
2026-09-18T12:57:11.963,114.131,217,1.750,-273.1,15.3,19.593,15.80,0
2026-09-18T12:57:12.063,114.232,217,1.750,-273.1,15.2,19.593,15.01,0
2026-09-18T12:57:12.163,114.332,217,1.751,-273.1,15.5,19.593,15.30,0
2026-09-18T12:57:12.264,114.433,217,1.751,-273.1,15.6,19.593,15.96,0
2026-09-18T12:57:12.365,114.533,217,1.751,-273.1,15.2,19.593,16.31,0
2026-09-18T12:57:12.464,114.632,217,1.750,-273.1,15.3,19.593,15.20,0
2026-09-18T12:57:12.563,114.732,217,1.751,-90.0,15.3,19.593,16.04,0
2026-09-18T12:57:12.663,114.832,217,1.749,-273.1,15.3,19.593,15.76,0
2026-09-18T12:57:12.764,114.933,217,1.749,-273.1,15.6,19.593,15.91,0
2026-09-18T12:57:12.864,115.033,217,1.752,-273.1,15.3,19.593,16.22,0
2026-09-18T12:57:12.968,115.137,217,1.752,-273.1,15.4,19.593,16.22,0
2026-09-18T12:57:13.066,115.235,217,1.749,-273.1,15.5,19.593,15.99,0
2026-09-18T12:57:13.166,115.335,217,1.749,-273.1,15.6,19.593,16.02,0
2026-09-18T12:57:13.267,115.436,217,1.757,-273.1,15.5,19.593,16.63,0
2026-09-18T12:57:13.366,115.535,217,1.758,-273.1,15.4,19.593,15.92,0
2026-09-18T12:57:13.467,115.636,217,1.753,-273.1,15.3,19.593,16.31,0
2026-09-18T12:57:13.566,115.735,217,1.753,-273.1,15.5,19.593,16.32,0
2026-09-18T12:57:13.667,115.836,217,1.754,-273.1,15.3,19.593,15.67,0
2026-09-18T12:57:13.767,115.935,217,1.753,-273.1,15.2,19.593,16.28,0
2026-09-18T12:57:13.867,116.036,217,1.753,-273.1,15.2,19.593,16.01,0
2026-09-18T12:57:13.968,116.137,217,1.753,-273.1,15.5,19.593,15.98,0
2026-09-18T12:57:14.069,116.237,217,1.758,-90.0,15.6,19.593,16.24,0
2026-09-18T12:57:14.170,116.338,217,1.754,-90.0,15.8,19.593,16.19,0
2026-09-18T12:57:14.269,116.437,217,1.754,-273.1,15.4,19.593,15.75,0
2026-09-18T12:57:14.371,116.540,217,1.754,-273.1,15.1,19.593,16.05,0
2026-09-18T12:57:14.469,116.638,217,1.752,-90.0,15.5,19.593,16.17,0
2026-09-18T12:57:14.570,116.738,217,1.756,-273.1,15.4,19.593,16.14,0
2026-09-18T12:57:14.670,116.839,217,1.755,-70.4,15.5,19.593,15.61,0
2026-09-18T12:57:14.771,116.939,217,1.755,-273.1,15.6,19.593,16.38,0
2026-09-18T12:57:14.872,117.040,217,1.753,-90.0,15.8,19.593,16.35,0
2026-09-18T12:57:14.971,117.139,217,1.753,-273.1,15.6,19.593,16.72,0
2026-09-18T12:57:15.071,117.239,217,1.753,-273.1,15.4,19.593,15.62,0
2026-09-18T12:57:15.172,117.341,217,1.752,-273.1,15.3,19.593,14.87,0
2026-09-18T12:57:15.272,117.440,217,1.755,-80.2,15.3,19.593,15.10,0
2026-09-18T12:57:15.370,117.539,217,1.751,-273.1,15.5,19.593,16.41,0
2026-09-18T12:57:15.471,117.640,217,1.751,-273.1,15.4,19.593,15.87,0
2026-09-18T12:57:15.571,117.740,217,1.756,-273.1,15.6,19.593,15.61,0
2026-09-18T12:57:15.673,117.842,217,1.757,-273.1,15.3,19.593,16.83,0
2026-09-18T12:57:15.774,117.942,217,1.756,-273.1,15.4,19.593,15.94,0
2026-09-18T12:57:15.874,118.043,217,1.756,-67.0,16.0,19.593,15.89,0
2026-09-18T12:57:15.975,118.143,217,1.753,-273.1,15.7,19.593,15.89,0
2026-09-18T12:57:16.075,118.244,217,1.756,-273.1,15.8,19.593,16.38,0
2026-09-18T12:57:16.176,118.345,217,1.751,-273.1,15.8,19.593,15.43,0
2026-09-18T12:57:16.277,118.446,217,1.751,-273.1,15.9,19.593,15.00,0
2026-09-18T12:57:16.377,118.546,217,1.753,-273.1,15.9,19.593,15.57,0
2026-09-18T12:57:16.478,118.646,217,1.746,-67.0,15.9,19.593,16.69,0
2026-09-18T12:57:16.578,118.747,217,1.749,-273.1,15.9,19.593,16.13,0
2026-09-18T12:57:16.678,118.847,217,1.749,-273.1,15.9,19.593,15.76,0
2026-09-18T12:57:16.779,118.948,217,1.753,-273.1,15.8,19.593,15.87,0
2026-09-18T12:57:16.880,119.048,217,1.750,-273.1,15.6,19.593,15.91,0
2026-09-18T12:57:16.981,119.149,217,1.752,-273.1,15.8,19.593,15.87,0
2026-09-18T12:57:17.079,119.248,217,1.752,-75.2,15.9,19.593,16.07,0
2026-09-18T12:57:17.180,119.348,217,1.751,-273.1,15.8,19.593,15.88,0
2026-09-18T12:57:17.280,119.449,217,1.755,-273.1,15.9,19.593,15.86,0
2026-09-18T12:57:17.380,119.549,217,1.749,-273.1,15.0,19.593,15.48,0
2026-09-18T12:57:17.480,119.649,217,1.749,-273.1,15.8,19.593,16.01,0
2026-09-18T12:57:17.581,119.750,217,1.751,-273.1,16.0,19.593,15.83,0
2026-09-18T12:57:17.682,119.850,217,1.751,-273.1,15.9,19.593,16.13,0
2026-09-18T12:57:17.781,119.949,217,1.751,-273.1,16.0,19.593,15.79,0
2026-09-18T12:57:17.881,120.050,217,1.752,-83.9,15.9,19.593,16.24,0
2026-09-18T12:57:17.983,120.152,217,1.749,-273.1,16.0,19.593,15.53,0
2026-09-18T12:57:18.081,120.250,217,1.754,-83.9,16.0,19.593,15.49,0
2026-09-18T12:57:18.181,120.350,217,1.754,-90.0,16.1,19.593,15.91,0
2026-09-18T12:57:18.281,120.450,217,1.751,-273.1,16.2,19.593,15.70,0
2026-09-18T12:57:18.382,120.551,217,1.751,-273.1,16.0,19.593,16.67,0
2026-09-18T12:57:18.483,120.651,217,1.754,-273.1,15.9,19.593,16.65,0
2026-09-18T12:57:18.582,120.751,217,1.754,-90.0,16.0,19.593,15.81,0
2026-09-18T12:57:18.683,120.852,217,1.751,-273.1,15.7,19.593,16.38,0
2026-09-18T12:57:18.784,120.953,217,1.752,-273.1,15.8,19.593,16.10,0
2026-09-18T12:57:18.883,121.052,217,1.753,-273.1,15.9,19.593,16.17,0
2026-09-18T12:57:18.982,121.151,217,1.753,-273.1,15.9,19.593,15.57,0
2026-09-18T12:57:19.083,121.252,217,1.750,-273.1,15.9,19.593,15.58,0
2026-09-18T12:57:19.183,121.352,217,1.755,-83.9,15.9,19.593,16.30,0
2026-09-18T12:57:19.284,121.452,217,1.755,-273.1,16.0,19.593,16.31,0
2026-09-18T12:57:19.385,121.553,217,1.755,-273.1,16.1,19.593,16.73,0
2026-09-18T12:57:19.484,121.652,217,1.758,-273.1,16.0,19.593,16.31,0
2026-09-18T12:57:19.584,121.753,217,1.752,-90.0,16.1,19.593,15.75,0
2026-09-18T12:57:19.684,121.852,217,1.753,-273.1,15.8,19.593,16.71,0
2026-09-18T12:57:19.784,121.953,217,1.753,-273.1,16.0,19.593,16.28,0
2026-09-18T12:57:19.884,122.053,217,1.752,-273.1,15.8,19.593,15.55,0
2026-09-18T12:57:19.985,122.153,217,1.760,-273.1,15.7,19.593,16.07,0
2026-09-18T12:57:20.085,122.254,217,1.754,-273.1,16.0,19.593,15.71,0
2026-09-18T12:57:20.185,122.354,217,1.754,-273.1,15.9,19.593,16.10,0
2026-09-18T12:57:20.286,122.454,217,1.752,-273.1,15.7,19.593,17.04,0
2026-09-18T12:57:20.387,122.555,217,1.753,-90.0,15.9,19.593,15.46,0
2026-09-18T12:57:20.487,122.656,217,1.753,-55.2,16.0,19.593,15.20,0
2026-09-18T12:57:20.588,122.756,217,1.751,-68.1,15.9,19.593,17.39,0
2026-09-18T12:57:20.689,122.857,217,1.755,-273.1,15.9,19.593,16.55,0
2026-09-18T12:57:20.788,122.957,217,1.754,-273.1,15.8,19.593,15.24,0
2026-09-18T12:57:20.889,123.057,217,1.754,-273.1,15.8,19.593,15.43,0
2026-09-18T12:57:20.988,123.157,217,1.750,-273.1,16.0,19.593,16.05,0
2026-09-18T12:57:21.089,123.257,217,1.750,-273.1,16.0,19.593,15.87,0
2026-09-18T12:57:21.190,123.359,217,1.750,-273.1,16.0,19.593,15.62,0
2026-09-18T12:57:21.290,123.458,217,1.750,-273.1,15.7,19.593,15.70,0
2026-09-18T12:57:21.390,123.558,217,1.752,-273.1,15.7,19.593,16.47,0
2026-09-18T12:57:21.489,123.657,217,1.753,-273.1,16.0,19.593,15.27,0
2026-09-18T12:57:21.589,123.758,217,1.748,-90.0,16.0,19.593,15.77,0
2026-09-18T12:57:21.689,123.857,217,1.748,-273.1,15.5,19.593,16.28,0
2026-09-18T12:57:21.791,123.960,217,1.753,-273.1,16.2,19.593,15.81,0
2026-09-18T12:57:21.889,124.058,217,1.750,-273.1,15.3,19.593,15.83,0
2026-09-18T12:57:21.990,124.158,217,1.748,-273.1,15.9,19.593,15.69,0
2026-09-18T12:57:22.090,124.259,217,1.748,-273.1,15.8,19.593,16.07,0
2026-09-18T12:57:22.191,124.359,217,1.752,-273.1,15.9,19.593,15.39,0
2026-09-18T12:57:22.291,124.459,217,1.750,-273.1,15.8,19.593,16.10,0
2026-09-18T12:57:22.391,124.560,217,1.749,-83.9,16.1,19.593,17.54,0
2026-09-18T12:57:22.492,124.661,217,1.749,-273.1,15.7,19.593,16.58,0
2026-09-18T12:57:22.593,124.761,217,1.754,-273.1,15.9,19.593,15.91,0
2026-09-18T12:57:22.693,124.861,217,1.753,-273.1,15.8,19.593,16.31,0
2026-09-18T12:57:22.793,124.961,217,1.753,-273.1,16.0,19.593,16.40,0
2026-09-18T12:57:22.893,125.062,217,1.753,-273.1,15.8,19.593,16.28,0
2026-09-18T12:57:22.994,125.163,217,1.753,-90.0,15.9,19.593,16.44,0
2026-09-18T12:57:23.095,125.263,217,1.751,-273.1,15.8,19.593,15.06,0
2026-09-18T12:57:23.194,125.363,217,1.751,-66.1,15.9,19.593,16.07,0
2026-09-18T12:57:23.295,125.463,217,1.753,-273.1,15.7,19.593,16.13,0
2026-09-18T12:57:23.395,125.564,217,1.749,-273.1,15.7,19.593,16.17,0
2026-09-18T12:57:23.496,125.664,217,1.752,-273.1,15.7,19.593,15.87,0
2026-09-18T12:57:23.596,125.765,217,1.752,-273.1,15.6,19.593,15.71,0
2026-09-18T12:57:23.695,125.864,217,1.753,-273.1,15.6,19.593,16.32,0
2026-09-18T12:57:23.796,125.965,217,1.753,-273.1,15.7,19.593,15.46,0
2026-09-18T12:57:23.897,126.066,217,1.745,-83.9,15.6,19.593,16.26,0
2026-09-18T12:57:23.998,126.167,217,1.745,-273.1,15.2,19.593,15.62,0
2026-09-18T12:57:24.100,126.269,217,1.750,-273.1,15.4,19.593,16.30,0
2026-09-18T12:57:24.198,126.367,217,1.747,-273.1,15.4,19.593,16.29,0
2026-09-18T12:57:24.299,126.467,217,1.751,-273.1,15.3,19.593,15.52,0
2026-09-18T12:57:24.400,126.568,217,1.751,-273.1,15.4,19.593,15.69,0
2026-09-18T12:57:24.500,126.669,217,1.747,-273.1,15.3,19.593,15.96,0
2026-09-18T12:57:24.599,126.768,217,1.752,-273.1,15.3,19.593,15.92,0
2026-09-18T12:57:24.700,126.869,217,1.749,-273.1,15.4,19.593,15.55,0
2026-09-18T12:57:24.801,126.969,217,1.749,-273.1,15.5,19.593,15.90,0
2026-09-18T12:57:24.902,127.070,217,1.753,-273.1,15.3,19.593,16.28,0
2026-09-18T12:57:25.003,127.171,217,1.751,-273.1,15.4,19.593,15.79,0
2026-09-18T12:57:25.100,127.269,217,1.746,-273.1,15.2,19.593,16.01,0
2026-09-18T12:57:25.201,127.370,217,1.746,-273.1,15.6,19.593,15.39,0
2026-09-18T12:57:25.301,127.470,217,1.745,-273.1,15.3,19.593,16.38,0
2026-09-18T12:57:25.401,127.570,217,1.747,-273.1,15.2,19.593,16.10,0
2026-09-18T12:57:25.504,127.673,217,1.748,-273.1,15.3,19.593,15.35,0
2026-09-18T12:57:25.601,127.770,217,1.748,-273.1,15.2,19.593,15.35,0
2026-09-18T12:57:25.702,127.870,217,1.750,-273.1,15.4,19.593,16.73,0
2026-09-18T12:57:25.802,127.971,217,1.752,-273.1,15.0,19.593,15.18,0
2026-09-18T12:57:25.901,128.070,217,1.752,-273.1,15.4,19.593,15.28,0
2026-09-18T12:57:26.002,128.171,217,1.748,-273.1,15.4,19.593,16.94,0
2026-09-18T12:57:26.103,128.271,217,1.748,-90.0,15.6,19.593,15.40,0
2026-09-18T12:57:26.201,128.370,217,1.749,-273.1,15.6,19.593,15.97,0
2026-09-18T12:57:26.302,128.470,217,1.749,-273.1,15.6,19.593,15.74,0
2026-09-18T12:57:26.402,128.571,217,1.754,-273.1,15.5,19.593,15.99,0
2026-09-18T12:57:26.502,128.670,217,1.750,-273.1,16.0,19.593,16.16,0
2026-09-18T12:57:26.603,128.771,217,1.752,-273.1,15.3,19.593,15.73,0
2026-09-18T12:57:26.703,128.872,217,1.752,-273.1,15.5,19.593,15.76,0
2026-09-18T12:57:26.803,128.971,217,1.753,-273.1,15.4,19.593,15.97,0
2026-09-18T12:57:26.903,129.072,217,1.758,-273.1,15.3,19.593,16.34,0
2026-09-18T12:57:27.003,129.172,217,1.751,-90.0,15.5,19.593,16.31,0
2026-09-18T12:57:27.104,129.273,217,1.751,-273.1,15.1,19.593,15.28,0
2026-09-18T12:57:27.203,129.372,217,1.751,-273.1,15.4,19.593,16.14,0
2026-09-18T12:57:27.304,129.472,217,1.751,-273.1,15.7,19.593,15.87,0
2026-09-18T12:57:27.403,129.572,217,1.754,-273.1,15.6,19.593,16.55,0
2026-09-18T12:57:27.506,129.675,217,1.754,-273.1,15.3,19.593,16.31,0
2026-09-18T12:57:27.604,129.773,217,1.755,-273.1,15.6,19.593,15.69,0
2026-09-18T12:57:27.704,129.873,217,1.751,-273.1,15.4,19.593,16.07,0
2026-09-18T12:57:27.805,129.973,217,1.750,-273.1,15.3,19.593,16.38,0
2026-09-18T12:57:27.905,130.074,217,1.750,-90.0,15.3,19.593,15.76,0
2026-09-18T12:57:28.007,130.175,217,1.748,-273.1,15.2,19.593,15.66,0
2026-09-18T12:57:28.105,130.274,217,1.751,-273.1,15.3,19.593,14.99,0
2026-09-18T12:57:28.206,130.375,217,1.751,-273.1,15.3,19.593,15.91,0
2026-09-18T12:57:28.307,130.476,217,1.747,-273.1,15.1,19.593,16.52,0
2026-09-18T12:57:28.406,130.575,217,1.748,-273.1,15.3,19.593,15.61,0
2026-09-18T12:57:28.507,130.675,217,1.756,-273.1,15.0,19.593,15.64,0
2026-09-18T12:57:28.607,130.776,217,1.756,-273.1,15.1,19.593,16.22,0
2026-09-18T12:57:28.709,130.878,217,1.747,-273.1,15.3,19.593,16.25,0
2026-09-18T12:57:28.808,130.977,217,1.751,-273.1,15.2,19.593,15.31,0
2026-09-18T12:57:28.909,131.077,217,1.746,-273.1,15.0,19.593,17.02,0
2026-09-18T12:57:29.008,131.177,217,1.746,-71.8,15.2,19.593,15.92,0
2026-09-18T12:57:29.109,131.277,217,1.753,-273.1,15.3,19.593,14.84,0
2026-09-18T12:57:29.209,131.378,217,1.754,-273.1,15.1,19.593,15.73,0
2026-09-18T12:57:29.310,131.479,217,1.749,-273.1,15.1,19.593,16.38,0
2026-09-18T12:57:29.409,131.578,217,1.749,-273.1,15.2,19.593,16.17,0
2026-09-18T12:57:29.510,131.678,217,1.745,-273.1,15.2,19.593,15.31,0
2026-09-18T12:57:29.610,131.779,217,1.747,-83.9,15.2,19.593,16.48,0
2026-09-18T12:57:29.711,131.880,217,1.747,-77.4,15.3,19.593,16.05,0
2026-09-18T12:57:29.811,131.980,217,1.747,-273.1,15.1,19.593,15.38,0
2026-09-18T12:57:29.914,132.082,217,1.752,-273.1,15.0,19.593,16.90,0
2026-09-18T12:57:30.011,132.180,217,1.753,-273.1,15.1,19.593,15.75,0
2026-09-18T12:57:30.110,132.279,217,1.752,-273.1,15.2,19.593,15.70,0
2026-09-18T12:57:30.210,132.379,217,1.752,-273.1,15.0,19.593,16.18,0
2026-09-18T12:57:30.311,132.479,217,1.748,-273.1,15.2,19.593,16.16,0
2026-09-18T12:57:30.411,132.580,217,1.751,-273.1,15.1,19.593,15.55,0
2026-09-18T12:57:30.510,132.679,217,1.756,-273.1,15.2,19.593,15.42,0
2026-09-18T12:57:30.611,132.779,217,1.756,-90.0,15.3,19.593,15.35,0
2026-09-18T12:57:30.710,132.878,217,1.754,-273.1,15.1,19.593,16.26,0
2026-09-18T12:57:30.810,132.979,217,1.752,-83.9,15.3,19.593,15.17,0
2026-09-18T12:57:30.912,133.081,217,1.752,-273.1,15.2,19.593,15.94,0
2026-09-18T12:57:31.011,133.179,217,1.749,-273.1,15.2,19.593,16.07,0
2026-09-18T12:57:31.111,133.279,217,1.751,-273.1,15.3,19.593,15.77,0
2026-09-18T12:57:31.210,133.379,217,1.754,-77.4,15.4,19.593,15.69,0
2026-09-18T12:57:31.311,133.479,217,1.754,-273.1,15.3,19.593,16.28,0
2026-09-18T12:57:31.410,133.579,217,1.749,-273.1,15.3,19.593,15.43,0
2026-09-18T12:57:31.511,133.680,217,1.752,-273.1,15.4,19.593,16.03,0
2026-09-18T12:57:31.610,133.779,217,1.751,-273.1,15.3,19.593,16.09,0
2026-09-18T12:57:31.711,133.880,217,1.751,-273.1,15.3,19.593,16.74,0
2026-09-18T12:57:31.811,133.980,217,1.756,-273.1,15.4,19.593,15.94,0
2026-09-18T12:57:31.911,134.079,217,1.747,-273.1,15.5,19.593,15.47,0
2026-09-18T12:57:32.011,134.179,217,1.752,-273.1,15.4,19.593,16.45,0
2026-09-18T12:57:32.111,134.280,217,1.752,-273.1,15.5,19.593,16.53,0
2026-09-18T12:57:32.214,134.382,217,1.752,-273.1,15.3,19.593,16.54,0
2026-09-18T12:57:32.312,134.481,217,1.752,-273.1,15.4,19.593,16.10,0
2026-09-18T12:57:32.413,134.581,217,1.756,-273.1,15.1,19.593,15.39,0
2026-09-18T12:57:32.513,134.681,217,1.756,-273.1,14.1,19.593,15.76,0
2026-09-18T12:57:32.612,134.781,217,1.752,-273.1,15.2,19.593,16.70,0
2026-09-18T12:57:32.713,134.882,217,1.754,-77.4,15.2,19.593,16.63,0
2026-09-18T12:57:32.813,134.981,217,1.755,-273.1,15.4,19.593,16.15,0
2026-09-18T12:57:32.913,135.082,217,1.755,-273.1,15.3,19.593,15.84,0
2026-09-18T12:57:33.014,135.182,217,1.754,-273.1,15.1,19.593,15.20,0
2026-09-18T12:57:33.113,135.282,217,1.750,-273.1,15.1,19.593,16.45,0
2026-09-18T12:57:33.214,135.382,217,1.750,-273.1,15.2,19.593,16.65,0
2026-09-18T12:57:33.314,135.483,217,1.755,-273.1,15.5,19.593,15.42,0
2026-09-18T12:57:33.415,135.584,217,1.753,-273.1,15.1,19.593,16.37,0
2026-09-18T12:57:33.514,135.683,217,1.746,-90.0,15.1,19.593,16.09,0
2026-09-18T12:57:33.614,135.782,217,1.746,-273.1,15.3,19.593,16.49,0
2026-09-18T12:57:33.714,135.883,217,1.752,-273.1,15.3,19.593,16.79,0
2026-09-18T12:57:33.814,135.983,217,1.753,-273.1,15.3,19.593,15.88,0
2026-09-18T12:57:33.915,136.083,217,1.751,-273.1,15.2,19.593,16.07,0
2026-09-18T12:57:34.014,136.183,217,1.751,-273.1,15.2,19.593,15.42,0
2026-09-18T12:57:34.114,136.283,217,1.750,-273.1,15.4,19.593,16.18,0
2026-09-18T12:57:34.215,136.384,217,1.752,-273.1,15.2,19.593,15.88,0
2026-09-18T12:57:34.315,136.483,217,1.752,-273.1,15.4,19.593,16.59,0
2026-09-18T12:57:34.414,136.583,217,1.752,-273.1,15.4,19.593,16.44,0
2026-09-18T12:57:34.515,136.684,217,1.755,-273.1,15.5,19.593,16.28,0
2026-09-18T12:57:34.614,136.783,217,1.757,-273.1,15.4,19.593,15.29,0
2026-09-18T12:57:34.715,136.883,217,1.756,-273.1,15.3,19.593,16.65,0
2026-09-18T12:57:34.814,136.983,217,1.756,-273.1,15.2,19.593,16.24,0
2026-09-18T12:57:34.918,137.086,217,1.756,-273.1,15.3,19.593,16.33,0
2026-09-18T12:57:35.017,137.186,217,1.753,-273.1,15.3,19.593,16.16,0
2026-09-18T12:57:35.118,137.287,217,1.758,-273.1,14.8,19.593,15.39,0
2026-09-18T12:57:35.220,137.389,217,1.758,-75.2,15.1,19.593,16.05,0
2026-09-18T12:57:35.318,137.486,217,1.755,-273.1,15.0,19.593,16.27,0
2026-09-18T12:57:35.419,137.587,217,1.756,-273.1,15.0,19.593,16.09,0
2026-09-18T12:57:35.519,137.687,217,1.756,-273.1,15.1,19.593,15.47,0
2026-09-18T12:57:35.620,137.788,217,1.755,-273.1,15.1,19.593,16.02,0
2026-09-18T12:57:35.718,137.887,217,1.755,-273.1,15.2,19.593,15.47,0
2026-09-18T12:57:35.820,137.988,217,1.756,-273.1,14.6,19.593,15.64,0
2026-09-18T12:57:35.920,138.088,217,1.756,-273.1,15.3,19.593,16.18,0
2026-09-18T12:57:36.020,138.188,217,1.753,-273.1,15.1,19.593,16.58,0
2026-09-18T12:57:36.120,138.288,217,1.756,-273.1,15.2,19.593,15.34,0
2026-09-18T12:57:36.220,138.389,217,1.756,-273.1,15.2,19.593,16.60,0
2026-09-18T12:57:36.321,138.489,217,1.756,-83.9,15.1,19.593,16.09,0
2026-09-18T12:57:36.421,138.589,217,1.753,-273.1,15.2,19.593,16.33,0
2026-09-18T12:57:36.522,138.690,217,1.755,-273.1,15.0,19.593,16.47,0
2026-09-18T12:57:36.620,138.789,217,1.751,-273.1,15.0,19.593,16.46,0
2026-09-18T12:57:36.722,138.890,217,1.751,-273.1,15.1,19.593,15.14,0
2026-09-18T12:57:36.821,138.990,217,1.752,-273.1,15.2,19.593,16.30,0
2026-09-18T12:57:36.921,139.090,217,1.754,-69.2,15.1,19.593,15.76,0
2026-09-18T12:57:37.022,139.190,217,1.755,-273.1,15.2,19.593,16.03,0
2026-09-18T12:57:37.124,139.293,217,1.755,-273.1,14.9,19.593,14.95,0
2026-09-18T12:57:37.222,139.391,217,1.753,-273.1,15.2,19.593,16.36,0
2026-09-18T12:57:37.322,139.491,217,1.757,-273.1,15.1,19.593,15.50,0
2026-09-18T12:57:37.422,139.590,217,1.753,-80.2,15.2,19.593,15.80,0
2026-09-18T12:57:37.522,139.691,217,1.753,-273.1,15.1,19.593,15.85,0
2026-09-18T12:57:37.623,139.792,217,1.751,-273.1,15.2,19.593,15.03,0
2026-09-18T12:57:37.723,139.892,217,1.752,-273.1,15.2,19.593,16.29,0
2026-09-18T12:57:37.823,139.992,217,1.754,-273.1,15.2,19.593,15.51,0
2026-09-18T12:57:37.923,140.092,217,1.754,-90.0,14.9,19.593,16.83,0
2026-09-18T12:57:38.023,140.192,217,1.751,-273.1,15.2,19.593,15.05,0
2026-09-18T12:57:38.124,140.292,217,1.755,-273.1,15.2,19.593,16.31,0
2026-09-18T12:57:38.225,140.393,217,1.755,-273.1,15.2,19.593,15.92,0
2026-09-18T12:57:38.324,140.493,217,1.753,-273.1,15.0,19.593,14.86,0
2026-09-18T12:57:38.425,140.593,217,1.752,-273.1,15.2,19.593,16.66,0
2026-09-18T12:57:38.526,140.694,217,1.753,-273.1,15.1,19.593,17.46,0
2026-09-18T12:57:38.625,140.793,217,1.753,-273.1,15.2,19.593,16.25,0
2026-09-18T12:57:38.726,140.894,217,1.751,-273.1,15.3,19.593,15.85,0
2026-09-18T12:57:38.827,140.995,217,1.748,-273.1,15.2,19.593,15.68,0
2026-09-18T12:57:38.925,141.093,217,1.751,-273.1,15.3,19.593,15.37,0
2026-09-18T12:57:39.025,141.193,217,1.751,-273.1,15.1,19.593,16.04,0
2026-09-18T12:57:39.125,141.294,217,1.752,-273.1,15.1,19.593,16.61,0
2026-09-18T12:57:39.224,141.393,217,1.753,-273.1,15.0,19.593,16.08,0
2026-09-18T12:57:39.324,141.493,217,1.751,-273.1,15.1,19.593,15.87,0
2026-09-18T12:57:39.425,141.593,217,1.751,-70.4,15.5,19.593,15.69,0
2026-09-18T12:57:39.527,141.695,217,1.754,-273.1,15.3,19.593,14.71,0
2026-09-18T12:57:39.626,141.794,217,1.753,-273.1,15.1,19.593,16.01,0
2026-09-18T12:57:39.726,141.895,217,1.751,-273.1,15.3,19.593,17.17,0
2026-09-18T12:57:39.827,141.995,217,1.751,-273.1,15.2,19.593,16.09,0
2026-09-18T12:57:39.926,142.094,0,1.693,-273.1,15.2,19.593,14.07,0
2026-09-18T12:57:40.025,142.194,0,0.103,-273.1,16.1,19.593,6.82,0
2026-09-18T12:57:40.127,142.295,0,0.051,-273.1,16.4,19.593,3.16,0
2026-09-18T12:57:40.225,142.394,0,0.051,-273.1,16.6,19.593,1.01,0
2026-09-18T12:57:40.325,142.494,0,0.102,-273.1,16.4,19.593,0.53,0
2026-09-18T12:57:40.426,142.595,0,0.051,-273.1,16.6,19.593,0.10,0
2026-09-18T12:57:40.527,142.696,0,0.051,-273.1,16.8,19.593,-0.05,0
2026-09-18T12:57:40.628,142.797,0,0.307,-273.1,16.8,19.593,-0.16,0
2026-09-18T12:57:40.728,142.896,0,0.256,-273.1,16.8,19.593,-0.13,0
2026-09-18T12:57:40.828,142.996,0,0.307,-273.1,16.9,19.593,-0.22,0
2026-09-18T12:57:40.928,143.096,0,0.307,-273.1,16.7,19.593,-0.05,0
2026-09-18T12:57:41.028,143.197,0,0.461,-273.1,16.8,19.593,0.08,0
2026-09-18T12:57:41.129,143.297,0,0.359,-273.1,16.9,19.593,-0.28,0
2026-09-18T12:57:41.228,143.397,0,0.461,-273.1,16.8,19.593,-0.27,0
2026-09-18T12:57:41.328,143.497,0,0.461,-63.6,17.1,19.593,-0.23,0
2026-09-18T12:57:41.429,143.598,0,0.256,-273.1,17.0,19.593,-0.21,0
2026-09-18T12:57:41.530,143.698,0,0.359,-273.1,17.0,19.593,-0.02,0
2026-09-18T12:57:41.630,143.799,0,0.410,-273.1,16.9,19.593,-0.12,0
2026-09-18T12:57:41.730,143.899,0,0.410,-273.1,17.1,19.593,-0.27,0
2026-09-18T12:57:41.830,143.999,0,0.410,-273.1,17.1,19.593,-0.09,0
2026-09-18T12:57:41.931,144.099,0,0.359,-273.1,17.0,19.593,-0.24,0
2026-09-18T12:57:42.031,144.199,0,0.461,-273.1,16.9,19.593,-0.06,0
