timestamp,elapsed_s,pwm,current_A,t1_casing_C,t2_magnet_C,force_N,flux_mT,fault
2026-09-18T12:57:50.953,153.121,0,0.666,-273.1,16.5,19.593,-0.34,0
2026-09-18T12:57:51.051,153.220,0,0.512,-273.1,16.5,19.593,-0.28,0
2026-09-18T12:57:51.152,153.320,0,0.819,-273.1,16.6,19.593,-0.13,0
2026-09-18T12:57:51.252,153.420,0,0.614,-273.1,16.7,19.593,-0.22,0
2026-09-18T12:57:51.353,153.522,0,0.614,-273.1,16.9,19.593,-0.09,0
2026-09-18T12:57:51.453,153.621,0,0.922,-273.1,16.8,19.593,-0.35,0
2026-09-18T12:57:51.554,153.723,0,0.870,-273.1,16.8,19.593,-0.26,0
2026-09-18T12:57:51.653,153.821,0,0.359,-273.1,16.7,19.593,-0.09,0
2026-09-18T12:57:51.753,153.921,0,0.359,-273.1,16.8,19.593,-0.10,0
2026-09-18T12:57:51.853,154.022,0,0.461,-273.1,16.8,19.593,-0.10,0
2026-09-18T12:57:51.953,154.122,0,0.410,-273.1,16.9,19.593,-0.11,0
2026-09-18T12:57:52.055,154.224,0,0.512,-273.1,16.7,19.593,-0.14,0
2026-09-18T12:57:52.153,154.322,0,0.512,-273.1,16.7,19.593,-0.28,0
2026-09-18T12:57:52.253,154.422,0,0.922,-273.1,16.9,19.593,0.08,0
2026-09-18T12:57:52.354,154.523,0,0.768,-273.1,17.0,19.593,0.03,0
2026-09-18T12:57:52.453,154.622,0,1.178,-273.1,16.9,19.593,0.12,0
2026-09-18T12:57:52.554,0.098,0,1.178,-273.1,16.9,19.593,-0.06,0
2026-09-18T12:57:52.653,0.198,0,0.717,-273.1,17.1,19.593,0.12,0
2026-09-18T12:57:52.753,0.297,0,0.614,-273.1,17.0,19.593,0.28,0
2026-09-18T12:57:52.853,0.398,0,0.666,-273.1,16.7,19.593,0.13,0
2026-09-18T12:57:52.954,0.498,0,0.666,-273.1,16.7,19.593,0.00,0
2026-09-18T12:57:53.054,0.598,0,0.614,-273.1,16.6,19.593,0.15,0
2026-09-18T12:57:53.157,0.701,0,0.614,-273.1,16.9,19.593,0.15,0
2026-09-18T12:57:53.255,0.799,0,0.614,-273.1,17.0,19.593,0.12,0
2026-09-18T12:57:53.355,0.899,0,0.614,-273.1,16.8,19.593,0.27,0
2026-09-18T12:57:53.456,1.000,0,0.819,-273.1,17.0,19.593,0.18,0
2026-09-18T12:57:53.556,1.100,0,0.768,-273.1,17.0,19.593,0.02,0
2026-09-18T12:57:53.658,1.202,0,0.768,-62.9,16.9,19.593,0.17,0
2026-09-18T12:57:53.756,1.300,0,0.973,-70.4,17.0,19.593,0.16,0
2026-09-18T12:57:53.856,1.400,0,0.819,-90.0,17.1,19.593,0.29,0
2026-09-18T12:57:53.956,1.500,0,0.717,-273.1,17.1,19.593,0.21,0
2026-09-18T12:57:54.057,1.601,0,0.717,-273.1,17.1,19.593,0.07,0
2026-09-18T12:57:54.157,1.701,0,0.717,-90.0,17.1,19.593,-0.02,0
2026-09-18T12:57:54.257,1.801,10,0.411,-273.1,17.0,19.593,0.32,0
2026-09-18T12:57:54.358,1.902,20,0.006,-273.1,17.4,19.593,0.07,0
2026-09-18T12:57:54.460,2.004,20,0.006,-273.1,17.0,19.593,1.26,0
2026-09-18T12:57:54.559,2.103,20,0.163,-273.1,17.2,19.593,1.47,0
2026-09-18T12:57:54.659,2.204,20,0.183,-273.1,17.0,19.593,1.78,0
2026-09-18T12:57:54.760,2.305,20,0.183,-273.1,16.8,19.593,1.57,0
2026-09-18T12:57:54.861,2.405,20,0.183,-273.1,16.7,19.593,1.65,0
2026-09-18T12:57:54.961,2.505,20,0.183,-273.1,16.9,19.593,1.51,0
2026-09-18T12:57:55.061,2.605,21,0.183,-63.6,17.0,19.593,1.95,0
2026-09-18T12:57:55.160,2.704,145,0.438,-273.1,16.9,19.593,0.64,0
2026-09-18T12:57:55.260,2.804,240,0.438,-273.1,16.4,19.593,8.94,0
2026-09-18T12:57:55.359,2.904,255,1.563,-273.1,15.9,19.593,13.01,0
2026-09-18T12:57:55.461,3.005,255,1.676,-273.1,15.8,19.593,14.01,0
2026-09-18T12:57:55.561,3.105,255,1.686,-273.1,15.6,19.593,15.23,0
2026-09-18T12:57:55.662,3.206,255,1.686,-273.1,15.7,19.593,15.00,0
2026-09-18T12:57:55.761,3.306,255,1.694,-273.1,15.6,19.593,15.68,0
2026-09-18T12:57:55.862,3.406,255,1.701,-273.1,15.6,19.593,15.73,0
2026-09-18T12:57:55.963,3.507,255,1.701,-90.0,15.6,19.593,16.08,0
2026-09-18T12:57:56.063,3.607,255,1.706,-273.1,15.7,19.593,15.82,0
2026-09-18T12:57:56.162,3.706,255,1.711,-273.1,15.4,19.593,15.95,0
2026-09-18T12:57:56.262,3.806,255,1.715,-273.1,15.6,19.593,15.28,0
2026-09-18T12:57:56.362,3.907,255,1.715,-273.1,15.5,19.593,15.85,0
2026-09-18T12:57:56.465,4.009,255,1.720,-273.1,15.4,19.593,15.79,0
2026-09-18T12:57:56.563,4.108,255,1.724,-273.1,15.3,19.593,15.89,0
2026-09-18T12:57:56.664,4.209,255,1.727,-83.9,15.3,19.593,15.32,0
2026-09-18T12:57:56.765,4.309,255,1.727,-273.1,15.1,19.593,15.75,0
2026-09-18T12:57:56.864,4.408,255,1.730,-273.1,15.2,19.593,15.51,0
2026-09-18T12:57:56.964,4.508,255,1.733,-273.1,15.3,19.593,15.68,0
2026-09-18T12:57:57.065,4.609,255,1.735,-273.1,15.3,19.593,15.39,0
2026-09-18T12:57:57.165,4.709,255,1.735,-273.1,15.2,19.593,15.85,0
2026-09-18T12:57:57.267,4.811,255,1.737,-273.1,15.1,19.593,15.79,0
2026-09-18T12:57:57.366,4.910,255,1.740,-273.1,15.0,19.593,15.70,0
2026-09-18T12:57:57.466,5.010,255,1.743,-67.0,14.9,19.593,15.67,0
2026-09-18T12:57:57.567,5.111,255,1.743,-273.1,15.0,19.593,16.23,0
2026-09-18T12:57:57.667,5.211,255,1.745,-273.1,15.0,19.593,15.88,0
2026-09-18T12:57:57.768,5.312,255,1.747,-273.1,14.7,19.593,15.88,0
2026-09-18T12:57:57.867,5.411,255,1.750,-273.1,15.0,19.593,15.92,0
2026-09-18T12:57:57.968,5.512,255,1.750,-273.1,14.9,19.593,16.06,0
2026-09-18T12:57:58.067,5.611,255,1.755,-273.1,15.0,19.593,16.31,0
2026-09-18T12:57:58.169,5.713,255,1.766,-273.1,14.9,19.593,16.09,0
2026-09-18T12:57:58.269,5.813,255,1.766,-90.0,15.2,19.593,16.08,0
2026-09-18T12:57:58.368,5.912,255,1.777,-273.1,14.7,19.593,16.03,0
2026-09-18T12:57:58.468,6.012,255,1.784,-83.9,15.0,19.593,16.21,0
2026-09-18T12:57:58.568,6.112,255,1.789,-90.0,14.9,19.593,16.29,0
2026-09-18T12:57:58.668,6.213,255,1.789,-90.0,14.8,19.593,16.61,0
2026-09-18T12:57:58.770,6.314,255,1.793,-273.1,14.8,19.593,16.50,0
2026-09-18T12:57:58.870,6.415,255,1.796,-273.1,14.8,19.593,16.52,0
2026-09-18T12:57:58.970,6.515,255,1.798,-273.1,14.9,19.593,16.41,0
2026-09-18T12:57:59.071,6.615,255,1.798,-273.1,14.9,19.593,16.82,0
2026-09-18T12:57:59.171,6.716,255,1.801,-273.1,15.1,19.593,16.33,0
2026-09-18T12:57:59.272,6.817,255,1.804,-273.1,15.1,19.593,16.51,0
2026-09-18T12:57:59.373,6.917,255,1.806,-90.0,15.5,19.593,16.35,0
2026-09-18T12:57:59.474,7.018,255,1.806,-64.4,15.3,19.593,16.70,0
2026-09-18T12:57:59.574,7.118,255,1.808,-273.1,15.5,19.593,16.56,0
2026-09-18T12:57:59.674,7.218,255,1.809,-90.0,15.6,19.593,16.21,0
2026-09-18T12:57:59.774,7.318,255,1.810,-273.1,15.4,19.593,16.64,0
2026-09-18T12:57:59.875,7.419,255,1.810,-90.0,15.4,19.593,16.15,0
2026-09-18T12:57:59.974,7.518,255,1.812,-273.1,15.4,19.593,16.27,0
2026-09-18T12:58:00.074,7.619,255,1.813,-273.1,15.5,19.593,16.33,0
2026-09-18T12:58:00.174,7.718,255,1.814,-273.1,15.2,19.593,16.45,0
2026-09-18T12:58:00.275,7.819,255,1.814,-73.4,15.5,19.593,16.55,0
2026-09-18T12:58:00.377,7.922,255,1.814,-273.1,15.4,19.593,16.99,0
2026-09-18T12:58:00.475,8.019,255,1.815,-273.1,15.3,19.593,16.80,0
2026-09-18T12:58:00.575,8.119,255,1.816,-273.1,15.3,19.593,16.66,0
2026-09-18T12:58:00.676,8.220,255,1.816,-273.1,15.5,19.593,16.52,0
2026-09-18T12:58:00.777,8.321,255,1.816,-273.1,15.6,19.593,16.48,0
2026-09-18T12:58:00.876,8.420,255,1.817,-273.1,15.5,19.593,16.88,0
2026-09-18T12:58:00.977,8.521,255,1.818,-273.1,15.6,19.593,17.14,0
2026-09-18T12:58:01.077,8.621,255,1.818,-273.1,15.7,19.593,16.23,0
2026-09-18T12:58:01.178,8.722,255,1.819,-273.1,15.5,19.593,16.53,0
2026-09-18T12:58:01.277,8.821,255,1.819,-83.9,15.7,19.593,16.85,0
2026-09-18T12:58:01.377,8.922,255,1.819,-273.1,15.5,19.593,16.71,0
2026-09-18T12:58:01.478,9.022,255,1.819,-273.1,15.6,19.593,16.35,0
2026-09-18T12:58:01.580,9.124,255,1.820,-273.1,15.5,19.593,16.80,0
2026-09-18T12:58:01.677,9.221,255,1.820,-273.1,15.4,19.593,16.61,0
2026-09-18T12:58:01.778,9.322,255,1.820,-273.1,15.6,19.593,16.51,0
2026-09-18T12:58:01.878,9.423,255,1.820,-90.0,15.8,19.593,16.86,0
2026-09-18T12:58:01.979,9.524,255,1.820,-273.1,15.8,19.593,16.18,0
2026-09-18T12:58:02.080,9.624,255,1.821,-273.1,15.6,19.593,16.60,0
2026-09-18T12:58:02.181,9.725,255,1.821,-273.1,15.6,19.593,16.56,0
2026-09-18T12:58:02.280,9.825,255,1.821,-273.1,15.6,19.593,16.64,0
2026-09-18T12:58:02.379,9.924,255,1.820,-83.9,15.7,19.593,16.48,0
2026-09-18T12:58:02.481,10.025,255,1.821,-273.1,15.4,19.593,16.06,0
2026-09-18T12:58:02.580,10.125,255,1.821,-90.0,15.8,19.593,16.77,0
2026-09-18T12:58:02.681,10.225,255,1.822,-90.0,15.7,19.593,16.48,0
2026-09-18T12:58:02.783,10.327,255,1.821,-273.1,15.6,19.593,16.85,0
2026-09-18T12:58:02.881,10.425,255,1.820,-273.1,15.6,19.593,16.83,0
2026-09-18T12:58:02.981,10.525,255,1.820,-273.1,15.8,19.593,16.92,0
2026-09-18T12:58:03.081,10.625,255,1.820,-273.1,15.5,19.593,16.67,0
2026-09-18T12:58:03.182,10.726,255,1.821,-273.1,15.2,19.593,16.12,0
2026-09-18T12:58:03.281,10.825,255,1.821,-273.1,15.6,19.593,16.63,0
2026-09-18T12:58:03.382,10.926,255,1.821,-273.1,15.3,19.593,16.58,0
2026-09-18T12:58:03.481,11.025,255,1.822,-273.1,15.6,19.593,16.48,0
2026-09-18T12:58:03.582,11.126,255,1.822,-273.1,15.4,19.593,16.91,0
2026-09-18T12:58:03.683,11.227,255,1.822,-75.2,15.5,19.593,16.55,0
2026-09-18T12:58:03.783,11.327,255,1.822,-273.1,15.3,19.593,16.35,0
2026-09-18T12:58:03.885,11.429,255,1.823,-273.1,15.5,19.593,16.78,0
2026-09-18T12:58:03.984,11.529,255,1.823,-273.1,15.5,19.593,16.63,0
2026-09-18T12:58:04.082,11.627,255,1.823,-273.1,15.4,19.593,16.87,0
2026-09-18T12:58:04.184,11.728,255,1.823,-273.1,15.2,19.593,16.47,0
2026-09-18T12:58:04.285,11.829,255,1.821,-273.1,15.3,19.593,16.44,0
2026-09-18T12:58:04.384,11.928,255,1.822,-273.1,15.3,19.593,16.79,0
2026-09-18T12:58:04.484,12.029,255,1.822,-273.1,15.1,19.593,16.70,0
2026-09-18T12:58:04.583,12.128,255,1.823,-273.1,15.3,19.593,16.41,0
2026-09-18T12:58:04.684,12.228,255,1.824,-90.0,15.4,19.593,16.01,0
2026-09-18T12:58:04.785,12.329,255,1.825,-273.1,15.4,19.593,16.72,0
2026-09-18T12:58:04.886,12.430,255,1.825,-273.1,15.5,19.593,16.47,0
2026-09-18T12:58:04.987,12.531,255,1.825,-273.1,17.4,19.593,16.27,0
2026-09-18T12:58:05.084,12.628,255,1.825,-273.1,15.2,19.593,16.29,0
2026-09-18T12:58:05.185,12.729,255,1.825,-273.1,15.3,19.593,16.54,0
2026-09-18T12:58:05.284,12.828,255,1.825,-273.1,15.5,19.593,16.53,0
2026-09-18T12:58:05.384,12.928,255,1.825,-71.8,15.4,19.593,16.36,0
2026-09-18T12:58:05.485,13.029,255,1.825,-64.4,15.5,19.593,16.62,0
2026-09-18T12:58:05.586,13.130,255,1.826,-273.1,15.3,19.593,16.21,0
2026-09-18T12:58:05.687,13.231,255,1.826,-273.1,15.0,19.593,16.18,0
2026-09-18T12:58:05.786,13.330,255,1.826,-273.1,15.2,19.593,16.25,0
2026-09-18T12:58:05.887,13.431,255,1.826,-83.9,15.0,19.593,16.48,0
2026-09-18T12:58:05.988,13.532,255,1.825,-90.0,14.9,19.593,16.59,0
2026-09-18T12:58:06.087,13.631,255,1.825,-273.1,14.6,19.593,16.18,0
2026-09-18T12:58:06.187,13.732,255,1.825,-273.1,14.7,19.593,17.26,0
2026-09-18T12:58:06.288,13.832,255,1.825,-273.1,14.6,19.593,16.36,0
2026-09-18T12:58:06.388,13.932,255,1.825,-83.9,14.8,19.593,16.45,0
2026-09-18T12:58:06.488,14.032,255,1.825,-83.9,14.8,19.593,16.68,0
2026-09-18T12:58:06.588,14.132,255,1.826,-273.1,14.7,19.593,16.78,0
2026-09-18T12:58:06.691,14.235,255,1.826,-273.1,14.8,19.593,16.95,0
2026-09-18T12:58:06.788,14.332,255,1.826,-80.2,15.0,19.593,16.69,0
2026-09-18T12:58:06.889,14.433,255,1.826,-273.1,14.8,19.593,16.59,0
2026-09-18T12:58:06.989,14.533,255,1.826,-273.1,14.6,19.593,16.53,0
2026-09-18T12:58:07.089,14.633,255,1.827,-273.1,14.6,19.593,17.05,0
2026-09-18T12:58:07.189,14.733,255,1.827,-273.1,14.7,19.593,16.72,0
2026-09-18T12:58:07.290,14.835,255,1.827,-273.1,14.8,19.593,16.69,0
2026-09-18T12:58:07.390,14.934,255,1.827,-273.1,14.6,19.593,16.92,0
2026-09-18T12:58:07.488,15.033,255,1.827,-273.1,14.9,19.593,16.61,0
2026-09-18T12:58:07.588,15.133,255,1.827,-273.1,14.7,19.593,16.73,0
2026-09-18T12:58:07.689,15.233,255,1.827,-273.1,14.7,19.593,16.58,0
2026-09-18T12:58:07.790,15.334,255,1.828,-273.1,14.7,19.593,16.49,0
2026-09-18T12:58:07.889,15.433,255,1.828,-273.1,14.6,19.593,16.58,0
2026-09-18T12:58:07.989,15.533,255,1.828,-67.0,14.8,19.593,16.72,0
2026-09-18T12:58:08.090,15.634,255,1.828,-90.0,14.7,19.593,16.75,0
2026-09-18T12:58:08.189,15.733,255,1.828,-273.1,14.7,19.593,16.34,0
2026-09-18T12:58:08.290,15.834,255,1.829,-273.1,14.8,19.593,16.59,0
2026-09-18T12:58:08.390,15.934,255,1.829,-273.1,14.6,19.593,16.78,0
2026-09-18T12:58:08.490,16.034,255,1.829,-273.1,14.7,19.593,16.48,0
2026-09-18T12:58:08.589,16.134,255,1.829,-273.1,14.8,19.593,16.38,0
2026-09-18T12:58:08.691,16.235,255,1.829,-273.1,14.7,19.593,16.45,0
2026-09-18T12:58:08.790,16.334,255,1.829,-273.1,14.7,19.593,16.39,0
2026-09-18T12:58:08.890,16.434,255,1.830,-273.1,14.8,19.593,16.90,0
2026-09-18T12:58:08.990,16.534,255,1.830,-90.0,14.7,19.593,16.89,0
2026-09-18T12:58:09.091,16.636,255,1.830,-273.1,14.9,19.593,16.51,0
2026-09-18T12:58:09.192,16.736,255,1.830,-273.1,14.6,19.593,16.48,0
2026-09-18T12:58:09.291,16.836,255,1.831,-273.1,14.7,19.593,16.17,0
2026-09-18T12:58:09.392,16.936,255,1.831,-273.1,14.4,19.593,16.57,0
2026-09-18T12:58:09.492,17.036,255,1.831,-273.1,14.9,19.593,16.62,0
2026-09-18T12:58:09.592,17.136,255,1.832,-273.1,14.5,19.593,16.67,0
2026-09-18T12:58:09.692,17.236,255,1.833,-273.1,14.8,19.593,16.30,0
2026-09-18T12:58:09.793,17.337,255,1.833,-273.1,14.5,19.593,16.35,0
2026-09-18T12:58:09.893,17.437,255,1.833,-273.1,14.4,19.593,16.54,0
2026-09-18T12:58:09.993,17.537,255,1.834,-83.9,14.5,19.593,16.92,0
2026-09-18T12:58:10.094,17.638,255,1.834,-90.0,14.6,19.593,16.57,0
2026-09-18T12:58:10.195,17.739,255,1.835,-273.1,14.5,19.593,16.41,0
2026-09-18T12:58:10.295,17.839,255,1.835,-273.1,14.3,19.593,16.67,0
2026-09-18T12:58:10.397,17.941,255,1.835,-273.1,14.7,19.593,16.68,0
2026-09-18T12:58:10.497,18.041,255,1.836,-273.1,14.9,19.593,16.89,0
2026-09-18T12:58:10.597,18.141,255,1.836,-273.1,14.5,19.593,16.89,0
2026-09-18T12:58:10.697,18.242,255,1.836,-273.1,14.8,19.593,16.60,0
2026-09-18T12:58:10.798,18.342,255,1.836,-273.1,14.8,19.593,16.65,0
2026-09-18T12:58:10.897,18.441,255,1.836,-273.1,14.7,19.593,16.58,0
2026-09-18T12:58:10.998,18.542,255,1.836,-273.1,14.7,19.593,16.73,0
2026-09-18T12:58:11.098,18.642,255,1.836,-273.1,15.0,19.593,16.74,0
2026-09-18T12:58:11.198,18.743,255,1.836,-273.1,15.1,19.593,16.83,0
2026-09-18T12:58:11.299,18.844,255,1.836,-273.1,15.1,19.593,16.51,0
2026-09-18T12:58:11.399,18.943,255,1.836,-273.1,14.8,19.593,16.70,0
2026-09-18T12:58:11.500,19.044,255,1.836,-273.1,15.0,19.593,16.78,0
2026-09-18T12:58:11.601,19.145,255,1.836,-273.1,15.2,19.593,16.50,0
2026-09-18T12:58:11.702,19.246,255,1.836,-273.1,15.0,19.593,16.78,0
2026-09-18T12:58:11.800,19.344,255,1.836,-273.1,15.2,19.593,16.76,0
2026-09-18T12:58:11.899,19.443,255,1.836,-273.1,14.9,19.593,16.72,0
2026-09-18T12:58:12.000,19.544,255,1.837,-273.1,15.0,19.593,16.88,0
2026-09-18T12:58:12.100,19.644,255,1.837,-273.1,15.0,19.593,16.69,0
2026-09-18T12:58:12.200,19.745,255,1.837,-273.1,15.0,19.593,16.49,0
2026-09-18T12:58:12.300,19.845,255,1.837,-273.1,15.0,19.593,16.71,0
2026-09-18T12:58:12.401,19.946,255,1.836,-273.1,15.2,19.593,16.37,0
2026-09-18T12:58:12.501,20.045,255,1.837,-273.1,15.1,19.593,16.29,0
2026-09-18T12:58:12.602,20.146,255,1.837,-273.1,15.3,19.593,16.46,0
2026-09-18T12:58:12.702,20.246,255,1.838,-273.1,15.0,19.593,16.69,0
2026-09-18T12:58:12.801,20.345,255,1.838,-273.1,15.1,19.593,16.40,0
2026-09-18T12:58:12.902,20.446,255,1.839,-273.1,15.2,19.593,16.75,0
2026-09-18T12:58:13.001,20.546,255,1.839,-273.1,15.0,19.593,16.67,0
2026-09-18T12:58:13.102,20.646,255,1.839,-90.0,15.5,19.593,16.55,0
2026-09-18T12:58:13.201,20.745,255,1.840,-71.8,15.1,19.593,16.96,0
2026-09-18T12:58:13.304,20.848,255,1.840,-273.1,15.0,19.593,16.60,0
2026-09-18T12:58:13.402,20.946,255,1.840,-273.1,15.0,19.593,16.95,0
2026-09-18T12:58:13.503,21.047,255,1.840,-273.1,15.1,19.593,16.63,0
2026-09-18T12:58:13.603,21.147,255,1.841,-273.1,15.4,19.593,16.89,0
2026-09-18T12:58:13.704,21.248,255,1.842,-273.1,15.1,19.593,16.89,0
2026-09-18T12:58:13.804,21.348,255,1.842,-273.1,15.2,19.593,16.74,0
2026-09-18T12:58:13.903,21.448,255,1.842,-273.1,15.1,19.593,16.70,0
2026-09-18T12:58:14.004,21.548,255,1.843,-273.1,15.5,19.593,16.51,0
2026-09-18T12:58:14.107,21.651,255,1.843,-65.2,15.5,19.593,16.62,0
2026-09-18T12:58:14.204,21.749,255,1.843,-273.1,15.5,19.593,16.48,0
2026-09-18T12:58:14.305,21.849,255,1.843,-77.4,15.4,19.593,16.97,0
2026-09-18T12:58:14.405,21.949,255,1.843,-273.1,15.2,19.593,16.77,0
2026-09-18T12:58:14.505,22.049,255,1.843,-273.1,15.2,19.593,16.55,0
2026-09-18T12:58:14.605,22.150,255,1.844,-273.1,15.3,19.593,16.48,0
2026-09-18T12:58:14.706,22.250,255,1.845,-273.1,15.4,19.593,16.47,0
2026-09-18T12:58:14.807,22.351,255,1.845,-273.1,15.2,19.593,16.71,0
2026-09-18T12:58:14.905,22.449,255,1.845,-273.1,15.2,19.593,16.31,0
2026-09-18T12:58:15.006,22.550,255,1.846,-273.1,15.5,19.593,16.76,0
2026-09-18T12:58:15.106,22.651,255,1.846,-273.1,15.4,19.593,17.06,0
2026-09-18T12:58:15.205,22.750,255,1.846,-90.0,12.9,19.593,16.84,0
2026-09-18T12:58:15.306,22.850,255,1.846,-273.1,15.2,19.593,16.67,0
2026-09-18T12:58:15.406,22.950,255,1.846,-273.1,15.4,19.593,16.66,0
2026-09-18T12:58:15.506,23.051,255,1.847,-90.0,15.5,19.593,16.58,0
2026-09-18T12:58:15.607,23.151,255,1.847,-273.1,15.3,19.593,17.30,0
2026-09-18T12:58:15.707,23.251,255,1.847,-273.1,15.2,19.593,16.70,0
2026-09-18T12:58:15.807,23.352,255,1.848,-273.1,15.3,19.593,16.71,0
2026-09-18T12:58:15.908,23.452,255,1.848,-273.1,15.7,19.593,16.56,0
2026-09-18T12:58:16.007,23.551,255,1.849,-273.1,15.5,19.593,16.95,0
2026-09-18T12:58:16.107,23.652,255,1.849,-273.1,15.4,19.593,16.73,0
2026-09-18T12:58:16.208,23.752,255,1.849,-90.0,15.5,19.593,16.56,0
2026-09-18T12:58:16.308,23.853,255,1.850,-273.1,15.1,19.593,16.77,0
2026-09-18T12:58:16.408,23.952,255,1.850,-273.1,15.4,19.593,16.76,0
2026-09-18T12:58:16.509,24.053,255,1.850,-273.1,15.5,19.593,16.81,0
2026-09-18T12:58:16.609,24.153,255,1.850,-273.1,15.5,19.593,16.77,0
2026-09-18T12:58:16.709,24.253,255,1.851,-273.1,15.6,19.593,16.69,0
2026-09-18T12:58:16.812,24.356,255,1.851,-273.1,15.6,19.593,16.80,0
2026-09-18T12:58:16.910,24.454,255,1.851,-90.0,15.8,19.593,16.74,0
2026-09-18T12:58:17.010,24.554,255,1.852,-273.1,15.7,19.593,17.07,0
2026-09-18T12:58:17.111,24.655,255,1.852,-273.1,15.6,19.593,16.88,0
2026-09-18T12:58:17.211,24.755,255,1.852,-273.1,15.7,19.593,16.61,0
2026-09-18T12:58:17.311,24.856,255,1.852,-273.1,15.5,19.593,16.83,0
2026-09-18T12:58:17.412,24.956,255,1.852,-273.1,15.5,19.593,16.73,0
2026-09-18T12:58:17.511,25.055,255,1.852,-273.1,15.7,19.593,16.51,0
2026-09-18T12:58:17.612,25.156,255,1.852,-273.1,14.4,19.593,16.24,0
2026-09-18T12:58:17.711,25.255,255,1.853,-273.1,15.6,19.593,16.70,0
2026-09-18T12:58:17.811,25.355,255,1.853,-83.9,15.8,19.593,16.95,0
2026-09-18T12:58:17.911,25.455,255,1.854,-273.1,15.5,19.593,17.08,0
2026-09-18T12:58:18.011,25.555,255,1.854,-273.1,15.7,19.593,17.08,0
2026-09-18T12:58:18.111,25.656,255,1.854,-273.1,15.6,19.593,16.44,0
2026-09-18T12:58:18.211,25.755,255,1.854,-273.1,15.7,19.593,16.78,0
2026-09-18T12:58:18.311,25.856,255,1.855,-273.1,15.5,19.593,16.74,0
2026-09-18T12:58:18.412,25.956,255,1.855,-273.1,15.8,19.593,16.58,0
2026-09-18T12:58:18.511,26.055,255,1.855,-273.1,15.5,19.593,16.51,0
2026-09-18T12:58:18.612,26.156,255,1.855,-273.1,15.6,19.593,17.08,0
2026-09-18T12:58:18.712,26.256,255,1.855,-273.1,15.4,19.593,16.71,0
2026-09-18T12:58:18.813,26.357,255,1.855,-90.0,15.7,19.593,16.99,0
2026-09-18T12:58:18.911,26.455,255,1.856,-273.1,15.4,19.593,16.84,0
2026-09-18T12:58:19.011,26.555,255,1.856,-90.0,15.3,19.593,16.74,0
2026-09-18T12:58:19.112,26.656,255,1.856,-273.1,15.2,19.593,16.96,0
2026-09-18T12:58:19.211,26.755,255,1.857,-90.0,15.4,19.593,17.10,0
2026-09-18T12:58:19.311,26.855,255,1.857,-273.1,14.5,19.593,16.83,0
2026-09-18T12:58:19.412,26.956,255,1.857,-273.1,15.2,19.593,17.03,0
2026-09-18T12:58:19.511,27.055,255,1.857,-273.1,15.1,19.593,17.26,0
2026-09-18T12:58:19.612,27.156,255,1.857,-273.1,15.2,19.593,16.80,0
2026-09-18T12:58:19.711,27.255,255,1.857,-273.1,15.0,19.593,17.04,0
2026-09-18T12:58:19.811,27.355,255,1.856,-273.1,15.1,19.593,16.74,0
2026-09-18T12:58:19.912,27.456,255,1.856,-273.1,15.0,19.593,16.70,0
2026-09-18T12:58:20.012,27.556,255,1.857,-273.1,15.2,19.593,16.70,0
2026-09-18T12:58:20.112,27.657,255,1.857,-273.1,15.5,19.593,17.11,0
2026-09-18T12:58:20.213,27.757,255,1.857,-90.0,15.5,19.593,17.20,0
2026-09-18T12:58:20.313,27.857,255,1.857,-273.1,15.3,19.593,16.81,0
2026-09-18T12:58:20.413,27.957,255,1.857,-63.6,15.5,19.593,16.50,0
2026-09-18T12:58:20.513,28.057,255,1.857,-273.1,15.4,19.593,16.82,0
2026-09-18T12:58:20.613,28.157,255,1.858,-273.1,15.4,19.593,17.10,0
2026-09-18T12:58:20.714,28.258,255,1.858,-273.1,15.2,19.593,16.73,0
2026-09-18T12:58:20.814,28.358,255,1.858,-273.1,15.3,19.593,17.04,0
2026-09-18T12:58:20.914,28.458,255,1.858,-273.1,15.2,19.593,16.50,0
2026-09-18T12:58:21.014,28.558,255,1.858,-273.1,15.1,19.593,16.93,0
2026-09-18T12:58:21.114,28.658,255,1.858,-273.1,15.3,19.593,16.38,0
2026-09-18T12:58:21.215,28.759,255,1.859,-90.0,15.6,19.593,17.25,0
2026-09-18T12:58:21.316,28.860,255,1.858,-273.1,15.5,19.593,17.19,0
2026-09-18T12:58:21.415,28.959,255,1.858,-273.1,15.5,19.593,16.46,0
2026-09-18T12:58:21.516,29.060,255,1.859,-273.1,15.7,19.593,16.55,0
2026-09-18T12:58:21.615,29.159,255,1.858,-273.1,15.4,19.593,16.87,0
2026-09-18T12:58:21.716,29.260,255,1.858,-273.1,15.5,19.593,17.06,0
2026-09-18T12:58:21.814,29.359,255,1.858,-64.4,15.3,19.593,16.53,0
2026-09-18T12:58:21.915,29.459,255,1.858,-273.1,15.1,19.593,17.02,0
2026-09-18T12:58:22.015,29.560,255,1.858,-273.1,15.4,19.593,16.88,0
2026-09-18T12:58:22.115,29.659,255,1.857,-273.1,15.1,19.593,16.83,0
2026-09-18T12:58:22.215,29.760,255,1.857,-273.1,15.0,19.593,17.14,0
2026-09-18T12:58:22.316,29.860,255,1.858,-273.1,15.3,19.593,16.78,0
2026-09-18T12:58:22.416,29.960,255,1.858,-273.1,15.4,19.593,16.94,0
2026-09-18T12:58:22.516,30.060,255,1.857,-273.1,15.4,19.593,17.17,0
2026-09-18T12:58:22.617,30.161,255,1.857,-90.0,15.5,19.593,16.54,0
2026-09-18T12:58:22.717,30.261,255,1.857,-273.1,15.6,19.593,16.68,0
2026-09-18T12:58:22.817,30.361,255,1.858,-273.1,15.1,19.593,16.81,0
2026-09-18T12:58:22.918,30.462,255,1.856,-63.6,15.4,19.593,16.85,0
2026-09-18T12:58:23.018,30.562,255,1.856,-273.1,15.3,19.593,16.77,0
2026-09-18T12:58:23.117,30.662,255,1.856,-68.1,15.3,19.593,16.63,0
2026-09-18T12:58:23.217,30.761,255,1.856,-273.1,15.1,19.593,16.55,0
2026-09-18T12:58:23.317,30.861,255,1.856,-273.1,15.3,19.593,16.77,0
2026-09-18T12:58:23.419,30.963,255,1.856,-273.1,15.3,19.593,16.63,0
2026-09-18T12:58:23.519,31.063,255,1.855,-273.1,15.5,19.593,16.71,0
2026-09-18T12:58:23.618,31.162,255,1.855,-273.1,15.4,19.593,16.76,0
2026-09-18T12:58:23.718,31.262,255,1.855,-273.1,15.5,19.593,16.81,0
2026-09-18T12:58:23.818,31.363,255,1.855,-273.1,15.3,19.593,16.83,0
2026-09-18T12:58:23.917,31.461,255,1.856,-273.1,15.2,19.593,17.03,0
2026-09-18T12:58:24.019,31.563,255,1.856,-273.1,15.2,19.593,16.48,0
2026-09-18T12:58:24.119,31.664,255,1.856,-273.1,15.2,19.593,16.84,0
2026-09-18T12:58:24.219,31.763,255,1.856,-273.1,15.3,19.593,16.72,0
2026-09-18T12:58:24.320,31.864,255,1.856,-273.1,15.4,19.593,16.91,0
2026-09-18T12:58:24.421,31.965,255,1.857,-273.1,15.7,19.593,17.09,0
2026-09-18T12:58:24.520,32.064,255,1.857,-273.1,15.5,19.593,17.04,0
2026-09-18T12:58:24.620,32.164,255,1.857,-273.1,15.4,19.593,17.07,0
2026-09-18T12:58:24.721,32.265,255,1.858,-273.1,15.5,19.593,16.58,0
2026-09-18T12:58:24.819,32.363,255,1.858,-273.1,15.3,19.593,17.07,0
2026-09-18T12:58:24.921,32.465,255,1.858,-273.1,15.2,19.593,16.83,0
2026-09-18T12:58:25.022,32.567,255,1.859,-273.1,15.1,19.593,16.98,0
2026-09-18T12:58:25.121,32.665,255,1.859,-273.1,15.4,19.593,16.66,0
2026-09-18T12:58:25.221,32.765,255,1.859,-273.1,15.3,19.593,17.11,0
2026-09-18T12:58:25.321,32.865,255,1.859,-273.1,15.4,19.593,16.67,0
2026-09-18T12:58:25.421,32.965,255,1.859,-273.1,15.3,19.593,16.74,0
2026-09-18T12:58:25.522,33.066,255,1.860,-273.1,15.6,19.593,17.02,0
2026-09-18T12:58:25.621,33.165,255,1.860,-273.1,15.3,19.593,16.95,0
2026-09-18T12:58:25.721,33.266,255,1.860,-273.1,15.2,19.593,16.62,0
2026-09-18T12:58:25.822,33.366,255,1.860,-273.1,15.4,19.593,16.65,0
2026-09-18T12:58:25.922,33.467,255,1.861,-273.1,15.3,19.593,16.99,0
2026-09-18T12:58:26.021,33.566,255,1.861,-90.0,15.2,19.593,16.70,0
2026-09-18T12:58:26.122,33.666,255,1.861,-273.1,15.3,19.593,16.62,0
2026-09-18T12:58:26.223,33.767,255,1.862,-273.1,15.3,19.593,16.51,0
2026-09-18T12:58:26.322,33.866,255,1.862,-273.1,15.2,19.593,16.82,0
2026-09-18T12:58:26.423,33.968,255,1.862,-273.1,15.3,19.593,16.99,0
2026-09-18T12:58:26.522,34.066,255,1.863,-273.1,15.1,19.593,16.85,0
2026-09-18T12:58:26.622,34.166,255,1.863,-83.9,15.3,19.593,16.91,0
2026-09-18T12:58:26.723,34.267,255,1.864,-273.1,15.1,19.593,16.93,0
2026-09-18T12:58:26.823,34.368,255,1.864,-62.2,15.5,19.593,17.27,0
2026-09-18T12:58:26.924,34.468,255,1.864,-273.1,15.4,19.593,16.43,0
2026-09-18T12:58:27.025,34.569,255,1.864,-273.1,15.7,19.593,17.13,0
2026-09-18T12:58:27.126,34.670,255,1.865,-273.1,15.5,19.593,16.74,0
2026-09-18T12:58:27.225,34.770,255,1.865,-90.0,15.8,19.593,16.87,0
2026-09-18T12:58:27.325,34.869,255,1.865,-90.0,15.4,19.593,17.15,0
2026-09-18T12:58:27.426,34.970,255,1.865,-273.1,15.6,19.593,16.91,0
2026-09-18T12:58:27.526,35.071,255,1.865,-273.1,15.6,19.593,16.91,0
2026-09-18T12:58:27.627,35.172,255,1.865,-67.0,15.6,19.593,16.74,0
2026-09-18T12:58:27.727,35.271,255,1.865,-273.1,15.7,19.593,17.24,0
2026-09-18T12:58:27.826,35.371,255,1.865,-273.1,15.6,19.593,17.28,0
2026-09-18T12:58:27.927,35.471,255,1.866,-273.1,15.6,19.593,16.74,0
2026-09-18T12:58:28.028,35.572,255,1.866,-80.2,15.6,19.593,16.66,0
2026-09-18T12:58:28.128,35.673,255,1.866,-273.1,15.5,19.593,16.59,0
2026-09-18T12:58:28.228,35.772,255,1.866,-273.1,15.5,19.593,16.78,0
2026-09-18T12:58:28.331,35.875,255,1.865,-273.1,15.5,19.593,17.11,0
2026-09-18T12:58:28.429,35.974,255,1.865,-273.1,15.3,19.593,16.84,0
2026-09-18T12:58:28.530,36.074,255,1.865,-273.1,15.4,19.593,17.27,0
2026-09-18T12:58:28.630,36.175,255,1.866,-273.1,15.2,19.593,16.76,0
2026-09-18T12:58:28.730,36.274,255,1.866,-273.1,15.4,19.593,16.96,0
2026-09-18T12:58:28.830,36.374,255,1.866,-273.1,15.2,19.593,17.05,0
2026-09-18T12:58:28.931,36.476,255,1.867,-273.1,15.2,19.593,16.83,0
2026-09-18T12:58:29.031,36.575,255,1.868,-273.1,15.4,19.593,16.94,0
2026-09-18T12:58:29.131,36.676,255,1.868,-273.1,15.4,19.593,16.55,0
2026-09-18T12:58:29.231,36.776,255,1.868,-273.1,15.5,19.593,16.77,0
2026-09-18T12:58:29.333,36.877,255,1.869,-273.1,15.6,19.593,17.41,0
2026-09-18T12:58:29.430,36.975,255,1.869,-273.1,15.3,19.593,16.71,0
2026-09-18T12:58:29.530,37.075,255,1.869,-273.1,15.8,19.593,16.97,0
2026-09-18T12:58:29.631,37.175,255,1.869,-273.1,15.5,19.593,16.85,0
2026-09-18T12:58:29.731,37.276,255,1.869,-273.1,15.7,19.593,16.43,0
2026-09-18T12:58:29.831,37.375,255,1.869,-273.1,15.6,19.593,17.00,0
2026-09-18T12:58:29.931,37.475,255,1.869,-273.1,15.6,19.593,16.30,0
2026-09-18T12:58:30.032,37.576,255,1.869,-273.1,15.4,19.593,16.84,0
2026-09-18T12:58:30.133,37.677,255,1.870,-273.1,15.2,19.593,16.80,0
2026-09-18T12:58:30.232,37.776,255,1.870,-273.1,15.5,19.593,16.93,0
2026-09-18T12:58:30.332,37.876,255,1.870,-65.2,15.5,19.593,17.04,0
2026-09-18T12:58:30.433,37.978,255,1.870,-273.1,15.3,19.593,16.87,0
2026-09-18T12:58:30.532,38.076,255,1.871,-273.1,15.8,19.593,16.92,0
2026-09-18T12:58:30.632,38.177,255,1.871,-273.1,15.7,19.593,17.24,0
2026-09-18T12:58:30.732,38.276,255,1.871,-90.0,15.7,19.593,16.95,0
2026-09-18T12:58:30.832,38.376,255,1.871,-83.9,15.5,19.593,16.92,0
2026-09-18T12:58:30.932,38.477,255,1.871,-273.1,15.6,19.593,17.03,0
2026-09-18T12:58:31.033,38.577,255,1.872,-273.1,15.4,19.593,16.80,0
2026-09-18T12:58:31.133,38.677,255,1.872,-273.1,15.4,19.593,16.96,0
2026-09-18T12:58:31.233,38.777,255,1.872,-273.1,15.6,19.593,17.02,0
2026-09-18T12:58:31.333,38.877,255,1.872,-273.1,15.5,19.593,16.68,0
2026-09-18T12:58:31.434,38.978,255,1.872,-273.1,15.5,19.593,17.00,0
2026-09-18T12:58:31.534,39.078,255,1.873,-273.1,15.5,19.593,16.91,0
2026-09-18T12:58:31.634,39.179,255,1.874,-273.1,15.3,19.593,17.35,0
2026-09-18T12:58:31.735,39.279,255,1.875,-273.1,15.6,19.593,17.04,0
2026-09-18T12:58:31.835,39.379,255,1.875,-273.1,15.3,19.593,17.02,0
2026-09-18T12:58:31.934,39.479,255,1.875,-273.1,15.3,19.593,16.62,0
2026-09-18T12:58:32.036,39.581,255,1.875,-273.1,15.6,19.593,17.03,0
2026-09-18T12:58:32.135,39.679,255,1.875,-273.1,15.4,19.593,17.02,0
2026-09-18T12:58:32.236,39.780,255,1.875,-77.4,15.5,19.593,17.09,0
2026-09-18T12:58:32.337,39.881,255,1.876,-80.2,15.4,19.593,16.72,0
2026-09-18T12:58:32.437,39.982,255,1.876,-273.1,15.1,19.593,17.04,0
2026-09-18T12:58:32.537,40.081,255,1.876,-273.1,15.4,19.593,16.83,0
2026-09-18T12:58:32.637,40.182,255,1.876,-90.0,15.5,19.593,17.32,0
2026-09-18T12:58:32.738,40.282,255,1.877,-90.0,15.5,19.593,16.96,0
2026-09-18T12:58:32.838,40.382,255,1.878,-273.1,15.7,19.593,16.97,0
2026-09-18T12:58:32.938,40.483,255,1.878,-273.1,15.1,19.593,17.05,0
2026-09-18T12:58:33.041,40.585,255,1.878,-77.4,15.2,19.593,17.00,0
2026-09-18T12:58:33.140,40.685,255,1.878,-273.1,14.9,19.593,16.71,0
2026-09-18T12:58:33.239,40.784,255,1.880,-273.1,15.3,19.593,16.75,0
2026-09-18T12:58:33.340,40.884,255,1.880,-273.1,15.0,19.593,17.00,0
2026-09-18T12:58:33.441,40.985,255,1.880,-273.1,14.8,19.593,17.14,0
2026-09-18T12:58:33.542,41.086,255,1.880,-273.1,14.6,19.593,17.10,0
2026-09-18T12:58:33.641,41.185,255,1.881,-273.1,14.6,19.593,17.13,0
2026-09-18T12:58:33.741,41.285,255,1.881,-273.1,15.0,19.593,17.04,0
2026-09-18T12:58:33.842,41.386,255,1.882,-273.1,14.8,19.593,16.81,0
2026-09-18T12:58:33.943,41.487,255,1.883,-273.1,14.5,19.593,16.93,0
2026-09-18T12:58:34.042,41.586,255,1.883,-273.1,14.8,19.593,17.00,0
2026-09-18T12:58:34.143,41.687,255,1.883,-273.1,14.5,19.593,16.88,0
2026-09-18T12:58:34.242,41.787,255,1.883,-273.1,14.8,19.593,16.64,0
2026-09-18T12:58:34.342,41.886,255,1.883,-273.1,14.9,19.593,17.07,0
2026-09-18T12:58:34.442,41.987,255,1.883,-273.1,14.7,19.593,16.97,0
2026-09-18T12:58:34.543,42.087,255,1.883,-273.1,14.5,19.593,17.05,0
2026-09-18T12:58:34.642,42.186,255,1.883,-90.0,15.0,19.593,17.05,0
2026-09-18T12:58:34.742,42.286,255,1.883,-273.1,14.8,19.593,16.78,0
2026-09-18T12:58:34.843,42.387,255,1.883,-273.1,14.7,19.593,16.91,0
2026-09-18T12:58:34.943,42.487,255,1.883,-273.1,14.5,19.593,16.99,0
2026-09-18T12:58:35.044,42.589,255,1.883,-273.1,14.5,19.593,16.92,0
2026-09-18T12:58:35.143,42.687,255,1.884,-273.1,14.7,19.593,16.99,0
2026-09-18T12:58:35.244,42.788,255,1.883,-67.0,14.8,19.593,16.88,0
2026-09-18T12:58:35.344,42.889,255,1.883,-273.1,14.5,19.593,16.72,0
2026-09-18T12:58:35.445,42.989,255,1.884,-273.1,14.4,19.593,17.26,0
2026-09-18T12:58:35.547,43.091,255,1.884,-273.1,14.5,19.593,17.24,0
2026-09-18T12:58:35.645,43.189,255,1.885,-273.1,14.8,19.593,16.96,0
2026-09-18T12:58:35.745,43.289,255,1.885,-273.1,14.6,19.593,16.82,0
2026-09-18T12:58:35.845,43.389,255,1.885,-273.1,14.6,19.593,17.07,0
2026-09-18T12:58:35.945,43.489,255,1.885,-273.1,15.0,19.593,17.23,0
2026-09-18T12:58:36.045,43.590,255,1.885,-273.1,14.5,19.593,17.22,0
2026-09-18T12:58:36.146,43.690,255,1.885,-273.1,14.4,19.593,17.23,0
2026-09-18T12:58:36.247,43.792,255,1.886,-273.1,14.2,19.593,16.94,0
2026-09-18T12:58:36.348,43.892,255,1.886,-273.1,14.3,19.593,17.27,0
2026-09-18T12:58:36.447,43.991,255,1.886,-273.1,14.3,19.593,16.77,0
2026-09-18T12:58:36.548,44.092,255,1.886,-90.0,14.4,19.593,17.01,0
2026-09-18T12:58:36.649,44.193,255,1.887,-273.1,14.3,19.593,17.43,0
2026-09-18T12:58:36.751,44.295,255,1.888,-273.1,14.1,19.593,16.80,0
2026-09-18T12:58:36.849,44.393,255,1.888,-273.1,14.1,19.593,16.91,0
2026-09-18T12:58:36.950,44.494,255,1.889,-273.1,14.3,19.593,17.05,0
2026-09-18T12:58:37.050,44.594,255,1.889,-83.9,14.2,19.593,17.08,0
2026-09-18T12:58:37.151,44.695,255,1.890,-273.1,14.3,19.593,16.91,0
2026-09-18T12:58:37.250,44.794,255,1.890,-273.1,14.0,19.593,16.95,0
2026-09-18T12:58:37.351,44.895,255,1.890,-90.0,14.3,19.593,17.41,0
2026-09-18T12:58:37.452,44.996,255,1.891,-77.4,14.3,19.593,16.49,0
2026-09-18T12:58:37.552,45.096,255,1.890,-83.9,14.7,19.593,17.00,0
2026-09-18T12:58:37.653,45.197,255,1.890,-273.1,14.4,19.593,17.00,0
2026-09-18T12:58:37.754,45.298,255,1.891,-273.1,14.5,19.593,16.92,0
2026-09-18T12:58:37.856,45.400,255,1.891,-273.1,14.6,19.593,16.96,0
2026-09-18T12:58:37.953,45.497,255,1.891,-273.1,14.5,19.593,16.91,0
2026-09-18T12:58:38.055,45.599,255,1.891,-273.1,15.0,19.593,17.03,0
2026-09-18T12:58:38.156,45.700,255,1.891,-273.1,14.8,19.593,17.33,0
2026-09-18T12:58:38.257,45.801,255,1.892,-67.0,14.9,19.593,17.08,0
2026-09-18T12:58:38.357,45.901,255,1.893,-273.1,14.8,19.593,16.95,0
2026-09-18T12:58:38.458,46.002,255,1.893,-273.1,14.9,19.593,16.95,0
2026-09-18T12:58:38.558,46.103,255,1.892,-273.1,15.0,19.593,17.28,0
2026-09-18T12:58:38.659,46.204,255,1.892,-273.1,15.1,19.593,17.15,0
2026-09-18T12:58:38.759,46.303,255,1.892,-273.1,15.1,19.593,17.36,0
2026-09-18T12:58:38.859,46.404,255,1.892,-273.1,15.1,19.593,17.02,0
2026-09-18T12:58:38.960,46.504,255,1.892,-273.1,15.3,19.593,17.09,0
2026-09-18T12:58:39.061,46.605,255,1.893,-273.1,15.5,19.593,17.22,0
2026-09-18T12:58:39.160,46.704,255,1.892,-273.1,15.3,19.593,16.53,0
2026-09-18T12:58:39.261,46.805,255,1.892,-273.1,15.3,19.593,17.31,0
2026-09-18T12:58:39.361,46.905,255,1.892,-273.1,15.6,19.593,17.22,0
2026-09-18T12:58:39.462,47.006,255,1.893,-90.0,15.6,19.593,16.95,0
2026-09-18T12:58:39.561,47.106,255,1.893,-273.1,15.5,19.593,16.98,0
2026-09-18T12:58:39.662,47.207,255,1.893,-83.9,15.7,19.593,16.91,0
2026-09-18T12:58:39.763,47.307,255,1.893,-273.1,15.5,19.593,16.87,0
2026-09-18T12:58:39.865,47.409,255,1.894,-273.1,15.8,19.593,17.05,0
2026-09-18T12:58:39.962,47.507,255,1.894,-273.1,15.6,19.593,17.08,0
2026-09-18T12:58:40.063,47.607,255,1.896,-273.1,15.6,19.593,17.22,0
2026-09-18T12:58:40.163,47.708,255,1.894,-273.1,15.3,19.593,16.89,0
2026-09-18T12:58:40.264,47.808,255,1.893,-273.1,15.4,19.593,17.26,0
2026-09-18T12:58:40.365,47.909,255,1.893,-273.1,15.6,19.593,17.32,0
2026-09-18T12:58:40.464,48.009,255,1.894,-273.1,15.5,19.593,16.96,0
2026-09-18T12:58:40.565,48.109,255,1.894,-273.1,15.3,19.593,16.91,0
2026-09-18T12:58:40.666,48.210,255,1.893,-80.2,15.5,19.593,17.15,0
2026-09-18T12:58:40.767,48.311,255,1.893,-273.1,15.4,19.593,17.36,0
2026-09-18T12:58:40.866,48.410,255,1.895,-83.9,15.2,19.593,17.33,0
2026-09-18T12:58:40.965,48.509,255,1.895,-273.1,15.3,19.593,17.07,0
2026-09-18T12:58:41.065,48.610,255,1.895,-273.1,15.6,19.593,16.92,0
2026-09-18T12:58:41.166,48.710,255,1.895,-273.1,15.6,19.593,16.46,0
2026-09-18T12:58:41.267,48.811,255,1.896,-273.1,15.2,19.593,17.11,0
2026-09-18T12:58:41.367,48.911,255,1.895,-273.1,15.0,19.593,17.28,0
2026-09-18T12:58:41.467,49.011,255,1.897,-273.1,15.1,19.593,17.27,0
2026-09-18T12:58:41.567,49.111,255,1.897,-273.1,15.2,19.593,17.23,0
2026-09-18T12:58:41.668,49.212,255,1.896,-273.1,15.0,19.593,17.25,0
2026-09-18T12:58:41.767,49.311,255,1.896,-273.1,15.1,19.593,16.85,0
2026-09-18T12:58:41.867,49.412,255,1.896,-273.1,15.1,19.593,16.93,0
2026-09-18T12:58:41.968,49.513,255,1.896,-273.1,15.0,19.593,16.98,0
2026-09-18T12:58:42.069,49.613,255,1.897,-273.1,15.1,19.593,17.25,0
2026-09-18T12:58:42.168,49.712,255,1.897,-273.1,15.1,19.593,16.98,0
2026-09-18T12:58:42.268,49.813,255,1.897,-273.1,15.2,19.593,17.35,0
2026-09-18T12:58:42.369,49.913,255,1.898,-273.1,15.1,19.593,17.17,0
2026-09-18T12:58:42.469,50.013,255,1.899,-273.1,15.0,19.593,16.93,0
2026-09-18T12:58:42.570,50.114,255,1.900,-273.1,14.9,19.593,17.44,0
2026-09-18T12:58:42.669,50.213,255,1.900,-273.1,15.2,19.593,17.23,0
2026-09-18T12:58:42.770,50.314,255,1.900,-273.1,15.0,19.593,17.33,0
2026-09-18T12:58:42.869,50.414,255,1.900,-273.1,15.2,19.593,17.22,0
2026-09-18T12:58:42.970,50.514,255,1.901,-71.8,15.1,19.593,16.76,0
2026-09-18T12:58:43.071,50.615,255,1.901,-273.1,14.9,19.593,17.30,0
2026-09-18T12:58:43.171,50.716,255,1.901,-273.1,14.9,19.593,16.85,0
2026-09-18T12:58:43.272,50.816,255,1.901,-273.1,14.9,19.593,16.90,0
2026-09-18T12:58:43.371,50.915,255,1.902,-273.1,14.9,19.593,17.08,0
2026-09-18T12:58:43.471,51.015,255,1.902,-90.0,14.8,19.593,17.29,0
2026-09-18T12:58:43.572,51.116,255,1.901,-273.1,14.7,19.593,16.96,0
2026-09-18T12:58:43.672,51.216,255,1.902,-273.1,14.9,19.593,17.23,0
2026-09-18T12:58:43.771,51.315,255,1.903,-273.1,14.8,19.593,16.90,0
2026-09-18T12:58:43.871,51.415,255,1.903,-273.1,14.6,19.593,17.35,0
2026-09-18T12:58:43.971,51.516,255,1.901,-273.1,14.7,19.593,17.63,0
2026-09-18T12:58:44.071,51.615,255,1.903,-90.0,15.3,19.593,17.15,0
2026-09-18T12:58:44.171,51.716,255,1.903,-71.8,14.9,19.593,16.96,0
2026-09-18T12:58:44.272,51.816,255,1.903,-273.1,14.8,19.593,17.25,0
2026-09-18T12:58:44.374,51.918,255,1.904,-273.1,14.6,19.593,17.04,0
2026-09-18T12:58:44.474,52.018,255,1.905,-273.1,14.4,19.593,17.51,0
2026-09-18T12:58:44.573,52.117,255,1.905,-273.1,14.6,19.593,17.31,0
2026-09-18T12:58:44.674,52.218,255,1.905,-273.1,14.3,19.593,17.14,0
2026-09-18T12:58:44.773,52.317,255,1.906,-273.1,14.8,19.593,17.36,0
2026-09-18T12:58:44.874,52.418,255,1.906,-69.2,14.4,19.593,17.15,0
2026-09-18T12:58:44.975,52.519,255,1.906,-273.1,14.3,19.593,17.15,0
2026-09-18T12:58:45.074,52.619,255,1.906,-273.1,14.5,19.593,17.52,0
2026-09-18T12:58:45.175,52.719,255,1.906,-273.1,14.3,19.593,17.12,0
2026-09-18T12:58:45.276,52.820,255,1.906,-273.1,14.1,19.593,17.20,0
2026-09-18T12:58:45.376,52.920,255,1.906,-273.1,14.2,19.593,17.36,0
2026-09-18T12:58:45.475,53.020,255,1.907,-273.1,14.4,19.593,17.19,0
2026-09-18T12:58:45.575,53.120,255,1.907,-273.1,14.3,19.593,17.14,0
2026-09-18T12:58:45.675,53.219,255,1.908,-273.1,14.4,19.593,17.18,0
2026-09-18T12:58:45.776,53.320,255,1.908,-273.1,14.1,19.593,17.03,0
2026-09-18T12:58:45.877,53.421,255,1.908,-273.1,14.2,19.593,17.30,0
2026-09-18T12:58:45.977,53.522,255,1.909,-273.1,14.0,19.593,17.00,0
2026-09-18T12:58:46.078,53.622,255,1.910,-83.9,14.1,19.593,17.48,0
2026-09-18T12:58:46.178,53.723,255,1.910,-273.1,13.9,19.593,17.03,0
2026-09-18T12:58:46.277,53.822,255,1.910,-273.1,14.2,19.593,17.36,0
2026-09-18T12:58:46.378,53.922,255,1.910,-273.1,14.3,19.593,17.22,0
2026-09-18T12:58:46.479,54.023,255,1.910,-273.1,14.1,19.593,16.99,0
2026-09-18T12:58:46.580,54.124,255,1.910,-273.1,14.0,19.593,17.25,0
2026-09-18T12:58:46.681,54.225,255,1.911,-90.0,14.1,19.593,17.07,0
2026-09-18T12:58:46.780,54.324,255,1.910,-273.1,14.0,19.593,17.43,0
2026-09-18T12:58:46.880,54.424,255,1.910,-273.1,14.1,19.593,17.15,0
2026-09-18T12:58:46.981,54.525,255,1.910,-80.2,14.1,19.593,16.81,0
2026-09-18T12:58:47.081,54.626,255,1.911,-273.1,14.0,19.593,17.18,0
2026-09-18T12:58:47.181,54.725,255,1.911,-273.1,13.9,19.593,17.30,0
2026-09-18T12:58:47.281,54.825,255,1.911,-273.1,14.1,19.593,17.14,0
2026-09-18T12:58:47.382,54.926,255,1.911,-273.1,14.4,19.593,17.09,0
2026-09-18T12:58:47.482,55.027,255,1.911,-273.1,14.4,19.593,17.40,0
2026-09-18T12:58:47.583,55.127,255,1.912,-90.0,14.5,19.593,17.55,0
2026-09-18T12:58:47.683,55.227,255,1.912,-273.1,14.3,19.593,17.05,0
2026-09-18T12:58:47.783,55.328,255,1.913,-273.1,14.2,19.593,17.58,0
2026-09-18T12:58:47.884,55.429,255,1.912,-273.1,14.5,19.593,17.13,0
2026-09-18T12:58:47.983,55.527,255,1.912,-273.1,14.3,19.593,17.41,0
2026-09-18T12:58:48.083,55.627,255,1.912,-273.1,14.3,19.593,17.56,0
2026-09-18T12:58:48.183,55.728,255,1.912,-273.1,14.3,19.593,17.43,0
2026-09-18T12:58:48.284,55.828,255,1.913,-273.1,14.6,19.593,17.37,0
2026-09-18T12:58:48.385,55.929,255,1.913,-273.1,14.3,19.593,17.28,0
2026-09-18T12:58:48.485,56.029,255,1.913,-273.1,14.6,19.593,17.39,0
2026-09-18T12:58:48.584,56.128,255,1.914,-273.1,14.3,19.593,17.26,0
2026-09-18T12:58:48.686,56.231,255,1.913,-273.1,14.5,19.593,17.35,0
2026-09-18T12:58:48.786,56.330,255,1.913,-273.1,14.5,19.593,17.46,0
2026-09-18T12:58:48.885,56.429,255,1.913,-273.1,14.5,19.593,17.33,0
2026-09-18T12:58:48.985,56.530,255,1.914,-273.1,14.6,19.593,17.02,0
2026-09-18T12:58:49.086,56.630,255,1.913,-273.1,14.6,19.593,17.33,0
2026-09-18T12:58:49.186,56.731,255,1.913,-273.1,14.8,19.593,17.15,0
2026-09-18T12:58:49.287,56.831,255,1.913,-73.4,14.8,19.593,17.29,0
2026-09-18T12:58:49.388,56.932,255,1.914,-273.1,14.8,19.593,17.10,0
2026-09-18T12:58:49.487,57.031,255,1.914,-273.1,14.5,19.593,17.39,0
2026-09-18T12:58:49.588,57.132,255,1.915,-65.2,14.7,19.593,17.35,0
2026-09-18T12:58:49.688,57.232,255,1.915,-273.1,14.9,19.593,17.54,0
2026-09-18T12:58:49.788,57.332,255,1.915,-90.0,15.0,19.593,17.27,0
2026-09-18T12:58:49.888,57.433,255,1.916,-273.1,14.8,19.593,17.22,0
2026-09-18T12:58:49.989,57.533,255,1.916,-273.1,14.8,19.593,16.99,0
2026-09-18T12:58:50.092,57.637,255,1.916,-273.1,15.0,19.593,17.13,0
2026-09-18T12:58:50.190,57.735,255,1.916,-273.1,15.0,19.593,17.45,0
2026-09-18T12:58:50.290,57.834,255,1.916,-273.1,14.9,19.593,17.27,0
2026-09-18T12:58:50.391,57.935,255,1.916,-273.1,14.9,19.593,17.24,0
2026-09-18T12:58:50.490,58.034,255,1.916,-273.1,15.1,19.593,17.39,0
2026-09-18T12:58:50.590,58.134,255,1.916,-70.4,14.9,19.593,17.15,0
2026-09-18T12:58:50.690,58.235,255,1.918,-273.1,14.8,19.593,17.21,0
2026-09-18T12:58:50.790,58.334,255,1.918,-273.1,14.8,19.593,17.47,0
2026-09-18T12:58:50.891,58.435,255,1.918,-273.1,14.8,19.593,17.29,0
2026-09-18T12:58:50.992,58.536,255,1.917,-273.1,15.1,19.593,17.51,0
2026-09-18T12:58:51.094,58.638,255,1.917,-273.1,15.2,19.593,17.11,0
2026-09-18T12:58:51.192,58.736,255,1.917,-273.1,15.2,19.593,17.42,0
2026-09-18T12:58:51.293,58.837,255,1.917,-273.1,15.2,19.593,17.44,0
2026-09-18T12:58:51.393,58.938,255,1.917,-273.1,15.3,19.593,17.19,0
2026-09-18T12:58:51.493,59.037,255,1.917,-273.1,15.2,19.593,17.20,0
2026-09-18T12:58:51.593,59.138,255,1.917,-90.0,15.4,19.593,17.19,0
2026-09-18T12:58:51.693,59.237,255,1.917,-273.1,15.2,19.593,17.23,0
2026-09-18T12:58:51.794,59.338,255,1.917,-77.4,15.3,19.593,17.17,0
2026-09-18T12:58:51.893,59.437,255,1.917,-273.1,15.0,19.593,17.52,0
2026-09-18T12:58:51.992,59.537,255,1.917,-273.1,14.9,19.593,17.43,0
2026-09-18T12:58:52.092,59.637,255,1.917,-273.1,14.9,19.593,17.51,0
2026-09-18T12:58:52.192,59.737,255,1.917,-90.0,15.1,19.593,17.39,0
2026-09-18T12:58:52.293,59.837,255,1.917,-273.1,15.0,19.593,16.96,0
2026-09-18T12:58:52.395,59.939,255,1.917,-273.1,15.0,19.593,17.44,0
2026-09-18T12:58:52.495,60.039,255,1.917,-90.0,14.9,19.593,17.45,0
2026-09-18T12:58:52.594,60.139,255,1.917,-273.1,15.4,19.593,17.30,0
2026-09-18T12:58:52.695,60.239,255,1.917,-273.1,15.2,19.593,17.56,0
2026-09-18T12:58:52.795,60.339,255,1.917,-273.1,15.3,19.593,17.20,0
2026-09-18T12:58:52.894,60.439,255,1.917,-273.1,15.0,19.593,17.31,0
2026-09-18T12:58:52.995,60.539,255,1.917,-273.1,15.2,19.593,17.12,0
2026-09-18T12:58:53.095,60.639,255,1.917,-273.1,15.3,19.593,17.47,0
2026-09-18T12:58:53.196,60.740,255,1.918,-63.6,15.3,19.593,17.41,0
2026-09-18T12:58:53.297,60.841,255,1.918,-273.1,15.4,19.593,16.89,0
2026-09-18T12:58:53.396,60.940,255,1.918,-273.1,15.2,19.593,17.41,0
2026-09-18T12:58:53.496,61.041,255,1.918,-90.0,15.3,19.593,17.11,0
2026-09-18T12:58:53.597,61.141,255,1.919,-273.1,15.6,19.593,17.27,0
2026-09-18T12:58:53.698,61.242,255,1.919,-273.1,15.4,19.593,17.38,0
2026-09-18T12:58:53.799,61.343,255,1.920,-273.1,15.3,19.593,17.14,0
2026-09-18T12:58:53.897,61.441,255,1.920,-63.6,15.6,19.593,17.14,0
2026-09-18T12:58:53.997,61.541,255,1.920,-273.1,15.3,19.593,17.50,0
2026-09-18T12:58:54.097,61.641,255,1.921,-273.1,15.2,19.593,17.10,0
2026-09-18T12:58:54.197,61.742,255,1.921,-273.1,15.3,19.593,17.36,0
2026-09-18T12:58:54.297,61.841,255,1.921,-273.1,15.2,19.593,17.14,0
2026-09-18T12:58:54.398,61.942,255,1.922,-273.1,15.3,19.593,17.29,0
2026-09-18T12:58:54.497,62.041,255,1.921,-273.1,15.0,19.593,17.45,0
2026-09-18T12:58:54.597,62.141,255,1.922,-273.1,14.9,19.593,17.33,0
2026-09-18T12:58:54.697,62.241,255,1.922,-273.1,14.9,19.593,17.12,0
2026-09-18T12:58:54.797,62.341,255,1.922,-273.1,15.2,19.593,17.29,0
2026-09-18T12:58:54.898,62.442,255,1.922,-273.1,15.2,19.593,17.10,0
2026-09-18T12:58:54.998,62.542,255,1.922,-273.1,15.4,19.593,17.18,0
2026-09-18T12:58:55.097,62.642,255,1.922,-273.1,14.9,19.593,17.26,0
2026-09-18T12:58:55.198,62.743,255,1.922,-62.9,15.2,19.593,17.26,0
2026-09-18T12:58:55.298,62.842,255,1.923,-273.1,15.0,19.593,17.23,0
2026-09-18T12:58:55.399,62.943,255,1.923,-90.0,16.4,19.593,17.47,0
2026-09-18T12:58:55.499,63.044,255,1.923,-273.1,15.3,19.593,17.32,0
2026-09-18T12:58:55.601,63.145,255,1.923,-273.1,15.3,19.593,17.41,0
2026-09-18T12:58:55.700,63.244,255,1.923,-273.1,15.4,19.593,17.35,0
2026-09-18T12:58:55.800,63.344,255,1.923,-273.1,15.3,19.593,17.45,0
2026-09-18T12:58:55.900,63.444,255,1.923,-273.1,15.1,19.593,17.38,0
2026-09-18T12:58:56.000,63.545,255,1.923,-83.9,15.6,19.593,17.39,0
2026-09-18T12:58:56.101,63.646,255,1.925,-90.0,15.6,19.593,17.19,0
2026-09-18T12:58:56.201,63.745,255,1.925,-273.1,15.5,19.593,17.51,0
2026-09-18T12:58:56.301,63.845,255,1.926,-273.1,15.5,19.593,17.55,0
2026-09-18T12:58:56.401,63.945,255,1.924,-67.0,15.5,19.593,17.29,0
2026-09-18T12:58:56.501,64.045,255,1.924,-67.0,15.3,19.593,17.70,0
2026-09-18T12:58:56.602,64.146,255,1.924,-273.1,15.5,19.593,17.43,0
2026-09-18T12:58:56.702,64.247,255,1.925,-273.1,15.5,19.593,17.40,0
2026-09-18T12:58:56.803,64.347,255,1.925,-273.1,15.2,19.593,17.48,0
2026-09-18T12:58:56.902,64.446,255,1.926,-273.1,15.6,19.593,17.43,0
2026-09-18T12:58:57.003,64.547,255,1.926,-90.0,15.5,19.593,17.50,0
2026-09-18T12:58:57.103,64.648,255,1.926,-273.1,15.5,19.593,17.43,0
2026-09-18T12:58:57.204,64.748,255,1.926,-90.0,15.7,19.593,17.40,0
2026-09-18T12:58:57.303,64.847,255,1.926,-273.1,15.5,19.593,17.18,0
2026-09-18T12:58:57.404,64.948,255,1.926,-273.1,15.5,19.593,17.10,0
2026-09-18T12:58:57.504,65.048,255,1.926,-273.1,15.3,19.593,17.17,0
2026-09-18T12:58:57.605,65.149,255,1.927,-77.4,15.4,19.593,17.30,0
2026-09-18T12:58:57.704,65.248,255,1.928,-83.9,15.4,19.593,17.33,0
2026-09-18T12:58:57.804,65.349,255,1.928,-273.1,15.6,19.593,17.49,0
2026-09-18T12:58:57.905,65.449,255,1.929,-273.1,15.3,19.593,17.15,0
2026-09-18T12:58:58.006,65.550,255,1.929,-273.1,15.4,19.593,17.63,0
2026-09-18T12:58:58.104,65.648,255,1.929,-273.1,15.6,19.593,17.18,0
2026-09-18T12:58:58.204,65.749,255,1.931,-83.9,15.5,19.593,17.42,0
2026-09-18T12:58:58.305,65.850,255,1.931,-83.9,15.5,19.593,17.27,0
2026-09-18T12:58:58.406,65.950,255,1.931,-273.1,15.2,19.593,17.51,0
2026-09-18T12:58:58.505,66.049,255,1.931,-273.1,15.5,19.593,17.55,0
2026-09-18T12:58:58.605,66.149,255,1.932,-273.1,15.4,19.593,17.45,0
2026-09-18T12:58:58.706,66.250,255,1.932,-273.1,15.3,19.593,17.27,0
2026-09-18T12:58:58.807,66.351,255,1.933,-273.1,15.5,19.593,17.68,0
2026-09-18T12:58:58.908,66.452,255,1.933,-273.1,15.5,19.593,17.25,0
2026-09-18T12:58:59.008,66.553,255,1.933,-273.1,15.5,19.593,17.40,0
2026-09-18T12:58:59.107,66.651,255,1.933,-273.1,15.3,19.593,17.37,0
2026-09-18T12:58:59.207,66.752,255,1.933,-273.1,15.5,19.593,17.26,0
2026-09-18T12:58:59.308,66.852,255,1.933,-273.1,15.6,19.593,17.29,0
2026-09-18T12:58:59.407,66.951,255,1.933,-273.1,15.5,19.593,17.46,0
2026-09-18T12:58:59.508,67.052,255,1.933,-273.1,15.3,19.593,16.92,0
2026-09-18T12:58:59.608,67.153,255,1.934,-273.1,15.1,19.593,17.02,0
2026-09-18T12:58:59.709,67.253,255,1.934,-273.1,15.2,19.593,17.28,0
2026-09-18T12:58:59.809,67.354,255,1.934,-273.1,15.2,19.593,17.40,0
2026-09-18T12:58:59.908,67.453,255,1.935,-273.1,15.2,19.593,17.22,0
2026-09-18T12:59:00.009,67.553,255,1.936,-273.1,15.3,19.593,17.62,0
2026-09-18T12:59:00.110,67.654,255,1.936,-273.1,15.1,19.593,17.46,0
2026-09-18T12:59:00.209,67.753,255,1.937,-273.1,15.2,19.593,17.67,0
2026-09-18T12:59:00.309,67.854,255,1.939,-273.1,15.1,19.593,17.44,0
2026-09-18T12:59:00.410,67.955,255,1.939,-273.1,15.2,19.593,17.82,0
2026-09-18T12:59:00.510,68.054,255,1.940,-273.1,15.1,19.593,17.15,0
2026-09-18T12:59:00.609,68.153,255,1.941,-273.1,15.5,19.593,17.42,0
2026-09-18T12:59:00.710,68.254,255,1.943,-273.1,15.2,19.593,17.35,0
2026-09-18T12:59:00.809,68.354,255,1.943,-273.1,15.6,19.593,17.58,0
2026-09-18T12:59:00.910,68.454,255,1.944,-273.1,15.1,19.593,17.48,0
2026-09-18T12:59:01.010,68.554,255,1.945,-273.1,15.4,19.593,17.50,0
2026-09-18T12:59:01.111,68.655,255,1.946,-83.9,15.5,19.593,17.57,0
2026-09-18T12:59:01.210,68.755,255,1.946,-273.1,15.2,19.593,17.55,0
2026-09-18T12:59:01.311,68.855,255,1.946,-273.1,15.1,19.593,17.65,0
2026-09-18T12:59:01.412,68.956,255,1.947,-273.1,15.3,19.593,17.62,0
2026-09-18T12:59:01.512,69.057,255,1.948,-273.1,14.9,19.593,17.14,0
2026-09-18T12:59:01.613,69.157,255,1.948,-273.1,14.8,19.593,17.61,0
2026-09-18T12:59:01.712,69.256,255,1.949,-273.1,15.0,19.593,17.38,0
2026-09-18T12:59:01.812,69.357,255,1.950,-273.1,15.0,19.593,17.41,0
2026-09-18T12:59:01.912,69.457,255,1.951,-273.1,14.9,19.593,17.76,0
2026-09-18T12:59:02.013,69.558,255,1.951,-70.4,14.7,19.593,17.29,0
2026-09-18T12:59:02.114,69.659,255,1.953,-273.1,14.6,19.593,17.98,0
2026-09-18T12:59:02.216,69.760,255,1.953,-273.1,14.3,19.593,17.82,0
2026-09-18T12:59:02.316,69.860,255,1.954,-90.0,14.0,19.593,17.51,0
2026-09-18T12:59:02.417,69.961,255,1.954,-273.1,13.9,19.593,17.32,0
2026-09-18T12:59:02.517,70.061,255,1.954,-273.1,13.9,19.593,17.62,0
2026-09-18T12:59:02.618,70.162,255,1.954,-273.1,14.2,19.593,17.36,0
2026-09-18T12:59:02.717,70.261,255,1.954,-273.1,14.0,19.593,17.44,0
2026-09-18T12:59:02.817,70.361,255,1.954,-273.1,13.9,19.593,17.71,0
2026-09-18T12:59:02.918,70.462,255,1.955,-273.1,14.0,19.593,17.55,0
2026-09-18T12:59:03.017,70.561,255,1.955,-273.1,13.9,19.593,17.73,0
2026-09-18T12:59:03.118,70.662,255,1.955,-83.9,13.9,19.593,17.76,0
2026-09-18T12:59:03.217,70.761,255,1.956,-273.1,14.1,19.593,17.28,0
2026-09-18T12:59:03.317,70.862,255,1.956,-71.8,14.0,19.593,17.23,0
2026-09-18T12:59:03.417,70.961,255,1.958,-273.1,14.1,19.593,17.69,0
2026-09-18T12:59:03.517,71.062,255,1.958,-273.1,14.0,19.593,17.61,0
2026-09-18T12:59:03.619,71.163,255,1.957,-273.1,14.0,19.593,17.45,0
2026-09-18T12:59:03.718,71.262,255,1.957,-273.1,14.0,19.593,17.83,0
2026-09-18T12:59:03.818,71.362,255,1.960,-273.1,13.8,19.593,17.81,0
2026-09-18T12:59:03.919,71.463,255,1.960,-273.1,13.9,19.593,17.50,0
2026-09-18T12:59:04.020,71.564,255,1.959,-273.1,13.9,19.593,17.47,0
2026-09-18T12:59:04.121,71.665,255,1.960,-273.1,13.8,19.593,17.41,0
2026-09-18T12:59:04.222,71.766,255,1.960,-273.1,13.8,19.593,17.42,0
2026-09-18T12:59:04.319,71.864,255,1.960,-273.1,13.9,19.593,17.83,0
2026-09-18T12:59:04.420,71.964,255,1.960,-273.1,14.0,19.593,17.97,0
2026-09-18T12:59:04.520,72.064,255,1.959,-273.1,13.9,19.593,17.48,0
2026-09-18T12:59:04.620,72.165,255,1.959,-273.1,14.0,19.593,17.65,0
2026-09-18T12:59:04.721,72.265,255,1.959,-273.1,13.8,19.593,17.55,0
2026-09-18T12:59:04.822,72.366,255,1.960,-67.0,13.9,19.593,17.50,0
2026-09-18T12:59:04.922,72.467,255,1.961,-273.1,13.8,19.593,17.47,0
2026-09-18T12:59:05.023,72.567,255,1.961,-273.1,13.9,19.593,17.77,0
2026-09-18T12:59:05.124,72.668,255,1.961,-273.1,13.8,19.593,17.56,0
2026-09-18T12:59:05.229,72.773,255,1.962,-273.1,13.6,19.593,17.62,0
2026-09-18T12:59:05.323,72.867,255,1.962,-273.1,13.7,19.593,17.75,0
2026-09-18T12:59:05.423,72.968,255,1.962,-273.1,13.7,19.593,17.48,0
2026-09-18T12:59:05.524,73.068,255,1.962,-273.1,13.8,19.593,17.63,0
2026-09-18T12:59:05.623,73.167,255,1.962,-273.1,13.8,19.593,17.39,0
2026-09-18T12:59:05.723,73.268,255,1.963,-273.1,13.7,19.593,17.46,0
2026-09-18T12:59:05.823,73.368,255,1.963,-90.0,14.0,19.593,17.63,0
2026-09-18T12:59:05.924,73.468,255,1.964,-273.1,14.1,19.593,17.39,0
2026-09-18T12:59:06.024,73.568,255,1.964,-80.2,14.0,19.593,17.88,0
2026-09-18T12:59:06.125,73.669,255,1.964,-273.1,14.1,19.593,17.64,0
2026-09-18T12:59:06.226,73.770,255,1.964,-273.1,14.0,19.593,17.71,0
2026-09-18T12:59:06.325,73.870,255,1.964,-273.1,14.0,19.593,17.51,0
2026-09-18T12:59:06.424,73.969,255,1.965,-273.1,13.9,19.593,17.55,0
2026-09-18T12:59:06.525,74.069,255,1.965,-273.1,13.8,19.593,17.66,0
2026-09-18T12:59:06.627,74.171,255,1.965,-273.1,13.7,19.593,17.43,0
2026-09-18T12:59:06.726,74.270,255,1.966,-273.1,13.8,19.593,17.77,0
2026-09-18T12:59:06.825,74.369,255,1.966,-273.1,13.7,19.593,17.64,0
2026-09-18T12:59:06.926,74.470,255,1.967,-273.1,13.8,19.593,17.63,0
2026-09-18T12:59:07.025,74.569,255,1.967,-273.1,14.8,19.593,17.77,0
2026-09-18T12:59:07.126,74.670,255,1.967,-83.9,14.0,19.593,17.87,0
2026-09-18T12:59:07.225,74.770,255,1.968,-273.1,13.8,19.593,17.51,0
2026-09-18T12:59:07.325,74.869,255,1.969,-90.0,14.0,19.593,17.59,0
2026-09-18T12:59:07.426,74.970,255,1.969,-273.1,13.8,19.593,17.77,0
2026-09-18T12:59:07.527,75.071,255,1.968,-273.1,13.9,19.593,17.95,0
2026-09-18T12:59:07.627,75.171,255,1.969,-273.1,13.6,19.593,17.62,0
2026-09-18T12:59:07.726,75.271,255,1.969,-273.1,13.7,19.593,17.58,0
2026-09-18T12:59:07.830,75.374,255,1.969,-273.1,13.7,19.593,17.44,0
2026-09-18T12:59:07.927,75.471,255,1.970,-273.1,13.9,19.593,17.89,0
2026-09-18T12:59:08.028,75.572,255,1.970,-273.1,13.7,19.593,17.80,0
2026-09-18T12:59:08.128,75.672,255,1.971,-273.1,13.7,19.593,17.63,0
2026-09-18T12:59:08.227,75.771,255,1.971,-67.0,13.8,19.593,17.46,0
2026-09-18T12:59:08.328,75.872,255,1.971,-90.0,13.8,19.593,17.61,0
2026-09-18T12:59:08.429,75.973,255,1.971,-273.1,13.9,19.593,17.58,0
2026-09-18T12:59:08.529,76.073,255,1.971,-273.1,14.0,19.593,17.67,0
2026-09-18T12:59:08.630,76.174,255,1.972,-273.1,13.9,19.593,17.47,0
2026-09-18T12:59:08.729,76.273,255,1.974,-273.1,13.9,19.593,17.82,0
2026-09-18T12:59:08.831,76.375,255,1.973,-273.1,14.1,19.593,17.54,0
2026-09-18T12:59:08.930,76.474,255,1.973,-273.1,14.0,19.593,17.78,0
2026-09-18T12:59:09.030,76.574,255,1.973,-273.1,14.4,19.593,17.77,0
2026-09-18T12:59:09.130,76.675,255,1.974,-273.1,14.2,19.593,17.78,0
2026-09-18T12:59:09.230,76.775,255,1.974,-273.1,14.3,19.593,17.66,0
2026-09-18T12:59:09.331,76.875,255,1.974,-273.1,14.2,19.593,17.76,0
2026-09-18T12:59:09.431,76.976,255,1.974,-273.1,14.3,19.593,17.93,0
2026-09-18T12:59:09.531,77.075,255,1.975,-273.1,13.9,19.593,17.99,0
2026-09-18T12:59:09.632,77.176,255,1.975,-273.1,14.2,19.593,17.70,0
2026-09-18T12:59:09.731,77.275,255,1.975,-63.6,14.1,19.593,17.78,0
2026-09-18T12:59:09.831,77.376,255,1.976,-273.1,14.1,19.593,17.56,0
2026-09-18T12:59:09.931,77.475,255,1.976,-273.1,13.9,19.593,17.86,0
2026-09-18T12:59:10.031,77.576,255,1.976,-273.1,14.0,19.593,17.74,0
2026-09-18T12:59:10.132,77.676,255,1.976,-273.1,14.1,19.593,17.50,0
2026-09-18T12:59:10.233,77.777,255,1.977,-273.1,14.1,19.593,17.76,0
2026-09-18T12:59:10.333,77.878,255,1.979,-273.1,14.3,19.593,17.62,0
2026-09-18T12:59:10.434,77.978,255,1.979,-273.1,14.6,19.593,17.63,0
2026-09-18T12:59:10.534,78.079,255,1.979,-273.1,14.6,19.593,17.82,0
2026-09-18T12:59:10.635,78.179,255,1.979,-273.1,14.7,19.593,17.47,0
2026-09-18T12:59:10.736,78.280,255,1.978,-273.1,14.8,19.593,17.81,0
2026-09-18T12:59:10.835,78.379,255,1.979,-273.1,14.8,19.593,17.60,0
2026-09-18T12:59:10.935,78.479,255,1.979,-273.1,14.6,19.593,17.64,0
2026-09-18T12:59:11.036,78.580,255,1.980,-273.1,14.7,19.593,17.76,0
2026-09-18T12:59:11.136,78.680,255,1.980,-273.1,14.7,19.593,17.67,0
2026-09-18T12:59:11.235,78.780,255,1.980,-273.1,14.8,19.593,17.81,0
2026-09-18T12:59:11.336,78.880,255,1.980,-64.4,14.6,19.593,17.74,0
2026-09-18T12:59:11.437,78.981,255,1.980,-90.0,14.8,19.593,17.66,0
2026-09-18T12:59:11.537,79.081,255,1.980,-273.1,14.7,19.593,17.90,0
2026-09-18T12:59:11.637,79.181,255,1.980,-273.1,14.7,19.593,18.06,0
2026-09-18T12:59:11.738,79.282,255,1.981,-273.1,14.7,19.593,17.87,0
2026-09-18T12:59:11.839,79.383,255,1.980,-273.1,14.9,19.593,17.51,0
2026-09-18T12:59:11.939,79.483,255,1.981,-273.1,15.1,19.593,17.80,0
2026-09-18T12:59:12.040,79.584,255,1.981,-273.1,15.1,19.593,17.55,0
2026-09-18T12:59:12.142,79.687,255,1.980,-273.1,15.7,19.593,17.64,0
2026-09-18T12:59:12.241,79.785,255,1.980,-273.1,15.5,19.593,17.44,0
2026-09-18T12:59:12.343,79.887,255,1.979,-273.1,15.4,19.593,17.68,0
2026-09-18T12:59:12.441,79.985,255,1.979,-273.1,15.3,19.593,17.59,0
2026-09-18T12:59:12.542,80.086,255,1.980,-273.1,15.3,19.593,17.58,0
2026-09-18T12:59:12.641,80.185,255,1.979,-273.1,15.3,19.593,17.70,0
2026-09-18T12:59:12.742,80.286,255,1.981,-273.1,15.5,19.593,17.54,0
2026-09-18T12:59:12.841,80.385,255,1.981,-273.1,15.4,19.593,17.67,0
2026-09-18T12:59:12.941,80.485,255,1.980,-273.1,15.2,19.593,17.81,0
2026-09-18T12:59:13.042,80.586,255,1.979,-273.1,15.3,19.593,17.58,0
2026-09-18T12:59:13.143,80.687,255,1.980,-273.1,15.3,19.593,17.97,0
2026-09-18T12:59:13.242,80.787,255,1.980,-273.1,15.5,19.593,17.66,0
2026-09-18T12:59:13.342,80.886,255,1.980,-273.1,15.1,19.593,17.66,0
2026-09-18T12:59:13.443,80.987,255,1.982,-273.1,15.2,19.593,17.70,0
2026-09-18T12:59:13.543,81.087,255,1.980,-273.1,15.0,19.593,17.89,0
2026-09-18T12:59:13.643,81.187,255,1.980,-273.1,15.2,19.593,17.82,0
2026-09-18T12:59:13.743,81.287,255,1.984,-273.1,15.1,19.593,17.72,0
2026-09-18T12:59:13.843,81.388,255,1.983,-273.1,15.5,19.593,17.88,0
2026-09-18T12:59:13.943,81.487,255,1.983,-273.1,15.2,19.593,17.65,0
2026-09-18T12:59:14.043,81.588,255,1.982,-90.0,15.3,19.593,17.51,0
2026-09-18T12:59:14.144,81.688,255,1.982,-273.1,15.5,19.593,17.54,0
2026-09-18T12:59:14.243,81.787,255,1.984,-67.0,15.3,19.593,17.65,0
2026-09-18T12:59:14.343,81.888,255,1.984,-273.1,15.2,19.593,17.91,0
2026-09-18T12:59:14.444,81.988,255,1.985,-80.2,15.4,19.593,17.68,0
2026-09-18T12:59:14.544,82.088,255,1.985,-273.1,15.5,19.593,17.66,0
2026-09-18T12:59:14.645,82.189,255,1.986,-273.1,15.5,19.593,17.94,0
2026-09-18T12:59:14.745,82.289,255,1.986,-90.0,15.4,19.593,17.70,0
2026-09-18T12:59:14.845,82.389,255,1.985,-90.0,15.1,19.593,17.85,0
2026-09-18T12:59:14.945,82.489,255,1.982,-90.0,15.6,19.593,17.63,0
2026-09-18T12:59:15.045,82.589,255,1.980,-67.0,15.3,19.593,17.74,0
2026-09-18T12:59:15.145,82.690,255,1.980,-90.0,15.5,19.593,17.83,0
2026-09-18T12:59:15.245,82.789,255,1.982,-273.1,15.6,19.593,17.70,0
2026-09-18T12:59:15.346,82.890,255,1.982,-273.1,15.3,19.593,17.73,0
2026-09-18T12:59:15.447,82.991,255,1.982,-77.4,15.4,19.593,17.83,0
2026-09-18T12:59:15.547,83.092,255,1.982,-273.1,15.4,19.593,17.83,0
2026-09-18T12:59:15.647,83.191,255,1.979,-273.1,15.5,19.593,17.52,0
2026-09-18T12:59:15.748,83.292,255,1.980,-273.1,15.3,19.593,17.51,0
2026-09-18T12:59:15.849,83.393,255,1.981,-90.0,15.3,19.593,17.86,0
2026-09-18T12:59:15.948,83.492,255,1.981,-273.1,15.2,19.593,17.65,0
2026-09-18T12:59:16.048,83.592,255,1.982,-273.1,15.2,19.593,17.98,0
2026-09-18T12:59:16.148,83.692,255,1.981,-90.0,15.6,19.593,17.44,0
2026-09-18T12:59:16.249,83.794,255,1.981,-273.1,15.4,19.593,17.33,0
2026-09-18T12:59:16.349,83.893,255,1.981,-273.1,15.3,19.593,17.76,0
2026-09-18T12:59:16.449,83.993,255,1.982,-273.1,15.3,19.593,17.63,0
2026-09-18T12:59:16.549,84.094,255,1.982,-273.1,15.2,19.593,17.88,0
2026-09-18T12:59:16.650,84.195,255,1.982,-273.1,15.4,19.593,17.37,0
2026-09-18T12:59:16.750,84.294,255,1.982,-273.1,15.1,19.593,17.73,0
2026-09-18T12:59:16.849,84.394,255,1.982,-83.9,15.4,19.593,17.45,0
2026-09-18T12:59:16.950,84.494,255,1.984,-273.1,15.5,19.593,17.70,0
2026-09-18T12:59:17.049,84.594,255,1.984,-90.0,15.5,19.593,17.59,0
2026-09-18T12:59:17.150,84.694,255,1.984,-65.2,15.2,19.593,17.75,0
2026-09-18T12:59:17.252,84.796,255,1.983,-273.1,15.3,19.593,17.68,0
2026-09-18T12:59:17.352,84.896,255,1.985,-90.0,15.5,19.593,17.69,0
2026-09-18T12:59:17.451,84.995,255,1.985,-273.1,15.2,19.593,17.36,0
2026-09-18T12:59:17.550,85.095,255,1.984,-273.1,15.5,19.593,17.74,0
2026-09-18T12:59:17.651,85.195,255,1.983,-273.1,15.3,19.593,17.55,0
2026-09-18T12:59:17.752,85.296,255,1.984,-80.2,15.6,19.593,17.55,0
2026-09-18T12:59:17.853,85.397,255,1.984,-273.1,15.1,19.593,17.38,0
2026-09-18T12:59:17.952,85.496,255,1.984,-273.1,15.2,19.593,17.70,0
2026-09-18T12:59:18.053,85.597,255,1.984,-273.1,15.2,19.593,17.73,0
2026-09-18T12:59:18.152,85.697,255,1.985,-273.1,15.2,19.593,17.58,0
2026-09-18T12:59:18.253,85.797,255,1.985,-273.1,15.2,19.593,17.80,0
2026-09-18T12:59:18.353,85.897,255,1.986,-77.4,15.3,19.593,17.61,0
2026-09-18T12:59:18.453,85.997,255,1.987,-273.1,15.0,19.593,17.58,0
2026-09-18T12:59:18.556,86.100,255,1.986,-273.1,15.3,19.593,17.70,0
2026-09-18T12:59:18.654,86.198,255,1.986,-90.0,15.1,19.593,17.70,0
2026-09-18T12:59:18.757,86.301,255,1.986,-273.1,15.1,19.593,17.62,0
2026-09-18T12:59:18.855,86.399,255,1.985,-273.1,15.0,19.593,17.73,0
2026-09-18T12:59:18.956,86.500,255,1.985,-273.1,14.8,19.593,17.50,0
2026-09-18T12:59:19.056,86.601,255,1.985,-273.1,14.5,19.593,17.70,0
2026-09-18T12:59:19.156,86.700,255,1.985,-273.1,14.6,19.593,17.78,0
2026-09-18T12:59:19.255,86.799,255,1.986,-273.1,14.8,19.593,17.68,0
2026-09-18T12:59:19.356,86.900,255,1.986,-273.1,15.0,19.593,17.77,0
2026-09-18T12:59:19.456,87.000,255,1.986,-273.1,14.7,19.593,17.88,0
2026-09-18T12:59:19.557,87.101,255,1.987,-273.1,14.5,19.593,17.85,0
2026-09-18T12:59:19.657,87.201,255,1.988,-273.1,14.6,19.593,17.63,0
2026-09-18T12:59:19.758,87.302,255,1.988,-273.1,14.4,19.593,18.03,0
2026-09-18T12:59:19.858,87.402,255,1.988,-273.1,14.5,19.593,18.04,0
2026-09-18T12:59:19.958,87.503,255,1.989,-90.0,14.4,19.593,17.69,0
2026-09-18T12:59:20.059,87.603,255,1.988,-90.0,14.1,19.593,17.73,0
2026-09-18T12:59:20.159,87.704,255,1.988,-90.0,13.9,19.593,17.49,0
2026-09-18T12:59:20.260,87.804,255,1.990,-273.1,13.7,19.593,17.91,0
2026-09-18T12:59:20.361,87.905,255,1.989,-273.1,13.6,19.593,17.63,0
2026-09-18T12:59:20.460,88.004,255,1.989,-273.1,13.8,19.593,17.82,0
2026-09-18T12:59:20.561,88.105,255,1.989,-273.1,13.8,19.593,17.61,0
2026-09-18T12:59:20.660,88.204,255,1.990,-273.1,14.2,19.593,17.97,0
2026-09-18T12:59:20.761,88.305,255,1.990,-273.1,14.0,19.593,18.07,0
2026-09-18T12:59:20.861,88.405,255,1.991,-273.1,14.0,19.593,17.79,0
2026-09-18T12:59:20.962,88.506,255,1.991,-273.1,14.0,19.593,17.66,0
2026-09-18T12:59:21.061,88.605,255,1.990,-273.1,14.1,19.593,17.65,0
2026-09-18T12:59:21.161,88.705,255,1.990,-273.1,14.0,19.593,17.65,0
2026-09-18T12:59:21.261,88.805,255,1.991,-77.4,13.9,19.593,17.81,0
2026-09-18T12:59:21.362,88.906,255,1.991,-273.1,13.9,19.593,17.96,0
2026-09-18T12:59:21.462,89.006,255,1.990,-273.1,14.3,19.593,17.68,0
2026-09-18T12:59:21.561,89.106,255,1.991,-273.1,13.9,19.593,17.73,0
2026-09-18T12:59:21.662,89.206,255,1.991,-90.0,14.0,19.593,17.91,0
2026-09-18T12:59:21.762,89.307,255,1.991,-273.1,13.7,19.593,17.91,0
2026-09-18T12:59:21.863,89.407,255,1.990,-273.1,13.8,19.593,17.92,0
2026-09-18T12:59:21.963,89.507,255,1.991,-83.9,14.0,19.593,17.81,0
2026-09-18T12:59:22.063,89.608,255,1.991,-273.1,13.7,19.593,17.94,0
2026-09-18T12:59:22.164,89.708,255,1.991,-273.1,13.7,19.593,17.82,0
2026-09-18T12:59:22.264,89.808,255,1.993,-273.1,13.8,19.593,17.85,0
2026-09-18T12:59:22.364,89.908,255,1.992,-273.1,13.8,19.593,17.77,0
2026-09-18T12:59:22.465,90.009,255,1.992,-273.1,13.7,19.593,18.07,0
2026-09-18T12:59:22.564,90.108,255,1.992,-62.9,13.7,19.593,17.70,0
2026-09-18T12:59:22.665,90.209,255,1.991,-273.1,13.6,19.593,17.96,0
2026-09-18T12:59:22.764,90.309,255,1.992,-273.1,13.8,19.593,17.59,0
2026-09-18T12:59:22.865,90.409,255,1.992,-273.1,13.6,19.593,17.67,0
2026-09-18T12:59:22.964,90.509,255,1.992,-273.1,13.7,19.593,17.92,0
2026-09-18T12:59:23.065,90.609,255,1.992,-273.1,13.7,19.593,17.82,0
2026-09-18T12:59:23.164,90.709,255,1.993,-273.1,13.9,19.593,17.81,0
2026-09-18T12:59:23.266,90.810,255,1.993,-273.1,13.8,19.593,17.77,0
2026-09-18T12:59:23.364,90.908,255,1.993,-273.1,14.2,19.593,17.73,0
2026-09-18T12:59:23.465,91.009,255,1.992,-273.1,14.1,19.593,17.90,0
2026-09-18T12:59:23.565,91.110,255,2.007,-273.1,13.9,19.593,17.90,0
2026-09-18T12:59:23.666,91.210,255,2.007,-273.1,13.5,19.593,17.99,0
2026-09-18T12:59:23.765,91.310,255,2.026,-273.1,13.8,19.593,18.30,0
2026-09-18T12:59:23.866,91.410,255,2.028,-273.1,13.9,19.593,18.07,0
2026-09-18T12:59:23.965,91.510,255,2.029,-273.1,14.0,19.593,18.17,0
2026-09-18T12:59:24.066,91.610,255,2.029,-80.2,14.0,19.593,18.09,0
2026-09-18T12:59:24.167,91.712,255,2.032,-273.1,13.6,19.593,18.05,0
2026-09-18T12:59:24.266,91.811,255,2.034,-273.1,14.0,19.593,17.96,0
2026-09-18T12:59:24.368,91.912,255,2.034,-67.0,13.7,19.593,18.08,0
2026-09-18T12:59:24.468,92.012,255,2.034,-273.1,13.7,19.593,18.12,0
2026-09-18T12:59:24.568,92.112,255,2.034,-273.1,13.5,19.593,18.03,0
2026-09-18T12:59:24.668,92.212,255,2.035,-273.1,13.9,19.593,18.31,0
2026-09-18T12:59:24.769,92.313,255,2.035,-273.1,13.5,19.593,17.91,0
2026-09-18T12:59:24.869,92.413,255,2.033,-273.1,13.8,19.593,18.03,0
2026-09-18T12:59:24.968,92.512,255,2.036,-65.2,13.8,19.593,18.02,0
2026-09-18T12:59:25.068,92.612,255,2.035,-273.1,13.8,19.593,18.17,0
2026-09-18T12:59:25.169,92.713,255,2.035,-273.1,13.9,19.593,18.34,0
2026-09-18T12:59:25.268,92.813,255,2.034,-273.1,13.9,19.593,18.18,0
2026-09-18T12:59:25.370,92.915,255,2.033,-273.1,13.6,19.593,17.80,0
2026-09-18T12:59:25.471,93.016,255,2.032,-273.1,13.7,19.593,18.18,0
2026-09-18T12:59:25.569,93.114,255,2.032,-273.1,13.8,19.593,18.04,0
2026-09-18T12:59:25.669,93.213,255,2.026,-273.1,13.7,19.593,17.93,0
2026-09-18T12:59:25.769,93.314,255,2.018,-273.1,13.4,19.593,22.57,0
2026-09-18T12:59:25.869,93.413,255,0.399,-273.1,14.2,19.593,12.83,0
2026-09-18T12:59:25.970,93.514,255,0.399,-273.1,14.9,19.593,6.16,0
2026-09-18T12:59:26.070,93.614,255,0.614,-273.1,15.1,19.593,2.89,0
2026-09-18T12:59:26.171,93.715,255,0.563,-273.1,15.1,19.593,1.34,0
2026-09-18T12:59:26.270,93.814,255,0.512,-273.1,15.3,19.593,0.63,0
2026-09-18T12:59:26.371,93.915,255,0.512,-273.1,15.1,19.593,0.53,0
2026-09-18T12:59:26.471,94.016,255,1.075,-273.1,15.0,19.593,0.24,0
2026-09-18T12:59:26.572,94.116,255,0.512,-273.1,15.1,19.593,0.20,0
2026-09-18T12:59:26.671,94.216,255,0.512,-83.9,15.3,19.593,0.09,0
2026-09-18T12:59:26.772,94.316,255,0.614,-273.1,15.0,19.593,0.37,0
2026-09-18T12:59:26.872,94.417,255,0.973,-273.1,15.0,19.593,0.28,0
2026-09-18T12:59:26.973,94.517,255,0.666,-273.1,15.1,19.593,0.22,0
2026-09-18T12:59:27.073,94.617,255,0.666,-273.1,15.2,19.593,0.21,0
2026-09-18T12:59:27.174,94.719,255,0.666,-273.1,14.8,19.593,3.60,0
2026-09-18T12:59:27.273,94.817,255,1.458,-83.9,14.3,19.593,13.02,0
2026-09-18T12:59:27.373,94.917,255,1.965,-90.0,14.2,19.593,16.08,0
2026-09-18T12:59:27.473,95.017,255,1.965,-273.1,13.5,19.593,16.86,0
2026-09-18T12:59:27.574,95.118,255,1.977,-273.1,14.0,19.593,17.46,0
2026-09-18T12:59:27.673,95.218,255,1.985,-273.1,13.7,19.593,17.80,0
2026-09-18T12:59:27.774,95.318,255,1.991,-273.1,13.0,19.593,18.01,0
2026-09-18T12:59:27.875,95.419,255,1.991,-273.1,13.6,19.593,18.36,0
2026-09-18T12:59:27.974,95.518,255,1.995,-273.1,13.7,19.593,17.79,0
2026-09-18T12:59:28.075,95.619,255,1.997,-273.1,13.5,19.593,17.73,0
2026-09-18T12:59:28.174,95.719,255,1.996,-83.9,14.0,19.593,18.04,0
2026-09-18T12:59:28.276,95.820,255,1.996,-90.0,13.7,19.593,17.87,0
2026-09-18T12:59:28.375,95.919,255,1.998,-273.1,13.5,19.593,18.08,0
2026-09-18T12:59:28.475,96.019,255,2.000,-273.1,13.8,19.593,17.76,0
2026-09-18T12:59:28.576,96.120,255,2.002,-273.1,13.8,19.593,17.76,0
2026-09-18T12:59:28.675,96.219,255,2.002,-273.1,13.8,19.593,18.12,0
2026-09-18T12:59:28.776,96.320,255,2.002,-273.1,14.0,19.593,17.89,0
2026-09-18T12:59:28.875,96.420,255,2.003,-273.1,13.9,19.593,18.17,0
2026-09-18T12:59:28.976,96.520,255,2.005,-273.1,13.5,19.593,17.70,0
2026-09-18T12:59:29.077,96.621,255,2.005,-273.1,13.6,19.593,18.08,0
2026-09-18T12:59:29.176,96.720,255,2.008,-273.1,13.6,19.593,17.92,0
2026-09-18T12:59:29.277,96.821,255,2.010,-273.1,13.6,19.593,18.12,0
2026-09-18T12:59:29.376,96.920,255,2.010,-273.1,13.8,19.593,17.53,0
2026-09-18T12:59:29.476,97.021,255,2.011,-90.0,13.9,19.593,18.20,0
2026-09-18T12:59:29.575,97.120,255,2.011,-273.1,14.1,19.593,17.99,0
2026-09-18T12:59:29.676,97.220,255,2.012,-273.1,14.1,19.593,18.02,0
2026-09-18T12:59:29.776,97.321,255,2.012,-273.1,13.9,19.593,17.91,0
2026-09-18T12:59:29.876,97.420,255,2.013,-65.2,14.3,19.593,18.18,0
2026-09-18T12:59:29.977,97.521,255,2.014,-273.1,14.0,19.593,18.28,0
2026-09-18T12:59:30.076,97.620,255,2.014,-273.1,14.5,19.593,18.14,0
2026-09-18T12:59:30.177,97.721,255,2.014,-273.1,14.1,19.593,18.08,0
2026-09-18T12:59:30.278,97.822,255,2.016,-273.1,13.9,19.593,18.00,0
2026-09-18T12:59:30.377,97.921,255,2.016,-273.1,14.7,19.593,18.10,0
2026-09-18T12:59:30.478,98.022,255,2.017,-273.1,14.2,19.593,18.23,0
2026-09-18T12:59:30.578,98.122,255,2.017,-63.6,14.5,19.593,18.02,0
2026-09-18T12:59:30.678,98.223,255,2.021,-273.1,14.4,19.593,18.04,0
2026-09-18T12:59:30.777,98.321,255,2.023,-273.1,14.2,19.593,18.11,0
2026-09-18T12:59:30.877,98.422,255,2.023,-273.1,14.2,19.593,18.15,0
2026-09-18T12:59:30.978,98.522,255,2.023,-273.1,14.2,19.593,17.94,0
2026-09-18T12:59:31.078,98.622,255,2.025,-62.9,14.3,19.593,18.51,0
2026-09-18T12:59:31.179,98.723,255,2.025,-273.1,14.1,19.593,18.19,0
2026-09-18T12:59:31.280,98.824,255,2.025,-273.1,13.9,19.593,18.14,0
2026-09-18T12:59:31.379,98.923,255,2.025,-273.1,14.4,19.593,17.93,0
2026-09-18T12:59:31.479,99.023,255,2.028,-273.1,14.3,19.593,18.02,0
2026-09-18T12:59:31.580,99.124,255,2.028,-273.1,14.1,19.593,18.13,0
2026-09-18T12:59:31.680,99.225,255,2.028,-273.1,14.1,19.593,18.35,0
2026-09-18T12:59:31.780,99.324,255,2.029,-273.1,14.4,19.593,18.07,0
2026-09-18T12:59:31.881,99.425,255,2.032,-83.9,13.9,19.593,18.10,0
2026-09-18T12:59:31.982,99.526,255,2.031,-273.1,13.9,19.593,17.95,0
2026-09-18T12:59:32.081,99.625,255,2.031,-90.0,14.1,19.593,17.80,0
2026-09-18T12:59:32.181,99.725,255,2.032,-273.1,14.1,19.593,18.28,0
2026-09-18T12:59:32.281,99.825,255,2.032,-273.1,13.8,19.593,18.19,0
2026-09-18T12:59:32.381,99.926,255,2.025,-273.1,14.1,19.593,18.04,0
2026-09-18T12:59:32.482,100.026,255,2.025,-273.1,14.0,19.593,18.28,0
2026-09-18T12:59:32.582,100.126,255,2.017,-273.1,13.7,19.593,18.24,0
2026-09-18T12:59:32.682,100.226,255,2.017,-71.8,14.0,19.593,18.21,0
2026-09-18T12:59:32.782,100.326,255,2.016,-273.1,13.8,19.593,17.98,0
2026-09-18T12:59:32.882,100.427,255,2.016,-273.1,13.9,19.593,17.99,0
2026-09-18T12:59:32.983,100.527,255,2.017,-273.1,14.1,19.593,17.95,0
2026-09-18T12:59:33.083,100.628,255,2.017,-273.1,13.8,19.593,17.93,0
2026-09-18T12:59:33.183,100.727,255,2.017,-273.1,14.2,19.593,17.77,0
2026-09-18T12:59:33.283,100.828,255,2.017,-273.1,14.0,19.593,18.28,0
2026-09-18T12:59:33.384,100.928,255,2.016,-90.0,14.0,19.593,18.12,0
2026-09-18T12:59:33.487,101.031,255,2.017,-273.1,13.7,19.593,18.10,0
2026-09-18T12:59:33.587,101.131,255,2.017,-90.0,13.6,19.593,17.84,0
2026-09-18T12:59:33.685,101.230,255,2.017,-273.1,13.4,19.593,17.99,0
2026-09-18T12:59:33.786,101.330,255,2.017,-273.1,13.7,19.593,18.30,0
2026-09-18T12:59:33.886,101.430,255,2.017,-273.1,13.5,19.593,18.15,0
2026-09-18T12:59:33.986,101.530,255,2.017,-90.0,13.7,19.593,18.16,0
2026-09-18T12:59:34.086,101.631,255,2.017,-273.1,13.6,19.593,17.77,0
2026-09-18T12:59:34.186,101.730,255,2.017,-273.1,14.2,19.593,18.18,0
2026-09-18T12:59:34.286,101.831,255,2.017,-273.1,13.7,19.593,17.86,0
2026-09-18T12:59:34.387,101.931,255,2.017,-273.1,13.4,19.593,17.98,0
2026-09-18T12:59:34.487,102.031,255,2.017,-273.1,13.4,19.593,18.06,0
2026-09-18T12:59:34.587,102.131,255,2.017,-83.9,14.1,19.593,17.93,0
2026-09-18T12:59:34.689,102.233,255,2.017,-273.1,13.6,19.593,18.15,0
2026-09-18T12:59:34.788,102.332,255,2.017,-273.1,13.7,19.593,18.12,0
2026-09-18T12:59:34.887,102.432,255,2.017,-273.1,13.6,19.593,17.73,0
2026-09-18T12:59:34.988,102.532,255,2.017,-273.1,13.5,19.593,18.04,0
2026-09-18T12:59:35.089,102.633,255,2.017,-273.1,13.6,19.593,18.00,0
2026-09-18T12:59:35.188,102.733,255,2.017,-273.1,13.7,19.593,17.87,0
2026-09-18T12:59:35.288,102.832,255,2.017,-90.0,14.1,19.593,18.00,0
2026-09-18T12:59:35.389,102.933,255,2.017,-273.1,13.7,19.593,17.87,0
2026-09-18T12:59:35.488,103.032,255,2.017,-273.1,14.0,19.593,17.95,0
2026-09-18T12:59:35.588,103.132,255,2.017,-68.1,14.3,19.593,18.00,0
2026-09-18T12:59:35.688,103.232,255,2.017,-273.1,13.9,19.593,18.34,0
2026-09-18T12:59:35.788,103.332,255,2.017,-273.1,13.9,19.593,17.82,0
2026-09-18T12:59:35.891,103.435,255,2.017,-273.1,14.3,19.593,18.17,0
2026-09-18T12:59:35.991,103.535,255,2.017,-90.0,14.1,19.593,17.91,0
2026-09-18T12:59:36.089,103.633,255,2.017,-273.1,14.2,19.593,18.14,0
2026-09-18T12:59:36.190,103.734,255,2.017,-64.4,13.9,19.593,18.08,0
2026-09-18T12:59:36.290,103.834,255,2.018,-273.1,13.5,19.593,18.15,0
2026-09-18T12:59:36.391,103.935,255,2.018,-273.1,13.6,19.593,18.03,0
2026-09-18T12:59:36.491,104.035,255,2.017,-83.9,13.7,19.593,18.29,0
2026-09-18T12:59:36.591,104.136,255,2.017,-273.1,13.6,19.593,18.10,0
2026-09-18T12:59:36.691,104.235,255,2.018,-90.0,14.0,19.593,18.11,0
2026-09-18T12:59:36.791,104.335,255,2.018,-273.1,14.1,19.593,18.18,0
2026-09-18T12:59:36.893,104.437,255,2.018,-273.1,13.6,19.593,17.98,0
2026-09-18T12:59:36.991,104.535,255,2.018,-90.0,13.8,19.593,18.08,0
2026-09-18T12:59:37.094,104.638,255,2.018,-273.1,13.4,19.593,18.08,0
2026-09-18T12:59:37.193,104.737,255,2.018,-83.9,13.7,19.593,18.32,0
2026-09-18T12:59:37.293,104.838,255,2.017,-273.1,13.5,19.593,18.35,0
2026-09-18T12:59:37.392,104.937,255,2.018,-273.1,13.7,19.593,18.32,0
2026-09-18T12:59:37.493,105.037,255,2.018,-273.1,13.8,19.593,17.84,0
2026-09-18T12:59:37.594,105.138,255,2.018,-75.2,13.7,19.593,18.10,0
2026-09-18T12:59:37.693,105.237,255,2.018,-273.1,13.7,19.593,18.04,0
2026-09-18T12:59:37.794,105.338,255,2.018,-273.1,14.0,19.593,18.18,0
2026-09-18T12:59:37.894,105.438,255,2.018,-273.1,13.5,19.593,18.07,0
2026-09-18T12:59:37.994,105.539,255,2.018,-273.1,13.8,19.593,18.14,0
2026-09-18T12:59:38.093,105.638,255,2.017,-273.1,14.0,19.593,18.29,0
2026-09-18T12:59:38.193,105.738,255,2.018,-273.1,14.0,19.593,18.03,0
2026-09-18T12:59:38.294,105.838,255,2.018,-273.1,13.9,19.593,18.13,0
2026-09-18T12:59:38.394,105.939,255,2.018,-90.0,14.0,19.593,17.92,0
2026-09-18T12:59:38.495,106.039,255,2.018,-273.1,13.7,19.593,17.93,0
2026-09-18T12:59:38.595,106.139,255,2.018,-273.1,14.0,19.593,18.00,0
2026-09-18T12:59:38.696,106.240,255,2.018,-273.1,13.7,19.593,18.08,0
2026-09-18T12:59:38.797,106.341,255,2.018,-273.1,13.6,19.593,17.93,0
2026-09-18T12:59:38.895,106.440,255,2.018,-90.0,13.7,19.593,18.15,0
2026-09-18T12:59:38.996,106.540,255,2.018,-273.1,13.9,19.593,17.85,0
2026-09-18T12:59:39.096,106.640,255,2.018,-273.1,13.6,19.593,18.04,0
2026-09-18T12:59:39.197,106.741,255,2.018,-273.1,13.6,19.593,18.27,0
2026-09-18T12:59:39.297,106.842,255,2.018,-273.1,13.7,19.593,18.01,0
2026-09-18T12:59:39.400,106.944,255,2.018,-273.1,13.4,19.593,18.04,0
2026-09-18T12:59:39.497,107.042,255,2.018,-273.1,13.7,19.593,17.92,0
2026-09-18T12:59:39.598,107.142,255,2.018,-273.1,13.5,19.593,18.07,0
2026-09-18T12:59:39.699,107.243,255,2.018,-77.4,13.6,19.593,17.95,0
2026-09-18T12:59:39.799,107.344,255,2.018,-273.1,13.7,19.593,18.00,0
2026-09-18T12:59:39.899,107.443,255,2.018,-273.1,13.7,19.593,18.07,0
2026-09-18T12:59:40.000,107.544,255,2.018,-83.9,13.8,19.593,17.96,0
2026-09-18T12:59:40.101,107.645,255,2.018,-273.1,13.7,19.593,17.96,0
2026-09-18T12:59:40.200,107.744,255,2.018,-273.1,13.7,19.593,18.08,0
2026-09-18T12:59:40.299,107.844,255,2.018,-273.1,13.5,19.593,18.09,0
2026-09-18T12:59:40.400,107.944,255,2.018,-273.1,13.7,19.593,17.99,0
2026-09-18T12:59:40.499,108.044,255,2.018,-273.1,13.7,19.593,18.04,0
2026-09-18T12:59:40.600,108.144,255,2.018,-90.0,13.6,19.593,18.13,0
2026-09-18T12:59:40.699,108.244,255,2.018,-62.9,14.1,19.593,18.27,0
2026-09-18T12:59:40.800,108.344,255,2.018,-90.0,13.9,19.593,18.03,0
2026-09-18T12:59:40.900,108.444,255,2.018,-83.9,14.1,19.593,18.15,0
2026-09-18T12:59:41.000,108.545,255,2.018,-273.1,13.9,19.593,17.98,0
2026-09-18T12:59:41.100,108.644,255,2.018,-273.1,14.1,19.593,18.21,0
2026-09-18T12:59:41.200,108.745,255,2.018,-273.1,13.9,19.593,18.19,0
2026-09-18T12:59:41.301,108.846,255,2.018,-273.1,13.9,19.593,18.08,0
2026-09-18T12:59:41.401,108.945,255,2.018,-273.1,13.9,19.593,18.11,0
2026-09-18T12:59:41.501,109.046,255,2.018,-273.1,13.8,19.593,18.19,0
2026-09-18T12:59:41.602,109.146,255,2.018,-273.1,13.8,19.593,17.93,0
2026-09-18T12:59:41.701,109.246,255,2.018,-273.1,13.9,19.593,18.22,0
2026-09-18T12:59:41.804,109.348,255,2.018,-273.1,13.8,19.593,17.84,0
2026-09-18T12:59:41.905,109.449,255,2.019,-273.1,13.7,19.593,18.03,0
2026-09-18T12:59:42.003,109.548,255,2.018,-273.1,13.7,19.593,18.05,0
2026-09-18T12:59:42.103,109.647,255,2.018,-273.1,13.7,19.593,18.15,0
2026-09-18T12:59:42.203,109.748,255,2.019,-273.1,13.6,19.593,18.21,0
2026-09-18T12:59:42.304,109.848,255,2.018,-273.1,13.5,19.593,18.10,0
2026-09-18T12:59:42.405,109.949,255,2.019,-90.0,13.9,19.593,18.12,0
2026-09-18T12:59:42.504,110.048,255,2.019,-273.1,13.7,19.593,18.18,0
2026-09-18T12:59:42.605,110.149,255,2.019,-273.1,13.6,19.593,17.97,0
2026-09-18T12:59:42.705,110.250,255,2.018,-273.1,13.6,19.593,18.17,0
2026-09-18T12:59:42.806,110.350,255,2.018,-273.1,13.8,19.593,17.92,0
2026-09-18T12:59:42.906,110.450,255,2.018,-273.1,13.6,19.593,18.00,0
2026-09-18T12:59:43.009,110.553,255,2.018,-71.8,13.4,19.593,17.70,0
2026-09-18T12:59:43.107,110.651,255,2.018,-75.2,13.5,19.593,17.89,0
2026-09-18T12:59:43.207,110.752,255,2.018,-83.9,13.6,19.593,18.04,0
2026-09-18T12:59:43.308,110.852,255,2.018,-273.1,13.5,19.593,18.03,0
2026-09-18T12:59:43.408,110.953,255,2.018,-273.1,13.7,19.593,18.23,0
2026-09-18T12:59:43.509,111.054,255,2.018,-273.1,13.7,19.593,18.19,0
2026-09-18T12:59:43.609,111.153,255,2.018,-273.1,13.7,19.593,18.01,0
2026-09-18T12:59:43.709,111.253,255,2.018,-273.1,13.7,19.593,17.92,0
2026-09-18T12:59:43.808,111.353,255,2.018,-273.1,13.6,19.593,17.92,0
2026-09-18T12:59:43.910,111.454,255,2.018,-90.0,13.9,19.593,18.15,0
2026-09-18T12:59:44.010,111.555,255,2.018,-273.1,13.6,19.593,17.93,0
2026-09-18T12:59:44.111,111.655,255,2.018,-273.1,13.7,19.593,17.98,0
2026-09-18T12:59:44.210,111.754,255,2.018,-273.1,13.7,19.593,18.26,0
2026-09-18T12:59:44.311,111.855,255,2.019,-273.1,13.9,19.593,18.15,0
2026-09-18T12:59:44.411,111.955,255,2.019,-273.1,13.5,19.593,18.13,0
2026-09-18T12:59:44.510,112.055,255,2.019,-273.1,13.6,19.593,17.77,0
2026-09-18T12:59:44.611,112.155,255,2.018,-273.1,13.6,19.593,18.12,0
2026-09-18T12:59:44.711,112.255,255,2.018,-273.1,13.4,19.593,18.02,0
2026-09-18T12:59:44.812,112.356,255,2.018,-273.1,13.9,19.593,18.07,0
2026-09-18T12:59:44.912,112.456,255,2.018,-273.1,13.5,19.593,17.83,0
2026-09-18T12:59:45.012,112.557,255,2.018,-273.1,13.6,19.593,18.28,0
2026-09-18T12:59:45.113,112.657,255,2.018,-68.1,13.7,19.593,17.96,0
2026-09-18T12:59:45.213,112.757,255,2.018,-273.1,13.7,19.593,18.19,0
2026-09-18T12:59:45.314,112.858,255,2.019,-273.1,13.7,19.593,18.12,0
2026-09-18T12:59:45.413,112.958,255,2.018,-77.4,13.9,19.593,18.17,0
2026-09-18T12:59:45.513,113.057,255,2.018,-273.1,13.5,19.593,17.95,0
2026-09-18T12:59:45.614,113.158,255,2.018,-273.1,12.8,19.593,17.94,0
2026-09-18T12:59:45.714,113.259,255,2.018,-90.0,13.7,19.593,17.87,0
2026-09-18T12:59:45.815,113.359,255,2.018,-273.1,13.9,19.593,18.33,0
2026-09-18T12:59:45.914,113.459,255,2.019,-273.1,14.0,19.593,17.96,0
2026-09-18T12:59:46.014,113.559,255,2.019,-90.0,13.9,19.593,18.02,0
2026-09-18T12:59:46.116,113.660,255,2.019,-273.1,14.2,19.593,18.10,0
2026-09-18T12:59:46.216,113.760,255,2.019,-273.1,13.6,19.593,17.88,0
2026-09-18T12:59:46.315,113.859,255,2.019,-77.4,13.7,19.593,17.95,0
2026-09-18T12:59:46.415,113.959,255,2.019,-77.4,13.7,19.593,17.78,0
2026-09-18T12:59:46.515,114.060,255,2.019,-273.1,13.8,19.593,18.17,0
2026-09-18T12:59:46.616,114.160,255,2.019,-273.1,13.7,19.593,18.02,0
2026-09-18T12:59:46.717,114.261,255,2.019,-273.1,13.9,19.593,18.06,0
2026-09-18T12:59:46.817,114.361,255,2.019,-90.0,13.7,19.593,17.91,0
2026-09-18T12:59:46.916,114.461,255,2.018,-273.1,13.6,19.593,17.97,0
2026-09-18T12:59:47.016,114.560,255,2.019,-273.1,13.8,19.593,18.08,0
2026-09-18T12:59:47.116,114.661,255,2.019,-273.1,13.7,19.593,18.04,0
2026-09-18T12:59:47.217,114.761,255,2.019,-273.1,13.9,19.593,17.97,0
2026-09-18T12:59:47.318,114.862,255,2.018,-273.1,13.7,19.593,18.15,0
2026-09-18T12:59:47.419,114.963,255,2.019,-273.1,13.9,19.593,18.26,0
2026-09-18T12:59:47.519,115.063,255,2.019,-273.1,14.0,19.593,18.17,0
2026-09-18T12:59:47.624,115.168,255,2.019,-90.0,14.1,19.593,18.03,0
2026-09-18T12:59:47.720,115.264,255,2.019,-273.1,14.0,19.593,18.36,0
2026-09-18T12:59:47.818,115.363,255,2.019,-273.1,13.8,19.593,17.95,0
2026-09-18T12:59:47.920,115.464,255,2.019,-273.1,14.1,19.593,17.98,0
2026-09-18T12:59:48.021,115.565,255,2.019,-273.1,14.1,19.593,17.97,0
2026-09-18T12:59:48.121,115.665,255,2.019,-273.1,13.9,19.593,17.94,0
2026-09-18T12:59:48.220,115.764,255,2.019,-90.0,13.9,19.593,18.41,0
2026-09-18T12:59:48.320,115.864,255,2.019,-273.1,13.6,19.593,18.07,0
2026-09-18T12:59:48.420,115.965,255,2.018,-273.1,13.6,19.593,18.02,0
2026-09-18T12:59:48.523,116.067,255,2.019,-90.0,13.7,19.593,17.80,0
2026-09-18T12:59:48.621,116.166,255,2.019,-273.1,14.0,19.593,18.06,0
2026-09-18T12:59:48.722,116.267,255,2.019,-273.1,14.1,19.593,18.34,0
2026-09-18T12:59:48.823,116.367,255,2.019,-83.9,14.2,19.593,18.17,0
2026-09-18T12:59:48.923,116.467,255,2.019,-273.1,14.4,19.593,17.97,0
2026-09-18T12:59:49.025,116.570,255,2.018,-273.1,14.2,19.593,17.89,0
2026-09-18T12:59:49.123,116.668,255,2.018,-65.2,14.1,19.593,17.89,0
2026-09-18T12:59:49.224,116.768,255,2.019,-273.1,15.4,19.593,17.95,0
2026-09-18T12:59:49.324,116.869,255,2.019,-273.1,14.4,19.593,17.97,0
2026-09-18T12:59:49.425,116.969,255,2.019,-273.1,14.5,19.593,18.09,0
2026-09-18T12:59:49.525,117.069,255,2.019,-90.0,14.5,19.593,18.13,0
2026-09-18T12:59:49.625,117.169,255,2.019,-273.1,14.4,19.593,18.28,0
2026-09-18T12:59:49.729,117.273,255,2.019,-63.6,14.2,19.593,18.33,0
2026-09-18T12:59:49.825,117.370,255,2.019,-273.1,14.4,19.593,18.09,0
2026-09-18T12:59:49.925,117.469,255,2.019,-273.1,14.5,19.593,17.93,0
2026-09-18T12:59:50.026,117.570,255,2.019,-273.1,14.1,19.593,18.04,0
2026-09-18T12:59:50.125,117.669,255,2.019,-66.1,14.1,19.593,18.13,0
2026-09-18T12:59:50.225,117.769,255,2.019,-273.1,14.0,19.593,18.05,0
2026-09-18T12:59:50.325,117.870,255,2.019,-90.0,14.5,19.593,18.09,0
2026-09-18T12:59:50.426,117.970,255,2.019,-273.1,14.1,19.593,18.32,0
2026-09-18T12:59:50.527,118.071,255,2.019,-273.1,14.2,19.593,17.93,0
2026-09-18T12:59:50.627,118.171,255,2.019,-90.0,14.4,19.593,17.91,0
2026-09-18T12:59:50.728,118.272,255,2.019,-80.2,14.5,19.593,18.21,0
2026-09-18T12:59:50.828,118.372,255,2.019,-273.1,14.6,19.593,18.12,0
2026-09-18T12:59:50.928,118.473,255,2.019,-273.1,14.2,19.593,18.04,0
2026-09-18T12:59:51.029,118.573,255,2.019,-273.1,14.3,19.593,18.15,0
2026-09-18T12:59:51.129,118.673,255,2.019,-273.1,14.2,19.593,18.31,0
2026-09-18T12:59:51.233,118.777,255,2.019,-273.1,14.4,19.593,17.86,0
2026-09-18T12:59:51.329,118.873,255,2.019,-273.1,14.3,19.593,18.15,0
2026-09-18T12:59:51.429,118.974,255,2.019,-273.1,14.4,19.593,18.08,0
2026-09-18T12:59:51.529,119.073,255,2.019,-75.2,14.4,19.593,18.11,0
2026-09-18T12:59:51.630,119.174,255,2.019,-273.1,14.4,19.593,18.13,0
2026-09-18T12:59:51.730,119.275,255,2.019,-273.1,14.6,19.593,18.14,0
2026-09-18T12:59:51.831,119.375,255,2.019,-83.9,14.8,19.593,18.24,0
2026-09-18T12:59:51.932,119.476,255,2.019,-273.1,14.6,19.593,18.08,0
2026-09-18T12:59:52.033,119.577,255,2.019,-273.1,14.8,19.593,18.13,0
2026-09-18T12:59:52.132,119.676,255,2.018,-273.1,14.8,19.593,18.21,0
2026-09-18T12:59:52.233,119.777,255,2.018,-273.1,14.8,19.593,17.77,0
2026-09-18T12:59:52.332,119.876,255,2.019,-273.1,14.5,19.593,17.88,0
2026-09-18T12:59:52.434,119.978,255,2.019,-273.1,14.7,19.593,17.98,0
2026-09-18T12:59:52.536,120.081,255,2.019,-90.0,14.9,19.593,18.29,0
2026-09-18T12:59:52.634,120.178,255,2.019,-273.1,14.7,19.593,17.87,0
2026-09-18T12:59:52.734,120.278,255,2.019,-273.1,14.7,19.593,18.22,0
2026-09-18T12:59:52.835,120.379,255,2.019,-273.1,14.8,19.593,17.70,0
2026-09-18T12:59:52.935,120.480,255,2.019,-273.1,15.2,19.593,18.12,0
2026-09-18T12:59:53.036,120.581,255,2.019,-273.1,15.0,19.593,18.00,0
2026-09-18T12:59:53.136,120.680,255,2.019,-273.1,14.8,19.593,17.68,0
2026-09-18T12:59:53.239,120.783,255,2.019,-273.1,15.2,19.593,18.14,0
2026-09-18T12:59:53.338,120.882,255,2.019,-273.1,15.4,19.593,18.03,0
2026-09-18T12:59:53.437,120.982,255,2.019,-90.0,15.6,19.593,18.13,0
2026-09-18T12:59:53.538,121.082,255,2.019,-66.1,15.3,19.593,18.14,0
2026-09-18T12:59:53.638,121.182,255,2.019,-90.0,15.5,19.593,18.08,0
2026-09-18T12:59:53.739,121.283,255,2.019,-273.1,15.3,19.593,18.22,0
2026-09-18T12:59:53.838,121.382,255,2.019,-273.1,15.1,19.593,18.18,0
2026-09-18T12:59:53.939,121.483,255,2.019,-273.1,15.2,19.593,18.02,0
2026-09-18T12:59:54.039,121.584,255,2.019,-273.1,15.4,19.593,17.96,0
2026-09-18T12:59:54.139,121.683,255,2.019,-273.1,15.2,19.593,18.22,0
2026-09-18T12:59:54.239,121.783,255,2.019,-273.1,15.2,19.593,18.15,0
2026-09-18T12:59:54.338,121.883,255,2.019,-273.1,15.0,19.593,18.31,0
2026-09-18T12:59:54.439,121.983,255,2.019,-90.0,15.1,19.593,17.74,0
2026-09-18T12:59:54.539,122.084,255,2.019,-90.0,15.3,19.593,17.96,0
2026-09-18T12:59:54.641,122.185,255,2.019,-273.1,15.1,19.593,17.86,0
2026-09-18T12:59:54.739,122.284,255,2.019,-273.1,15.0,19.593,18.06,0
2026-09-18T12:59:54.838,122.382,255,2.019,-90.0,14.8,19.593,17.93,0
2026-09-18T12:59:54.939,122.483,255,2.019,-65.2,14.8,19.593,18.11,0
2026-09-18T12:59:55.039,122.583,255,2.019,-273.1,15.0,19.593,18.00,0
2026-09-18T12:59:55.139,122.684,255,2.019,-273.1,14.9,19.593,18.16,0
2026-09-18T12:59:55.239,122.783,255,2.019,-273.1,14.9,19.593,18.13,0
2026-09-18T12:59:55.339,122.884,255,2.019,-90.0,14.9,19.593,18.14,0
2026-09-18T12:59:55.439,122.983,255,2.019,-273.1,14.6,19.593,17.99,0
2026-09-18T12:59:55.539,123.083,255,2.019,-90.0,14.4,19.593,17.97,0
2026-09-18T12:59:55.639,123.184,255,2.019,-83.9,14.5,19.593,18.49,0
2026-09-18T12:59:55.739,123.283,255,2.019,-273.1,14.3,19.593,18.06,0
2026-09-18T12:59:55.841,123.385,255,2.019,-63.6,14.4,19.593,18.07,0
2026-09-18T12:59:55.938,123.482,255,2.019,-273.1,14.2,19.593,18.12,0
2026-09-18T12:59:56.040,123.584,255,2.019,-273.1,14.4,19.593,18.00,0
2026-09-18T12:59:56.139,123.683,255,2.019,-273.1,14.2,19.593,17.90,0
2026-09-18T12:59:56.239,123.784,255,2.019,-273.1,14.2,19.593,18.04,0
2026-09-18T12:59:56.340,123.884,255,2.019,-273.1,14.4,19.593,18.17,0
2026-09-18T12:59:56.441,123.985,255,2.019,-273.1,14.5,19.593,18.02,0
2026-09-18T12:59:56.542,124.086,255,2.019,-273.1,14.5,19.593,18.22,0
2026-09-18T12:59:56.642,124.187,255,2.019,-273.1,14.7,19.593,18.10,0
2026-09-18T12:59:56.742,124.286,255,2.019,-273.1,14.6,19.593,18.10,0
2026-09-18T12:59:56.842,124.386,255,2.019,-273.1,14.5,19.593,18.03,0
2026-09-18T12:59:56.942,124.486,255,2.019,-273.1,14.4,19.593,17.94,0
2026-09-18T12:59:57.042,124.586,255,2.019,-273.1,14.6,19.593,18.42,0
2026-09-18T12:59:57.143,124.687,255,2.019,-66.1,14.7,19.593,17.92,0
2026-09-18T12:59:57.245,124.789,255,2.019,-75.2,14.6,19.593,18.26,0
2026-09-18T12:59:57.342,124.887,255,2.019,-273.1,14.3,19.593,18.14,0
2026-09-18T12:59:57.446,124.991,255,2.019,-67.0,14.4,19.593,18.18,0
2026-09-18T12:59:57.543,125.087,255,2.019,-273.1,14.5,19.593,18.08,0
2026-09-18T12:59:57.643,125.188,255,2.019,-273.1,14.5,19.593,18.18,0
2026-09-18T12:59:57.744,125.288,255,2.019,-273.1,14.6,19.593,18.29,0
2026-09-18T12:59:57.844,125.388,255,2.019,-273.1,14.7,19.593,18.24,0
2026-09-18T12:59:57.944,125.489,255,2.019,-83.9,14.6,19.593,18.21,0
2026-09-18T12:59:58.044,125.589,255,2.019,-273.1,14.8,19.593,18.12,0
2026-09-18T12:59:58.145,125.690,255,2.019,-273.1,14.6,19.593,18.01,0
2026-09-18T12:59:58.245,125.789,255,2.019,-273.1,14.4,19.593,18.03,0
2026-09-18T12:59:58.346,125.890,255,2.019,-273.1,14.5,19.593,18.00,0
2026-09-18T12:59:58.447,125.991,255,2.019,-273.1,14.6,19.593,18.00,0
2026-09-18T12:59:58.547,126.091,255,2.019,-273.1,14.6,19.593,18.14,0
2026-09-18T12:59:58.646,126.190,255,2.019,-273.1,14.6,19.593,18.24,0
2026-09-18T12:59:58.746,126.291,255,2.019,-273.1,14.7,19.593,18.34,0
2026-09-18T12:59:58.846,126.390,255,2.020,-83.9,14.6,19.593,18.30,0
2026-09-18T12:59:58.946,126.491,255,2.019,-273.1,14.5,19.593,18.19,0
2026-09-18T12:59:59.045,126.590,255,2.019,-73.4,14.6,19.593,18.23,0
2026-09-18T12:59:59.146,126.690,255,2.019,-273.1,14.3,19.593,18.14,0
2026-09-18T12:59:59.246,126.790,255,2.019,-273.1,14.0,19.593,17.97,0
2026-09-18T12:59:59.346,126.890,255,2.020,-273.1,14.3,19.593,18.07,0
2026-09-18T12:59:59.446,126.991,255,2.019,-273.1,14.3,19.593,17.93,0
2026-09-18T12:59:59.546,127.090,255,2.019,-273.1,14.4,19.593,17.98,0
2026-09-18T12:59:59.647,127.191,255,2.020,-273.1,14.2,19.593,17.95,0
2026-09-18T12:59:59.747,127.292,255,2.019,-273.1,14.2,19.593,17.97,0
2026-09-18T12:59:59.846,127.391,255,2.019,-273.1,14.2,19.593,18.06,0
2026-09-18T12:59:59.946,127.490,255,2.019,-90.0,14.1,19.593,18.19,0
2026-09-18T13:00:00.046,127.590,255,2.020,-67.0,14.0,19.593,18.00,0
2026-09-18T13:00:00.147,127.691,255,2.020,-273.1,14.1,19.593,17.93,0
2026-09-18T13:00:00.248,127.792,255,2.020,-273.1,14.1,19.593,18.25,0
2026-09-18T13:00:00.348,127.893,255,2.020,-90.0,14.5,19.593,18.04,0
2026-09-18T13:00:00.448,127.992,255,2.020,-273.1,14.3,19.593,18.16,0
2026-09-18T13:00:00.549,128.093,255,2.020,-90.0,14.4,19.593,18.11,0
2026-09-18T13:00:00.649,128.193,255,2.020,-273.1,14.5,19.593,18.25,0
2026-09-18T13:00:00.748,128.292,255,2.020,-273.1,14.0,19.593,18.28,0
2026-09-18T13:00:00.851,128.395,255,2.020,-273.1,14.0,19.593,18.21,0
2026-09-18T13:00:00.949,128.493,255,2.020,-273.1,14.2,19.593,18.23,0
2026-09-18T13:00:01.049,128.594,255,2.020,-273.1,14.2,19.593,18.26,0
2026-09-18T13:00:01.149,128.693,255,2.020,-64.4,14.0,19.593,18.07,0
2026-09-18T13:00:01.249,128.794,255,2.019,-273.1,13.9,19.593,18.36,0
2026-09-18T13:00:01.350,128.894,255,2.020,-273.1,14.1,19.593,18.38,0
2026-09-18T13:00:01.451,128.995,255,2.020,-273.1,14.1,19.593,18.33,0
2026-09-18T13:00:01.551,129.096,255,2.020,-273.1,14.2,19.593,18.38,0
2026-09-18T13:00:01.650,129.195,255,2.020,-90.0,14.4,19.593,17.95,0
2026-09-18T13:00:01.751,129.295,255,2.020,-273.1,14.2,19.593,18.28,0
2026-09-18T13:00:01.851,129.395,255,2.020,-273.1,13.9,19.593,17.89,0
2026-09-18T13:00:01.951,129.496,255,2.020,-273.1,14.0,19.593,18.38,0
2026-09-18T13:00:02.051,129.595,255,2.020,-90.0,14.1,19.593,18.04,0
2026-09-18T13:00:02.151,129.695,255,2.020,-75.2,13.9,19.593,18.06,0
2026-09-18T13:00:02.251,129.795,255,2.020,-273.1,14.0,19.593,18.03,0
2026-09-18T13:00:02.352,129.896,255,2.020,-273.1,14.2,19.593,18.15,0
2026-09-18T13:00:02.452,129.996,255,2.020,-273.1,14.0,19.593,18.00,0
2026-09-18T13:00:02.553,130.097,255,2.020,-273.1,13.8,19.593,18.12,0
2026-09-18T13:00:02.653,130.198,255,2.020,-273.1,14.3,19.593,18.17,0
2026-09-18T13:00:02.754,130.299,255,2.020,-83.9,14.6,19.593,17.92,0
2026-09-18T13:00:02.854,130.398,255,2.020,-273.1,14.3,19.593,18.04,0
2026-09-18T13:00:02.954,130.499,255,2.020,-273.1,14.3,19.593,18.11,0
2026-09-18T13:00:03.056,130.600,255,2.020,-273.1,14.5,19.593,18.03,0
2026-09-18T13:00:03.155,130.700,255,2.020,-273.1,14.1,19.593,18.10,0
2026-09-18T13:00:03.255,130.800,255,2.020,-273.1,14.5,19.593,17.99,0
2026-09-18T13:00:03.355,130.899,255,2.020,-273.1,14.0,19.593,18.02,0
2026-09-18T13:00:03.455,130.999,255,2.020,-90.0,14.4,19.593,18.12,0
2026-09-18T13:00:03.555,131.100,255,2.020,-273.1,14.3,19.593,18.22,0
2026-09-18T13:00:03.656,131.200,255,2.020,-273.1,14.3,19.593,18.08,0
2026-09-18T13:00:03.756,131.301,255,2.020,-273.1,14.3,19.593,18.19,0
2026-09-18T13:00:03.855,131.399,255,2.020,-90.0,14.3,19.593,18.25,0
2026-09-18T13:00:03.955,131.500,255,2.020,-273.1,14.2,19.593,18.15,0
2026-09-18T13:00:04.056,131.601,255,2.020,-273.1,14.3,19.593,17.82,0
2026-09-18T13:00:04.157,131.701,255,2.020,-273.1,14.4,19.593,18.04,0
2026-09-18T13:00:04.257,131.801,255,2.020,-273.1,14.5,19.593,18.00,0
2026-09-18T13:00:04.357,131.902,255,2.019,-77.4,14.4,19.593,17.93,0
2026-09-18T13:00:04.458,132.002,255,2.019,-273.1,14.3,19.593,17.83,0
2026-09-18T13:00:04.558,132.102,255,2.019,-273.1,14.2,19.593,18.02,0
2026-09-18T13:00:04.658,132.203,255,2.020,-273.1,14.2,19.593,18.08,0
2026-09-18T13:00:04.758,132.303,255,2.020,-273.1,14.3,19.593,18.14,0
2026-09-18T13:00:04.859,132.403,255,2.020,-63.6,14.5,19.593,18.04,0
2026-09-18T13:00:04.960,132.504,255,2.020,-68.1,14.5,19.593,18.26,0
2026-09-18T13:00:05.060,132.604,255,2.020,-273.1,14.5,19.593,18.39,0
2026-09-18T13:00:05.160,132.704,255,2.019,-273.1,14.5,19.593,18.29,0
2026-09-18T13:00:05.261,132.805,255,2.020,-273.1,14.8,19.593,18.02,0
2026-09-18T13:00:05.361,132.905,255,2.020,-273.1,14.6,19.593,18.32,0
2026-09-18T13:00:05.461,133.005,255,2.020,-273.1,14.4,19.593,18.22,0
2026-09-18T13:00:05.562,133.106,255,2.020,-273.1,14.5,19.593,18.06,0
2026-09-18T13:00:05.663,133.207,255,2.020,-273.1,14.6,19.593,18.12,0
2026-09-18T13:00:05.762,133.306,255,2.020,-273.1,14.7,19.593,18.23,0
2026-09-18T13:00:05.865,133.409,255,2.020,-273.1,15.0,19.593,18.00,0
2026-09-18T13:00:05.963,133.508,255,2.020,-273.1,14.9,19.593,17.97,0
2026-09-18T13:00:06.064,133.608,255,2.020,-273.1,14.9,19.593,18.05,0
2026-09-18T13:00:06.165,133.709,255,2.020,-273.1,15.0,19.593,17.88,0
2026-09-18T13:00:06.266,133.810,255,2.020,-90.0,15.0,19.593,18.07,0
2026-09-18T13:00:06.366,133.911,255,2.020,-273.1,15.3,19.593,17.97,0
2026-09-18T13:00:06.467,134.012,255,2.020,-273.1,15.2,19.593,18.26,0
2026-09-18T13:00:06.567,134.111,255,2.020,-273.1,15.2,19.593,17.92,0
2026-09-18T13:00:06.667,134.211,255,2.020,-273.1,15.2,19.593,17.90,0
2026-09-18T13:00:06.766,134.310,255,2.020,-71.8,15.0,19.593,17.99,0
2026-09-18T13:00:06.867,134.411,255,2.020,-273.1,15.1,19.593,18.33,0
2026-09-18T13:00:06.968,134.512,255,2.020,-273.1,15.0,19.593,18.04,0
2026-09-18T13:00:07.067,134.611,255,2.020,-273.1,15.0,19.593,17.93,0
2026-09-18T13:00:07.167,134.711,255,2.020,-66.1,15.0,19.593,18.12,0
2026-09-18T13:00:07.267,134.812,255,2.020,-273.1,15.3,19.593,18.14,0
2026-09-18T13:00:07.368,134.912,255,2.020,-273.1,15.1,19.593,17.78,0
2026-09-18T13:00:07.468,135.012,255,2.020,-273.1,15.1,19.593,17.99,0
2026-09-18T13:00:07.569,135.114,255,2.020,-273.1,15.1,19.593,18.25,0
2026-09-18T13:00:07.669,135.213,255,2.020,-273.1,15.0,19.593,18.07,0
2026-09-18T13:00:07.769,135.313,255,2.020,-90.0,15.2,19.593,18.25,0
2026-09-18T13:00:07.868,135.412,255,2.020,-273.1,14.9,19.593,17.99,0
2026-09-18T13:00:07.970,135.515,255,2.020,-77.4,15.1,19.593,18.14,0
2026-09-18T13:00:08.072,135.616,255,2.020,-273.1,15.2,19.593,17.89,0
2026-09-18T13:00:08.170,135.714,255,2.020,-273.1,15.2,19.593,18.06,0
2026-09-18T13:00:08.269,135.814,255,2.020,-273.1,15.1,19.593,18.08,0
2026-09-18T13:00:08.369,135.913,255,2.020,-273.1,14.9,19.593,18.11,0
2026-09-18T13:00:08.470,136.014,255,2.020,-273.1,14.8,19.593,18.13,0
2026-09-18T13:00:08.569,136.113,255,2.020,-273.1,14.7,19.593,17.99,0
2026-09-18T13:00:08.670,136.214,255,2.020,-273.1,14.8,19.593,18.30,0
2026-09-18T13:00:08.769,136.314,255,2.020,-273.1,14.6,19.593,18.19,0
2026-09-18T13:00:08.870,136.415,255,2.020,-67.0,14.8,19.593,18.23,0
2026-09-18T13:00:08.971,136.515,255,2.020,-273.1,14.8,19.593,18.18,0
2026-09-18T13:00:09.070,136.614,255,2.020,-273.1,14.7,19.593,18.09,0
2026-09-18T13:00:09.171,136.715,255,2.020,-273.1,14.7,19.593,17.78,0
2026-09-18T13:00:09.271,136.815,255,2.020,-273.1,14.6,19.593,18.01,0
2026-09-18T13:00:09.372,136.917,255,2.020,-273.1,14.7,19.593,17.95,0
2026-09-18T13:00:09.473,137.017,255,2.020,-273.1,14.7,19.593,17.91,0
2026-09-18T13:00:09.572,137.117,255,2.020,-273.1,15.1,19.593,18.38,0
2026-09-18T13:00:09.672,137.216,255,2.020,-273.1,15.2,19.593,18.27,0
2026-09-18T13:00:09.773,137.317,255,2.020,-273.1,14.8,19.593,17.88,0
2026-09-18T13:00:09.872,137.416,255,2.020,-273.1,14.7,19.593,17.90,0
2026-09-18T13:00:09.973,137.517,255,2.020,-273.1,14.7,19.593,18.35,0
2026-09-18T13:00:10.072,137.616,255,2.020,-273.1,14.5,19.593,17.83,0
2026-09-18T13:00:10.172,137.717,255,2.020,-273.1,14.7,19.593,18.19,0
2026-09-18T13:00:10.272,137.816,255,2.020,-273.1,14.5,19.593,18.03,0
2026-09-18T13:00:10.373,137.917,255,2.020,-90.0,14.7,19.593,18.03,0
2026-09-18T13:00:10.472,138.017,255,2.020,-83.9,14.5,19.593,18.18,0
2026-09-18T13:00:10.573,138.117,255,2.020,-273.1,14.6,19.593,18.18,0
2026-09-18T13:00:10.674,138.218,255,2.020,-273.1,14.8,19.593,18.33,0
2026-09-18T13:00:10.774,138.319,255,2.020,-273.1,14.5,19.593,18.06,0
2026-09-18T13:00:10.873,138.418,255,2.020,-273.1,14.3,19.593,17.89,0
2026-09-18T13:00:10.974,138.519,255,2.020,-273.1,14.4,19.593,18.00,0
2026-09-18T13:00:11.074,138.618,255,2.020,-273.1,14.5,19.593,18.11,0
2026-09-18T13:00:11.173,138.717,255,2.020,-273.1,14.4,19.593,18.00,0
2026-09-18T13:00:11.273,138.817,255,2.020,-273.1,14.3,19.593,18.13,0
2026-09-18T13:00:11.374,138.918,255,2.020,-273.1,14.3,19.593,17.92,0
2026-09-18T13:00:11.473,139.018,255,2.020,-273.1,14.4,19.593,18.17,0
2026-09-18T13:00:11.574,139.119,255,2.020,-273.1,14.4,19.593,17.96,0
2026-09-18T13:00:11.675,139.219,255,2.020,-273.1,14.5,19.593,18.06,0
2026-09-18T13:00:11.775,139.319,255,2.020,-273.1,14.6,19.593,17.73,0
2026-09-18T13:00:11.876,139.420,255,2.020,-273.1,14.7,19.593,18.11,0
2026-09-18T13:00:11.977,139.521,255,2.020,-273.1,14.6,19.593,17.93,0
2026-09-18T13:00:12.077,139.621,255,2.020,-273.1,14.8,19.593,18.06,0
2026-09-18T13:00:12.177,139.722,255,2.021,-83.9,14.9,19.593,17.93,0
2026-09-18T13:00:12.277,139.821,255,2.021,-69.2,14.6,19.593,18.06,0
2026-09-18T13:00:12.380,139.924,255,2.020,-68.1,14.9,19.593,18.07,0
2026-09-18T13:00:12.478,140.022,255,2.020,-273.1,14.9,19.593,18.18,0
2026-09-18T13:00:12.579,140.123,255,2.020,-273.1,14.7,19.593,18.04,0
2026-09-18T13:00:12.678,140.223,255,2.020,-273.1,14.8,19.593,18.02,0
2026-09-18T13:00:12.779,140.323,255,2.020,-273.1,15.1,19.593,17.87,0
2026-09-18T13:00:12.880,140.424,255,2.019,-273.1,14.9,19.593,17.91,0
2026-09-18T13:00:12.979,140.523,255,2.017,-273.1,14.7,19.593,18.26,0
2026-09-18T13:00:13.079,140.623,255,2.017,-273.1,14.9,19.593,18.12,0
2026-09-18T13:00:13.180,140.724,255,2.023,-90.0,14.9,19.593,18.04,0
2026-09-18T13:00:13.279,140.823,255,2.022,-273.1,14.5,19.593,17.83,0
2026-09-18T13:00:13.380,140.924,255,2.020,-273.1,14.7,19.593,18.15,0
2026-09-18T13:00:13.479,141.023,255,2.020,-273.1,14.4,19.593,18.07,0
2026-09-18T13:00:13.580,141.124,255,2.020,-273.1,14.6,19.593,18.03,0
2026-09-18T13:00:13.681,141.225,255,2.020,-75.2,15.0,19.593,18.08,0
2026-09-18T13:00:13.780,141.324,255,2.020,-83.9,15.0,19.593,18.17,0
2026-09-18T13:00:13.880,141.425,255,2.020,-273.1,14.6,19.593,18.11,0
2026-09-18T13:00:13.982,141.526,255,2.020,-273.1,14.7,19.593,18.34,0
2026-09-18T13:00:14.080,141.625,255,2.020,-273.1,14.6,19.593,17.99,0
2026-09-18T13:00:14.181,141.725,255,2.020,-273.1,14.9,19.593,17.70,0
2026-09-18T13:00:14.282,141.826,255,2.020,-273.1,14.8,19.593,17.96,0
2026-09-18T13:00:14.381,141.925,255,2.020,-273.1,14.4,19.593,18.04,0
2026-09-18T13:00:14.481,142.025,255,2.020,-273.1,14.4,19.593,18.02,0
2026-09-18T13:00:14.581,142.126,255,2.020,-273.1,14.6,19.593,18.00,0
2026-09-18T13:00:14.681,142.225,255,2.020,-273.1,14.4,19.593,17.98,0
2026-09-18T13:00:14.782,142.326,255,2.021,-273.1,14.5,19.593,18.03,0
2026-09-18T13:00:14.883,142.427,255,2.020,-273.1,14.6,19.593,18.03,0
2026-09-18T13:00:14.984,142.528,255,2.020,-273.1,14.8,19.593,18.18,0
2026-09-18T13:00:15.085,142.629,255,2.019,-90.0,14.9,19.593,17.97,0
2026-09-18T13:00:15.186,142.730,255,2.019,-273.1,15.0,19.593,18.14,0
2026-09-18T13:00:15.285,142.830,255,2.017,-273.1,15.0,19.593,18.23,0
2026-09-18T13:00:15.386,142.930,255,2.017,-83.9,14.9,19.593,18.02,0
2026-09-18T13:00:15.488,143.032,255,2.019,-273.1,14.7,19.593,18.18,0
2026-09-18T13:00:15.586,143.130,255,2.016,-273.1,14.7,19.593,17.99,0
2026-09-18T13:00:15.689,143.233,255,2.014,-273.1,14.8,19.593,17.96,0
2026-09-18T13:00:15.785,143.329,255,2.014,-273.1,14.5,19.593,18.06,0
2026-09-18T13:00:15.886,143.430,255,2.013,-273.1,14.7,19.593,18.15,0
2026-09-18T13:00:15.987,143.531,255,2.012,-90.0,16.0,19.593,17.94,0
2026-09-18T13:00:16.086,143.630,255,2.010,-90.0,14.9,19.593,18.09,0
2026-09-18T13:00:16.186,143.730,255,2.010,-273.1,14.7,19.593,18.04,0
2026-09-18T13:00:16.286,143.831,255,2.008,-273.1,14.6,19.593,18.12,0
2026-09-18T13:00:16.387,143.932,255,2.005,-71.8,14.9,19.593,17.89,0
2026-09-18T13:00:16.488,144.032,255,2.002,-273.1,14.9,19.593,17.99,0
2026-09-18T13:00:16.587,144.131,255,2.002,-273.1,14.6,19.593,17.95,0
2026-09-18T13:00:16.687,144.232,255,2.004,-273.1,14.9,19.593,17.92,0
2026-09-18T13:00:16.789,144.333,255,2.002,-273.1,12.9,19.593,17.88,0
2026-09-18T13:00:16.888,144.432,255,2.002,-273.1,14.7,19.593,17.79,0
2026-09-18T13:00:16.988,144.532,255,1.999,-273.1,14.6,19.593,18.14,0
2026-09-18T13:00:17.089,144.633,255,1.999,-273.1,14.6,19.593,18.02,0
2026-09-18T13:00:17.188,144.732,255,1.998,-273.1,14.6,19.593,18.10,0
2026-09-18T13:00:17.288,144.833,255,1.998,-83.9,14.7,19.593,17.93,0
2026-09-18T13:00:17.389,144.933,255,1.996,-273.1,14.6,19.593,17.87,0
2026-09-18T13:00:17.489,145.033,255,1.993,-273.1,14.8,19.593,18.07,0
2026-09-18T13:00:17.589,145.133,255,1.993,-273.1,14.6,19.593,17.99,0
2026-09-18T13:00:17.689,145.233,255,1.993,-273.1,14.5,19.593,18.08,0
2026-09-18T13:00:17.789,145.333,255,1.989,-83.9,14.6,19.593,18.04,0
2026-09-18T13:00:17.890,145.434,255,1.982,-90.0,14.7,19.593,17.74,0
2026-09-18T13:00:17.990,145.534,255,1.976,-83.9,14.7,19.593,17.70,0
2026-09-18T13:00:18.090,145.635,255,1.976,-273.1,14.6,19.593,18.03,0
2026-09-18T13:00:18.191,145.735,255,1.969,-273.1,14.8,19.593,17.70,0
2026-09-18T13:00:18.292,145.836,255,1.956,-73.4,14.8,19.593,17.66,0
2026-09-18T13:00:18.393,145.937,255,1.930,-273.1,14.9,19.593,17.58,0
2026-09-18T13:00:18.492,146.036,255,1.930,-90.0,14.9,19.593,17.58,0
2026-09-18T13:00:18.593,146.137,255,1.877,-273.1,14.9,19.593,16.83,0
2026-09-18T13:00:18.691,146.235,255,1.965,-83.9,14.7,19.593,17.42,0
2026-09-18T13:00:18.793,146.337,255,2.011,-67.0,14.9,19.593,17.81,0
2026-09-18T13:00:18.893,146.437,255,2.011,-273.1,14.8,19.593,17.77,0
2026-09-18T13:00:18.993,146.538,255,2.015,-273.1,15.2,19.593,17.97,0
2026-09-18T13:00:19.094,146.638,255,2.020,-77.4,14.9,19.593,17.76,0
2026-09-18T13:00:19.195,146.739,255,2.021,-273.1,15.0,19.593,17.97,0
2026-09-18T13:00:19.296,146.840,255,2.021,-273.1,15.1,19.593,18.34,0
2026-09-18T13:00:19.395,146.939,255,2.022,-273.1,14.9,19.593,18.19,0
2026-09-18T13:00:19.496,147.040,255,2.024,-273.1,15.0,19.593,18.41,0
2026-09-18T13:00:19.595,147.140,255,2.024,-273.1,14.9,19.593,18.02,0
2026-09-18T13:00:19.695,147.239,255,2.025,-273.1,14.6,19.593,18.05,0
2026-09-18T13:00:19.796,147.340,255,2.028,-273.1,15.0,19.593,18.11,0
2026-09-18T13:00:19.895,147.439,255,2.032,-83.9,14.8,19.593,18.28,0
2026-09-18T13:00:19.995,147.540,255,2.032,-273.1,14.8,19.593,17.88,0
2026-09-18T13:00:20.096,147.641,255,2.035,-273.1,14.8,19.593,18.23,0
2026-09-18T13:00:20.196,147.740,255,2.038,-273.1,14.7,19.593,18.57,0
2026-09-18T13:00:20.296,147.841,255,2.040,-273.1,14.8,19.593,18.15,0
2026-09-18T13:00:20.395,147.940,255,2.040,-273.1,14.7,19.593,18.23,0
2026-09-18T13:00:20.497,148.042,255,2.041,-273.1,14.8,19.593,18.30,0
2026-09-18T13:00:20.596,148.140,255,2.041,-273.1,14.7,19.593,18.43,0
2026-09-18T13:00:20.695,148.239,255,2.042,-75.2,14.5,19.593,18.25,0
2026-09-18T13:00:20.796,148.340,255,2.042,-273.1,14.5,19.593,18.19,0
2026-09-18T13:00:20.897,148.441,255,2.043,-273.1,14.5,19.593,18.33,0
2026-09-18T13:00:20.997,148.542,255,2.043,-273.1,14.7,19.593,18.23,0
2026-09-18T13:00:21.097,148.641,255,2.029,-83.9,15.0,19.593,18.15,0
2026-09-18T13:00:21.197,148.742,255,2.029,-273.1,14.5,19.593,18.39,0
2026-09-18T13:00:21.298,148.842,255,2.020,-273.1,14.7,19.593,18.02,0
2026-09-18T13:00:21.398,148.942,255,2.020,-273.1,15.0,19.593,18.08,0
2026-09-18T13:00:21.499,149.043,255,2.020,-273.1,14.9,19.593,17.93,0
2026-09-18T13:00:21.598,149.142,255,2.020,-273.1,14.4,19.593,18.09,0
2026-09-18T13:00:21.699,149.243,255,2.020,-273.1,14.6,19.593,17.75,0
2026-09-18T13:00:21.801,149.345,255,2.020,-83.9,14.7,19.593,18.30,0
2026-09-18T13:00:21.899,149.443,255,2.020,-273.1,14.6,19.593,17.87,0
2026-09-18T13:00:21.999,149.543,255,2.020,-66.1,14.5,19.593,18.18,0
2026-09-18T13:00:22.099,149.643,255,2.020,-273.1,14.6,19.593,18.28,0
2026-09-18T13:00:22.199,149.743,255,2.020,-273.1,14.4,19.593,17.97,0
2026-09-18T13:00:22.300,149.844,255,2.020,-273.1,14.6,19.593,18.16,0
2026-09-18T13:00:22.399,149.943,255,2.020,-273.1,14.3,19.593,18.25,0
2026-09-18T13:00:22.499,150.044,255,2.020,-273.1,14.7,19.593,18.19,0
2026-09-18T13:00:22.599,150.144,255,2.020,-273.1,14.7,19.593,18.55,0
2026-09-18T13:00:22.699,150.243,255,2.020,-273.1,14.6,19.593,18.21,0
2026-09-18T13:00:22.799,150.343,255,2.020,-80.2,14.7,19.593,18.12,0
2026-09-18T13:00:22.899,150.444,255,2.020,-63.6,14.4,19.593,18.29,0
2026-09-18T13:00:22.999,150.543,255,2.020,-273.1,14.5,19.593,18.59,0
2026-09-18T13:00:23.099,150.643,255,2.020,-273.1,14.2,19.593,18.28,0
2026-09-18T13:00:23.199,150.743,255,2.020,-273.1,14.3,19.593,18.07,0
2026-09-18T13:00:23.300,150.844,255,2.020,-273.1,14.1,19.593,18.13,0
2026-09-18T13:00:23.400,150.944,255,2.020,-273.1,14.2,19.593,18.07,0
2026-09-18T13:00:23.500,151.044,255,2.020,-273.1,14.2,19.593,18.10,0
2026-09-18T13:00:23.601,151.145,255,2.020,-273.1,14.2,19.593,18.30,0
2026-09-18T13:00:23.701,151.245,255,2.020,-273.1,14.4,19.593,18.27,0
2026-09-18T13:00:23.802,151.346,255,2.020,-273.1,14.5,19.593,18.16,0
2026-09-18T13:00:23.902,151.446,255,2.020,-273.1,14.3,19.593,18.10,0
2026-09-18T13:00:24.002,151.546,255,2.020,-273.1,14.5,19.593,18.07,0
2026-09-18T13:00:24.103,151.647,255,2.020,-273.1,14.8,19.593,18.03,0
2026-09-18T13:00:24.203,151.747,255,2.020,-273.1,14.4,19.593,18.09,0
2026-09-18T13:00:24.303,151.847,255,2.020,-273.1,14.6,19.593,17.99,0
2026-09-18T13:00:24.404,151.949,255,2.020,-273.1,14.7,19.593,18.11,0
2026-09-18T13:00:24.503,152.048,255,2.021,-273.1,14.6,19.593,18.12,0
2026-09-18T13:00:24.603,152.148,255,2.021,-273.1,14.5,19.593,18.23,0
2026-09-18T13:00:24.704,152.248,255,2.021,-90.0,14.6,19.593,17.88,0
2026-09-18T13:00:24.807,152.351,255,2.020,-273.1,14.5,19.593,18.23,0
2026-09-18T13:00:24.906,152.451,255,2.020,-65.2,14.1,19.593,17.98,0
2026-09-18T13:00:25.007,152.551,255,2.020,-273.1,14.5,19.593,17.91,0
2026-09-18T13:00:25.107,152.651,255,2.020,-273.1,14.7,19.593,18.14,0
2026-09-18T13:00:25.207,152.751,255,2.021,-273.1,14.8,19.593,18.17,0
2026-09-18T13:00:25.308,152.852,255,2.021,-90.0,14.8,19.593,18.07,0
2026-09-18T13:00:25.408,152.952,255,2.021,-273.1,14.6,19.593,18.19,0
2026-09-18T13:00:25.507,153.052,255,2.021,-273.1,14.8,19.593,18.15,0
2026-09-18T13:00:25.608,153.152,255,2.021,-273.1,14.6,19.593,18.07,0
2026-09-18T13:00:25.708,153.253,255,2.021,-273.1,14.9,19.593,18.01,0
2026-09-18T13:00:25.809,153.353,255,2.021,-273.1,14.8,19.593,18.06,0
2026-09-18T13:00:25.910,153.454,255,2.021,-273.1,14.6,19.593,17.81,0
2026-09-18T13:00:26.009,153.553,255,2.021,-273.1,14.8,19.593,17.85,0
2026-09-18T13:00:26.109,153.653,255,2.020,-273.1,14.7,19.593,18.13,0
2026-09-18T13:00:26.208,153.753,255,2.020,-83.9,14.6,19.593,17.95,0
2026-09-18T13:00:26.309,153.853,255,2.021,-62.2,15.0,19.593,17.85,0
2026-09-18T13:00:26.409,153.953,255,2.021,-273.1,14.6,19.593,18.23,0
2026-09-18T13:00:26.510,154.054,255,2.020,-273.1,14.6,19.593,18.16,0
2026-09-18T13:00:26.610,154.154,255,2.020,-90.0,14.8,19.593,17.97,0
2026-09-18T13:00:26.712,154.256,255,2.020,-273.1,14.7,19.593,18.11,0
2026-09-18T13:00:26.811,154.355,255,2.020,-273.1,14.9,19.593,18.12,0
2026-09-18T13:00:26.910,154.454,255,2.021,-273.1,14.5,19.593,18.06,0
2026-09-18T13:00:27.010,154.554,255,2.021,-83.9,14.7,19.593,18.18,0
2026-09-18T13:00:27.110,154.654,255,2.021,-273.1,14.5,19.593,18.02,0
2026-09-18T13:00:27.211,154.755,255,2.021,-273.1,14.6,19.593,18.29,0
2026-09-18T13:00:27.311,154.855,255,2.021,-273.1,14.4,19.593,18.30,0
2026-09-18T13:00:27.412,154.956,255,2.021,-63.6,14.7,19.593,18.20,0
2026-09-18T13:00:27.513,155.057,255,2.021,-83.9,14.7,19.593,18.10,0
2026-09-18T13:00:27.612,155.156,255,2.021,-273.1,14.8,19.593,18.10,0
2026-09-18T13:00:27.712,155.256,255,2.021,-83.9,14.5,19.593,18.08,0
2026-09-18T13:00:27.812,155.356,255,2.021,-83.9,14.5,19.593,18.02,0
2026-09-18T13:00:27.912,155.456,255,2.021,-273.1,14.6,19.593,17.87,0
2026-09-18T13:00:28.012,155.557,255,2.021,-273.1,14.7,19.593,17.88,0
2026-09-18T13:00:28.113,155.657,255,2.021,-273.1,14.4,19.593,17.96,0
2026-09-18T13:00:28.212,155.756,255,2.021,-273.1,14.6,19.593,18.07,0
2026-09-18T13:00:28.313,155.857,255,2.021,-273.1,14.5,19.593,18.05,0
2026-09-18T13:00:28.413,155.958,255,2.020,-273.1,14.7,19.593,18.07,0
2026-09-18T13:00:28.514,156.058,255,2.020,-273.1,14.6,19.593,17.96,0
2026-09-18T13:00:28.613,156.158,255,2.019,-273.1,14.9,19.593,17.98,0
2026-09-18T13:00:28.714,156.258,255,2.019,-69.2,14.8,19.593,18.28,0
2026-09-18T13:00:28.814,156.358,255,2.018,-90.0,14.6,19.593,17.93,0
2026-09-18T13:00:28.915,156.459,255,2.018,-273.1,14.4,19.593,18.04,0
2026-09-18T13:00:29.015,156.560,255,2.018,-273.1,14.7,19.593,17.96,0
2026-09-18T13:00:29.114,156.659,255,2.015,-62.2,14.4,19.593,18.35,0
2026-09-18T13:00:29.215,156.759,255,2.014,-90.0,14.7,19.593,18.15,0
2026-09-18T13:00:29.314,156.858,255,2.014,-80.2,14.5,19.593,17.85,0
2026-09-18T13:00:29.414,156.959,255,2.012,-273.1,14.3,19.593,17.84,0
2026-09-18T13:00:29.514,157.058,255,2.010,-90.0,14.3,19.593,17.85,0
2026-09-18T13:00:29.615,157.159,255,2.009,-273.1,14.4,19.593,18.03,0
2026-09-18T13:00:29.714,157.259,255,2.009,-273.1,14.4,19.593,17.71,0
2026-09-18T13:00:29.815,157.359,255,2.008,-273.1,14.3,19.593,17.90,0
2026-09-18T13:00:29.916,157.460,255,2.008,-273.1,14.4,19.593,18.03,0
2026-09-18T13:00:30.016,157.560,255,2.008,-77.4,14.6,19.593,17.99,0
2026-09-18T13:00:30.116,157.661,255,2.007,-273.1,14.4,19.593,17.80,0
2026-09-18T13:00:30.217,157.762,255,2.004,-273.1,14.3,19.593,18.08,0
2026-09-18T13:00:30.318,157.863,255,2.006,-273.1,14.7,19.593,17.88,0
2026-09-18T13:00:30.418,157.962,255,2.006,-273.1,14.5,19.593,18.06,0
2026-09-18T13:00:30.517,158.061,255,2.010,-273.1,14.3,19.593,17.97,0
2026-09-18T13:00:30.618,158.162,255,2.007,-273.1,14.6,19.593,18.17,0
2026-09-18T13:00:30.717,158.262,255,2.006,-273.1,14.3,19.593,18.28,0
2026-09-18T13:00:30.818,158.362,255,2.006,-273.1,14.5,19.593,17.95,0
2026-09-18T13:00:30.918,158.462,255,2.004,-273.1,14.4,19.593,18.03,0
2026-09-18T13:00:31.017,158.562,255,2.004,-273.1,14.2,19.593,17.86,0
2026-09-18T13:00:31.118,158.662,255,2.006,-273.1,14.6,19.593,17.83,0
2026-09-18T13:00:31.220,158.764,255,2.006,-273.1,14.7,19.593,18.00,0
2026-09-18T13:00:31.319,158.863,255,2.005,-90.0,14.4,19.593,18.04,0
2026-09-18T13:00:31.418,158.963,255,2.008,-273.1,14.5,19.593,17.97,0
2026-09-18T13:00:31.519,159.063,255,2.008,-273.1,14.4,19.593,18.20,0
2026-09-18T13:00:31.618,159.163,255,2.008,-273.1,14.3,19.593,18.00,0
2026-09-18T13:00:31.719,159.263,255,2.008,-273.1,14.3,19.593,18.07,0
2026-09-18T13:00:31.818,159.362,255,2.007,-273.1,14.4,19.593,18.03,0
2026-09-18T13:00:31.918,159.463,255,2.007,-273.1,14.4,19.593,18.08,0
2026-09-18T13:00:32.019,159.563,255,2.007,-273.1,14.3,19.593,18.21,0
2026-09-18T13:00:32.120,159.664,255,2.006,-273.1,14.4,19.593,17.92,0
2026-09-18T13:00:32.219,159.763,255,2.004,-273.1,14.4,19.593,18.00,0
2026-09-18T13:00:32.320,159.864,255,2.004,-83.9,14.6,19.593,18.08,0
2026-09-18T13:00:32.421,159.965,255,2.003,-83.9,14.5,19.593,18.18,0
2026-09-18T13:00:32.521,160.065,255,2.002,-273.1,14.3,19.593,17.81,0
2026-09-18T13:00:32.625,160.169,255,2.000,-273.1,14.2,19.593,17.78,0
2026-09-18T13:00:32.722,160.266,255,2.000,-273.1,14.6,19.593,17.93,0
2026-09-18T13:00:32.821,160.365,255,1.998,-273.1,14.3,19.593,17.86,0
2026-09-18T13:00:32.922,160.466,255,1.997,-273.1,14.4,19.593,17.79,0
2026-09-18T13:00:33.021,160.565,255,1.996,-273.1,14.4,19.593,17.62,0
2026-09-18T13:00:33.121,160.666,255,1.996,-273.1,14.4,19.593,17.74,0
2026-09-18T13:00:33.222,160.766,255,1.996,-71.8,14.4,19.593,17.95,0
2026-09-18T13:00:33.321,160.865,255,1.995,-273.1,14.6,19.593,17.76,0
2026-09-18T13:00:33.421,160.966,255,1.993,-80.2,14.5,19.593,17.84,0
2026-09-18T13:00:33.522,161.066,255,1.993,-273.1,14.4,19.593,17.94,0
2026-09-18T13:00:33.622,161.167,255,1.992,-83.9,14.5,19.593,17.91,0
2026-09-18T13:00:33.722,161.266,255,1.991,-66.1,14.5,19.593,17.96,0
2026-09-18T13:00:33.822,161.366,255,1.991,-273.1,14.6,19.593,18.07,0
2026-09-18T13:00:33.923,161.467,255,1.991,-273.1,14.4,19.593,18.08,0
2026-09-18T13:00:34.023,161.567,255,1.992,-273.1,14.3,19.593,17.80,0
2026-09-18T13:00:34.122,161.667,255,1.991,-273.1,14.4,19.593,17.82,0
2026-09-18T13:00:34.223,161.767,255,1.992,-75.2,14.6,19.593,18.00,0
2026-09-18T13:00:34.324,161.868,255,1.992,-273.1,14.4,19.593,18.02,0
2026-09-18T13:00:34.424,161.968,255,1.993,-83.9,14.9,19.593,17.93,0
2026-09-18T13:00:34.524,162.068,255,1.992,-273.1,14.5,19.593,17.89,0
2026-09-18T13:00:34.624,162.168,255,1.993,-273.1,14.5,19.593,17.84,0
2026-09-18T13:00:34.724,162.268,255,1.993,-273.1,14.5,19.593,17.80,0
2026-09-18T13:00:34.824,162.368,255,1.993,-273.1,14.6,19.593,17.87,0
2026-09-18T13:00:34.925,162.470,255,1.992,-273.1,14.3,19.593,17.90,0
2026-09-18T13:00:35.023,162.568,255,1.992,-273.1,14.6,19.593,18.02,0
2026-09-18T13:00:35.123,162.668,255,1.992,-273.1,14.5,19.593,17.72,0
2026-09-18T13:00:35.223,162.768,255,1.992,-273.1,14.6,19.593,17.80,0
2026-09-18T13:00:35.323,162.868,255,1.992,-273.1,14.6,19.593,17.92,0
2026-09-18T13:00:35.424,162.968,255,1.992,-273.1,15.0,19.593,17.71,0
2026-09-18T13:00:35.524,163.069,255,1.993,-273.1,14.6,19.593,18.04,0
2026-09-18T13:00:35.624,163.168,255,1.993,-273.1,14.7,19.593,17.80,0
2026-09-18T13:00:35.725,163.269,255,1.992,-273.1,14.5,19.593,17.85,0
2026-09-18T13:00:35.831,163.376,255,1.992,-68.1,14.5,19.593,17.84,0
2026-09-18T13:00:35.927,163.472,255,1.992,-273.1,14.4,19.593,17.84,0
2026-09-18T13:00:36.028,163.572,255,1.991,-273.1,14.6,19.593,17.87,0
2026-09-18T13:00:36.130,163.674,255,1.990,-273.1,14.6,19.593,17.83,0
2026-09-18T13:00:36.231,163.775,255,1.990,-90.0,14.6,19.593,17.86,0
2026-09-18T13:00:36.331,163.875,255,1.989,-273.1,14.6,19.593,17.84,0
2026-09-18T13:00:36.430,163.975,255,1.989,-273.1,14.3,19.593,17.91,0
2026-09-18T13:00:36.530,164.075,255,1.989,-273.1,14.5,19.593,17.68,0
2026-09-18T13:00:36.630,164.175,255,1.989,-273.1,14.7,19.593,17.94,0
2026-09-18T13:00:36.730,164.275,255,1.989,-273.1,14.5,19.593,18.04,0
2026-09-18T13:00:36.832,164.376,255,1.988,-273.1,14.6,19.593,17.73,0
2026-09-18T13:00:36.932,164.477,255,1.988,-83.9,14.6,19.593,18.05,0
2026-09-18T13:00:37.032,164.576,255,1.988,-273.1,14.5,19.593,18.03,0
2026-09-18T13:00:37.132,164.676,255,1.989,-273.1,14.5,19.593,18.10,0
2026-09-18T13:00:37.232,164.776,255,1.989,-273.1,14.4,19.593,17.89,0
2026-09-18T13:00:37.332,164.876,255,1.988,-83.9,14.6,19.593,17.74,0
2026-09-18T13:00:37.433,164.977,255,1.988,-273.1,14.4,19.593,18.01,0
2026-09-18T13:00:37.534,165.078,255,1.989,-273.1,14.5,19.593,17.93,0
2026-09-18T13:00:37.633,165.177,255,1.989,-273.1,14.3,19.593,17.86,0
2026-09-18T13:00:37.734,165.278,255,1.989,-80.2,14.6,19.593,17.88,0
2026-09-18T13:00:37.833,165.378,0,1.990,-273.1,13.7,19.593,24.94,0
2026-09-18T13:00:37.934,165.478,0,1.343,-273.1,14.6,19.593,15.07,0
2026-09-18T13:00:38.033,165.577,0,0.002,-90.0,15.4,19.593,7.28,0
2026-09-18T13:00:38.133,165.677,0,0.002,-273.1,15.6,19.593,3.34,0
2026-09-18T13:00:38.233,165.778,0,0.001,-273.1,15.7,19.593,1.58,0
2026-09-18T13:00:38.334,165.878,0,0.001,-273.1,15.8,19.593,0.88,0
2026-09-18T13:00:38.434,165.979,0,0.001,-273.1,16.2,19.593,0.49,0
2026-09-18T13:00:38.534,166.079,0,0.001,-273.1,16.0,19.593,0.15,0
2026-09-18T13:00:38.634,166.179,0,0.001,-273.1,15.9,19.593,0.32,0
2026-09-18T13:00:38.734,166.279,0,0.001,-273.1,15.9,19.593,0.01,0
2026-09-18T13:00:38.836,166.380,0,0.001,-90.0,16.0,19.593,0.36,0
2026-09-18T13:00:38.936,166.480,0,0.001,-273.1,15.8,19.593,0.11,0
2026-09-18T13:00:39.035,166.580,0,0.001,-273.1,15.8,19.593,0.23,0
2026-09-18T13:00:39.136,166.680,0,0.001,-273.1,15.7,19.593,0.16,0
2026-09-18T13:00:39.236,166.780,0,0.001,-273.1,16.0,19.593,0.06,0
2026-09-18T13:00:39.338,166.883,0,0.001,-273.1,15.9,19.593,0.25,0
2026-09-18T13:00:39.437,166.982,0,0.001,-273.1,15.9,19.593,0.21,0
2026-09-18T13:00:39.536,167.080,0,0.001,-273.1,16.0,19.593,0.16,0
2026-09-18T13:00:39.636,167.180,0,0.001,-273.1,16.0,19.593,0.18,0
2026-09-18T13:00:39.737,167.281,0,0.001,-273.1,16.2,19.593,0.03,0
2026-09-18T13:00:39.836,167.380,0,0.001,-273.1,16.0,19.593,0.09,0
2026-09-18T13:00:39.936,167.480,0,0.001,-273.1,16.0,19.593,0.27,0
2026-09-18T13:00:40.036,167.581,0,0.001,-273.1,16.3,19.593,0.07,0
2026-09-18T13:00:40.137,167.681,0,0.001,-273.1,16.0,19.593,0.38,0
2026-09-18T13:00:40.238,167.782,0,0.001,-273.1,15.9,19.593,0.14,0
2026-09-18T13:00:40.337,167.881,0,0.001,-273.1,15.9,19.593,0.10,0
2026-09-18T13:00:40.438,167.982,0,0.001,-273.1,16.2,19.593,0.16,0
2026-09-18T13:00:40.539,168.084,0,0.001,-90.0,16.1,19.593,0.17,0
2026-09-18T13:00:40.638,168.182,0,0.001,-273.1,15.8,19.593,0.34,0
2026-09-18T13:00:40.738,168.282,0,0.001,-90.0,16.0,19.593,0.11,0
2026-09-18T13:00:40.838,168.383,0,0.001,-273.1,16.0,19.593,-0.18,0
2026-09-18T13:00:40.939,168.483,0,0.001,-273.1,16.0,19.593,0.34,0
