timestamp,elapsed_s,pwm,current_A,t1_casing_C,t2_magnet_C,force_N,flux_mT,fault
2026-09-18T11:21:46.174,301.093,0,0.000,-273.1,15.3,0.000,0.00,0
2026-09-18T11:21:46.272,301.191,0,0.000,-273.1,15.0,0.000,0.14,0
2026-09-18T11:21:46.373,301.293,0,0.000,-273.1,14.9,0.000,-0.02,0
2026-09-18T11:21:46.473,301.393,0,0.000,-273.1,15.0,0.000,-0.03,0
2026-09-18T11:21:46.573,301.493,0,0.000,-273.1,15.1,0.000,-0.13,0
2026-09-18T11:21:46.673,301.592,0,0.000,-273.1,15.0,0.000,-0.02,0
2026-09-18T11:21:46.778,301.698,0,0.000,-273.1,14.9,0.000,-0.11,0
2026-09-18T11:21:46.874,301.794,0,0.000,-273.1,15.0,0.000,-0.13,0
2026-09-18T11:21:46.974,301.894,0,0.000,-273.1,14.9,0.000,-0.17,0
2026-09-18T11:21:47.074,0.067,0,0.000,-273.1,15.1,0.000,-0.21,0
2026-09-18T11:21:47.176,0.169,0,-0.000,-273.1,15.3,0.000,-0.01,0
2026-09-18T11:21:47.276,0.269,0,0.000,-273.1,14.8,0.000,-0.10,0
2026-09-18T11:21:47.374,0.367,0,0.000,-273.1,14.9,0.000,-0.10,0
2026-09-18T11:21:47.474,0.467,0,-0.000,-273.1,15.0,0.000,-0.24,0
2026-09-18T11:21:47.575,0.568,0,0.000,-273.1,15.0,0.000,-0.09,0
2026-09-18T11:21:47.676,0.669,0,-0.000,-273.1,15.4,0.000,-0.01,0
2026-09-18T11:21:47.775,0.768,0,-0.000,-273.1,15.2,0.000,-0.06,0
2026-09-18T11:21:47.875,0.868,0,0.000,-273.1,15.1,0.000,-0.06,0
2026-09-18T11:21:47.976,0.969,0,0.000,-273.1,14.9,0.000,0.03,0
2026-09-18T11:21:48.076,1.069,0,0.000,-273.1,15.0,0.000,-0.04,0
2026-09-18T11:21:48.176,1.169,0,0.000,-273.1,14.9,0.000,-0.08,0
2026-09-18T11:21:48.277,1.270,0,0.000,-273.1,14.9,0.000,-0.23,0
2026-09-18T11:21:48.377,1.370,0,0.000,-273.1,14.8,0.000,-0.06,0
2026-09-18T11:21:48.477,1.470,0,0.000,-273.1,15.2,0.000,-0.13,0
2026-09-18T11:21:48.577,1.570,0,0.000,-273.1,14.9,0.000,-0.06,0
2026-09-18T11:21:48.678,1.670,0,0.000,-273.1,14.8,0.000,-0.25,0
2026-09-18T11:21:48.779,1.772,10,0.002,-273.1,14.8,0.000,0.03,0
2026-09-18T11:21:48.879,1.872,20,0.140,-273.1,15.0,0.000,0.12,0
2026-09-18T11:21:48.980,1.973,20,0.138,-273.1,14.7,0.000,0.81,0
2026-09-18T11:21:49.080,2.073,30,0.313,-273.1,14.5,0.000,2.02,0
2026-09-18T11:21:49.180,2.173,30,0.313,-273.1,14.6,0.000,2.20,0
2026-09-18T11:21:49.281,2.274,40,0.476,-273.1,14.5,0.000,3.43,0
2026-09-18T11:21:49.380,2.373,40,0.472,-273.1,14.5,0.000,4.36,0
2026-09-18T11:21:49.481,2.474,50,0.607,-273.1,14.3,0.000,5.74,0
2026-09-18T11:21:49.582,2.575,50,0.622,-273.1,13.8,0.000,5.65,0
2026-09-18T11:21:49.682,2.675,60,0.756,-273.1,14.0,0.000,6.65,0
2026-09-18T11:21:49.782,2.775,70,0.848,-273.1,14.2,0.000,7.10,0
2026-09-18T11:21:49.883,2.876,70,0.834,-273.1,13.9,0.000,7.72,0
2026-09-18T11:21:49.983,2.976,80,0.915,-273.1,13.4,0.000,8.79,0
2026-09-18T11:21:50.085,3.078,80,0.908,-68.1,13.8,0.000,9.31,0
2026-09-18T11:21:50.183,3.176,90,1.029,-273.1,13.5,0.000,9.44,0
2026-09-18T11:21:50.284,3.277,90,0.987,-273.1,13.6,0.000,9.51,0
2026-09-18T11:21:50.384,3.377,100,1.056,-273.1,13.0,0.000,10.10,0
2026-09-18T11:21:50.484,3.477,110,1.075,-273.1,13.6,0.000,10.33,0
2026-09-18T11:21:50.583,3.576,110,1.117,-273.1,13.7,0.000,10.60,0
2026-09-18T11:21:50.683,3.676,120,1.115,-273.1,13.8,0.000,10.69,0
2026-09-18T11:21:50.784,3.777,120,1.132,-273.1,13.5,0.000,10.58,0
2026-09-18T11:21:50.883,3.876,130,1.148,-273.1,13.9,0.000,11.34,0
2026-09-18T11:21:50.983,3.976,140,1.154,-273.1,14.0,0.000,10.76,0
2026-09-18T11:21:51.084,4.077,140,1.125,-273.1,13.9,0.000,11.32,0
2026-09-18T11:21:51.184,4.177,150,1.162,-273.1,14.0,0.000,10.52,0
2026-09-18T11:21:51.285,4.278,150,1.154,-273.1,13.8,0.000,10.27,0
2026-09-18T11:21:51.385,4.378,160,1.212,-273.1,13.9,0.000,9.91,0
2026-09-18T11:21:51.486,4.479,160,1.193,-273.1,13.7,0.000,11.27,0
2026-09-18T11:21:51.586,4.579,170,1.201,-83.9,13.7,0.000,11.16,0
2026-09-18T11:21:51.685,4.678,170,1.204,-273.1,13.6,0.000,11.58,0
2026-09-18T11:21:51.786,4.779,180,1.244,-273.1,13.6,0.000,10.75,0
2026-09-18T11:21:51.886,4.879,180,1.181,-273.1,13.4,0.000,11.44,0
2026-09-18T11:21:51.987,4.980,190,1.225,-273.1,13.8,0.000,10.92,0
2026-09-18T11:21:52.087,5.080,200,1.231,-273.1,13.5,0.000,11.89,0
2026-09-18T11:21:52.187,5.180,200,1.232,-273.1,13.6,0.000,11.51,0
2026-09-18T11:21:52.286,5.279,210,1.237,-273.1,13.6,0.000,11.24,0
2026-09-18T11:21:52.387,5.380,210,1.229,-273.1,13.4,0.000,11.47,0
2026-09-18T11:21:52.487,5.480,220,1.259,-273.1,13.7,0.000,11.63,0
2026-09-18T11:21:52.589,5.582,220,1.281,-273.1,13.6,0.000,11.89,0
2026-09-18T11:21:52.689,5.682,230,1.264,-273.1,13.9,0.000,11.63,0
2026-09-18T11:21:52.787,5.780,230,1.247,-273.1,13.6,0.000,11.70,0
2026-09-18T11:21:52.889,5.882,240,1.289,-273.1,13.7,0.000,11.73,0
2026-09-18T11:21:52.988,5.981,240,1.291,-273.1,13.5,0.000,12.10,0
2026-09-18T11:21:53.088,6.081,250,1.314,-273.1,13.5,0.000,12.20,0
2026-09-18T11:21:53.188,6.181,255,1.318,-273.1,13.9,0.000,12.45,0
2026-09-18T11:21:53.287,6.280,255,1.322,-77.4,14.0,0.000,12.09,0
2026-09-18T11:21:53.388,6.381,255,1.325,-273.1,13.9,0.000,12.42,0
2026-09-18T11:21:53.488,6.481,255,1.328,-273.1,14.0,0.000,12.12,0
2026-09-18T11:21:53.588,6.581,255,1.330,-273.1,14.1,0.000,12.27,0
2026-09-18T11:21:53.688,6.681,255,1.333,-273.1,13.7,0.000,12.28,0
2026-09-18T11:21:53.789,6.782,255,1.336,-273.1,13.8,0.000,12.29,0
2026-09-18T11:21:53.889,6.882,255,1.337,-273.1,13.7,0.000,12.18,0
2026-09-18T11:21:53.990,6.983,255,1.341,-273.1,13.7,0.000,12.28,0
2026-09-18T11:21:54.090,7.083,255,1.343,-273.1,13.7,0.000,12.39,0
2026-09-18T11:21:54.191,7.184,255,1.344,-273.1,13.2,0.000,12.46,0
2026-09-18T11:21:54.290,7.283,255,1.347,-80.2,13.9,0.000,12.72,0
2026-09-18T11:21:54.390,7.383,255,1.348,-273.1,13.5,0.000,12.50,0
2026-09-18T11:21:54.491,7.484,255,1.349,-273.1,13.6,0.000,12.25,0
2026-09-18T11:21:54.590,7.583,255,1.351,-67.0,13.9,0.000,12.41,0
2026-09-18T11:21:54.691,7.684,255,1.353,-273.1,13.7,0.000,12.43,0
2026-09-18T11:21:54.790,7.783,255,1.354,-273.1,13.6,0.000,12.57,0
2026-09-18T11:21:54.891,7.884,255,1.355,-273.1,13.7,0.000,12.44,0
2026-09-18T11:21:54.991,7.984,255,1.356,-273.1,13.6,0.000,12.19,0
2026-09-18T11:21:55.092,8.085,255,1.357,-273.1,13.4,0.000,12.44,0
2026-09-18T11:21:55.192,8.185,255,1.358,-273.1,13.5,0.000,12.72,0
2026-09-18T11:21:55.291,8.284,255,1.359,-273.1,14.0,0.000,12.70,0
2026-09-18T11:21:55.391,8.384,255,1.360,-273.1,13.8,0.000,12.65,0
2026-09-18T11:21:55.492,8.485,255,1.361,-273.1,13.7,0.000,12.59,0
2026-09-18T11:21:55.591,8.584,255,1.362,-83.9,14.2,0.000,12.66,0
2026-09-18T11:21:55.692,8.685,255,1.363,-273.1,13.7,0.000,12.60,0
2026-09-18T11:21:55.791,8.784,255,1.364,-273.1,14.2,0.000,12.75,0
2026-09-18T11:21:55.892,8.885,255,1.365,-273.1,13.9,0.000,12.40,0
2026-09-18T11:21:55.991,8.984,255,1.366,-273.1,13.9,0.000,12.49,0
2026-09-18T11:21:56.092,9.085,255,1.367,-273.1,13.9,0.000,12.56,0
2026-09-18T11:21:56.192,9.185,255,1.368,-273.1,13.7,0.000,12.52,0
2026-09-18T11:21:56.294,9.287,255,1.367,-273.1,13.7,0.000,12.76,0
2026-09-18T11:21:56.394,9.387,255,1.368,-273.1,13.8,0.000,12.61,0
2026-09-18T11:21:56.493,9.486,255,1.370,-90.0,14.0,0.000,12.92,0
2026-09-18T11:21:56.594,9.587,255,1.374,-273.1,13.8,0.000,12.74,0
2026-09-18T11:21:56.694,9.687,255,1.376,-273.1,13.7,0.000,12.81,0
2026-09-18T11:21:56.793,9.786,255,1.377,-273.1,14.0,0.000,12.57,0
2026-09-18T11:21:56.894,9.887,255,1.378,-273.1,13.8,0.000,12.82,0
2026-09-18T11:21:56.995,9.988,255,1.379,-273.1,13.9,0.000,12.65,0
2026-09-18T11:21:57.097,10.090,255,1.381,-71.8,13.5,0.000,12.73,0
2026-09-18T11:21:57.196,10.189,255,1.381,-273.1,13.5,0.000,12.72,0
2026-09-18T11:21:57.296,10.289,255,1.382,-80.2,13.5,0.000,12.97,0
2026-09-18T11:21:57.397,10.390,255,1.383,-273.1,13.2,0.000,12.87,0
2026-09-18T11:21:57.496,10.489,255,1.384,-273.1,13.6,0.000,12.80,0
2026-09-18T11:21:57.597,10.590,255,1.386,-273.1,13.3,0.000,12.66,0
2026-09-18T11:21:57.698,10.691,255,1.387,-273.1,13.5,0.000,12.89,0
2026-09-18T11:21:57.798,10.791,255,1.389,-273.1,13.4,0.000,12.60,0
2026-09-18T11:21:57.898,10.891,255,1.390,-273.1,13.4,0.000,12.63,0
2026-09-18T11:21:57.997,10.990,255,1.392,-273.1,13.5,0.000,13.15,0
2026-09-18T11:21:58.098,11.091,255,1.393,-273.1,13.1,0.000,12.97,0
2026-09-18T11:21:58.198,11.191,255,1.395,-273.1,13.4,0.000,12.81,0
2026-09-18T11:21:58.299,11.292,255,1.396,-77.4,13.2,0.000,13.06,0
2026-09-18T11:21:58.399,11.392,255,1.396,-273.1,13.2,0.000,13.03,0
2026-09-18T11:21:58.500,11.493,255,1.397,-273.1,13.1,0.000,12.87,0
2026-09-18T11:21:58.600,11.593,255,1.398,-273.1,14.6,0.000,12.82,0
2026-09-18T11:21:58.701,11.694,255,1.399,-273.1,13.3,0.000,12.79,0
2026-09-18T11:21:58.800,11.793,255,1.400,-273.1,13.0,0.000,12.96,0
2026-09-18T11:21:58.901,11.894,255,1.402,-273.1,13.0,0.000,13.08,0
2026-09-18T11:21:59.003,11.996,255,1.402,-273.1,12.8,0.000,12.64,0
2026-09-18T11:21:59.102,12.095,255,1.403,-273.1,13.0,0.000,12.90,0
2026-09-18T11:21:59.202,12.195,255,1.404,-273.1,12.8,0.000,12.89,0
2026-09-18T11:21:59.303,12.296,255,1.405,-273.1,12.7,0.000,13.07,0
2026-09-18T11:21:59.403,12.396,255,1.406,-273.1,13.0,0.000,12.82,0
2026-09-18T11:21:59.503,12.496,255,1.407,-273.1,12.9,0.000,12.71,0
2026-09-18T11:21:59.603,12.596,255,1.408,-273.1,13.0,0.000,12.96,0
2026-09-18T11:21:59.703,12.696,255,1.408,-273.1,13.0,0.000,12.98,0
2026-09-18T11:21:59.804,12.797,255,1.409,-273.1,12.8,0.000,12.82,0
2026-09-18T11:21:59.905,12.898,255,1.410,-273.1,12.7,0.000,13.30,0
2026-09-18T11:22:00.005,12.998,255,1.411,-273.1,12.6,0.000,12.84,0
2026-09-18T11:22:00.105,13.098,255,1.411,-273.1,12.8,0.000,12.94,0
2026-09-18T11:22:00.207,13.200,255,1.411,-273.1,12.7,0.000,12.96,0
2026-09-18T11:22:00.305,13.297,255,1.411,-273.1,12.7,0.000,13.01,0
2026-09-18T11:22:00.405,13.398,255,1.413,-273.1,13.0,0.000,13.00,0
2026-09-18T11:22:00.505,13.498,255,1.413,-273.1,12.8,0.000,13.09,0
2026-09-18T11:22:00.605,13.598,255,1.413,-273.1,12.8,0.000,12.97,0
2026-09-18T11:22:00.706,13.699,255,1.413,-273.1,12.6,0.000,12.88,0
2026-09-18T11:22:00.807,13.800,255,1.414,-273.1,12.7,0.000,12.98,0
2026-09-18T11:22:00.906,13.899,255,1.415,-273.1,12.7,0.000,13.16,0
2026-09-18T11:22:01.007,14.000,255,1.415,-273.1,12.7,0.000,13.20,0
2026-09-18T11:22:01.108,14.101,255,1.416,-273.1,12.7,0.000,13.30,0
2026-09-18T11:22:01.210,14.203,255,1.416,-273.1,12.9,0.000,13.49,0
2026-09-18T11:22:01.308,14.301,255,1.416,-273.1,13.0,0.000,13.04,0
2026-09-18T11:22:01.408,14.401,255,1.417,-273.1,12.8,0.000,13.08,0
2026-09-18T11:22:01.508,14.501,255,1.417,-273.1,12.6,0.000,13.01,0
2026-09-18T11:22:01.609,14.602,255,1.417,-273.1,12.7,0.000,12.97,0
2026-09-18T11:22:01.708,14.701,255,1.418,-273.1,12.6,0.000,13.22,0
2026-09-18T11:22:01.808,14.801,255,1.418,-273.1,12.7,0.000,13.10,0
2026-09-18T11:22:01.909,14.902,255,1.418,-273.1,12.8,0.000,13.10,0
2026-09-18T11:22:02.010,15.003,255,1.419,-90.0,13.0,0.000,13.14,0
2026-09-18T11:22:02.110,15.103,255,1.419,-273.1,13.0,0.000,13.30,0
2026-09-18T11:22:02.210,15.202,255,1.419,-273.1,12.8,0.000,13.09,0
2026-09-18T11:22:02.310,15.303,255,1.420,-273.1,12.5,0.000,12.98,0
2026-09-18T11:22:02.409,15.402,255,1.420,-273.1,12.7,0.000,13.16,0
2026-09-18T11:22:02.509,15.502,255,1.421,-273.1,12.8,0.000,12.94,0
2026-09-18T11:22:02.609,15.602,255,1.421,-273.1,13.0,0.000,13.09,0
2026-09-18T11:22:02.710,15.703,255,1.422,-273.1,12.6,0.000,12.92,0
2026-09-18T11:22:02.809,15.802,255,1.422,-273.1,12.7,0.000,13.15,0
2026-09-18T11:22:02.909,15.902,255,1.423,-71.8,12.7,0.000,13.16,0
2026-09-18T11:22:03.009,16.002,255,1.423,-273.1,13.0,0.000,13.43,0
2026-09-18T11:22:03.111,16.104,255,1.424,-273.1,12.9,0.000,13.26,0
2026-09-18T11:22:03.209,16.202,255,1.424,-273.1,12.6,0.000,13.22,0
2026-09-18T11:22:03.311,16.304,255,1.425,-273.1,11.5,0.000,13.08,0
2026-09-18T11:22:03.409,16.402,255,1.425,-273.1,12.9,0.000,13.18,0
2026-09-18T11:22:03.509,16.502,255,1.426,-273.1,13.0,0.000,13.07,0
2026-09-18T11:22:03.610,16.603,255,1.426,-273.1,12.8,0.000,13.09,0
2026-09-18T11:22:03.711,16.703,255,1.427,-273.1,12.7,0.000,13.12,0
2026-09-18T11:22:03.810,16.803,255,1.427,-273.1,13.0,0.000,13.15,0
2026-09-18T11:22:03.910,16.903,255,1.428,-273.1,12.8,0.000,13.07,0
2026-09-18T11:22:04.011,17.004,255,1.428,-273.1,12.8,0.000,13.13,0
2026-09-18T11:22:04.112,17.105,255,1.429,-273.1,12.7,0.000,12.97,0
2026-09-18T11:22:04.213,17.206,255,1.430,-273.1,12.8,0.000,13.38,0
2026-09-18T11:22:04.312,17.305,255,1.431,-66.1,12.7,0.000,13.14,0
2026-09-18T11:22:04.413,17.406,255,1.431,-273.1,12.8,0.000,13.17,0
2026-09-18T11:22:04.513,17.506,255,1.432,-83.9,13.1,0.000,13.26,0
2026-09-18T11:22:04.613,17.606,255,1.433,-273.1,12.9,0.000,13.26,0
2026-09-18T11:22:04.714,17.707,255,1.433,-273.1,12.7,0.000,13.04,0
2026-09-18T11:22:04.815,17.808,255,1.434,-273.1,12.9,0.000,13.27,0
2026-09-18T11:22:04.916,17.909,255,1.435,-273.1,13.2,0.000,13.36,0
2026-09-18T11:22:05.015,18.008,255,1.436,-273.1,13.0,0.000,13.50,0
2026-09-18T11:22:05.115,18.108,255,1.437,-273.1,12.9,0.000,13.22,0
2026-09-18T11:22:05.215,18.208,255,1.438,-273.1,12.8,0.000,13.01,0
2026-09-18T11:22:05.315,18.308,255,1.438,-273.1,13.2,0.000,13.10,0
2026-09-18T11:22:05.416,18.409,255,1.438,-83.9,13.2,0.000,13.34,0
2026-09-18T11:22:05.516,18.509,255,1.439,-273.1,13.0,0.000,13.37,0
2026-09-18T11:22:05.616,18.609,255,1.439,-273.1,13.1,0.000,13.17,0
2026-09-18T11:22:05.719,18.712,255,1.440,-273.1,13.4,0.000,13.43,0
2026-09-18T11:22:05.817,18.810,255,1.439,-71.8,13.2,0.000,13.47,0
2026-09-18T11:22:05.917,18.910,255,1.439,-273.1,13.3,0.000,13.29,0
2026-09-18T11:22:06.018,19.011,255,1.439,-273.1,13.5,0.000,13.09,0
2026-09-18T11:22:06.119,19.112,255,1.441,-273.1,13.5,0.000,13.42,0
2026-09-18T11:22:06.219,19.212,255,1.442,-273.1,13.6,0.000,13.50,0
2026-09-18T11:22:06.319,19.312,255,1.442,-273.1,13.6,0.000,13.19,0
2026-09-18T11:22:06.419,19.412,255,1.447,-273.1,13.8,0.000,13.45,0
2026-09-18T11:22:06.519,19.512,255,1.447,-273.1,13.3,0.000,13.30,0
2026-09-18T11:22:06.620,19.613,255,1.449,-273.1,13.8,0.000,13.17,0
2026-09-18T11:22:06.720,19.713,255,1.449,-273.1,13.9,0.000,13.21,0
2026-09-18T11:22:06.821,19.814,255,1.449,-273.1,13.6,0.000,13.29,0
2026-09-18T11:22:06.920,19.913,255,1.450,-273.1,13.7,0.000,13.52,0
2026-09-18T11:22:07.021,20.014,255,1.450,-273.1,13.9,0.000,13.45,0
2026-09-18T11:22:07.121,20.113,255,1.449,-273.1,13.8,0.000,13.27,0
2026-09-18T11:22:07.221,20.214,255,1.449,-273.1,13.7,0.000,13.26,0
2026-09-18T11:22:07.321,20.314,255,1.449,-273.1,13.7,0.000,13.50,0
2026-09-18T11:22:07.422,20.415,255,1.450,-273.1,13.9,0.000,13.29,0
2026-09-18T11:22:07.521,20.514,255,1.450,-273.1,13.8,0.000,13.55,0
2026-09-18T11:22:07.621,20.614,255,1.451,-273.1,13.5,0.000,13.12,0
2026-09-18T11:22:07.721,20.714,255,1.452,-273.1,13.8,0.000,13.38,0
2026-09-18T11:22:07.824,20.817,255,1.453,-70.4,14.0,0.000,13.08,0
2026-09-18T11:22:07.922,20.915,255,1.454,-273.1,13.7,0.000,13.49,0
2026-09-18T11:22:08.024,21.017,255,1.455,-273.1,13.9,0.000,13.66,0
2026-09-18T11:22:08.123,21.116,255,1.455,-273.1,14.2,0.000,13.39,0
2026-09-18T11:22:08.223,21.216,255,1.456,-273.1,14.1,0.000,13.50,0
2026-09-18T11:22:08.324,21.317,255,1.457,-273.1,14.2,0.000,13.50,0
2026-09-18T11:22:08.425,21.418,255,1.457,-273.1,14.1,0.000,13.42,0
2026-09-18T11:22:08.526,21.519,255,1.459,-273.1,14.2,0.000,13.20,0
2026-09-18T11:22:08.626,21.619,255,1.461,-273.1,14.0,0.000,13.61,0
2026-09-18T11:22:08.726,21.719,255,1.463,-273.1,13.9,0.000,13.53,0
2026-09-18T11:22:08.829,21.822,255,1.464,-83.9,14.3,0.000,13.56,0
2026-09-18T11:22:08.927,21.920,255,1.467,-273.1,14.0,0.000,13.52,0
2026-09-18T11:22:09.029,22.022,255,1.466,-273.1,13.9,0.000,13.46,0
2026-09-18T11:22:09.130,22.123,255,1.469,-273.1,13.8,0.000,13.57,0
2026-09-18T11:22:09.229,22.222,255,1.470,-273.1,13.6,0.000,13.20,0
2026-09-18T11:22:09.329,22.322,255,1.470,-273.1,13.7,0.000,13.37,0
2026-09-18T11:22:09.429,22.422,255,1.472,-273.1,13.9,0.000,13.70,0
2026-09-18T11:22:09.530,22.522,255,1.473,-273.1,13.6,0.000,13.52,0
2026-09-18T11:22:09.630,22.623,255,1.475,-273.1,13.5,0.000,13.25,0
2026-09-18T11:22:09.730,22.723,255,1.476,-273.1,13.5,0.000,13.73,0
2026-09-18T11:22:09.831,22.824,255,1.479,-273.1,13.3,0.000,13.89,0
2026-09-18T11:22:09.932,22.925,255,1.478,-273.1,13.3,0.000,13.60,0
2026-09-18T11:22:10.032,23.025,255,1.478,-273.1,13.2,0.000,13.81,0
2026-09-18T11:22:10.133,23.126,255,1.472,-273.1,13.2,0.000,13.69,0
2026-09-18T11:22:10.233,23.226,255,1.471,-273.1,12.8,0.000,13.57,0
2026-09-18T11:22:10.334,23.326,255,1.476,-273.1,12.7,0.000,13.59,0
2026-09-18T11:22:10.434,23.427,255,1.477,-273.1,12.9,0.000,13.67,0
2026-09-18T11:22:10.534,23.527,255,1.477,-273.1,13.0,0.000,13.50,0
2026-09-18T11:22:10.635,23.628,255,1.477,-273.1,12.8,0.000,13.55,0
2026-09-18T11:22:10.736,23.728,255,1.479,-273.1,12.8,0.000,13.48,0
2026-09-18T11:22:10.836,23.829,255,1.480,-273.1,12.8,0.000,13.24,0
2026-09-18T11:22:10.939,23.932,255,1.482,-273.1,12.6,0.000,13.67,0
2026-09-18T11:22:11.035,24.027,255,1.484,-273.1,12.7,0.000,13.53,0
2026-09-18T11:22:11.135,24.128,255,1.485,-273.1,12.4,0.000,13.78,0
2026-09-18T11:22:11.234,24.227,255,1.486,-273.1,12.8,0.000,13.74,0
2026-09-18T11:22:11.335,24.328,255,1.487,-273.1,12.8,0.000,13.77,0
2026-09-18T11:22:11.436,24.429,255,1.487,-273.1,12.6,0.000,13.65,0
2026-09-18T11:22:11.536,24.529,255,1.489,-273.1,12.7,0.000,13.64,0
2026-09-18T11:22:11.637,24.630,255,1.489,-273.1,13.0,0.000,13.65,0
2026-09-18T11:22:11.738,24.731,255,1.491,-273.1,12.9,0.000,13.57,0
2026-09-18T11:22:11.837,24.830,255,1.493,-273.1,12.8,0.000,13.83,0
2026-09-18T11:22:11.938,24.931,255,1.493,-273.1,12.9,0.000,13.87,0
2026-09-18T11:22:12.038,25.031,255,1.495,-273.1,12.9,0.000,13.78,0
2026-09-18T11:22:12.139,25.131,255,1.495,-273.1,13.1,0.000,14.00,0
2026-09-18T11:22:12.239,25.232,255,1.495,-273.1,13.3,0.000,13.59,0
2026-09-18T11:22:12.339,25.331,255,1.497,-273.1,13.1,0.000,13.80,0
2026-09-18T11:22:12.439,25.432,255,1.496,-71.8,13.3,0.000,13.69,0
2026-09-18T11:22:12.540,25.533,255,1.497,-80.2,13.5,0.000,13.89,0
2026-09-18T11:22:12.641,25.634,255,1.497,-273.1,13.8,0.000,13.84,0
2026-09-18T11:22:12.741,25.734,255,1.500,-273.1,13.7,0.000,13.82,0
2026-09-18T11:22:12.842,25.835,255,1.502,-273.1,13.9,0.000,13.74,0
2026-09-18T11:22:12.941,25.934,255,1.503,-273.1,13.7,0.000,13.92,0
2026-09-18T11:22:13.042,26.035,255,1.504,-273.1,13.7,0.000,13.95,0
2026-09-18T11:22:13.142,26.135,255,1.505,-273.1,13.9,0.000,13.89,0
2026-09-18T11:22:13.242,26.234,255,1.507,-273.1,13.7,0.000,13.68,0
2026-09-18T11:22:13.345,26.338,255,1.507,-273.1,13.7,0.000,13.94,0
2026-09-18T11:22:13.441,26.434,255,1.509,-273.1,13.7,0.000,14.03,0
2026-09-18T11:22:13.541,26.534,255,1.509,-273.1,13.6,0.000,14.01,0
2026-09-18T11:22:13.643,26.636,255,1.510,-273.1,13.9,0.000,14.03,0
2026-09-18T11:22:13.742,26.735,255,1.511,-273.1,13.9,0.000,13.87,0
2026-09-18T11:22:13.842,26.835,255,1.512,-273.1,13.6,0.000,13.95,0
2026-09-18T11:22:13.941,26.934,255,1.513,-273.1,13.6,0.000,14.05,0
2026-09-18T11:22:14.042,27.035,255,1.514,-273.1,13.8,0.000,13.94,0
2026-09-18T11:22:14.142,27.135,255,1.514,-273.1,13.7,0.000,14.18,0
2026-09-18T11:22:14.241,27.234,255,1.514,-273.1,13.7,0.000,13.90,0
2026-09-18T11:22:14.342,27.334,255,1.515,-273.1,13.8,0.000,13.95,0
2026-09-18T11:22:14.442,27.435,255,1.515,-273.1,13.9,0.000,13.84,0
2026-09-18T11:22:14.544,27.537,255,1.516,-273.1,14.0,0.000,13.78,0
2026-09-18T11:22:14.642,27.635,255,1.517,-273.1,13.8,0.000,13.72,0
2026-09-18T11:22:14.744,27.737,255,1.518,-273.1,14.0,0.000,14.08,0
2026-09-18T11:22:14.845,27.838,255,1.519,-273.1,14.0,0.000,14.02,0
2026-09-18T11:22:14.945,27.938,255,1.519,-273.1,14.0,0.000,13.89,0
2026-09-18T11:22:15.046,28.039,255,1.520,-273.1,14.0,0.000,13.98,0
2026-09-18T11:22:15.145,28.138,255,1.520,-273.1,14.1,0.000,14.09,0
2026-09-18T11:22:15.245,28.238,255,1.522,-273.1,14.1,0.000,14.04,0
2026-09-18T11:22:15.345,28.338,255,1.523,-273.1,14.1,0.000,14.12,0
2026-09-18T11:22:15.446,28.439,255,1.524,-273.1,14.0,0.000,14.10,0
2026-09-18T11:22:15.546,28.539,255,1.525,-273.1,13.9,0.000,14.05,0
2026-09-18T11:22:15.646,28.638,255,1.526,-273.1,14.3,0.000,13.97,0
2026-09-18T11:22:15.746,28.739,255,1.527,-273.1,13.9,0.000,13.88,0
2026-09-18T11:22:15.845,28.838,255,1.528,-273.1,14.2,0.000,14.21,0
2026-09-18T11:22:15.946,28.939,255,1.529,-273.1,13.9,0.000,14.00,0
2026-09-18T11:22:16.046,29.039,255,1.530,-83.9,14.1,0.000,13.76,0
2026-09-18T11:22:16.147,29.140,255,1.530,-273.1,14.0,0.000,14.02,0
2026-09-18T11:22:16.247,29.239,255,1.531,-273.1,13.9,0.000,13.98,0
2026-09-18T11:22:16.348,29.341,255,1.531,-273.1,13.7,0.000,14.14,0
2026-09-18T11:22:16.448,29.441,255,1.532,-273.1,13.7,0.000,14.11,0
2026-09-18T11:22:16.550,29.542,255,1.532,-273.1,13.3,0.000,14.11,0
2026-09-18T11:22:16.649,29.642,255,1.533,-273.1,13.4,0.000,14.02,0
2026-09-18T11:22:16.750,29.743,255,1.534,-273.1,13.1,0.000,14.11,0
2026-09-18T11:22:16.847,29.840,255,1.535,-273.1,13.5,0.000,14.10,0
2026-09-18T11:22:16.949,29.942,255,1.535,-273.1,13.5,0.000,14.13,0
2026-09-18T11:22:17.050,30.043,255,1.536,-273.1,13.2,0.000,13.98,0
2026-09-18T11:22:17.150,30.143,255,1.536,-273.1,13.1,0.000,14.03,0
2026-09-18T11:22:17.250,30.243,255,1.537,-273.1,12.9,0.000,14.32,0
2026-09-18T11:22:17.351,30.344,255,1.537,-273.1,13.0,0.000,14.17,0
2026-09-18T11:22:17.452,30.445,255,1.538,-65.2,12.6,0.000,14.16,0
2026-09-18T11:22:17.551,30.544,255,1.538,-273.1,12.5,0.000,14.27,0
2026-09-18T11:22:17.652,30.645,255,1.539,-273.1,12.7,0.000,13.93,0
2026-09-18T11:22:17.753,30.746,255,1.539,-273.1,12.6,0.000,13.97,0
2026-09-18T11:22:17.852,30.845,255,1.540,-273.1,11.0,0.000,14.26,0
2026-09-18T11:22:17.952,30.945,255,1.540,-273.1,12.7,0.000,14.17,0
2026-09-18T11:22:18.052,31.045,255,1.541,-273.1,12.5,0.000,14.20,0
2026-09-18T11:22:18.153,31.146,255,1.541,-273.1,12.9,0.000,14.30,0
2026-09-18T11:22:18.252,31.245,255,1.541,-273.1,12.8,0.000,14.16,0
2026-09-18T11:22:18.353,31.346,255,1.543,-273.1,12.9,0.000,14.27,0
2026-09-18T11:22:18.454,31.447,255,1.543,-273.1,13.0,0.000,14.20,0
2026-09-18T11:22:18.553,31.546,255,1.544,-273.1,13.0,0.000,14.12,0
2026-09-18T11:22:18.655,31.647,255,1.544,-273.1,13.0,0.000,14.20,0
2026-09-18T11:22:18.754,31.747,255,1.544,-273.1,13.2,0.000,14.19,0
2026-09-18T11:22:18.855,31.848,255,1.545,-273.1,13.4,0.000,13.94,0
2026-09-18T11:22:18.955,31.948,255,1.546,-273.1,13.9,0.000,14.20,0
2026-09-18T11:22:19.056,32.049,255,1.546,-273.1,13.6,0.000,14.50,0
2026-09-18T11:22:19.154,32.147,255,1.546,-273.1,13.6,0.000,14.01,0
2026-09-18T11:22:19.256,32.249,255,1.547,-273.1,13.8,0.000,14.15,0
2026-09-18T11:22:19.356,32.349,255,1.547,-273.1,14.1,0.000,14.07,0
2026-09-18T11:22:19.456,32.449,255,1.547,-273.1,13.9,0.000,14.13,0
2026-09-18T11:22:19.557,32.550,255,1.549,-273.1,14.1,0.000,14.23,0
2026-09-18T11:22:19.656,32.649,255,1.550,-273.1,14.1,0.000,14.11,0
2026-09-18T11:22:19.759,32.751,255,1.551,-273.1,14.0,0.000,14.16,0
2026-09-18T11:22:19.857,32.850,255,1.551,-273.1,13.9,0.000,14.08,0
2026-09-18T11:22:19.957,32.950,255,1.551,-273.1,14.0,0.000,14.24,0
2026-09-18T11:22:20.057,33.050,255,1.551,-273.1,14.2,0.000,14.23,0
2026-09-18T11:22:20.157,33.150,255,1.551,-273.1,14.2,0.000,14.12,0
2026-09-18T11:22:20.258,33.251,255,1.553,-273.1,14.0,0.000,14.09,0
2026-09-18T11:22:20.357,33.350,255,1.553,-273.1,14.1,0.000,14.04,0
2026-09-18T11:22:20.458,33.451,255,1.554,-273.1,14.0,0.000,14.33,0
2026-09-18T11:22:20.558,33.551,255,1.555,-273.1,14.0,0.000,14.21,0
2026-09-18T11:22:20.659,33.652,255,1.555,-273.1,13.9,0.000,14.32,0
2026-09-18T11:22:20.759,33.752,255,1.556,-273.1,13.9,0.000,14.19,0
2026-09-18T11:22:20.860,33.853,255,1.556,-273.1,13.7,0.000,14.25,0
2026-09-18T11:22:20.960,33.953,255,1.557,-273.1,13.6,0.000,14.32,0
2026-09-18T11:22:21.061,34.053,255,1.557,-273.1,13.5,0.000,14.25,0
2026-09-18T11:22:21.161,34.154,255,1.558,-273.1,13.4,0.000,14.42,0
2026-09-18T11:22:21.262,34.254,255,1.559,-273.1,13.2,0.000,14.38,0
2026-09-18T11:22:21.362,34.355,255,1.560,-273.1,13.1,0.000,14.41,0
2026-09-18T11:22:21.462,34.455,255,1.560,-273.1,13.1,0.000,14.62,0
2026-09-18T11:22:21.563,34.556,255,1.560,-273.1,13.0,0.000,14.38,0
2026-09-18T11:22:21.662,34.655,255,1.561,-273.1,13.2,0.000,14.34,0
2026-09-18T11:22:21.763,34.756,255,1.561,-83.9,13.0,0.000,14.30,0
2026-09-18T11:22:21.862,34.855,255,1.562,-273.1,12.9,0.000,14.19,0
2026-09-18T11:22:21.962,34.955,255,1.562,-70.4,13.0,0.000,14.41,0
2026-09-18T11:22:22.063,35.056,255,1.563,-273.1,12.9,0.000,14.52,0
2026-09-18T11:22:22.163,35.155,255,1.562,-273.1,12.8,0.000,14.24,0
2026-09-18T11:22:22.263,35.255,255,1.563,-273.1,13.0,0.000,14.35,0
2026-09-18T11:22:22.364,35.357,255,1.563,-273.1,12.7,0.000,14.21,0
2026-09-18T11:22:22.463,35.456,255,1.564,-273.1,12.7,0.000,14.39,0
2026-09-18T11:22:22.565,35.558,255,1.565,-273.1,12.7,0.000,14.20,0
2026-09-18T11:22:22.663,35.656,255,1.566,-273.1,12.5,0.000,14.43,0
2026-09-18T11:22:22.764,35.757,255,1.567,-273.1,12.7,0.000,14.47,0
2026-09-18T11:22:22.864,35.857,255,1.567,-273.1,12.8,0.000,14.43,0
2026-09-18T11:22:22.965,35.958,255,1.569,-273.1,13.1,0.000,14.44,0
2026-09-18T11:22:23.065,36.058,255,1.569,-273.1,12.8,0.000,14.56,0
2026-09-18T11:22:23.164,36.157,255,1.570,-273.1,12.8,0.000,14.30,0
2026-09-18T11:22:23.265,36.258,255,1.570,-273.1,12.9,0.000,14.43,0
2026-09-18T11:22:23.367,36.360,255,1.571,-273.1,13.0,0.000,14.44,0
2026-09-18T11:22:23.464,36.457,255,1.575,-273.1,12.9,0.000,14.32,0
2026-09-18T11:22:23.564,36.557,255,1.574,-273.1,12.9,0.000,14.38,0
2026-09-18T11:22:23.665,36.658,255,1.575,-273.1,13.0,0.000,14.54,0
2026-09-18T11:22:23.765,36.758,255,1.575,-273.1,13.2,0.000,14.24,0
2026-09-18T11:22:23.866,36.859,255,1.576,-273.1,13.4,0.000,14.30,0
2026-09-18T11:22:23.967,36.960,255,1.577,-273.1,13.6,0.000,14.47,0
2026-09-18T11:22:24.068,37.061,255,1.577,-273.1,13.9,0.000,14.30,0
2026-09-18T11:22:24.167,37.160,255,1.578,-273.1,13.7,0.000,14.50,0
2026-09-18T11:22:24.267,37.260,255,1.578,-273.1,13.9,0.000,14.43,0
2026-09-18T11:22:24.368,37.361,255,1.579,-73.4,14.1,0.000,14.61,0
2026-09-18T11:22:24.468,37.461,255,1.580,-273.1,14.0,0.000,14.47,0
2026-09-18T11:22:24.570,37.563,255,1.581,-273.1,14.0,0.000,14.38,0
2026-09-18T11:22:24.669,37.662,255,1.581,-273.1,14.0,0.000,14.58,0
2026-09-18T11:22:24.770,37.763,255,1.582,-273.1,13.7,0.000,14.65,0
2026-09-18T11:22:24.869,37.862,255,1.583,-273.1,13.9,0.000,14.56,0
2026-09-18T11:22:24.970,37.963,255,1.584,-273.1,13.8,0.000,14.35,0
2026-09-18T11:22:25.070,38.063,255,1.586,-273.1,13.7,0.000,14.67,0
2026-09-18T11:22:25.170,38.163,255,1.586,-273.1,13.7,0.000,14.45,0
2026-09-18T11:22:25.271,38.264,255,1.586,-273.1,13.8,0.000,14.73,0
2026-09-18T11:22:25.373,38.366,255,1.587,-273.1,13.7,0.000,14.51,0
2026-09-18T11:22:25.471,38.464,255,1.587,-273.1,13.5,0.000,14.49,0
2026-09-18T11:22:25.574,38.567,255,1.588,-273.1,13.4,0.000,14.45,0
2026-09-18T11:22:25.672,38.664,255,1.589,-273.1,13.2,0.000,14.43,0
2026-09-18T11:22:25.772,38.765,255,1.589,-273.1,13.1,0.000,14.56,0
2026-09-18T11:22:25.872,38.865,255,1.590,-273.1,13.0,0.000,14.51,0
2026-09-18T11:22:25.973,38.966,255,1.591,-273.1,12.9,0.000,14.78,0
2026-09-18T11:22:26.073,39.066,255,1.592,-273.1,12.8,0.000,14.58,0
2026-09-18T11:22:26.173,39.166,255,1.592,-83.9,13.1,0.000,14.82,0
2026-09-18T11:22:26.274,39.266,255,1.593,-273.1,12.8,0.000,14.46,0
2026-09-18T11:22:26.374,39.367,255,1.593,-273.1,12.5,0.000,14.33,0
2026-09-18T11:22:26.474,39.467,255,1.594,-273.1,12.9,0.000,14.60,0
2026-09-18T11:22:26.574,39.566,255,1.594,-273.1,12.7,0.000,14.69,0
2026-09-18T11:22:26.676,39.668,255,1.595,-273.1,12.5,0.000,14.71,0
2026-09-18T11:22:26.774,39.767,255,1.595,-273.1,12.5,0.000,14.64,0
2026-09-18T11:22:26.874,39.867,255,1.596,-273.1,12.7,0.000,14.80,0
2026-09-18T11:22:26.975,39.968,255,1.596,-273.1,12.8,0.000,14.94,0
2026-09-18T11:22:27.076,40.068,255,1.597,-273.1,13.0,0.000,14.85,0
2026-09-18T11:22:27.176,40.169,255,1.598,-273.1,13.1,0.000,14.79,0
2026-09-18T11:22:27.277,40.270,255,1.599,-273.1,13.2,0.000,14.75,0
2026-09-18T11:22:27.378,40.371,255,1.599,-273.1,13.5,0.000,14.71,0
2026-09-18T11:22:27.478,40.470,255,1.600,-273.1,13.5,0.000,14.76,0
2026-09-18T11:22:27.579,40.572,255,1.600,-273.1,13.5,0.000,14.55,0
2026-09-18T11:22:27.677,40.670,255,1.602,-273.1,13.7,0.000,14.80,0
2026-09-18T11:22:27.778,40.771,255,1.601,-273.1,13.7,0.000,14.58,0
2026-09-18T11:22:27.879,40.871,255,1.603,-273.1,13.9,0.000,14.43,0
2026-09-18T11:22:27.980,40.973,255,1.603,-273.1,14.1,0.000,14.53,0
2026-09-18T11:22:28.080,41.073,255,1.604,-273.1,14.1,0.000,14.68,0
2026-09-18T11:22:28.180,41.173,255,1.604,-273.1,14.1,0.000,14.80,0
2026-09-18T11:22:28.279,41.272,255,1.605,-273.1,13.9,0.000,14.70,0
2026-09-18T11:22:28.378,41.371,255,1.606,-273.1,14.1,0.000,14.66,0
2026-09-18T11:22:28.479,41.472,255,1.606,-273.1,14.1,0.000,14.56,0
2026-09-18T11:22:28.579,41.572,255,1.607,-273.1,13.9,0.000,14.90,0
2026-09-18T11:22:28.681,41.674,255,1.607,-273.1,13.8,0.000,14.78,0
2026-09-18T11:22:28.779,41.772,255,1.609,-68.1,14.2,0.000,14.70,0
2026-09-18T11:22:28.878,41.871,255,1.609,-273.1,14.3,0.000,14.41,0
2026-09-18T11:22:28.979,41.972,255,1.609,-273.1,13.8,0.000,14.62,0
2026-09-18T11:22:29.079,42.072,255,1.610,-273.1,13.8,0.000,14.51,0
2026-09-18T11:22:29.179,42.172,255,1.610,-273.1,13.7,0.000,14.84,0
2026-09-18T11:22:29.278,42.271,255,1.611,-273.1,13.9,0.000,14.65,0
2026-09-18T11:22:29.379,42.372,255,1.611,-64.4,13.9,0.000,14.78,0
2026-09-18T11:22:29.480,42.473,255,1.612,-273.1,13.7,0.000,14.91,0
2026-09-18T11:22:29.581,42.574,255,1.613,-273.1,13.5,0.000,14.77,0
2026-09-18T11:22:29.683,42.676,255,1.612,-273.1,13.4,0.000,14.67,0
2026-09-18T11:22:29.782,42.775,255,1.613,-273.1,13.2,0.000,14.86,0
2026-09-18T11:22:29.881,42.873,255,1.613,-273.1,13.7,0.000,14.58,0
2026-09-18T11:22:29.982,42.975,255,1.614,-273.1,13.2,0.000,15.00,0
2026-09-18T11:22:30.081,43.074,255,1.615,-273.1,13.2,0.000,14.77,0
2026-09-18T11:22:30.181,43.174,255,1.615,-273.1,13.2,0.000,14.81,0
2026-09-18T11:22:30.282,43.274,255,1.615,-273.1,12.8,0.000,14.98,0
2026-09-18T11:22:30.382,43.375,255,1.616,-67.0,12.9,0.000,14.93,0
2026-09-18T11:22:30.482,43.475,255,1.617,-273.1,12.9,0.000,14.67,0
2026-09-18T11:22:30.582,43.575,255,1.618,-273.1,12.9,0.000,14.84,0
2026-09-18T11:22:30.682,43.675,255,1.619,-273.1,12.7,0.000,14.83,0
2026-09-18T11:22:30.783,43.776,255,1.619,-273.1,12.7,0.000,14.76,0
2026-09-18T11:22:30.882,43.875,255,1.620,-273.1,12.6,0.000,14.84,0
2026-09-18T11:22:30.982,43.975,255,1.621,-273.1,12.6,0.000,14.91,0
2026-09-18T11:22:31.083,44.076,255,1.620,-273.1,12.6,0.000,14.92,0
2026-09-18T11:22:31.183,44.176,255,1.620,-273.1,12.7,0.000,14.81,0
2026-09-18T11:22:31.284,44.277,255,1.621,-273.1,12.9,0.000,14.97,0
2026-09-18T11:22:31.384,44.377,255,1.622,-273.1,12.9,0.000,14.82,0
2026-09-18T11:22:31.485,44.478,255,1.622,-273.1,13.1,0.000,14.72,0
2026-09-18T11:22:31.587,44.580,255,1.623,-273.1,13.2,0.000,15.19,0
2026-09-18T11:22:31.685,44.677,255,1.624,-67.0,13.1,0.000,14.90,0
2026-09-18T11:22:31.785,44.778,255,1.624,-273.1,13.3,0.000,14.72,0
2026-09-18T11:22:31.885,44.878,255,1.625,-273.1,13.6,0.000,14.84,0
2026-09-18T11:22:31.986,44.979,255,1.625,-273.1,13.5,0.000,15.01,0
2026-09-18T11:22:32.086,45.079,255,1.626,-273.1,13.8,0.000,14.82,0
2026-09-18T11:22:32.187,45.179,255,1.624,-273.1,13.8,0.000,14.99,0
2026-09-18T11:22:32.287,45.280,255,1.625,-273.1,14.1,0.000,14.73,0
2026-09-18T11:22:32.387,45.380,255,1.625,-273.1,12.5,0.000,14.75,0
2026-09-18T11:22:32.488,45.481,255,1.625,-273.1,14.0,0.000,14.91,0
2026-09-18T11:22:32.588,45.581,255,1.625,-273.1,14.2,0.000,14.85,0
2026-09-18T11:22:32.689,45.682,255,1.626,-273.1,13.9,0.000,15.01,0
2026-09-18T11:22:32.789,45.782,255,1.626,-83.9,14.2,0.000,14.80,0
2026-09-18T11:22:32.889,45.881,255,1.626,-273.1,14.2,0.000,14.98,0
2026-09-18T11:22:32.989,45.982,255,1.626,-273.1,13.6,0.000,14.72,0
2026-09-18T11:22:33.090,46.083,255,1.627,-273.1,13.8,0.000,15.02,0
2026-09-18T11:22:33.190,46.183,255,1.628,-273.1,13.4,0.000,14.94,0
2026-09-18T11:22:33.291,46.284,255,1.628,-273.1,13.2,0.000,14.87,0
2026-09-18T11:22:33.391,46.384,255,1.629,-273.1,13.2,0.000,15.05,0
2026-09-18T11:22:33.492,46.485,255,1.629,-273.1,12.9,0.000,15.02,0
2026-09-18T11:22:33.591,46.584,255,1.630,-273.1,13.0,0.000,15.07,0
2026-09-18T11:22:33.691,46.684,255,1.630,-273.1,13.0,0.000,15.12,0
2026-09-18T11:22:33.790,46.783,255,1.631,-273.1,13.2,0.000,14.93,0
2026-09-18T11:22:33.891,46.884,255,1.631,-273.1,13.0,0.000,15.05,0
2026-09-18T11:22:33.991,46.983,255,1.632,-273.1,13.0,0.000,14.97,0
2026-09-18T11:22:34.092,47.084,255,1.633,-273.1,12.9,0.000,15.14,0
2026-09-18T11:22:34.192,47.185,255,1.633,-273.1,12.5,0.000,14.92,0
2026-09-18T11:22:34.293,47.286,255,1.633,-273.1,12.5,0.000,15.30,0
2026-09-18T11:22:34.393,47.386,255,1.633,-273.1,12.9,0.000,14.98,0
2026-09-18T11:22:34.494,47.487,255,1.633,-83.9,12.8,0.000,14.86,0
2026-09-18T11:22:34.594,47.587,255,1.634,-273.1,12.6,0.000,15.02,0
2026-09-18T11:22:34.695,47.688,255,1.635,-273.1,13.2,0.000,15.28,0
2026-09-18T11:22:34.795,47.788,255,1.636,-273.1,13.2,0.000,15.04,0
2026-09-18T11:22:34.894,47.887,255,1.637,-273.1,13.1,0.000,14.99,0
2026-09-18T11:22:34.994,47.987,255,1.638,-273.1,13.2,0.000,15.03,0
2026-09-18T11:22:35.095,48.088,255,1.639,-273.1,13.2,0.000,15.12,0
2026-09-18T11:22:35.196,48.189,255,1.639,-273.1,13.5,0.000,15.12,0
2026-09-18T11:22:35.296,48.289,255,1.639,-273.1,13.7,0.000,14.99,0
2026-09-18T11:22:35.395,48.388,255,1.640,-273.1,13.5,0.000,14.97,0
2026-09-18T11:22:35.496,48.489,255,1.641,-273.1,13.6,0.000,15.39,0
2026-09-18T11:22:35.596,48.589,255,1.641,-273.1,13.9,0.000,15.03,0
2026-09-18T11:22:35.696,48.689,255,1.642,-273.1,13.7,0.000,15.35,0
2026-09-18T11:22:35.797,48.790,255,1.643,-273.1,13.8,0.000,15.29,0
2026-09-18T11:22:35.897,48.890,255,1.645,-71.8,13.9,0.000,14.97,0
2026-09-18T11:22:35.998,48.991,255,1.645,-273.1,13.9,0.000,14.89,0
2026-09-18T11:22:36.098,49.090,255,1.646,-273.1,13.9,0.000,15.16,0
2026-09-18T11:22:36.198,49.191,255,1.646,-273.1,13.9,0.000,15.34,0
2026-09-18T11:22:36.299,49.292,255,1.648,-273.1,13.8,0.000,15.13,0
2026-09-18T11:22:36.399,49.392,255,1.649,-273.1,13.5,0.000,15.05,0
2026-09-18T11:22:36.499,49.492,255,1.650,-273.1,13.2,0.000,15.02,0
2026-09-18T11:22:36.599,49.592,255,1.650,-273.1,13.4,0.000,15.04,0
2026-09-18T11:22:36.701,49.694,255,1.651,-273.1,13.3,0.000,15.06,0
2026-09-18T11:22:36.803,49.796,255,1.651,-273.1,12.9,0.000,14.93,0
2026-09-18T11:22:36.902,49.895,255,1.651,-273.1,12.5,0.000,15.08,0
2026-09-18T11:22:37.002,49.995,255,1.651,-273.1,12.6,0.000,14.86,0
2026-09-18T11:22:37.103,50.096,255,1.652,-273.1,12.6,0.000,15.41,0
2026-09-18T11:22:37.204,50.197,255,1.652,-273.1,12.8,0.000,15.45,0
2026-09-18T11:22:37.305,50.297,255,1.652,-273.1,12.7,0.000,15.16,0
2026-09-18T11:22:37.405,50.398,255,1.653,-273.1,12.8,0.000,15.23,0
2026-09-18T11:22:37.505,50.498,255,1.652,-273.1,13.0,0.000,15.25,0
2026-09-18T11:22:37.606,50.599,255,1.654,-273.1,13.4,0.000,15.27,0
2026-09-18T11:22:37.706,50.699,255,1.653,-273.1,13.6,0.000,15.41,0
2026-09-18T11:22:37.806,50.799,255,1.654,-273.1,13.4,0.000,15.13,0
2026-09-18T11:22:37.906,50.898,255,1.655,-90.0,13.6,0.000,15.23,0
2026-09-18T11:22:38.005,50.998,255,1.655,-273.1,13.5,0.000,14.97,0
2026-09-18T11:22:38.106,51.099,255,1.656,-273.1,13.5,0.000,15.12,0
2026-09-18T11:22:38.206,51.199,255,1.656,-273.1,14.0,0.000,14.77,0
2026-09-18T11:22:38.307,51.300,255,1.657,-273.1,13.9,0.000,15.21,0
2026-09-18T11:22:38.407,51.400,255,1.658,-273.1,14.1,0.000,15.08,0
2026-09-18T11:22:38.506,51.499,255,1.658,-273.1,13.8,0.000,15.28,0
2026-09-18T11:22:38.607,51.600,255,1.659,-273.1,13.9,0.000,15.37,0
2026-09-18T11:22:38.707,51.700,255,1.660,-273.1,13.8,0.000,15.36,0
2026-09-18T11:22:38.806,51.799,255,1.660,-273.1,14.0,0.000,15.30,0
2026-09-18T11:22:38.907,51.900,255,1.661,-273.1,13.8,0.000,15.20,0
2026-09-18T11:22:39.007,51.999,255,1.661,-273.1,14.2,0.000,15.14,0
2026-09-18T11:22:39.107,52.100,255,1.662,-273.1,13.8,0.000,15.17,0
2026-09-18T11:22:39.208,52.201,255,1.662,-273.1,13.7,0.000,15.14,0
2026-09-18T11:22:39.308,52.301,255,1.662,-273.1,14.0,0.000,15.36,0
2026-09-18T11:22:39.408,52.401,255,1.663,-273.1,13.4,0.000,15.00,0
2026-09-18T11:22:39.508,52.501,255,1.663,-273.1,13.6,0.000,15.32,0
2026-09-18T11:22:39.609,52.602,255,1.664,-273.1,13.2,0.000,15.42,0
2026-09-18T11:22:39.710,52.703,255,1.665,-273.1,13.1,0.000,15.29,0
2026-09-18T11:22:39.810,52.803,255,1.665,-273.1,13.3,0.000,15.28,0
2026-09-18T11:22:39.910,52.903,255,1.666,-273.1,13.1,0.000,15.42,0
2026-09-18T11:22:40.011,53.004,255,1.666,-273.1,12.9,0.000,15.54,0
2026-09-18T11:22:40.112,53.105,255,1.668,-273.1,12.8,0.000,15.09,0
2026-09-18T11:22:40.211,53.204,255,1.668,-273.1,12.7,0.000,15.35,0
2026-09-18T11:22:40.311,53.304,255,1.669,-273.1,12.7,0.000,15.10,0
2026-09-18T11:22:40.412,53.405,255,1.669,-273.1,12.7,0.000,15.44,0
2026-09-18T11:22:40.513,53.506,255,1.669,-273.1,12.8,0.000,15.41,0
2026-09-18T11:22:40.613,53.606,255,1.669,-273.1,12.5,0.000,15.13,0
2026-09-18T11:22:40.712,53.705,255,1.671,-273.1,12.6,0.000,15.04,0
2026-09-18T11:22:40.813,53.806,255,1.671,-273.1,12.8,0.000,15.13,0
2026-09-18T11:22:40.914,53.907,255,1.671,-273.1,13.0,0.000,15.39,0
2026-09-18T11:22:41.015,54.008,255,1.672,-273.1,13.1,0.000,15.09,0
2026-09-18T11:22:41.115,54.108,255,1.673,-273.1,13.4,0.000,15.29,0
2026-09-18T11:22:41.215,54.208,255,1.673,-273.1,13.6,0.000,15.29,0
2026-09-18T11:22:41.317,54.310,255,1.674,-273.1,13.8,0.000,14.97,0
2026-09-18T11:22:41.416,54.409,255,1.674,-273.1,13.7,0.000,15.31,0
2026-09-18T11:22:41.517,54.510,255,1.675,-273.1,13.9,0.000,15.39,0
2026-09-18T11:22:41.616,54.609,255,1.675,-273.1,13.9,0.000,15.40,0
2026-09-18T11:22:41.717,54.710,255,1.675,-273.1,14.0,0.000,15.29,0
2026-09-18T11:22:41.817,54.810,255,1.676,-273.1,13.9,0.000,15.28,0
2026-09-18T11:22:41.917,54.910,255,1.677,-273.1,14.0,0.000,15.25,0
2026-09-18T11:22:42.018,55.011,255,1.677,-273.1,13.8,0.000,15.39,0
2026-09-18T11:22:42.117,55.110,255,1.677,-90.0,13.9,0.000,15.20,0
2026-09-18T11:22:42.217,55.210,255,1.677,-273.1,13.8,0.000,15.10,0
2026-09-18T11:22:42.318,55.311,255,1.678,-90.0,13.7,0.000,15.21,0
2026-09-18T11:22:42.417,55.410,255,1.679,-77.4,13.7,0.000,15.21,0
2026-09-18T11:22:42.518,55.511,255,1.679,-273.1,13.7,0.000,15.23,0
2026-09-18T11:22:42.618,55.611,255,1.681,-273.1,13.5,0.000,15.32,0
2026-09-18T11:22:42.719,55.712,255,1.681,-273.1,13.5,0.000,15.33,0
2026-09-18T11:22:42.819,55.812,255,1.682,-273.1,13.2,0.000,15.33,0
2026-09-18T11:22:42.920,55.913,255,1.681,-273.1,13.1,0.000,15.39,0
2026-09-18T11:22:43.019,56.012,255,1.682,-273.1,13.3,0.000,15.40,0
2026-09-18T11:22:43.120,56.113,255,1.683,-273.1,13.0,0.000,15.42,0
2026-09-18T11:22:43.219,56.212,255,1.683,-273.1,13.0,0.000,15.54,0
2026-09-18T11:22:43.320,56.313,255,1.683,-273.1,13.2,0.000,15.36,0
2026-09-18T11:22:43.421,56.414,255,1.684,-273.1,12.7,0.000,15.36,0
2026-09-18T11:22:43.520,56.513,255,1.684,-273.1,12.9,0.000,15.15,0
2026-09-18T11:22:43.620,56.613,255,1.685,-273.1,12.8,0.000,15.46,0
2026-09-18T11:22:43.721,56.713,255,1.685,-273.1,12.7,0.000,15.38,0
2026-09-18T11:22:43.820,56.813,255,1.686,-273.1,13.0,0.000,15.42,0
2026-09-18T11:22:43.920,56.913,255,1.686,-273.1,12.9,0.000,15.36,0
2026-09-18T11:22:44.021,57.014,255,1.687,-273.1,12.5,0.000,15.23,0
2026-09-18T11:22:44.120,57.113,255,1.687,-273.1,12.7,0.000,15.34,0
2026-09-18T11:22:44.220,57.213,255,1.688,-273.1,12.9,0.000,15.31,0
2026-09-18T11:22:44.322,57.314,255,1.689,-273.1,12.7,0.000,15.38,0
2026-09-18T11:22:44.422,57.415,255,1.689,-273.1,12.9,0.000,15.61,0
2026-09-18T11:22:44.523,57.516,255,1.689,-273.1,13.0,0.000,15.05,0
2026-09-18T11:22:44.624,57.617,255,1.690,-273.1,12.9,0.000,15.51,0
2026-09-18T11:22:44.722,57.715,255,1.690,-273.1,12.9,0.000,15.29,0
2026-09-18T11:22:44.823,57.816,255,1.690,-273.1,13.0,0.000,15.60,0
2026-09-18T11:22:44.922,57.915,255,1.691,-64.4,13.1,0.000,15.51,0
2026-09-18T11:22:45.023,58.015,255,1.691,-273.1,13.5,0.000,15.64,0
2026-09-18T11:22:45.122,58.115,255,1.691,-273.1,13.1,0.000,15.57,0
2026-09-18T11:22:45.223,58.216,255,1.692,-273.1,13.7,0.000,15.50,0
2026-09-18T11:22:45.324,58.317,255,1.693,-273.1,13.7,0.000,15.52,0
2026-09-18T11:22:45.423,58.416,255,1.693,-273.1,13.4,0.000,15.33,0
2026-09-18T11:22:45.526,58.519,255,1.694,-66.1,13.9,0.000,15.43,0
2026-09-18T11:22:45.625,58.617,255,1.694,-273.1,13.9,0.000,15.65,0
2026-09-18T11:22:45.724,58.717,255,1.695,-273.1,13.7,0.000,15.48,0
2026-09-18T11:22:45.825,58.818,255,1.696,-273.1,14.0,0.000,15.76,0
2026-09-18T11:22:45.924,58.917,255,1.697,-273.1,13.8,0.000,15.54,0
2026-09-18T11:22:46.024,59.017,255,1.697,-273.1,13.9,0.000,15.57,0
2026-09-18T11:22:46.125,59.118,255,1.697,-273.1,14.2,0.000,15.43,0
2026-09-18T11:22:46.225,59.218,255,1.697,-273.1,13.8,0.000,15.57,0
2026-09-18T11:22:46.325,59.318,255,1.697,-273.1,14.0,0.000,15.53,0
2026-09-18T11:22:46.425,59.418,255,1.698,-273.1,13.6,0.000,15.30,0
2026-09-18T11:22:46.524,59.517,255,1.700,-273.1,13.8,0.000,15.44,0
2026-09-18T11:22:46.625,59.618,255,1.702,-273.1,13.7,0.000,15.37,0
2026-09-18T11:22:46.727,59.720,255,1.703,-273.1,13.9,0.000,15.38,0
2026-09-18T11:22:46.826,59.819,255,1.705,-273.1,13.7,0.000,15.66,0
2026-09-18T11:22:46.924,59.917,255,1.706,-273.1,13.5,0.000,15.51,0
2026-09-18T11:22:47.023,60.016,255,1.706,-273.1,13.9,0.000,15.58,0
2026-09-18T11:22:47.124,60.117,255,1.707,-273.1,13.9,0.000,15.51,0
2026-09-18T11:22:47.223,60.216,255,1.707,-273.1,13.8,0.000,15.41,0
2026-09-18T11:22:47.324,60.317,255,1.708,-273.1,13.6,0.000,15.27,0
2026-09-18T11:22:47.425,60.418,255,1.708,-273.1,13.8,0.000,15.66,0
2026-09-18T11:22:47.526,60.519,255,1.709,-90.0,13.5,0.000,15.79,0
2026-09-18T11:22:47.625,60.618,255,1.709,-273.1,13.4,0.000,15.67,0
2026-09-18T11:22:47.726,60.719,255,1.710,-273.1,13.2,0.000,15.50,0
2026-09-18T11:22:47.828,60.821,255,1.710,-273.1,13.1,0.000,15.64,0
2026-09-18T11:22:47.926,60.919,255,1.711,-273.1,13.2,0.000,15.64,0
2026-09-18T11:22:48.026,61.019,255,1.712,-273.1,12.9,0.000,15.57,0
2026-09-18T11:22:48.126,61.119,255,1.712,-273.1,12.9,0.000,15.76,0
2026-09-18T11:22:48.226,61.219,255,1.712,-273.1,12.9,0.000,16.02,0
2026-09-18T11:22:48.327,61.320,255,1.713,-273.1,12.8,0.000,15.60,0
2026-09-18T11:22:48.427,61.420,255,1.714,-71.8,12.5,0.000,15.43,0
2026-09-18T11:22:48.527,61.520,255,1.714,-273.1,12.8,0.000,15.48,0
2026-09-18T11:22:48.628,61.621,255,1.717,-273.1,12.5,0.000,15.72,0
2026-09-18T11:22:48.729,61.722,255,1.717,-273.1,12.6,0.000,15.72,0
2026-09-18T11:22:48.828,61.821,255,1.718,-273.1,12.9,0.000,15.67,0
2026-09-18T11:22:48.931,61.924,255,1.719,-273.1,12.9,0.000,15.56,0
2026-09-18T11:22:49.028,62.021,255,1.719,-273.1,12.7,0.000,15.74,0
2026-09-18T11:22:49.127,62.120,255,1.720,-273.1,12.7,0.000,15.81,0
2026-09-18T11:22:49.228,62.221,255,1.720,-273.1,12.8,0.000,15.84,0
2026-09-18T11:22:49.327,62.320,255,1.720,-75.2,12.7,0.000,15.61,0
2026-09-18T11:22:49.428,62.421,255,1.721,-273.1,13.1,0.000,15.81,0
2026-09-18T11:22:49.528,62.521,255,1.721,-273.1,12.8,0.000,15.66,0
2026-09-18T11:22:49.628,62.621,255,1.721,-273.1,12.8,0.000,15.86,0
2026-09-18T11:22:49.728,62.721,255,1.720,-273.1,12.9,0.000,16.02,0
2026-09-18T11:22:49.828,62.821,255,1.721,-273.1,13.0,0.000,15.83,0
2026-09-18T11:22:49.928,62.921,255,1.720,-273.1,13.0,0.000,15.87,0
2026-09-18T11:22:50.030,63.023,255,1.721,-273.1,13.1,0.000,15.70,0
2026-09-18T11:22:50.128,63.121,255,1.721,-273.1,13.1,0.000,15.58,0
2026-09-18T11:22:50.228,63.221,255,1.721,-273.1,13.2,0.000,15.94,0
2026-09-18T11:22:50.329,63.322,255,1.722,-273.1,13.2,0.000,15.73,0
2026-09-18T11:22:50.429,63.422,255,1.722,-273.1,13.5,0.000,15.49,0
2026-09-18T11:22:50.528,63.521,255,1.722,-273.1,13.4,0.000,15.79,0
2026-09-18T11:22:50.629,63.622,255,1.722,-273.1,13.5,0.000,15.75,0
2026-09-18T11:22:50.729,63.721,255,1.722,-273.1,13.4,0.000,15.86,0
2026-09-18T11:22:50.829,63.822,255,1.722,-273.1,13.5,0.000,15.65,0
2026-09-18T11:22:50.929,63.922,255,1.723,-273.1,13.4,0.000,15.68,0
2026-09-18T11:22:51.029,64.022,255,1.724,-273.1,13.6,0.000,16.06,0
2026-09-18T11:22:51.129,64.122,255,1.724,-77.4,14.2,0.000,15.67,0
2026-09-18T11:22:51.228,64.221,255,1.725,-273.1,13.7,0.000,15.81,0
2026-09-18T11:22:51.328,64.321,255,1.725,-273.1,13.9,0.000,15.73,0
2026-09-18T11:22:51.430,64.423,255,1.725,-273.1,14.0,0.000,15.69,0
2026-09-18T11:22:51.529,64.522,255,1.726,-273.1,13.9,0.000,16.18,0
2026-09-18T11:22:51.629,64.622,255,1.725,-273.1,13.7,0.000,16.13,0
2026-09-18T11:22:51.730,64.722,255,1.725,-273.1,13.8,0.000,15.60,0
2026-09-18T11:22:51.830,64.823,255,1.725,-273.1,13.9,0.000,15.76,0
2026-09-18T11:22:51.930,64.923,255,1.725,-69.2,13.8,0.000,15.74,0
2026-09-18T11:22:52.029,65.022,255,1.726,-273.1,13.8,0.000,16.06,0
2026-09-18T11:22:52.130,65.123,255,1.727,-273.1,13.8,0.000,15.88,0
2026-09-18T11:22:52.231,65.224,255,1.727,-273.1,13.6,0.000,15.63,0
2026-09-18T11:22:52.332,65.325,255,1.727,-273.1,13.6,0.000,15.88,0
2026-09-18T11:22:52.432,65.425,255,1.728,-273.1,13.3,0.000,15.77,0
2026-09-18T11:22:52.533,65.526,255,1.728,-273.1,13.4,0.000,15.86,0
2026-09-18T11:22:52.633,65.626,255,1.728,-273.1,13.3,0.000,15.84,0
2026-09-18T11:22:52.732,65.725,255,1.729,-61.6,13.2,0.000,16.02,0
2026-09-18T11:22:52.833,65.826,255,1.730,-273.1,13.1,0.000,15.80,0
2026-09-18T11:22:52.932,65.925,255,1.730,-273.1,12.9,0.000,15.89,0
2026-09-18T11:22:53.033,66.026,255,1.731,-273.1,12.8,0.000,15.69,0
2026-09-18T11:22:53.132,66.125,255,1.731,-273.1,13.3,0.000,15.98,0
2026-09-18T11:22:53.233,66.226,255,1.732,-273.1,12.8,0.000,15.73,0
2026-09-18T11:22:53.333,66.326,255,1.732,-273.1,12.7,0.000,15.78,0
2026-09-18T11:22:53.433,66.426,255,1.732,-273.1,13.0,0.000,16.03,0
2026-09-18T11:22:53.534,66.527,255,1.733,-273.1,12.8,0.000,15.86,0
2026-09-18T11:22:53.634,66.627,255,1.733,-273.1,12.6,0.000,15.83,0
2026-09-18T11:22:53.733,66.726,255,1.733,-273.1,13.0,0.000,15.84,0
2026-09-18T11:22:53.834,66.827,255,1.734,-273.1,12.7,0.000,15.96,0
2026-09-18T11:22:53.936,66.929,255,1.734,-273.1,12.5,0.000,15.75,0
2026-09-18T11:22:54.033,67.026,255,1.734,-273.1,12.7,0.000,15.79,0
2026-09-18T11:22:54.133,67.126,255,1.735,-273.1,12.4,0.000,15.62,0
2026-09-18T11:22:54.234,67.227,255,1.735,-273.1,12.7,0.000,15.81,0
2026-09-18T11:22:54.334,67.327,255,1.736,-273.1,12.5,0.000,15.81,0
2026-09-18T11:22:54.434,67.427,255,1.736,-273.1,12.8,0.000,15.86,0
2026-09-18T11:22:54.534,67.527,255,1.736,-273.1,12.5,0.000,16.08,0
2026-09-18T11:22:54.634,67.627,255,1.737,-273.1,12.6,0.000,15.97,0
2026-09-18T11:22:54.734,67.727,255,1.737,-273.1,12.7,0.000,15.95,0
2026-09-18T11:22:54.835,67.828,255,1.738,-273.1,12.7,0.000,15.81,0
2026-09-18T11:22:54.935,67.928,255,1.738,-273.1,12.9,0.000,15.85,0
2026-09-18T11:22:55.037,68.030,255,1.738,-273.1,13.3,0.000,16.12,0
2026-09-18T11:22:55.136,68.129,255,1.739,-273.1,13.4,0.000,15.94,0
2026-09-18T11:22:55.238,68.231,255,1.739,-273.1,13.4,0.000,16.05,0
2026-09-18T11:22:55.336,68.329,255,1.740,-273.1,13.6,0.000,15.95,0
2026-09-18T11:22:55.437,68.430,255,1.740,-273.1,13.5,0.000,15.72,0
2026-09-18T11:22:55.538,68.531,255,1.740,-273.1,13.9,0.000,16.10,0
2026-09-18T11:22:55.639,68.632,255,1.741,-273.1,13.8,0.000,15.82,0
2026-09-18T11:22:55.739,68.732,255,1.742,-273.1,13.6,0.000,15.82,0
2026-09-18T11:22:55.840,68.833,255,1.742,-273.1,13.8,0.000,15.78,0
2026-09-18T11:22:55.940,68.933,255,1.742,-273.1,13.6,0.000,15.76,0
2026-09-18T11:22:56.040,69.033,255,1.743,-273.1,13.5,0.000,15.89,0
2026-09-18T11:22:56.141,69.134,255,1.743,-273.1,13.5,0.000,15.99,0
2026-09-18T11:22:56.241,69.234,255,1.744,-273.1,13.7,0.000,16.10,0
2026-09-18T11:22:56.341,69.334,255,1.743,-273.1,13.7,0.000,15.84,0
2026-09-18T11:22:56.440,69.433,255,1.744,-273.1,13.5,0.000,15.82,0
2026-09-18T11:22:56.541,69.534,255,1.745,-273.1,13.5,0.000,15.96,0
2026-09-18T11:22:56.641,69.634,255,1.745,-273.1,13.4,0.000,15.82,0
2026-09-18T11:22:56.742,69.735,255,1.746,-273.1,13.0,0.000,16.22,0
2026-09-18T11:22:56.842,69.835,255,1.746,-71.8,13.0,0.000,15.89,0
2026-09-18T11:22:56.943,69.936,255,1.746,-273.1,12.9,0.000,15.80,0
2026-09-18T11:22:57.044,70.037,255,1.747,-273.1,12.7,0.000,15.96,0
2026-09-18T11:22:57.145,70.138,255,1.748,-273.1,12.4,0.000,16.03,0
2026-09-18T11:22:57.244,70.237,255,1.749,-273.1,12.4,0.000,16.02,0
2026-09-18T11:22:57.346,70.339,255,1.749,-273.1,12.3,0.000,16.12,0
2026-09-18T11:22:57.444,70.437,255,1.749,-273.1,12.4,0.000,16.14,0
2026-09-18T11:22:57.548,70.541,255,1.750,-273.1,12.4,0.000,15.77,0
2026-09-18T11:22:57.645,70.638,255,1.750,-273.1,12.5,0.000,16.37,0
2026-09-18T11:22:57.744,70.737,255,1.751,-273.1,12.6,0.000,16.07,0
2026-09-18T11:22:57.845,70.838,255,1.751,-273.1,12.7,0.000,15.91,0
2026-09-18T11:22:57.944,70.937,255,1.751,-273.1,12.6,0.000,15.82,0
2026-09-18T11:22:58.044,71.037,255,1.751,-273.1,12.9,0.000,16.11,0
2026-09-18T11:22:58.145,71.138,255,1.752,-273.1,12.8,0.000,15.61,0
2026-09-18T11:22:58.244,71.237,255,1.751,-273.1,12.6,0.000,16.21,0
2026-09-18T11:22:58.345,71.338,255,1.751,-273.1,12.9,0.000,15.96,0
2026-09-18T11:22:58.445,71.438,255,1.751,-273.1,12.8,0.000,16.10,0
2026-09-18T11:22:58.544,71.537,255,1.751,-273.1,12.7,0.000,15.84,0
2026-09-18T11:22:58.645,71.638,255,1.751,-273.1,12.9,0.000,16.17,0
2026-09-18T11:22:58.746,71.739,255,1.751,-273.1,12.8,0.000,16.22,0
2026-09-18T11:22:58.845,71.837,255,1.752,-273.1,13.0,0.000,16.13,0
2026-09-18T11:22:58.945,71.938,255,1.753,-273.1,13.2,0.000,15.97,0
2026-09-18T11:22:59.046,72.039,255,1.753,-64.4,13.5,0.000,15.84,0
2026-09-18T11:22:59.146,72.139,255,1.754,-273.1,13.5,0.000,16.13,0
2026-09-18T11:22:59.245,72.238,255,1.754,-273.1,13.3,0.000,16.16,0
2026-09-18T11:22:59.346,72.339,255,1.754,-273.1,13.4,0.000,15.77,0
2026-09-18T11:22:59.446,72.439,255,1.755,-273.1,13.5,0.000,16.15,0
2026-09-18T11:22:59.546,72.539,255,1.755,-273.1,13.7,0.000,15.62,0
2026-09-18T11:22:59.647,72.640,255,1.755,-273.1,13.8,0.000,15.71,0
2026-09-18T11:22:59.747,72.740,255,1.756,-273.1,13.7,0.000,16.24,0
2026-09-18T11:22:59.847,72.840,255,1.757,-273.1,14.8,0.000,16.16,0
2026-09-18T11:22:59.948,72.941,255,1.757,-273.1,13.7,0.000,15.79,0
2026-09-18T11:23:00.048,73.041,255,1.757,-273.1,13.9,0.000,15.82,0
2026-09-18T11:23:00.149,73.142,255,1.758,-273.1,13.5,0.000,15.87,0
2026-09-18T11:23:00.249,73.242,255,1.759,-273.1,13.6,0.000,16.19,0
2026-09-18T11:23:00.350,73.343,255,1.760,-273.1,13.6,0.000,16.00,0
2026-09-18T11:23:00.449,73.442,255,1.761,-273.1,13.4,0.000,16.01,0
2026-09-18T11:23:00.550,73.543,255,1.761,-273.1,13.6,0.000,16.01,0
2026-09-18T11:23:00.649,73.642,255,1.762,-273.1,13.5,0.000,15.76,0
2026-09-18T11:23:00.750,73.743,255,1.764,-273.1,13.5,0.000,16.07,0
2026-09-18T11:23:00.851,73.844,255,1.765,-273.1,13.2,0.000,16.32,0
2026-09-18T11:23:00.951,73.944,255,1.766,-273.1,13.5,0.000,16.06,0
2026-09-18T11:23:01.050,74.043,255,1.766,-273.1,13.1,0.000,16.15,0
2026-09-18T11:23:01.151,74.144,255,1.767,-273.1,12.9,0.000,15.90,0
2026-09-18T11:23:01.250,74.243,255,1.767,-273.1,13.2,0.000,16.03,0
2026-09-18T11:23:01.350,74.343,255,1.768,-273.1,12.9,0.000,16.12,0
2026-09-18T11:23:01.451,74.444,255,1.768,-273.1,13.1,0.000,16.51,0
2026-09-18T11:23:01.552,74.545,255,1.768,-273.1,12.7,0.000,16.19,0
2026-09-18T11:23:01.651,74.644,255,1.769,-273.1,12.8,0.000,16.32,0
2026-09-18T11:23:01.752,74.745,255,1.769,-273.1,12.8,0.000,16.26,0
2026-09-18T11:23:01.852,74.845,255,1.769,-273.1,12.6,0.000,16.21,0
2026-09-18T11:23:01.952,74.945,255,1.770,-273.1,12.5,0.000,16.37,0
2026-09-18T11:23:02.053,75.046,255,1.770,-273.1,12.5,0.000,15.87,0
2026-09-18T11:23:02.154,75.147,255,1.770,-273.1,12.8,0.000,16.10,0
2026-09-18T11:23:02.254,75.247,255,1.771,-273.1,12.7,0.000,16.40,0
2026-09-18T11:23:02.353,75.346,255,1.771,-273.1,12.5,0.000,15.79,0
2026-09-18T11:23:02.454,75.447,255,1.771,-273.1,13.0,0.000,16.05,0
2026-09-18T11:23:02.554,75.547,255,1.772,-83.9,12.7,0.000,16.16,0
2026-09-18T11:23:02.655,75.648,255,1.772,-83.9,12.9,0.000,16.29,0
2026-09-18T11:23:02.757,75.750,255,1.774,-273.1,12.9,0.000,16.15,0
2026-09-18T11:23:02.854,75.847,255,1.773,-273.1,12.8,0.000,16.24,0
2026-09-18T11:23:02.953,75.946,255,1.773,-75.2,12.8,0.000,16.31,0
2026-09-18T11:23:03.054,76.047,255,1.774,-273.1,12.9,0.000,16.11,0
2026-09-18T11:23:03.153,76.146,255,1.774,-273.1,11.8,0.000,16.32,0
2026-09-18T11:23:03.254,76.247,255,1.774,-273.1,13.0,0.000,16.48,0
2026-09-18T11:23:03.353,76.346,255,1.775,-273.1,12.9,0.000,16.05,0
2026-09-18T11:23:03.454,76.447,255,1.776,-273.1,13.0,0.000,16.17,0
2026-09-18T11:23:03.553,76.546,255,1.776,-273.1,12.9,0.000,16.07,0
2026-09-18T11:23:03.654,76.647,255,1.776,-273.1,13.2,0.000,16.46,0
2026-09-18T11:23:03.753,76.746,255,1.776,-273.1,13.0,0.000,16.31,0
2026-09-18T11:23:03.853,76.846,255,1.777,-273.1,12.9,0.000,16.32,0
2026-09-18T11:23:03.953,76.946,255,1.778,-273.1,13.2,0.000,16.46,0
2026-09-18T11:23:04.054,77.047,255,1.777,-273.1,13.3,0.000,16.31,0
2026-09-18T11:23:04.156,77.149,255,1.778,-273.1,12.1,0.000,16.15,0
2026-09-18T11:23:04.255,77.248,255,1.779,-273.1,13.8,0.000,16.25,0
2026-09-18T11:23:04.354,77.347,255,1.778,-273.1,13.4,0.000,16.28,0
2026-09-18T11:23:04.454,77.447,255,1.779,-273.1,13.7,0.000,16.22,0
2026-09-18T11:23:04.555,77.548,255,1.780,-273.1,13.7,0.000,16.15,0
2026-09-18T11:23:04.656,77.649,255,1.780,-273.1,13.8,0.000,16.24,0
2026-09-18T11:23:04.755,77.748,255,1.781,-90.0,13.8,0.000,16.27,0
2026-09-18T11:23:04.855,77.848,255,1.781,-273.1,13.9,0.000,16.22,0
2026-09-18T11:23:04.956,77.949,255,1.782,-273.1,13.7,0.000,16.23,0
2026-09-18T11:23:05.055,78.048,255,1.781,-273.1,13.9,0.000,16.48,0
2026-09-18T11:23:05.156,78.149,255,1.782,-273.1,13.8,0.000,16.36,0
2026-09-18T11:23:05.257,78.250,255,1.782,-273.1,13.8,0.000,16.18,0
2026-09-18T11:23:05.355,78.348,255,1.783,-273.1,13.7,0.000,16.21,0
2026-09-18T11:23:05.455,78.448,255,1.783,-273.1,13.7,0.000,16.22,0
2026-09-18T11:23:05.556,78.549,255,1.783,-273.1,13.6,0.000,16.39,0
2026-09-18T11:23:05.656,78.649,255,1.783,-77.4,13.7,0.000,16.21,0
2026-09-18T11:23:05.755,78.748,255,1.785,-273.1,13.6,0.000,16.11,0
2026-09-18T11:23:05.856,78.849,255,1.785,-273.1,13.7,0.000,16.25,0
2026-09-18T11:23:05.955,78.948,255,1.785,-63.6,13.7,0.000,16.49,0
2026-09-18T11:23:06.056,79.049,255,1.785,-273.1,13.7,0.000,16.44,0
2026-09-18T11:23:06.157,79.150,255,1.786,-273.1,13.5,0.000,16.40,0
2026-09-18T11:23:06.256,79.249,255,1.785,-273.1,13.6,0.000,15.84,0
2026-09-18T11:23:06.357,79.350,255,1.786,-273.1,13.3,0.000,16.27,0
2026-09-18T11:23:06.456,79.449,255,1.785,-273.1,13.7,0.000,16.16,0
2026-09-18T11:23:06.557,79.550,255,1.786,-273.1,13.1,0.000,16.39,0
2026-09-18T11:23:06.658,79.651,255,1.786,-273.1,13.2,0.000,16.31,0
2026-09-18T11:23:06.757,79.750,255,1.787,-273.1,13.1,0.000,16.26,0
2026-09-18T11:23:06.857,79.850,255,1.787,-273.1,13.2,0.000,16.51,0
2026-09-18T11:23:06.957,79.950,255,1.787,-273.1,13.0,0.000,16.35,0
2026-09-18T11:23:07.058,80.051,255,1.787,-273.1,13.1,0.000,16.32,0
2026-09-18T11:23:07.159,80.152,255,1.788,-73.4,12.9,0.000,16.28,0
2026-09-18T11:23:07.259,80.252,255,1.789,-273.1,12.8,0.000,16.40,0
2026-09-18T11:23:07.359,80.352,255,1.789,-273.1,12.6,0.000,16.27,0
2026-09-18T11:23:07.461,80.453,255,1.789,-273.1,12.5,0.000,16.41,0
2026-09-18T11:23:07.560,80.553,255,1.789,-273.1,12.5,0.000,16.46,0
2026-09-18T11:23:07.660,80.653,255,1.790,-69.2,12.6,0.000,16.16,0
2026-09-18T11:23:07.760,80.753,255,1.791,-273.1,12.6,0.000,16.24,0
2026-09-18T11:23:07.861,80.854,255,1.791,-273.1,12.6,0.000,16.54,0
2026-09-18T11:23:07.961,80.954,255,1.791,-273.1,12.9,0.000,16.51,0
2026-09-18T11:23:08.061,81.054,255,1.792,-273.1,12.8,0.000,16.14,0
2026-09-18T11:23:08.161,81.154,255,1.793,-273.1,12.9,0.000,16.36,0
2026-09-18T11:23:08.262,81.255,255,1.792,-71.8,13.1,0.000,16.25,0
2026-09-18T11:23:08.363,81.356,255,1.793,-273.1,13.5,0.000,15.94,0
2026-09-18T11:23:08.464,81.457,255,1.794,-273.1,13.7,0.000,16.57,0
2026-09-18T11:23:08.565,81.558,255,1.795,-273.1,13.9,0.000,16.11,0
2026-09-18T11:23:08.664,81.657,255,1.795,-273.1,13.7,0.000,16.53,0
2026-09-18T11:23:08.764,81.757,255,1.795,-273.1,13.8,0.000,16.33,0
2026-09-18T11:23:08.866,81.859,255,1.796,-273.1,13.7,0.000,16.25,0
2026-09-18T11:23:08.964,81.957,255,1.796,-273.1,13.6,0.000,16.63,0
2026-09-18T11:23:09.063,82.056,255,1.796,-273.1,13.7,0.000,16.43,0
2026-09-18T11:23:09.164,82.157,255,1.798,-273.1,13.9,0.000,16.66,0
2026-09-18T11:23:09.265,82.258,255,1.798,-273.1,13.8,0.000,16.67,0
2026-09-18T11:23:09.366,82.359,255,1.798,-273.1,13.8,0.000,16.22,0
2026-09-18T11:23:09.466,82.459,255,1.798,-273.1,13.6,0.000,16.42,0
2026-09-18T11:23:09.565,82.558,255,1.798,-273.1,13.8,0.000,16.58,0
2026-09-18T11:23:09.664,82.657,255,1.798,-273.1,13.8,0.000,16.30,0
2026-09-18T11:23:09.765,82.758,255,1.799,-273.1,13.8,0.000,16.33,0
2026-09-18T11:23:09.866,82.859,255,1.799,-273.1,14.1,0.000,16.64,0
2026-09-18T11:23:09.966,82.959,255,1.801,-273.1,13.4,0.000,16.28,0
2026-09-18T11:23:10.065,83.058,255,1.802,-273.1,13.5,0.000,16.50,0
2026-09-18T11:23:10.167,83.160,255,1.802,-273.1,13.5,0.000,16.50,0
2026-09-18T11:23:10.267,83.260,255,1.803,-273.1,13.2,0.000,16.63,0
2026-09-18T11:23:10.367,83.360,255,1.803,-273.1,13.2,0.000,16.63,0
2026-09-18T11:23:10.467,83.460,255,1.805,-273.1,13.1,0.000,16.29,0
2026-09-18T11:23:10.566,83.559,255,1.805,-273.1,13.2,0.000,16.66,0
2026-09-18T11:23:10.667,83.660,255,1.806,-71.8,13.1,0.000,16.60,0
2026-09-18T11:23:10.768,83.761,255,1.806,-273.1,12.9,0.000,16.58,0
2026-09-18T11:23:10.869,83.862,255,1.807,-273.1,12.7,0.000,16.46,0
2026-09-18T11:23:10.968,83.961,255,1.808,-273.1,12.8,0.000,16.52,0
2026-09-18T11:23:11.068,84.061,255,1.808,-273.1,12.7,0.000,16.40,0
2026-09-18T11:23:11.172,84.165,255,1.809,-273.1,12.5,0.000,16.46,0
2026-09-18T11:23:11.270,84.263,255,1.809,-273.1,12.5,0.000,16.28,0
2026-09-18T11:23:11.370,84.363,255,1.809,-273.1,12.5,0.000,16.67,0
2026-09-18T11:23:11.471,84.464,255,1.809,-273.1,12.6,0.000,16.72,0
2026-09-18T11:23:11.571,84.564,255,1.810,-273.1,12.9,0.000,16.40,0
2026-09-18T11:23:11.671,84.664,255,1.811,-273.1,13.2,0.000,16.30,0
2026-09-18T11:23:11.772,84.765,255,1.811,-273.1,12.9,0.000,16.72,0
2026-09-18T11:23:11.872,84.865,255,1.812,-273.1,13.2,0.000,16.51,0
2026-09-18T11:23:11.975,84.968,255,1.812,-273.1,13.4,0.000,16.66,0
2026-09-18T11:23:12.073,85.066,255,1.814,-273.1,13.3,0.000,16.45,0
2026-09-18T11:23:12.174,85.167,255,1.814,-273.1,13.3,0.000,16.46,0
2026-09-18T11:23:12.273,85.266,255,1.814,-273.1,13.4,0.000,16.48,0
2026-09-18T11:23:12.373,85.366,255,1.814,-273.1,13.4,0.000,16.33,0
2026-09-18T11:23:12.474,85.467,255,1.814,-273.1,13.5,0.000,16.46,0
2026-09-18T11:23:12.574,85.567,255,1.815,-273.1,13.8,0.000,16.62,0
2026-09-18T11:23:12.675,85.668,255,1.815,-273.1,13.7,0.000,16.59,0
2026-09-18T11:23:12.775,85.768,255,1.816,-273.1,13.6,0.000,16.59,0
2026-09-18T11:23:12.876,85.869,255,1.816,-273.1,13.7,0.000,16.63,0
2026-09-18T11:23:12.977,85.970,255,1.817,-273.1,13.7,0.000,16.65,0
2026-09-18T11:23:13.078,86.070,255,1.817,-273.1,13.5,0.000,16.33,0
2026-09-18T11:23:13.178,86.171,255,1.817,-273.1,13.2,0.000,16.73,0
2026-09-18T11:23:13.280,86.273,255,1.817,-273.1,13.3,0.000,16.74,0
2026-09-18T11:23:13.378,86.371,255,1.819,-273.1,13.4,0.000,16.74,0
2026-09-18T11:23:13.479,86.472,255,1.818,-273.1,13.2,0.000,16.84,0
2026-09-18T11:23:13.578,86.571,255,1.819,-273.1,13.1,0.000,16.35,0
2026-09-18T11:23:13.677,86.670,255,1.819,-71.8,13.1,0.000,16.55,0
2026-09-18T11:23:13.778,86.771,255,1.819,-273.1,13.1,0.000,16.73,0
2026-09-18T11:23:13.879,86.872,255,1.820,-273.1,13.1,0.000,16.82,0
2026-09-18T11:23:13.979,86.972,255,1.820,-77.4,13.0,0.000,16.47,0
2026-09-18T11:23:14.078,87.071,255,1.819,-273.1,13.2,0.000,16.57,0
2026-09-18T11:23:14.178,87.171,255,1.820,-273.1,13.0,0.000,16.68,0
2026-09-18T11:23:14.279,87.272,255,1.820,-273.1,12.9,0.000,16.60,0
2026-09-18T11:23:14.380,87.373,255,1.821,-273.1,12.8,0.000,16.74,0
2026-09-18T11:23:14.481,87.474,255,1.821,-273.1,12.5,0.000,16.83,0
2026-09-18T11:23:14.579,87.572,255,1.822,-273.1,12.5,0.000,17.10,0
2026-09-18T11:23:14.681,87.674,255,1.822,-273.1,12.8,0.000,16.54,0
2026-09-18T11:23:14.780,87.773,255,1.820,-273.1,12.6,0.000,16.50,0
2026-09-18T11:23:14.879,87.872,255,1.821,-273.1,12.5,0.000,16.51,0
2026-09-18T11:23:14.980,87.973,255,1.819,-273.1,12.6,0.000,16.98,0
2026-09-18T11:23:15.080,88.073,255,1.820,-77.4,12.8,0.000,16.68,0
2026-09-18T11:23:15.181,88.174,255,1.821,-273.1,12.7,0.000,16.52,0
2026-09-18T11:23:15.281,88.274,255,1.821,-273.1,12.9,0.000,16.69,0
2026-09-18T11:23:15.381,88.374,255,1.821,-273.1,12.9,0.000,16.35,0
2026-09-18T11:23:15.482,88.475,255,1.822,-273.1,13.1,0.000,16.52,0
2026-09-18T11:23:15.583,88.576,255,1.822,-273.1,12.7,0.000,16.55,0
2026-09-18T11:23:15.681,88.674,255,1.823,-273.1,12.9,0.000,16.76,0
2026-09-18T11:23:15.782,88.775,255,1.824,-273.1,13.2,0.000,16.49,0
2026-09-18T11:23:15.882,88.875,255,1.824,-273.1,13.2,0.000,16.72,0
2026-09-18T11:23:15.981,88.974,255,1.824,-273.1,13.0,0.000,16.75,0
2026-09-18T11:23:16.082,89.075,255,1.825,-273.1,13.1,0.000,16.86,0
2026-09-18T11:23:16.182,89.175,255,1.823,-273.1,13.2,0.000,16.66,0
2026-09-18T11:23:16.282,89.275,255,1.824,-273.1,13.3,0.000,16.57,0
2026-09-18T11:23:16.382,89.375,255,1.824,-273.1,13.3,0.000,16.69,0
2026-09-18T11:23:16.482,89.475,255,1.823,-273.1,13.2,0.000,16.57,0
2026-09-18T11:23:16.583,89.576,255,1.824,-273.1,13.4,0.000,16.70,0
2026-09-18T11:23:16.682,89.675,255,1.824,-273.1,13.4,0.000,16.63,0
2026-09-18T11:23:16.784,89.777,255,1.824,-67.0,13.4,0.000,16.76,0
2026-09-18T11:23:16.882,89.875,255,1.826,-273.1,13.6,0.000,16.56,0
2026-09-18T11:23:16.984,89.977,255,1.827,-273.1,13.6,0.000,16.93,0
2026-09-18T11:23:17.083,90.076,255,1.823,-83.9,13.9,0.000,16.79,0
2026-09-18T11:23:17.184,90.177,255,1.824,-273.1,13.7,0.000,16.61,0
2026-09-18T11:23:17.284,90.276,255,1.824,-273.1,13.7,0.000,17.14,0
2026-09-18T11:23:17.384,90.377,255,1.825,-273.1,13.8,0.000,16.62,0
2026-09-18T11:23:17.484,90.477,255,1.825,-273.1,13.9,0.000,16.79,0
2026-09-18T11:23:17.584,90.577,255,1.826,-273.1,13.6,0.000,16.46,0
2026-09-18T11:23:17.684,90.677,255,1.826,-273.1,13.8,0.000,16.54,0
2026-09-18T11:23:17.784,90.777,255,1.827,-273.1,13.8,0.000,16.85,0
2026-09-18T11:23:17.887,90.880,255,1.827,-273.1,13.8,0.000,16.69,0
2026-09-18T11:23:17.985,90.978,255,1.828,-273.1,13.6,0.000,16.73,0
2026-09-18T11:23:18.085,91.078,255,1.829,-273.1,13.6,0.000,16.56,0
2026-09-18T11:23:18.186,91.179,255,1.828,-273.1,13.4,0.000,16.54,0
2026-09-18T11:23:18.286,91.279,255,1.829,-273.1,13.2,0.000,16.62,0
2026-09-18T11:23:18.387,91.380,255,1.829,-273.1,13.0,0.000,16.51,0
2026-09-18T11:23:18.486,91.479,255,1.829,-273.1,13.3,0.000,16.58,0
2026-09-18T11:23:18.587,91.580,255,1.830,-273.1,12.9,0.000,16.87,0
2026-09-18T11:23:18.688,91.680,255,1.830,-273.1,13.2,0.000,16.98,0
2026-09-18T11:23:18.788,91.781,255,1.830,-273.1,12.7,0.000,16.47,0
2026-09-18T11:23:18.888,91.881,255,1.831,-273.1,12.9,0.000,16.64,0
2026-09-18T11:23:18.990,91.983,255,1.832,-273.1,12.6,0.000,16.70,0
2026-09-18T11:23:19.088,92.081,255,1.832,-273.1,12.7,0.000,16.69,0
2026-09-18T11:23:19.188,92.181,255,1.833,-273.1,12.9,0.000,16.80,0
2026-09-18T11:23:19.288,92.281,255,1.834,-273.1,12.6,0.000,16.96,0
2026-09-18T11:23:19.388,92.381,255,1.835,-273.1,12.7,0.000,16.91,0
2026-09-18T11:23:19.490,92.483,255,1.836,-273.1,12.5,0.000,16.67,0
2026-09-18T11:23:19.588,92.581,255,1.836,-273.1,12.5,0.000,16.63,0
2026-09-18T11:23:19.689,92.682,255,1.836,-273.1,12.5,0.000,16.71,0
2026-09-18T11:23:19.789,92.782,255,1.837,-273.1,12.6,0.000,16.67,0
2026-09-18T11:23:19.890,92.883,255,1.837,-273.1,12.4,0.000,17.00,0
2026-09-18T11:23:19.989,92.982,255,1.838,-273.1,12.4,0.000,16.74,0
2026-09-18T11:23:20.090,93.083,255,1.838,-273.1,12.7,0.000,16.89,0
2026-09-18T11:23:20.189,93.182,255,1.850,-273.1,12.4,0.000,16.95,0
2026-09-18T11:23:20.291,93.284,255,1.853,-65.2,12.5,0.000,16.96,0
2026-09-18T11:23:20.390,93.383,255,1.854,-273.1,12.6,0.000,16.94,0
2026-09-18T11:23:20.490,93.483,255,1.855,-273.1,12.9,0.000,17.13,0
2026-09-18T11:23:20.591,93.584,255,1.857,-273.1,13.2,0.000,16.96,0
2026-09-18T11:23:20.690,93.683,255,1.858,-273.1,12.9,0.000,16.81,0
2026-09-18T11:23:20.791,93.784,255,1.857,-273.1,13.4,0.000,16.84,0
2026-09-18T11:23:20.892,93.885,255,1.857,-273.1,13.1,0.000,17.09,0
2026-09-18T11:23:20.991,93.984,255,1.858,-273.1,13.1,0.000,17.15,0
2026-09-18T11:23:21.093,94.086,255,1.859,-71.8,13.3,0.000,16.99,0
2026-09-18T11:23:21.192,94.185,255,1.857,-273.1,13.3,0.000,17.00,0
2026-09-18T11:23:21.293,94.286,255,1.859,-273.1,13.8,0.000,17.07,0
2026-09-18T11:23:21.393,94.386,255,1.861,-273.1,13.5,0.000,16.89,0
2026-09-18T11:23:21.495,94.488,255,1.860,-273.1,13.5,0.000,17.01,0
2026-09-18T11:23:21.593,94.586,255,1.862,-273.1,13.5,0.000,17.27,0
2026-09-18T11:23:21.693,94.686,255,1.862,-273.1,13.6,0.000,17.14,0
2026-09-18T11:23:21.795,94.788,255,1.863,-273.1,13.7,0.000,16.76,0
2026-09-18T11:23:21.895,94.888,255,1.863,-273.1,13.9,0.000,16.61,0
2026-09-18T11:23:21.995,94.988,255,1.864,-273.1,13.6,0.000,17.12,0
2026-09-18T11:23:22.096,95.089,255,1.864,-273.1,13.5,0.000,17.13,0
2026-09-18T11:23:22.196,95.189,255,1.863,-273.1,13.4,0.000,17.17,0
2026-09-18T11:23:22.297,95.290,255,1.863,-273.1,13.2,0.000,17.21,0
2026-09-18T11:23:22.396,95.389,255,1.860,-273.1,13.3,0.000,17.00,0
2026-09-18T11:23:22.497,95.490,255,1.862,-273.1,13.3,0.000,16.78,0
2026-09-18T11:23:22.597,95.590,255,1.862,-273.1,13.2,0.000,17.01,0
2026-09-18T11:23:22.697,95.690,255,1.864,-273.1,13.1,0.000,16.95,0
2026-09-18T11:23:22.798,95.791,255,1.863,-273.1,12.8,0.000,16.95,0
2026-09-18T11:23:22.899,95.892,255,1.864,-273.1,12.8,0.000,17.04,0
2026-09-18T11:23:22.998,95.991,255,1.863,-273.1,12.8,0.000,17.33,0
2026-09-18T11:23:23.099,96.092,255,1.863,-273.1,12.7,0.000,17.07,0
2026-09-18T11:23:23.198,96.191,255,1.865,-273.1,12.8,0.000,17.07,0
2026-09-18T11:23:23.299,96.292,255,1.866,-273.1,12.6,0.000,17.17,0
2026-09-18T11:23:23.400,96.393,255,1.867,-273.1,12.6,0.000,17.04,0
2026-09-18T11:23:23.498,96.491,255,1.867,-273.1,12.8,0.000,17.00,0
2026-09-18T11:23:23.599,96.592,255,1.855,-273.1,12.7,0.000,17.07,0
2026-09-18T11:23:23.698,96.691,255,1.856,-273.1,12.8,0.000,17.11,0
2026-09-18T11:23:23.798,96.791,255,1.856,-273.1,12.7,0.000,16.95,0
2026-09-18T11:23:23.899,96.892,255,1.855,-273.1,12.6,0.000,16.92,0
2026-09-18T11:23:23.998,96.991,255,1.852,-273.1,12.8,0.000,17.14,0
2026-09-18T11:23:24.098,97.091,255,1.855,-273.1,12.8,0.000,16.92,0
2026-09-18T11:23:24.199,97.192,255,1.853,-273.1,12.6,0.000,16.88,0
2026-09-18T11:23:24.299,97.292,255,1.854,-273.1,12.5,0.000,17.02,0
2026-09-18T11:23:24.399,97.392,255,1.855,-273.1,12.7,0.000,16.79,0
2026-09-18T11:23:24.500,97.493,255,1.854,-273.1,12.2,0.000,17.10,0
2026-09-18T11:23:24.599,97.592,255,1.856,-273.1,12.5,0.000,17.04,0
2026-09-18T11:23:24.701,97.694,255,1.856,-273.1,12.6,0.000,16.87,0
2026-09-18T11:23:24.799,97.792,255,1.857,-273.1,12.5,0.000,17.25,0
2026-09-18T11:23:24.899,97.892,255,1.857,-273.1,12.3,0.000,16.91,0
2026-09-18T11:23:25.000,97.993,255,1.861,-273.1,12.6,0.000,16.78,0
2026-09-18T11:23:25.100,98.093,255,1.857,-273.1,12.5,0.000,17.06,0
2026-09-18T11:23:25.201,98.194,255,1.857,-273.1,12.6,0.000,16.93,0
2026-09-18T11:23:25.302,98.295,255,1.858,-273.1,12.9,0.000,17.02,0
2026-09-18T11:23:25.402,98.395,255,1.858,-273.1,13.3,0.000,16.80,0
2026-09-18T11:23:25.503,98.496,255,1.859,-273.1,13.3,0.000,16.90,0
2026-09-18T11:23:25.604,98.597,255,1.859,-90.0,13.7,0.000,17.06,0
2026-09-18T11:23:25.705,98.698,255,1.861,-273.1,13.7,0.000,16.84,0
2026-09-18T11:23:25.806,98.799,255,1.862,-273.1,13.6,0.000,16.96,0
2026-09-18T11:23:25.905,98.898,255,1.859,-273.1,13.5,0.000,16.84,0
2026-09-18T11:23:26.006,98.999,255,1.861,-273.1,13.6,0.000,16.89,0
2026-09-18T11:23:26.105,99.098,255,1.862,-273.1,13.5,0.000,16.90,0
2026-09-18T11:23:26.206,99.199,255,1.862,-273.1,13.6,0.000,17.12,0
2026-09-18T11:23:26.307,99.300,255,1.862,-273.1,13.6,0.000,17.03,0
2026-09-18T11:23:26.408,99.401,255,1.862,-273.1,13.4,0.000,17.00,0
2026-09-18T11:23:26.508,99.501,255,1.864,-273.1,13.4,0.000,17.10,0
2026-09-18T11:23:26.607,99.600,255,1.863,-273.1,13.5,0.000,16.88,0
2026-09-18T11:23:26.708,99.701,255,1.864,-273.1,13.5,0.000,17.02,0
2026-09-18T11:23:26.808,99.801,255,1.864,-273.1,13.2,0.000,17.15,0
2026-09-18T11:23:26.909,99.902,255,1.865,-77.4,13.4,0.000,16.99,0
2026-09-18T11:23:27.008,100.001,255,1.864,-273.1,13.2,0.000,17.08,0
2026-09-18T11:23:27.108,100.101,255,1.865,-273.1,13.2,0.000,17.03,0
2026-09-18T11:23:27.209,100.202,255,1.866,-75.2,13.2,0.000,17.13,0
2026-09-18T11:23:27.310,100.303,255,1.868,-273.1,12.8,0.000,17.06,0
2026-09-18T11:23:27.411,100.404,255,1.868,-273.1,12.8,0.000,17.13,0
2026-09-18T11:23:27.510,100.503,255,1.869,-273.1,12.7,0.000,17.14,0
2026-09-18T11:23:27.611,100.604,255,1.869,-273.1,12.9,0.000,16.96,0
2026-09-18T11:23:27.710,100.703,255,1.870,-273.1,12.7,0.000,17.30,0
2026-09-18T11:23:27.811,100.804,255,1.872,-273.1,12.7,0.000,17.07,0
2026-09-18T11:23:27.912,100.905,255,1.872,-273.1,12.8,0.000,17.29,0
2026-09-18T11:23:28.011,101.004,255,1.870,-273.1,12.5,0.000,17.17,0
2026-09-18T11:23:28.111,101.104,255,1.869,-273.1,12.5,0.000,16.89,0
2026-09-18T11:23:28.212,101.205,255,1.871,-273.1,12.4,0.000,17.23,0
2026-09-18T11:23:28.311,101.304,255,1.872,-273.1,12.5,0.000,17.10,0
2026-09-18T11:23:28.412,101.405,255,1.873,-273.1,12.5,0.000,16.89,0
2026-09-18T11:23:28.512,101.505,255,1.872,-273.1,12.3,0.000,17.14,0
2026-09-18T11:23:28.613,101.606,255,1.870,-273.1,12.5,0.000,16.89,0
2026-09-18T11:23:28.713,101.706,255,1.870,-273.1,12.6,0.000,17.20,0
2026-09-18T11:23:28.813,101.806,255,1.870,-273.1,12.8,0.000,17.10,0
2026-09-18T11:23:28.914,101.907,255,1.868,-273.1,12.7,0.000,17.07,0
2026-09-18T11:23:29.014,102.007,255,1.869,-273.1,12.6,0.000,17.09,0
2026-09-18T11:23:29.115,102.108,255,1.870,-273.1,13.0,0.000,17.06,0
2026-09-18T11:23:29.215,102.208,255,1.872,-273.1,13.0,0.000,17.00,0
2026-09-18T11:23:29.315,102.308,255,1.873,-273.1,13.0,0.000,16.98,0
2026-09-18T11:23:29.415,102.408,255,1.873,-273.1,13.0,0.000,17.20,0
2026-09-18T11:23:29.515,102.508,255,1.874,-68.1,13.1,0.000,17.14,0
2026-09-18T11:23:29.616,102.609,255,1.873,-273.1,14.0,0.000,16.84,0
2026-09-18T11:23:29.716,102.709,255,1.875,-273.1,13.2,0.000,17.06,0
2026-09-18T11:23:29.817,102.810,255,1.875,-273.1,13.2,0.000,17.26,0
2026-09-18T11:23:29.916,102.909,255,1.875,-273.1,13.4,0.000,17.04,0
2026-09-18T11:23:30.017,103.010,255,1.876,-273.1,13.4,0.000,17.25,0
2026-09-18T11:23:30.117,103.110,255,1.877,-273.1,13.5,0.000,17.22,0
2026-09-18T11:23:30.218,103.211,255,1.879,-273.1,13.7,0.000,17.28,0
2026-09-18T11:23:30.319,103.312,255,1.878,-273.1,13.7,0.000,17.40,0
2026-09-18T11:23:30.418,103.411,255,1.879,-273.1,13.6,0.000,17.29,0
2026-09-18T11:23:30.519,103.512,255,1.880,-273.1,13.7,0.000,17.10,0
2026-09-18T11:23:30.618,103.611,255,1.880,-273.1,13.4,0.000,17.14,0
2026-09-18T11:23:30.719,103.712,255,1.881,-273.1,13.7,0.000,16.98,0
2026-09-18T11:23:30.818,103.811,255,1.881,-273.1,13.5,0.000,17.07,0
2026-09-18T11:23:30.919,103.912,255,1.882,-77.4,13.7,0.000,17.21,0
2026-09-18T11:23:31.020,104.013,255,1.881,-273.1,13.6,0.000,17.33,0
2026-09-18T11:23:31.118,104.111,255,1.882,-273.1,13.5,0.000,17.20,0
2026-09-18T11:23:31.220,104.213,255,1.883,-273.1,13.5,0.000,17.29,0
2026-09-18T11:23:31.319,104.312,255,1.883,-273.1,13.6,0.000,16.92,0
2026-09-18T11:23:31.419,104.412,255,1.883,-273.1,13.5,0.000,17.27,0
2026-09-18T11:23:31.519,104.512,255,1.884,-273.1,13.4,0.000,17.09,0
2026-09-18T11:23:31.619,104.612,255,1.883,-273.1,13.6,0.000,17.29,0
2026-09-18T11:23:31.720,104.713,255,1.884,-273.1,13.6,0.000,17.13,0
2026-09-18T11:23:31.819,104.812,255,1.885,-273.1,13.5,0.000,17.34,0
2026-09-18T11:23:31.918,104.911,255,1.885,-273.1,13.5,0.000,17.09,0
2026-09-18T11:23:32.019,105.012,255,1.885,-73.4,13.6,0.000,17.25,0
2026-09-18T11:23:32.119,105.112,255,1.885,-69.2,13.7,0.000,17.11,0
2026-09-18T11:23:32.219,105.212,255,1.886,-273.1,13.5,0.000,17.33,0
2026-09-18T11:23:32.319,105.312,255,1.886,-273.1,13.4,0.000,17.28,0
2026-09-18T11:23:32.420,105.413,255,1.886,-273.1,13.3,0.000,17.06,0
2026-09-18T11:23:32.521,105.514,255,1.885,-273.1,13.2,0.000,17.20,0
2026-09-18T11:23:32.624,105.617,255,1.886,-273.1,13.0,0.000,17.35,0
2026-09-18T11:23:32.723,105.716,255,1.885,-273.1,13.1,0.000,17.21,0
2026-09-18T11:23:32.821,105.814,255,1.886,-273.1,13.3,0.000,17.10,0
2026-09-18T11:23:32.921,105.914,255,1.887,-273.1,13.1,0.000,17.10,0
2026-09-18T11:23:33.022,106.015,255,1.889,-273.1,13.1,0.000,17.37,0
2026-09-18T11:23:33.123,106.116,255,1.888,-67.0,12.5,0.000,17.34,0
2026-09-18T11:23:33.224,106.217,255,1.888,-273.1,13.0,0.000,17.16,0
2026-09-18T11:23:33.323,106.316,255,1.889,-273.1,12.5,0.000,17.17,0
2026-09-18T11:23:33.424,106.417,255,1.888,-273.1,12.2,0.000,17.17,0
2026-09-18T11:23:33.523,106.516,255,1.889,-273.1,12.6,0.000,17.27,0
2026-09-18T11:23:33.623,106.616,255,1.888,-273.1,12.7,0.000,17.41,0
2026-09-18T11:23:33.723,106.716,255,1.888,-273.1,12.5,0.000,17.09,0
2026-09-18T11:23:33.823,106.816,255,1.893,-273.1,12.6,0.000,17.52,0
2026-09-18T11:23:33.924,106.917,255,1.895,-273.1,14.2,0.000,17.28,0
2026-09-18T11:23:34.024,107.017,255,1.906,-273.1,12.5,0.000,17.44,0
2026-09-18T11:23:34.125,107.118,255,1.905,-90.0,12.6,0.000,17.37,0
2026-09-18T11:23:34.222,107.215,255,1.906,-273.1,12.8,0.000,17.42,0
2026-09-18T11:23:34.323,107.316,255,1.907,-273.1,12.5,0.000,17.30,0
2026-09-18T11:23:34.423,107.416,255,1.909,-273.1,12.6,0.000,17.37,0
2026-09-18T11:23:34.524,107.517,255,1.909,-273.1,12.5,0.000,17.57,0
2026-09-18T11:23:34.625,107.618,255,1.909,-273.1,12.5,0.000,17.44,0
2026-09-18T11:23:34.726,107.719,255,1.910,-90.0,12.4,0.000,17.69,0
2026-09-18T11:23:34.826,107.819,255,1.910,-66.1,12.6,0.000,17.37,0
2026-09-18T11:23:34.927,107.920,255,1.911,-273.1,12.7,0.000,17.36,0
2026-09-18T11:23:35.028,108.021,255,1.911,-273.1,12.8,0.000,17.56,0
2026-09-18T11:23:35.129,108.122,255,1.915,-80.2,13.1,0.000,17.58,0
2026-09-18T11:23:35.230,108.223,255,1.917,-273.1,13.2,0.000,17.56,0
2026-09-18T11:23:35.329,108.322,255,1.916,-273.1,13.1,0.000,17.41,0
2026-09-18T11:23:35.430,108.423,255,1.918,-273.1,13.2,0.000,17.46,0
2026-09-18T11:23:35.529,108.522,255,1.916,-273.1,13.3,0.000,17.35,0
2026-09-18T11:23:35.630,108.623,255,1.918,-273.1,13.2,0.000,17.29,0
2026-09-18T11:23:35.730,108.723,255,1.904,-273.1,13.3,0.000,17.29,0
2026-09-18T11:23:35.830,108.823,255,1.904,-273.1,13.3,0.000,17.25,0
2026-09-18T11:23:35.931,108.924,255,1.903,-273.1,13.5,0.000,17.40,0
2026-09-18T11:23:36.031,109.024,255,1.904,-273.1,13.4,0.000,17.30,0
2026-09-18T11:23:36.131,109.124,255,1.904,-273.1,13.6,0.000,17.26,0
2026-09-18T11:23:36.232,109.225,255,1.903,-273.1,13.6,0.000,17.33,0
2026-09-18T11:23:36.334,109.327,255,1.902,-273.1,13.7,0.000,17.25,0
2026-09-18T11:23:36.433,109.426,255,1.903,-273.1,13.5,0.000,17.54,0
2026-09-18T11:23:36.533,109.526,255,1.903,-273.1,13.8,0.000,17.28,0
2026-09-18T11:23:36.633,109.626,255,1.904,-273.1,13.5,0.000,17.22,0
2026-09-18T11:23:36.733,109.726,255,1.904,-273.1,13.3,0.000,17.56,0
2026-09-18T11:23:36.833,109.826,255,1.906,-273.1,13.4,0.000,17.29,0
2026-09-18T11:23:36.934,109.927,255,1.906,-273.1,13.5,0.000,17.47,0
2026-09-18T11:23:37.034,110.027,255,1.907,-273.1,13.3,0.000,17.29,0
2026-09-18T11:23:37.135,110.128,255,1.906,-273.1,13.5,0.000,17.37,0
2026-09-18T11:23:37.235,110.228,255,1.906,-273.1,13.1,0.000,17.32,0
2026-09-18T11:23:37.335,110.328,255,1.907,-273.1,13.2,0.000,17.49,0
2026-09-18T11:23:37.435,110.428,255,1.907,-273.1,13.1,0.000,17.70,0
2026-09-18T11:23:37.536,110.529,255,1.906,-273.1,13.3,0.000,17.40,0
2026-09-18T11:23:37.637,110.630,255,1.907,-273.1,13.2,0.000,17.32,0
2026-09-18T11:23:37.737,110.730,255,1.906,-273.1,13.0,0.000,17.38,0
2026-09-18T11:23:37.836,110.829,255,1.906,-273.1,13.0,0.000,17.38,0
2026-09-18T11:23:37.938,110.931,255,1.904,-273.1,12.8,0.000,17.44,0
2026-09-18T11:23:38.038,111.031,255,1.904,-273.1,12.8,0.000,17.47,0
2026-09-18T11:23:38.138,111.131,255,1.905,-273.1,12.7,0.000,17.37,0
2026-09-18T11:23:38.240,111.233,255,1.905,-273.1,12.6,0.000,17.33,0
2026-09-18T11:23:38.339,111.332,255,1.905,-273.1,12.7,0.000,17.72,0
2026-09-18T11:23:38.440,111.433,255,1.906,-273.1,12.5,0.000,17.18,0
2026-09-18T11:23:38.539,111.532,255,1.906,-273.1,12.4,0.000,17.67,0
2026-09-18T11:23:38.640,111.633,255,1.907,-273.1,12.4,0.000,17.58,0
2026-09-18T11:23:38.740,111.733,255,1.906,-273.1,12.6,0.000,17.31,0
2026-09-18T11:23:38.840,111.833,255,1.906,-273.1,12.5,0.000,17.36,0
2026-09-18T11:23:38.941,111.934,255,1.906,-273.1,12.3,0.000,17.30,0
2026-09-18T11:23:39.041,112.034,255,1.906,-273.1,12.3,0.000,17.54,0
2026-09-18T11:23:39.142,112.135,255,1.906,-273.1,12.6,0.000,17.25,0
2026-09-18T11:23:39.242,112.235,255,1.907,-273.1,12.3,0.000,17.48,0
2026-09-18T11:23:39.341,112.334,255,1.908,-273.1,12.4,0.000,17.50,0
2026-09-18T11:23:39.442,112.435,255,1.908,-273.1,12.4,0.000,17.47,0
2026-09-18T11:23:39.541,112.534,255,1.908,-273.1,10.6,0.000,17.25,0
2026-09-18T11:23:39.642,112.635,255,1.909,-273.1,12.2,0.000,17.45,0
2026-09-18T11:23:39.742,112.735,255,1.910,-273.1,12.3,0.000,17.47,0
2026-09-18T11:23:39.843,112.836,255,1.909,-273.1,12.6,0.000,17.45,0
2026-09-18T11:23:39.944,112.937,255,1.910,-273.1,12.5,0.000,17.55,0
2026-09-18T11:23:40.042,113.035,255,1.911,-273.1,12.7,0.000,17.40,0
2026-09-18T11:23:40.143,113.136,255,1.907,-273.1,12.8,0.000,17.35,0
2026-09-18T11:23:40.243,113.236,255,1.909,-273.1,12.7,0.000,17.38,0
2026-09-18T11:23:40.343,113.336,255,1.912,-273.1,12.5,0.000,17.63,0
2026-09-18T11:23:40.443,113.436,255,1.912,-273.1,12.5,0.000,17.37,0
2026-09-18T11:23:40.544,113.537,255,1.915,-273.1,12.6,0.000,17.58,0
2026-09-18T11:23:40.644,113.637,255,1.916,-273.1,12.6,0.000,17.33,0
2026-09-18T11:23:40.744,113.737,255,0.000,-273.1,12.5,0.000,19.39,0
2026-09-18T11:23:40.847,113.840,255,0.000,-273.1,13.3,0.000,10.32,0
2026-09-18T11:23:40.947,113.940,255,0.000,-273.1,13.9,0.000,4.94,0
2026-09-18T11:23:41.046,114.039,255,0.000,-273.1,14.4,0.000,2.14,0
2026-09-18T11:23:41.146,114.139,255,0.000,-273.1,14.5,0.000,0.82,0
2026-09-18T11:23:41.247,114.240,255,0.000,-273.1,14.6,0.000,0.59,0
2026-09-18T11:23:41.347,114.340,255,0.000,-273.1,14.3,0.000,0.28,0
2026-09-18T11:23:41.447,114.440,255,0.000,-273.1,14.5,0.000,0.26,0
2026-09-18T11:23:41.548,114.541,255,0.000,-273.1,14.9,0.000,-0.01,0
2026-09-18T11:23:41.648,114.641,255,0.000,-273.1,14.9,0.000,-0.02,0
2026-09-18T11:23:41.749,114.742,255,1.833,-273.1,14.3,0.000,8.18,0
2026-09-18T11:23:41.848,114.841,255,1.845,-273.1,13.8,0.000,13.45,0
2026-09-18T11:23:41.949,114.942,255,1.852,-273.1,13.6,0.000,15.78,0
2026-09-18T11:23:42.048,115.041,255,1.862,-273.1,13.3,0.000,16.61,0
2026-09-18T11:23:42.151,115.144,255,1.878,-273.1,13.4,0.000,16.71,0
2026-09-18T11:23:42.250,115.243,255,1.889,-273.1,13.6,0.000,17.17,0
2026-09-18T11:23:42.349,115.342,255,1.899,-273.1,13.4,0.000,17.32,0
2026-09-18T11:23:42.450,115.443,255,1.903,-273.1,13.5,0.000,17.45,0
2026-09-18T11:23:42.549,115.542,255,1.905,-273.1,13.5,0.000,17.24,0
2026-09-18T11:23:42.650,115.643,255,1.908,-273.1,13.5,0.000,17.39,0
2026-09-18T11:23:42.749,115.742,255,1.909,-273.1,13.5,0.000,17.53,0
2026-09-18T11:23:42.850,115.843,255,1.911,-273.1,13.6,0.000,17.69,0
2026-09-18T11:23:42.949,115.942,255,1.913,-273.1,13.5,0.000,17.32,0
2026-09-18T11:23:43.050,116.043,255,1.915,-273.1,13.5,0.000,17.60,0
2026-09-18T11:23:43.148,116.141,255,1.916,-273.1,13.4,0.000,17.42,0
2026-09-18T11:23:43.249,116.242,255,1.918,-273.1,13.4,0.000,17.68,0
2026-09-18T11:23:43.349,116.342,255,1.918,-273.1,13.5,0.000,17.33,0
2026-09-18T11:23:43.450,116.443,255,1.920,-273.1,13.9,0.000,17.55,0
2026-09-18T11:23:43.551,116.544,255,1.921,-273.1,13.6,0.000,17.51,0
2026-09-18T11:23:43.651,116.644,255,1.921,-273.1,13.4,0.000,17.46,0
2026-09-18T11:23:43.751,116.744,255,1.923,-273.1,13.6,0.000,17.52,0
2026-09-18T11:23:43.852,116.845,255,1.924,-273.1,13.5,0.000,17.69,0
2026-09-18T11:23:43.951,116.944,255,1.924,-273.1,13.5,0.000,17.31,0
2026-09-18T11:23:44.052,117.045,255,1.926,-273.1,13.6,0.000,17.64,0
2026-09-18T11:23:44.153,117.146,255,1.926,-273.1,13.5,0.000,17.62,0
2026-09-18T11:23:44.255,117.248,255,1.928,-273.1,13.6,0.000,17.69,0
2026-09-18T11:23:44.355,117.348,255,1.928,-273.1,13.3,0.000,17.73,0
2026-09-18T11:23:44.454,117.447,255,1.928,-273.1,13.4,0.000,17.62,0
2026-09-18T11:23:44.555,117.547,255,1.929,-273.1,13.4,0.000,17.58,0
2026-09-18T11:23:44.655,117.648,255,1.929,-273.1,13.4,0.000,17.37,0
2026-09-18T11:23:44.755,117.748,255,1.929,-273.1,13.6,0.000,17.70,0
2026-09-18T11:23:44.855,117.848,255,1.929,-273.1,13.1,0.000,17.95,0
2026-09-18T11:23:44.956,117.949,255,1.931,-273.1,13.2,0.000,17.85,0
2026-09-18T11:23:45.056,118.049,255,1.930,-273.1,13.2,0.000,17.98,0
2026-09-18T11:23:45.156,118.149,255,1.931,-273.1,13.0,0.000,17.69,0
2026-09-18T11:23:45.257,118.250,255,1.932,-273.1,13.0,0.000,18.06,0
2026-09-18T11:23:45.357,118.350,255,1.934,-65.2,12.7,0.000,17.78,0
2026-09-18T11:23:45.458,118.451,255,1.934,-273.1,12.8,0.000,17.66,0
2026-09-18T11:23:45.558,118.551,255,1.934,-273.1,12.8,0.000,17.77,0
2026-09-18T11:23:45.659,118.652,255,1.936,-273.1,12.5,0.000,17.89,0
2026-09-18T11:23:45.758,118.751,255,1.936,-273.1,12.8,0.000,17.41,0
2026-09-18T11:23:45.858,118.851,255,1.937,-273.1,12.7,0.000,17.58,0
2026-09-18T11:23:45.958,118.951,255,1.938,-273.1,12.8,0.000,17.82,0
2026-09-18T11:23:46.059,119.052,255,1.937,-273.1,12.6,0.000,17.82,0
2026-09-18T11:23:46.160,119.153,255,1.938,-90.0,12.7,0.000,17.99,0
2026-09-18T11:23:46.261,119.254,255,1.939,-83.9,11.0,0.000,17.79,0
2026-09-18T11:23:46.361,119.354,255,1.939,-273.1,12.6,0.000,17.89,0
2026-09-18T11:23:46.460,119.453,255,1.940,-273.1,12.4,0.000,17.78,0
2026-09-18T11:23:46.560,119.553,255,1.940,-273.1,12.5,0.000,17.76,0
2026-09-18T11:23:46.661,119.654,255,1.940,-273.1,12.3,0.000,17.85,0
2026-09-18T11:23:46.762,119.755,255,1.940,-273.1,12.5,0.000,17.87,0
2026-09-18T11:23:46.861,119.854,255,1.941,-273.1,12.3,0.000,17.64,0
2026-09-18T11:23:46.964,119.957,255,1.942,-273.1,12.3,0.000,17.52,0
2026-09-18T11:23:47.064,120.057,255,1.942,-273.1,12.4,0.000,17.91,0
2026-09-18T11:23:47.165,120.158,255,1.942,-273.1,12.1,0.000,17.74,0
2026-09-18T11:23:47.262,120.255,255,1.943,-68.1,12.5,0.000,17.79,0
2026-09-18T11:23:47.363,120.356,255,1.944,-273.1,12.3,0.000,17.65,0
2026-09-18T11:23:47.462,120.455,255,1.944,-273.1,12.3,0.000,17.80,0
2026-09-18T11:23:47.562,120.555,255,1.944,-273.1,12.3,0.000,17.78,0
2026-09-18T11:23:47.663,120.656,255,1.945,-273.1,12.2,0.000,17.65,0
2026-09-18T11:23:47.763,120.756,255,1.945,-71.8,12.3,0.000,17.88,0
2026-09-18T11:23:47.862,120.855,255,1.946,-273.1,12.5,0.000,17.91,0
2026-09-18T11:23:47.962,120.955,255,1.946,-70.4,12.4,0.000,17.81,0
2026-09-18T11:23:48.062,121.055,255,1.946,-273.1,12.2,0.000,17.80,0
2026-09-18T11:23:48.163,121.156,255,1.946,-273.1,12.2,0.000,17.81,0
2026-09-18T11:23:48.264,121.257,255,1.946,-273.1,12.4,0.000,17.66,0
2026-09-18T11:23:48.365,121.358,255,1.946,-273.1,12.3,0.000,17.84,0
2026-09-18T11:23:48.465,121.458,255,1.946,-273.1,12.4,0.000,17.66,0
2026-09-18T11:23:48.565,121.558,255,1.946,-273.1,12.3,0.000,17.87,0
2026-09-18T11:23:48.664,121.657,255,1.947,-273.1,12.4,0.000,17.72,0
2026-09-18T11:23:48.765,121.758,255,1.948,-71.8,12.5,0.000,17.78,0
2026-09-18T11:23:48.864,121.857,255,1.948,-273.1,12.2,0.000,17.67,0
2026-09-18T11:23:48.965,121.958,255,1.949,-273.1,12.4,0.000,17.82,0
2026-09-18T11:23:49.064,122.057,255,1.949,-273.1,12.5,0.000,17.79,0
2026-09-18T11:23:49.165,122.158,255,1.950,-273.1,12.4,0.000,17.88,0
2026-09-18T11:23:49.266,122.259,255,1.951,-273.1,12.6,0.000,17.78,0
2026-09-18T11:23:49.367,122.360,255,1.951,-273.1,12.4,0.000,17.65,0
2026-09-18T11:23:49.466,122.459,255,1.950,-273.1,12.3,0.000,17.75,0
2026-09-18T11:23:49.568,122.561,255,1.951,-273.1,12.3,0.000,17.76,0
2026-09-18T11:23:49.664,122.657,255,1.952,-273.1,12.3,0.000,17.81,0
2026-09-18T11:23:49.765,122.758,255,1.953,-273.1,12.3,0.000,17.73,0
2026-09-18T11:23:49.865,122.858,255,1.953,-273.1,12.4,0.000,17.59,0
2026-09-18T11:23:49.965,122.958,255,1.953,-273.1,12.3,0.000,17.72,0
2026-09-18T11:23:50.065,123.058,255,1.954,-273.1,12.4,0.000,17.77,0
2026-09-18T11:23:50.166,123.159,255,1.955,-273.1,12.3,0.000,17.57,0
2026-09-18T11:23:50.266,123.259,255,1.955,-273.1,12.7,0.000,17.94,0
2026-09-18T11:23:50.367,123.360,255,1.957,-273.1,12.4,0.000,17.87,0
2026-09-18T11:23:50.468,123.461,255,1.957,-273.1,12.7,0.000,17.95,0
2026-09-18T11:23:50.567,123.560,255,1.957,-273.1,12.6,0.000,17.82,0
2026-09-18T11:23:50.667,123.660,255,1.957,-273.1,12.7,0.000,18.08,0
2026-09-18T11:23:50.770,123.763,255,1.957,-273.1,12.5,0.000,17.90,0
2026-09-18T11:23:50.867,123.860,255,1.957,-273.1,12.5,0.000,17.90,0
2026-09-18T11:23:50.968,123.961,255,1.956,-273.1,12.3,0.000,17.71,0
2026-09-18T11:23:51.067,124.060,255,1.957,-90.0,12.5,0.000,18.10,0
2026-09-18T11:23:51.168,124.161,255,1.957,-273.1,12.6,0.000,17.73,0
2026-09-18T11:23:51.269,124.262,255,1.957,-273.1,12.7,0.000,17.62,0
2026-09-18T11:23:51.368,124.361,255,1.957,-273.1,12.7,0.000,17.91,0
2026-09-18T11:23:51.469,124.462,255,1.957,-83.9,12.8,0.000,17.80,0
2026-09-18T11:23:51.569,124.562,255,1.959,-273.1,10.8,0.000,17.77,0
2026-09-18T11:23:51.668,124.661,255,1.958,-273.1,12.7,0.000,17.54,0
2026-09-18T11:23:51.769,124.762,255,1.958,-273.1,12.8,0.000,17.91,0
2026-09-18T11:23:51.870,124.863,255,1.958,-273.1,13.1,0.000,17.68,0
2026-09-18T11:23:51.971,124.964,255,1.957,-273.1,13.0,0.000,17.88,0
2026-09-18T11:23:52.069,125.062,255,1.957,-273.1,12.8,0.000,17.82,0
2026-09-18T11:23:52.169,125.162,255,1.958,-273.1,12.7,0.000,17.82,0
2026-09-18T11:23:52.270,125.263,255,1.958,-273.1,12.8,0.000,17.99,0
2026-09-18T11:23:52.370,125.363,255,1.957,-273.1,13.1,0.000,17.99,0
2026-09-18T11:23:52.470,125.463,255,1.958,-273.1,13.2,0.000,17.76,0
2026-09-18T11:23:52.570,125.563,255,1.957,-273.1,13.1,0.000,17.98,0
2026-09-18T11:23:52.671,125.664,255,1.958,-273.1,12.9,0.000,18.00,0
2026-09-18T11:23:52.772,125.765,255,1.958,-273.1,13.4,0.000,17.82,0
2026-09-18T11:23:52.870,125.863,255,1.957,-273.1,13.2,0.000,17.98,0
2026-09-18T11:23:52.971,125.964,255,1.958,-68.1,13.1,0.000,17.81,0
2026-09-18T11:23:53.072,126.065,255,1.958,-273.1,13.1,0.000,17.78,0
2026-09-18T11:23:53.172,126.165,255,1.959,-273.1,13.1,0.000,17.94,0
2026-09-18T11:23:53.274,126.267,255,1.959,-273.1,13.3,0.000,17.82,0
2026-09-18T11:23:53.372,126.365,255,1.960,-273.1,13.2,0.000,17.82,0
2026-09-18T11:23:53.473,126.466,255,1.960,-273.1,13.2,0.000,17.72,0
2026-09-18T11:23:53.572,126.565,255,1.959,-273.1,13.2,0.000,17.71,0
2026-09-18T11:23:53.673,126.666,255,1.961,-273.1,13.2,0.000,17.95,0
2026-09-18T11:23:53.773,126.766,255,1.960,-273.1,13.2,0.000,17.78,0
2026-09-18T11:23:53.873,126.866,255,1.961,-73.4,13.4,0.000,17.95,0
2026-09-18T11:23:53.973,126.966,255,1.962,-273.1,13.4,0.000,17.94,0
2026-09-18T11:23:54.074,127.067,255,1.961,-273.1,13.5,0.000,17.62,0
2026-09-18T11:23:54.175,127.168,255,1.961,-273.1,13.5,0.000,17.78,0
2026-09-18T11:23:54.274,127.267,255,1.962,-273.1,13.5,0.000,17.97,0
2026-09-18T11:23:54.375,127.368,255,1.962,-273.1,13.4,0.000,17.89,0
2026-09-18T11:23:54.474,127.467,255,1.962,-273.1,13.5,0.000,17.93,0
2026-09-18T11:23:54.574,127.567,255,1.963,-273.1,13.3,0.000,17.93,0
2026-09-18T11:23:54.675,127.668,255,1.964,-273.1,13.4,0.000,17.78,0
2026-09-18T11:23:54.776,127.769,255,1.962,-273.1,13.5,0.000,17.77,0
2026-09-18T11:23:54.876,127.869,255,1.962,-273.1,13.5,0.000,17.87,0
2026-09-18T11:23:54.977,127.970,255,1.962,-273.1,13.2,0.000,17.83,0
2026-09-18T11:23:55.077,128.070,255,1.962,-273.1,13.4,0.000,17.87,0
2026-09-18T11:23:55.177,128.170,255,1.961,-83.9,13.5,0.000,17.77,0
2026-09-18T11:23:55.277,128.270,255,1.962,-273.1,13.3,0.000,17.88,0
2026-09-18T11:23:55.378,128.371,255,1.962,-273.1,13.4,0.000,17.91,0
2026-09-18T11:23:55.478,128.471,255,1.962,-273.1,13.0,0.000,18.06,0
2026-09-18T11:23:55.579,128.572,255,1.962,-66.1,13.0,0.000,17.88,0
2026-09-18T11:23:55.679,128.672,255,1.962,-273.1,13.1,0.000,18.00,0
2026-09-18T11:23:55.781,128.774,255,1.962,-273.1,13.1,0.000,18.06,0
2026-09-18T11:23:55.880,128.873,255,1.963,-273.1,13.1,0.000,17.84,0
2026-09-18T11:23:55.983,128.975,255,1.963,-273.1,13.0,0.000,17.82,0
2026-09-18T11:23:56.080,129.073,255,1.963,-90.0,13.2,0.000,17.89,0
2026-09-18T11:23:56.179,129.172,255,1.964,-273.1,13.0,0.000,17.82,0
2026-09-18T11:23:56.280,129.273,255,1.964,-273.1,13.2,0.000,17.87,0
2026-09-18T11:23:56.381,129.374,255,1.964,-273.1,13.1,0.000,17.75,0
2026-09-18T11:23:56.481,129.474,255,1.964,-273.1,13.0,0.000,17.76,0
2026-09-18T11:23:56.582,129.575,255,1.964,-273.1,12.8,0.000,17.44,0
2026-09-18T11:23:56.683,129.676,255,1.965,-273.1,13.0,0.000,17.80,0
2026-09-18T11:23:56.783,129.776,255,1.965,-273.1,12.6,0.000,17.75,0
2026-09-18T11:23:56.883,129.876,255,1.965,-273.1,12.7,0.000,17.62,0
2026-09-18T11:23:56.983,129.976,255,1.966,-71.8,12.6,0.000,17.78,0
2026-09-18T11:23:57.083,130.076,255,1.965,-273.1,12.7,0.000,17.89,0
2026-09-18T11:23:57.186,130.179,255,1.965,-273.1,12.5,0.000,17.71,0
2026-09-18T11:23:57.286,130.279,255,1.964,-273.1,12.6,0.000,18.08,0
2026-09-18T11:23:57.385,130.378,255,1.964,-273.1,12.3,0.000,17.91,0
2026-09-18T11:23:57.486,130.479,255,1.965,-273.1,12.2,0.000,17.66,0
2026-09-18T11:23:57.587,130.580,255,1.965,-273.1,12.3,0.000,17.93,0
2026-09-18T11:23:57.686,130.679,255,1.965,-273.1,12.3,0.000,17.89,0
2026-09-18T11:23:57.786,130.779,255,1.965,-273.1,12.4,0.000,17.57,0
2026-09-18T11:23:57.887,130.880,255,1.965,-273.1,12.3,0.000,17.89,0
2026-09-18T11:23:57.988,130.981,255,1.966,-273.1,12.5,0.000,17.85,0
2026-09-18T11:23:58.088,131.081,255,1.966,-273.1,12.6,0.000,17.65,0
2026-09-18T11:23:58.189,131.182,255,1.967,-273.1,12.1,0.000,17.90,0
2026-09-18T11:23:58.289,131.282,255,1.967,-273.1,12.5,0.000,17.82,0
2026-09-18T11:23:58.392,131.384,255,1.968,-273.1,12.7,0.000,17.77,0
2026-09-18T11:23:58.490,131.483,255,1.969,-273.1,12.9,0.000,18.02,0
2026-09-18T11:23:58.591,131.584,255,1.969,-273.1,13.1,0.000,17.87,0
2026-09-18T11:23:58.692,131.685,255,1.970,-273.1,13.0,0.000,17.92,0
2026-09-18T11:23:58.793,131.786,255,1.971,-273.1,13.2,0.000,17.78,0
2026-09-18T11:23:58.893,131.886,255,1.972,-273.1,13.2,0.000,17.85,0
2026-09-18T11:23:58.994,131.987,255,1.972,-273.1,13.2,0.000,17.80,0
2026-09-18T11:23:59.095,132.088,255,1.973,-273.1,13.5,0.000,17.96,0
2026-09-18T11:23:59.196,132.189,255,1.974,-273.1,13.5,0.000,17.80,0
2026-09-18T11:23:59.297,132.290,255,1.974,-273.1,11.4,0.000,17.84,0
2026-09-18T11:23:59.397,132.390,255,1.975,-273.1,13.3,0.000,17.95,0
2026-09-18T11:23:59.498,132.491,255,1.975,-273.1,13.4,0.000,17.84,0
2026-09-18T11:23:59.596,132.589,255,1.976,-273.1,13.5,0.000,17.78,0
2026-09-18T11:23:59.697,132.690,255,1.977,-273.1,13.5,0.000,18.08,0
2026-09-18T11:23:59.797,132.790,255,1.978,-273.1,13.3,0.000,17.71,0
2026-09-18T11:23:59.897,132.890,255,1.977,-273.1,13.2,0.000,18.04,0
2026-09-18T11:23:59.997,132.990,255,1.978,-273.1,13.3,0.000,17.82,0
2026-09-18T11:24:00.098,133.091,255,1.979,-273.1,13.4,0.000,18.21,0
2026-09-18T11:24:00.198,133.191,255,1.979,-273.1,13.2,0.000,17.66,0
2026-09-18T11:24:00.298,133.291,255,1.980,-273.1,13.4,0.000,18.14,0
2026-09-18T11:24:00.399,133.392,255,1.981,-273.1,13.2,0.000,17.77,0
2026-09-18T11:24:00.498,133.491,255,1.981,-273.1,13.0,0.000,18.03,0
2026-09-18T11:24:00.599,133.592,255,1.982,-273.1,13.3,0.000,17.96,0
2026-09-18T11:24:00.700,133.693,255,1.982,-273.1,13.2,0.000,17.89,0
2026-09-18T11:24:00.801,133.794,255,1.983,-273.1,13.2,0.000,17.88,0
2026-09-18T11:24:00.901,133.894,255,1.982,-273.1,13.0,0.000,18.08,0
2026-09-18T11:24:01.000,133.993,255,1.983,-273.1,13.2,0.000,17.83,0
2026-09-18T11:24:01.100,134.093,255,1.984,-67.0,13.2,0.000,18.04,0
2026-09-18T11:24:01.200,134.193,255,1.984,-273.1,13.0,0.000,17.84,0
2026-09-18T11:24:01.301,134.294,255,1.985,-273.1,12.9,0.000,17.82,0
2026-09-18T11:24:01.401,134.394,255,1.985,-273.1,12.8,0.000,18.14,0
2026-09-18T11:24:01.502,134.495,255,1.985,-273.1,12.8,0.000,18.10,0
2026-09-18T11:24:01.602,134.595,255,1.986,-273.1,12.6,0.000,17.82,0
2026-09-18T11:24:01.702,134.695,255,1.986,-273.1,12.8,0.000,18.02,0
2026-09-18T11:24:01.802,134.795,255,1.986,-273.1,12.7,0.000,17.88,0
2026-09-18T11:24:01.903,134.896,255,1.986,-83.9,12.7,0.000,18.17,0
2026-09-18T11:24:02.003,134.996,255,1.985,-273.1,12.6,0.000,17.93,0
2026-09-18T11:24:02.103,135.096,255,1.987,-273.1,12.7,0.000,18.00,0
2026-09-18T11:24:02.205,135.198,255,1.989,-273.1,12.4,0.000,18.05,0
2026-09-18T11:24:02.304,135.297,255,1.990,-273.1,12.6,0.000,17.92,0
2026-09-18T11:24:02.405,135.397,255,1.991,-71.8,12.4,0.000,18.15,0
2026-09-18T11:24:02.505,135.498,255,1.993,-273.1,12.3,0.000,18.03,0
2026-09-18T11:24:02.605,135.598,255,1.995,-273.1,12.4,0.000,18.00,0
2026-09-18T11:24:02.705,135.698,255,1.993,-273.1,12.6,0.000,18.31,0
2026-09-18T11:24:02.805,135.798,255,1.995,-273.1,12.2,0.000,18.00,0
2026-09-18T11:24:02.906,135.899,255,1.995,-273.1,12.3,0.000,18.04,0
2026-09-18T11:24:03.005,135.998,255,1.995,-273.1,12.2,0.000,18.32,0
2026-09-18T11:24:03.106,136.099,255,1.996,-273.1,12.2,0.000,18.09,0
2026-09-18T11:24:03.206,136.199,255,1.995,-273.1,12.2,0.000,17.96,0
2026-09-18T11:24:03.306,136.299,255,1.995,-273.1,12.2,0.000,17.94,0
2026-09-18T11:24:03.406,136.399,255,1.994,-273.1,12.1,0.000,18.06,0
2026-09-18T11:24:03.505,136.498,255,1.994,-273.1,12.3,0.000,18.03,0
2026-09-18T11:24:03.606,136.599,255,1.994,-273.1,12.3,0.000,18.03,0
2026-09-18T11:24:03.706,136.699,255,1.995,-273.1,12.2,0.000,18.00,0
2026-09-18T11:24:03.807,136.800,255,1.995,-273.1,12.5,0.000,17.91,0
2026-09-18T11:24:03.909,136.902,255,1.994,-273.1,12.1,0.000,17.99,0
2026-09-18T11:24:04.006,136.999,255,1.995,-273.1,12.4,0.000,18.26,0
2026-09-18T11:24:04.106,137.099,255,1.994,-273.1,12.2,0.000,17.91,0
2026-09-18T11:24:04.207,137.200,255,1.994,-273.1,12.3,0.000,18.38,0
2026-09-18T11:24:04.306,137.299,255,1.996,-273.1,12.2,0.000,18.11,0
2026-09-18T11:24:04.407,137.400,255,1.994,-273.1,12.3,0.000,17.95,0
2026-09-18T11:24:04.506,137.499,255,1.994,-273.1,12.3,0.000,18.00,0
2026-09-18T11:24:04.607,137.600,255,1.994,-273.1,12.3,0.000,17.82,0
2026-09-18T11:24:04.708,137.701,255,1.994,-273.1,12.5,0.000,18.04,0
2026-09-18T11:24:04.809,137.802,255,1.994,-273.1,12.3,0.000,18.10,0
2026-09-18T11:24:04.908,137.901,255,1.994,-273.1,13.2,0.000,18.03,0
2026-09-18T11:24:05.009,138.002,255,1.995,-273.1,12.5,0.000,18.05,0
2026-09-18T11:24:05.109,138.102,255,1.995,-273.1,12.7,0.000,18.15,0
2026-09-18T11:24:05.210,138.203,255,1.994,-273.1,12.5,0.000,18.08,0
2026-09-18T11:24:05.309,138.302,255,1.994,-273.1,12.5,0.000,17.95,0
2026-09-18T11:24:05.409,138.402,255,1.995,-273.1,12.7,0.000,18.02,0
2026-09-18T11:24:05.510,138.503,255,1.996,-273.1,12.7,0.000,18.19,0
2026-09-18T11:24:05.610,138.603,255,1.995,-273.1,12.7,0.000,18.18,0
2026-09-18T11:24:05.711,138.704,255,1.995,-273.1,12.8,0.000,18.11,0
2026-09-18T11:24:05.810,138.803,255,1.995,-273.1,12.8,0.000,18.25,0
2026-09-18T11:24:05.911,138.904,255,1.996,-273.1,13.1,0.000,18.07,0
2026-09-18T11:24:06.012,139.005,255,1.996,-273.1,13.2,0.000,18.18,0
2026-09-18T11:24:06.112,139.105,255,1.996,-273.1,12.2,0.000,18.03,0
2026-09-18T11:24:06.212,139.205,255,1.997,-273.1,13.0,0.000,18.08,0
2026-09-18T11:24:06.312,139.305,255,1.997,-273.1,13.3,0.000,18.18,0
2026-09-18T11:24:06.412,139.405,255,1.997,-273.1,13.3,0.000,18.09,0
2026-09-18T11:24:06.513,139.506,255,1.997,-273.1,13.2,0.000,18.07,0
2026-09-18T11:24:06.613,139.606,255,1.996,-273.1,13.3,0.000,18.27,0
2026-09-18T11:24:06.713,139.706,255,1.997,-273.1,13.2,0.000,17.92,0
2026-09-18T11:24:06.813,139.806,255,1.998,-273.1,13.4,0.000,17.91,0
2026-09-18T11:24:06.915,139.908,255,1.998,-273.1,13.4,0.000,18.10,0
2026-09-18T11:24:07.014,140.007,255,1.998,-273.1,13.5,0.000,18.02,0
2026-09-18T11:24:07.115,140.108,255,1.999,-273.1,13.3,0.000,17.96,0
2026-09-18T11:24:07.216,140.209,255,1.998,-273.1,13.4,0.000,17.94,0
2026-09-18T11:24:07.316,140.309,255,1.999,-273.1,13.4,0.000,18.04,0
2026-09-18T11:24:07.418,140.411,255,1.998,-273.1,13.2,0.000,18.10,0
2026-09-18T11:24:07.518,140.511,255,1.998,-273.1,13.1,0.000,18.12,0
2026-09-18T11:24:07.618,140.611,255,1.999,-69.2,13.0,0.000,18.20,0
2026-09-18T11:24:07.719,140.712,255,1.999,-273.1,13.2,0.000,18.18,0
2026-09-18T11:24:07.819,140.812,255,1.998,-273.1,12.9,0.000,17.99,0
2026-09-18T11:24:07.920,140.913,255,1.999,-273.1,12.8,0.000,18.16,0
2026-09-18T11:24:08.019,141.012,255,1.999,-273.1,12.7,0.000,18.42,0
2026-09-18T11:24:08.120,141.113,255,2.000,-273.1,12.8,0.000,18.28,0
2026-09-18T11:24:08.219,141.212,255,2.000,-273.1,12.9,0.000,18.04,0
2026-09-18T11:24:08.320,141.313,255,2.000,-71.8,12.7,0.000,17.91,0
2026-09-18T11:24:08.421,141.414,255,2.001,-273.1,12.6,0.000,17.97,0
2026-09-18T11:24:08.523,141.516,255,2.000,-273.1,12.6,0.000,18.19,0
2026-09-18T11:24:08.621,141.614,255,2.000,-273.1,12.5,0.000,18.14,0
2026-09-18T11:24:08.721,141.714,255,2.000,-273.1,12.0,0.000,18.03,0
2026-09-18T11:24:08.822,141.815,255,2.001,-90.0,12.3,0.000,18.28,0
2026-09-18T11:24:08.922,141.915,255,2.002,-273.1,12.1,0.000,18.21,0
2026-09-18T11:24:09.022,142.015,255,2.002,-273.1,12.1,0.000,18.02,0
2026-09-18T11:24:09.122,142.115,255,2.002,-273.1,12.3,0.000,18.28,0
2026-09-18T11:24:09.223,142.216,255,2.003,-67.0,12.3,0.000,18.14,0
2026-09-18T11:24:09.323,142.316,255,2.003,-273.1,12.1,0.000,18.25,0
2026-09-18T11:24:09.424,142.417,255,2.003,-273.1,12.4,0.000,18.18,0
2026-09-18T11:24:09.526,142.519,255,2.003,-273.1,12.5,0.000,18.03,0
2026-09-18T11:24:09.624,142.617,255,2.003,-273.1,12.1,0.000,18.37,0
2026-09-18T11:24:09.725,142.718,255,2.003,-273.1,12.2,0.000,17.93,0
2026-09-18T11:24:09.825,142.818,255,2.003,-273.1,12.3,0.000,18.36,0
2026-09-18T11:24:09.925,142.918,255,2.003,-273.1,12.6,0.000,18.05,0
2026-09-18T11:24:10.026,143.019,255,2.005,-273.1,12.7,0.000,18.40,0
2026-09-18T11:24:10.127,143.120,255,2.006,-273.1,12.7,0.000,18.37,0
2026-09-18T11:24:10.227,143.220,255,2.005,-273.1,12.7,0.000,18.08,0
2026-09-18T11:24:10.326,143.319,255,2.006,-273.1,12.7,0.000,18.00,0
2026-09-18T11:24:10.427,143.420,255,2.006,-273.1,13.0,0.000,18.08,0
2026-09-18T11:24:10.528,143.521,255,2.008,-273.1,13.1,0.000,18.37,0
2026-09-18T11:24:10.627,143.620,255,2.008,-273.1,12.9,0.000,18.07,0
2026-09-18T11:24:10.728,143.721,255,2.008,-273.1,13.1,0.000,18.07,0
2026-09-18T11:24:10.828,143.821,255,2.007,-273.1,13.3,0.000,17.99,0
2026-09-18T11:24:10.928,143.921,255,2.008,-273.1,13.2,0.000,18.16,0
2026-09-18T11:24:11.028,144.021,255,2.008,-273.1,13.3,0.000,18.11,0
2026-09-18T11:24:11.129,144.122,255,2.009,-273.1,13.4,0.000,18.25,0
2026-09-18T11:24:11.230,144.223,255,2.009,-273.1,13.4,0.000,18.06,0
2026-09-18T11:24:11.330,144.323,255,2.009,-273.1,13.6,0.000,18.15,0
2026-09-18T11:24:11.431,144.424,255,2.011,-273.1,13.4,0.000,18.22,0
2026-09-18T11:24:11.532,144.525,255,2.013,-273.1,13.3,0.000,18.35,0
2026-09-18T11:24:11.632,144.625,255,2.015,-273.1,13.5,0.000,18.07,0
2026-09-18T11:24:11.731,144.724,255,2.014,-273.1,13.3,0.000,18.07,0
2026-09-18T11:24:11.832,144.825,255,2.014,-80.2,13.4,0.000,18.25,0
2026-09-18T11:24:11.933,144.926,255,2.016,-273.1,13.4,0.000,18.25,0
2026-09-18T11:24:12.033,145.026,255,2.015,-273.1,13.1,0.000,18.28,0
2026-09-18T11:24:12.134,145.127,255,2.015,-273.1,13.1,0.000,18.29,0
2026-09-18T11:24:12.233,145.226,255,2.016,-273.1,12.9,0.000,18.03,0
2026-09-18T11:24:12.336,145.329,255,2.017,-70.4,12.8,0.000,18.30,0
2026-09-18T11:24:12.435,145.428,255,2.017,-273.1,12.7,0.000,18.14,0
2026-09-18T11:24:12.535,145.528,255,2.016,-273.1,12.5,0.000,18.07,0
2026-09-18T11:24:12.636,145.629,255,2.016,-273.1,12.7,0.000,18.40,0
2026-09-18T11:24:12.737,145.730,255,2.016,-80.2,12.6,0.000,18.31,0
2026-09-18T11:24:12.837,145.830,255,2.016,-273.1,12.3,0.000,18.41,0
2026-09-18T11:24:12.938,145.931,255,2.016,-273.1,12.3,0.000,18.35,0
2026-09-18T11:24:13.038,146.031,255,2.015,-273.1,12.4,0.000,18.21,0
2026-09-18T11:24:13.137,146.130,255,2.016,-273.1,12.4,0.000,18.19,0
2026-09-18T11:24:13.237,146.230,255,2.017,-71.8,12.2,0.000,18.13,0
2026-09-18T11:24:13.338,146.331,255,2.017,-273.1,12.1,0.000,18.18,0
2026-09-18T11:24:13.438,146.431,255,2.019,-273.1,12.5,0.000,18.28,0
2026-09-18T11:24:13.539,146.532,255,2.017,-273.1,12.5,0.000,18.34,0
2026-09-18T11:24:13.639,146.632,255,2.017,-273.1,12.2,0.000,18.34,0
2026-09-18T11:24:13.740,146.733,255,2.017,-273.1,12.4,0.000,18.26,0
2026-09-18T11:24:13.838,146.831,255,2.018,-273.1,12.3,0.000,18.32,0
2026-09-18T11:24:13.939,146.932,255,2.019,-273.1,12.3,0.000,18.43,0
2026-09-18T11:24:14.040,147.033,255,2.019,-273.1,12.4,0.000,18.35,0
2026-09-18T11:24:14.142,147.135,255,2.019,-273.1,12.6,0.000,18.25,0
2026-09-18T11:24:14.240,147.233,255,2.017,-273.1,12.5,0.000,18.25,0
2026-09-18T11:24:14.346,147.339,255,2.018,-273.1,12.6,0.000,18.08,0
2026-09-18T11:24:14.440,147.433,255,2.018,-273.1,12.6,0.000,18.34,0
2026-09-18T11:24:14.540,147.533,255,2.018,-273.1,12.5,0.000,18.19,0
2026-09-18T11:24:14.641,147.634,255,2.019,-273.1,12.7,0.000,18.33,0
2026-09-18T11:24:14.740,147.733,255,2.020,-273.1,12.7,0.000,18.37,0
2026-09-18T11:24:14.841,147.834,255,2.020,-273.1,12.7,0.000,18.21,0
2026-09-18T11:24:14.942,147.935,255,2.021,-273.1,13.0,0.000,18.32,0
2026-09-18T11:24:15.044,148.037,255,2.020,-273.1,13.2,0.000,18.25,0
2026-09-18T11:24:15.142,148.135,255,2.019,-273.1,13.0,0.000,18.24,0
2026-09-18T11:24:15.242,148.235,255,2.019,-273.1,13.1,0.000,18.23,0
2026-09-18T11:24:15.342,148.335,255,2.019,-71.8,13.0,0.000,18.26,0
2026-09-18T11:24:15.443,148.436,255,2.019,-273.1,13.5,0.000,18.23,0
2026-09-18T11:24:15.543,148.536,255,2.019,-273.1,13.3,0.000,18.29,0
2026-09-18T11:24:15.642,148.635,255,2.020,-273.1,13.2,0.000,18.31,0
2026-09-18T11:24:15.743,148.736,255,2.019,-273.1,13.3,0.000,18.04,0
2026-09-18T11:24:15.845,148.838,255,2.020,-273.1,13.4,0.000,18.54,0
2026-09-18T11:24:15.944,148.937,255,2.019,-273.1,13.4,0.000,18.07,0
2026-09-18T11:24:16.045,149.038,255,2.019,-273.1,13.3,0.000,18.15,0
2026-09-18T11:24:16.145,149.138,255,2.019,-273.1,13.4,0.000,18.64,0
2026-09-18T11:24:16.245,149.238,255,2.019,-273.1,13.2,0.000,18.40,0
2026-09-18T11:24:16.346,149.339,255,2.020,-273.1,13.2,0.000,18.21,0
2026-09-18T11:24:16.447,149.440,255,2.020,-273.1,13.3,0.000,18.02,0
2026-09-18T11:24:16.547,149.540,255,2.019,-273.1,12.9,0.000,18.21,0
2026-09-18T11:24:16.646,149.639,255,2.019,-273.1,13.2,0.000,18.15,0
2026-09-18T11:24:16.746,149.739,255,2.019,-273.1,13.2,0.000,18.36,0
2026-09-18T11:24:16.846,149.839,255,2.019,-273.1,13.1,0.000,17.91,0
2026-09-18T11:24:16.947,149.940,255,2.018,-273.1,13.2,0.000,18.41,0
2026-09-18T11:24:17.046,150.039,255,2.018,-273.1,13.1,0.000,18.33,0
2026-09-18T11:24:17.147,150.140,255,2.017,-273.1,13.4,0.000,18.26,0
2026-09-18T11:24:17.247,150.240,255,2.017,-273.1,12.8,0.000,18.09,0
2026-09-18T11:24:17.348,150.341,255,2.017,-273.1,12.8,0.000,18.08,0
2026-09-18T11:24:17.448,150.441,255,2.018,-273.1,12.9,0.000,18.64,0
2026-09-18T11:24:17.547,150.540,255,2.018,-273.1,12.8,0.000,18.56,0
2026-09-18T11:24:17.648,150.641,255,2.017,-273.1,12.7,0.000,17.84,0
2026-09-18T11:24:17.749,150.742,255,2.017,-273.1,12.6,0.000,18.40,0
2026-09-18T11:24:17.850,150.843,255,2.017,-273.1,12.6,0.000,18.02,0
2026-09-18T11:24:17.950,150.943,255,2.017,-273.1,12.5,0.000,18.33,0
2026-09-18T11:24:18.050,151.043,255,2.018,-273.1,12.3,0.000,18.28,0
2026-09-18T11:24:18.151,151.144,255,2.019,-273.1,12.1,0.000,18.32,0
2026-09-18T11:24:18.252,151.245,255,2.022,-273.1,12.2,0.000,18.29,0
2026-09-18T11:24:18.351,151.344,255,2.021,-273.1,12.2,0.000,18.44,0
2026-09-18T11:24:18.451,151.444,255,2.021,-273.1,12.3,0.000,18.39,0
2026-09-18T11:24:18.552,151.545,255,2.022,-273.1,12.3,0.000,18.14,0
2026-09-18T11:24:18.651,151.644,255,2.016,-273.1,12.2,0.000,18.23,0
2026-09-18T11:24:18.751,151.744,255,2.016,-273.1,12.2,0.000,18.30,0
2026-09-18T11:24:18.852,151.845,255,2.017,-273.1,12.2,0.000,18.23,0
2026-09-18T11:24:18.952,151.945,255,2.017,-273.1,12.0,0.000,18.18,0
2026-09-18T11:24:19.051,152.044,255,2.017,-273.1,12.4,0.000,18.19,0
2026-09-18T11:24:19.152,152.145,255,2.017,-273.1,12.2,0.000,18.54,0
2026-09-18T11:24:19.252,152.245,255,2.017,-273.1,12.4,0.000,18.32,0
2026-09-18T11:24:19.352,152.345,255,2.017,-273.1,12.5,0.000,18.28,0
2026-09-18T11:24:19.453,152.446,255,2.017,-273.1,12.8,0.000,18.36,0
2026-09-18T11:24:19.554,152.547,255,2.017,-273.1,12.9,0.000,18.04,0
2026-09-18T11:24:19.655,152.648,255,2.017,-273.1,13.2,0.000,18.06,0
2026-09-18T11:24:19.754,152.747,255,2.017,-273.1,12.9,0.000,18.15,0
2026-09-18T11:24:19.857,152.849,255,2.017,-273.1,13.0,0.000,18.04,0
2026-09-18T11:24:19.955,152.948,255,2.017,-273.1,13.3,0.000,17.96,0
2026-09-18T11:24:20.056,153.049,255,2.017,-273.1,13.4,0.000,18.71,0
2026-09-18T11:24:20.157,153.150,255,2.017,-273.1,13.7,0.000,18.11,0
2026-09-18T11:24:20.258,153.251,255,2.017,-273.1,13.2,0.000,18.26,0
2026-09-18T11:24:20.358,153.350,255,2.018,-273.1,13.4,0.000,18.31,0
2026-09-18T11:24:20.458,153.451,255,2.017,-273.1,13.3,0.000,18.17,0
2026-09-18T11:24:20.558,153.551,255,2.017,-273.1,13.6,0.000,18.16,0
2026-09-18T11:24:20.659,153.652,255,2.017,-273.1,13.4,0.000,18.37,0
2026-09-18T11:24:20.759,153.752,255,2.017,-273.1,13.1,0.000,18.36,0
2026-09-18T11:24:20.858,153.851,255,2.017,-273.1,13.6,0.000,18.08,0
2026-09-18T11:24:20.960,153.953,255,2.017,-273.1,13.3,0.000,18.37,0
2026-09-18T11:24:21.060,154.053,255,2.017,-273.1,13.0,0.000,18.49,0
2026-09-18T11:24:21.160,154.153,255,2.017,-273.1,13.0,0.000,18.41,0
2026-09-18T11:24:21.260,154.253,255,2.017,-273.1,12.9,0.000,18.36,0
2026-09-18T11:24:21.362,154.355,255,2.017,-273.1,12.8,0.000,18.10,0
2026-09-18T11:24:21.461,154.454,255,2.017,-90.0,12.9,0.000,18.32,0
2026-09-18T11:24:21.562,154.555,255,2.017,-273.1,12.7,0.000,18.30,0
2026-09-18T11:24:21.662,154.655,255,2.017,-273.1,12.5,0.000,18.11,0
2026-09-18T11:24:21.763,154.756,255,2.017,-273.1,12.3,0.000,18.40,0
2026-09-18T11:24:21.863,154.856,255,2.018,-273.1,12.5,0.000,18.06,0
2026-09-18T11:24:21.963,154.956,255,2.017,-83.9,12.3,0.000,18.25,0
2026-09-18T11:24:22.064,155.057,255,2.017,-80.2,12.2,0.000,18.37,0
2026-09-18T11:24:22.166,155.159,255,2.017,-273.1,12.3,0.000,18.02,0
2026-09-18T11:24:22.263,155.256,255,2.017,-273.1,12.3,0.000,18.11,0
2026-09-18T11:24:22.364,155.357,255,2.017,-273.1,12.5,0.000,18.14,0
2026-09-18T11:24:22.464,155.457,255,2.017,-273.1,12.2,0.000,18.17,0
2026-09-18T11:24:22.565,155.558,255,2.018,-273.1,12.3,0.000,18.31,0
2026-09-18T11:24:22.664,155.657,255,2.017,-273.1,12.1,0.000,18.26,0
2026-09-18T11:24:22.764,155.757,255,2.015,-273.1,12.4,0.000,18.63,0
2026-09-18T11:24:22.864,155.857,255,2.017,-273.1,12.4,0.000,18.21,0
2026-09-18T11:24:22.965,155.958,255,2.017,-273.1,12.3,0.000,18.24,0
2026-09-18T11:24:23.065,156.058,255,2.017,-273.1,12.5,0.000,18.28,0
2026-09-18T11:24:23.167,156.160,255,2.017,-273.1,12.5,0.000,18.26,0
2026-09-18T11:24:23.264,156.257,255,2.017,-273.1,12.4,0.000,18.37,0
2026-09-18T11:24:23.365,156.358,255,2.017,-273.1,12.5,0.000,18.11,0
2026-09-18T11:24:23.465,156.458,255,2.017,-273.1,12.4,0.000,18.44,0
2026-09-18T11:24:23.566,156.559,255,2.017,-273.1,12.5,0.000,18.26,0
2026-09-18T11:24:23.666,156.659,255,2.017,-273.1,12.5,0.000,18.25,0
2026-09-18T11:24:23.766,156.759,255,2.018,-273.1,12.8,0.000,18.15,0
2026-09-18T11:24:23.867,156.860,255,2.017,-273.1,12.9,0.000,18.43,0
2026-09-18T11:24:23.968,156.961,255,2.017,-273.1,13.0,0.000,18.13,0
2026-09-18T11:24:24.067,157.060,255,2.017,-273.1,12.9,0.000,18.26,0
2026-09-18T11:24:24.166,157.159,255,2.018,-273.1,12.7,0.000,18.15,0
2026-09-18T11:24:24.267,157.260,255,2.018,-273.1,13.2,0.000,18.40,0
2026-09-18T11:24:24.367,157.360,255,2.019,-273.1,13.0,0.000,18.10,0
2026-09-18T11:24:24.468,157.461,255,2.017,-273.1,13.5,0.000,18.23,0
2026-09-18T11:24:24.569,157.562,255,2.017,-273.1,13.2,0.000,18.19,0
2026-09-18T11:24:24.669,157.662,255,2.017,-273.1,13.4,0.000,18.15,0
2026-09-18T11:24:24.770,157.763,255,2.017,-273.1,13.3,0.000,18.28,0
2026-09-18T11:24:24.869,157.862,255,2.017,-68.1,13.3,0.000,18.08,0
2026-09-18T11:24:24.972,157.964,255,2.017,-273.1,13.4,0.000,18.30,0
2026-09-18T11:24:25.070,158.063,255,2.017,-273.1,13.1,0.000,18.29,0
2026-09-18T11:24:25.172,158.165,255,2.017,-273.1,13.2,0.000,18.14,0
2026-09-18T11:24:25.272,158.265,255,2.017,-273.1,13.2,0.000,18.45,0
2026-09-18T11:24:25.374,158.366,255,2.017,-273.1,12.9,0.000,18.55,0
2026-09-18T11:24:25.475,158.468,255,2.017,-273.1,12.8,0.000,18.19,0
2026-09-18T11:24:25.575,158.568,255,2.018,-77.4,12.6,0.000,18.33,0
2026-09-18T11:24:25.676,158.669,255,2.017,-273.1,12.5,0.000,18.00,0
2026-09-18T11:24:25.776,158.769,255,2.017,-273.1,12.5,0.000,18.58,0
2026-09-18T11:24:25.877,158.870,255,2.017,-273.1,12.4,0.000,18.30,0
2026-09-18T11:24:25.978,158.971,255,2.018,-273.1,12.3,0.000,18.37,0
2026-09-18T11:24:26.077,159.070,255,2.017,-80.2,12.4,0.000,18.34,0
2026-09-18T11:24:26.177,159.170,255,2.017,-273.1,12.6,0.000,18.53,0
2026-09-18T11:24:26.277,159.270,255,2.017,-273.1,12.1,0.000,18.39,0
2026-09-18T11:24:26.378,159.371,255,2.017,-273.1,12.3,0.000,18.15,0
2026-09-18T11:24:26.478,159.471,255,2.017,-273.1,12.2,0.000,18.25,0
2026-09-18T11:24:26.578,159.571,255,2.017,-273.1,12.4,0.000,18.22,0
2026-09-18T11:24:26.679,159.672,255,2.017,-273.1,12.5,0.000,18.38,0
2026-09-18T11:24:26.778,159.771,255,2.017,-273.1,12.3,0.000,18.38,0
2026-09-18T11:24:26.879,159.872,255,2.017,-273.1,12.6,0.000,18.43,0
2026-09-18T11:24:26.979,159.972,255,2.018,-69.2,12.3,0.000,18.02,0
2026-09-18T11:24:27.081,160.074,255,2.017,-66.1,12.5,0.000,17.95,0
2026-09-18T11:24:27.179,160.172,255,2.017,-273.1,12.6,0.000,18.04,0
2026-09-18T11:24:27.280,160.273,255,2.017,-273.1,12.6,0.000,18.12,0
2026-09-18T11:24:27.379,160.372,255,2.018,-273.1,12.2,0.000,18.32,0
2026-09-18T11:24:27.480,160.473,255,2.018,-69.2,12.6,0.000,18.35,0
2026-09-18T11:24:27.580,160.572,255,2.017,-273.1,13.4,0.000,18.41,0
2026-09-18T11:24:27.682,160.675,255,2.018,-273.1,12.7,0.000,18.39,0
2026-09-18T11:24:27.780,160.773,255,2.018,-273.1,12.8,0.000,18.33,0
2026-09-18T11:24:27.884,160.877,255,2.017,-273.1,13.1,0.000,18.19,0
2026-09-18T11:24:27.981,160.974,255,2.018,-273.1,12.9,0.000,18.28,0
2026-09-18T11:24:28.081,161.074,255,2.017,-273.1,13.0,0.000,18.50,0
2026-09-18T11:24:28.182,161.175,255,2.017,-273.1,13.2,0.000,18.34,0
2026-09-18T11:24:28.281,161.274,255,2.017,-273.1,13.2,0.000,18.10,0
2026-09-18T11:24:28.382,161.375,255,2.017,-273.1,13.2,0.000,18.36,0
2026-09-18T11:24:28.483,161.476,255,2.018,-273.1,13.2,0.000,18.22,0
2026-09-18T11:24:28.582,161.575,255,2.017,-273.1,13.4,0.000,18.26,0
2026-09-18T11:24:28.683,161.676,255,2.017,-273.1,13.3,0.000,18.48,0
2026-09-18T11:24:28.782,161.775,255,2.018,-273.1,13.5,0.000,18.37,0
2026-09-18T11:24:28.883,161.876,255,2.018,-65.2,13.3,0.000,18.21,0
2026-09-18T11:24:28.983,161.976,255,2.018,-273.1,13.3,0.000,18.40,0
2026-09-18T11:24:29.086,162.079,255,2.017,-273.1,13.4,0.000,18.14,0
2026-09-18T11:24:29.184,162.177,255,2.017,-273.1,13.3,0.000,18.29,0
2026-09-18T11:24:29.284,162.277,255,2.017,-273.1,13.2,0.000,18.30,0
2026-09-18T11:24:29.383,162.376,255,2.017,-273.1,13.2,0.000,18.10,0
2026-09-18T11:24:29.484,162.477,255,2.017,-273.1,13.4,0.000,18.15,0
2026-09-18T11:24:29.583,162.576,255,2.017,-273.1,13.3,0.000,18.14,0
2026-09-18T11:24:29.684,162.677,255,2.017,-273.1,13.4,0.000,18.08,0
2026-09-18T11:24:29.784,162.777,255,2.017,-273.1,13.1,0.000,18.39,0
2026-09-18T11:24:29.884,162.877,255,2.017,-273.1,13.3,0.000,18.14,0
2026-09-18T11:24:29.985,162.978,255,2.017,-273.1,13.0,0.000,18.38,0
2026-09-18T11:24:30.085,163.078,255,2.017,-273.1,13.0,0.000,18.21,0
2026-09-18T11:24:30.186,163.179,255,2.017,-273.1,13.1,0.000,18.17,0
2026-09-18T11:24:30.286,163.279,255,2.017,-273.1,13.1,0.000,18.41,0
2026-09-18T11:24:30.390,163.383,255,2.017,-273.1,13.1,0.000,18.37,0
2026-09-18T11:24:30.487,163.480,255,2.017,-273.1,13.0,0.000,18.07,0
2026-09-18T11:24:30.586,163.579,255,2.017,-273.1,12.8,0.000,18.34,0
2026-09-18T11:24:30.686,163.679,255,2.017,-273.1,12.7,0.000,18.34,0
2026-09-18T11:24:30.786,163.779,255,2.017,-273.1,12.8,0.000,18.20,0
2026-09-18T11:24:30.887,163.880,255,2.017,-71.8,12.7,0.000,18.43,0
2026-09-18T11:24:30.986,163.979,255,2.017,-273.1,12.7,0.000,18.15,0
2026-09-18T11:24:31.087,164.080,255,2.017,-273.1,12.5,0.000,18.33,0
2026-09-18T11:24:31.188,164.181,255,2.017,-273.1,12.4,0.000,18.13,0
2026-09-18T11:24:31.287,164.280,255,2.017,-273.1,12.5,0.000,18.23,0
2026-09-18T11:24:31.389,164.382,255,2.017,-273.1,12.4,0.000,18.38,0
2026-09-18T11:24:31.488,164.481,255,2.017,-273.1,12.3,0.000,18.40,0
2026-09-18T11:24:31.590,164.583,255,2.017,-273.1,12.4,0.000,18.35,0
2026-09-18T11:24:31.688,164.681,255,2.017,-273.1,12.1,0.000,18.19,0
2026-09-18T11:24:31.789,164.782,255,2.017,-71.8,12.3,0.000,18.30,0
2026-09-18T11:24:31.888,164.881,255,2.017,-273.1,12.1,0.000,18.32,0
2026-09-18T11:24:31.988,164.981,255,2.017,-273.1,12.2,0.000,18.45,0
2026-09-18T11:24:32.089,165.082,255,2.018,-273.1,12.1,0.000,18.50,0
2026-09-18T11:24:32.188,165.181,255,2.017,-273.1,12.1,0.000,18.36,0
2026-09-18T11:24:32.289,165.282,255,2.017,-273.1,12.4,0.000,18.21,0
2026-09-18T11:24:32.390,165.383,255,2.018,-273.1,12.3,0.000,18.20,0
2026-09-18T11:24:32.489,165.482,255,2.017,-273.1,12.2,0.000,18.38,0
2026-09-18T11:24:32.590,165.583,255,2.017,-273.1,12.3,0.000,18.43,0
2026-09-18T11:24:32.690,165.683,255,2.018,-273.1,12.5,0.000,18.18,0
2026-09-18T11:24:32.791,165.784,255,2.018,-273.1,12.6,0.000,18.22,0
2026-09-18T11:24:32.892,165.885,255,2.018,-63.6,12.9,0.000,18.03,0
2026-09-18T11:24:32.992,165.985,255,2.017,-273.1,12.7,0.000,18.30,0
2026-09-18T11:24:33.091,166.084,255,2.018,-273.1,12.7,0.000,17.98,0
2026-09-18T11:24:33.192,166.185,255,2.018,-273.1,12.9,0.000,18.25,0
2026-09-18T11:24:33.296,166.289,255,2.017,-273.1,13.1,0.000,18.15,0
2026-09-18T11:24:33.393,166.386,255,2.018,-83.9,13.4,0.000,18.20,0
2026-09-18T11:24:33.494,166.487,255,2.018,-273.1,13.4,0.000,18.17,0
2026-09-18T11:24:33.595,166.588,255,2.017,-273.1,13.4,0.000,18.28,0
2026-09-18T11:24:33.694,166.687,255,2.018,-273.1,13.4,0.000,18.55,0
2026-09-18T11:24:33.795,166.788,255,2.018,-273.1,13.2,0.000,18.47,0
2026-09-18T11:24:33.894,166.887,255,2.017,-273.1,13.2,0.000,18.38,0
2026-09-18T11:24:33.995,166.988,255,2.017,-68.1,13.3,0.000,18.34,0
2026-09-18T11:24:34.096,167.089,255,2.017,-273.1,13.4,0.000,18.32,0
2026-09-18T11:24:34.195,167.188,255,2.018,-273.1,13.2,0.000,18.26,0
2026-09-18T11:24:34.296,167.289,255,2.018,-273.1,13.2,0.000,18.37,0
2026-09-18T11:24:34.397,167.390,255,2.017,-273.1,13.1,0.000,18.42,0
2026-09-18T11:24:34.497,167.490,255,2.017,-273.1,13.1,0.000,18.18,0
2026-09-18T11:24:34.598,167.591,255,2.018,-273.1,12.9,0.000,18.10,0
2026-09-18T11:24:34.697,167.690,255,2.018,-273.1,12.9,0.000,18.31,0
2026-09-18T11:24:34.797,167.790,255,2.018,-273.1,12.8,0.000,18.35,0
2026-09-18T11:24:34.897,167.890,255,2.018,-71.8,12.7,0.000,18.52,0
2026-09-18T11:24:34.997,167.990,255,2.017,-273.1,12.7,0.000,18.25,0
2026-09-18T11:24:35.098,168.091,255,2.017,-273.1,13.0,0.000,18.21,0
2026-09-18T11:24:35.197,168.189,255,2.018,-273.1,12.7,0.000,18.16,0
2026-09-18T11:24:35.297,168.290,255,2.017,-273.1,12.8,0.000,18.44,0
2026-09-18T11:24:35.397,168.390,255,2.017,-273.1,12.6,0.000,18.66,0
2026-09-18T11:24:35.498,168.491,255,2.017,-273.1,12.5,0.000,18.50,0
2026-09-18T11:24:35.597,168.590,255,2.017,-273.1,12.6,0.000,18.25,0
2026-09-18T11:24:35.698,168.691,255,2.017,-273.1,12.5,0.000,18.36,0
2026-09-18T11:24:35.798,168.791,255,2.017,-273.1,12.5,0.000,18.06,0
2026-09-18T11:24:35.898,168.891,255,2.017,-273.1,12.5,0.000,18.11,0
2026-09-18T11:24:36.000,168.993,255,2.017,-273.1,12.1,0.000,18.40,0
2026-09-18T11:24:36.100,169.093,255,2.017,-273.1,12.1,0.000,18.52,0
2026-09-18T11:24:36.200,169.193,255,2.017,-273.1,12.1,0.000,18.02,0
2026-09-18T11:24:36.302,169.295,255,2.018,-273.1,12.2,0.000,18.33,0
2026-09-18T11:24:36.401,169.394,255,2.018,-273.1,12.3,0.000,18.41,0
2026-09-18T11:24:36.501,169.494,255,2.018,-273.1,12.2,0.000,18.48,0
2026-09-18T11:24:36.602,169.595,255,2.018,-64.4,12.4,0.000,18.38,0
2026-09-18T11:24:36.701,169.694,255,2.017,-273.1,12.2,0.000,18.32,0
2026-09-18T11:24:36.802,169.795,255,2.018,-273.1,12.5,0.000,18.35,0
2026-09-18T11:24:36.902,169.895,255,2.018,-273.1,12.5,0.000,18.22,0
2026-09-18T11:24:37.002,169.995,255,2.018,-273.1,12.9,0.000,18.17,0
2026-09-18T11:24:37.103,170.096,255,2.018,-273.1,12.8,0.000,18.34,0
2026-09-18T11:24:37.205,170.198,255,2.018,-273.1,13.0,0.000,18.30,0
2026-09-18T11:24:37.303,170.296,255,2.018,-273.1,12.8,0.000,18.14,0
2026-09-18T11:24:37.403,170.396,255,2.018,-273.1,12.9,0.000,18.25,0
2026-09-18T11:24:37.504,170.497,255,2.018,-273.1,13.0,0.000,18.24,0
2026-09-18T11:24:37.602,170.595,255,2.018,-273.1,13.0,0.000,18.17,0
2026-09-18T11:24:37.704,170.697,255,2.018,-273.1,13.0,0.000,18.47,0
2026-09-18T11:24:37.804,170.797,255,2.018,-273.1,13.3,0.000,18.53,0
2026-09-18T11:24:37.905,170.898,255,2.018,-273.1,13.2,0.000,18.12,0
2026-09-18T11:24:38.006,170.999,255,2.018,-273.1,13.4,0.000,18.40,0
2026-09-18T11:24:38.105,171.098,255,2.018,-273.1,13.4,0.000,18.34,0
2026-09-18T11:24:38.206,171.199,255,2.018,-69.2,13.3,0.000,18.15,0
2026-09-18T11:24:38.304,171.297,255,2.018,-273.1,13.3,0.000,18.04,0
2026-09-18T11:24:38.405,171.398,255,2.018,-273.1,13.3,0.000,18.37,0
2026-09-18T11:24:38.505,171.498,255,2.018,-273.1,13.5,0.000,18.19,0
2026-09-18T11:24:38.606,171.599,255,2.018,-273.1,13.1,0.000,18.16,0
2026-09-18T11:24:38.707,171.700,255,2.018,-273.1,13.5,0.000,18.45,0
2026-09-18T11:24:38.806,171.799,255,2.018,-273.1,13.1,0.000,18.26,0
2026-09-18T11:24:38.907,171.900,255,2.018,-273.1,13.4,0.000,18.19,0
2026-09-18T11:24:39.007,172.000,255,2.018,-273.1,12.9,0.000,18.33,0
2026-09-18T11:24:39.107,172.100,255,2.018,-273.1,13.4,0.000,18.40,0
2026-09-18T11:24:39.207,172.200,255,2.018,-273.1,13.1,0.000,18.18,0
2026-09-18T11:24:39.309,172.302,255,2.018,-273.1,12.9,0.000,18.56,0
2026-09-18T11:24:39.408,172.401,255,2.018,-273.1,12.8,0.000,18.36,0
2026-09-18T11:24:39.507,172.500,255,2.018,-273.1,13.0,0.000,18.38,0
2026-09-18T11:24:39.610,172.603,255,2.018,-273.1,12.7,0.000,18.52,0
2026-09-18T11:24:39.710,172.703,255,2.018,-273.1,12.6,0.000,18.36,0
2026-09-18T11:24:39.810,172.803,255,2.018,-273.1,12.4,0.000,18.55,0
2026-09-18T11:24:39.910,172.903,255,2.018,-273.1,12.3,0.000,18.47,0
2026-09-18T11:24:40.010,173.003,255,2.018,-73.4,12.3,0.000,18.45,0
2026-09-18T11:24:40.111,173.104,255,2.018,-273.1,12.1,0.000,18.51,0
2026-09-18T11:24:40.211,173.204,255,2.017,-273.1,12.2,0.000,18.12,0
2026-09-18T11:24:40.312,173.305,255,2.018,-273.1,12.1,0.000,18.45,0
2026-09-18T11:24:40.411,173.404,255,2.018,-273.1,12.1,0.000,18.15,0
2026-09-18T11:24:40.512,173.504,255,2.017,-273.1,12.4,0.000,18.42,0
2026-09-18T11:24:40.612,173.605,255,2.018,-273.1,12.2,0.000,18.40,0
2026-09-18T11:24:40.711,173.704,255,2.017,-273.1,12.1,0.000,18.10,0
2026-09-18T11:24:40.811,173.804,255,2.018,-273.1,12.2,0.000,18.37,0
2026-09-18T11:24:40.911,173.904,255,2.018,-273.1,12.2,0.000,18.43,0
2026-09-18T11:24:41.012,174.005,255,2.018,-273.1,12.4,0.000,18.22,0
2026-09-18T11:24:41.112,174.105,255,2.018,-273.1,12.2,0.000,18.17,0
2026-09-18T11:24:41.212,174.205,255,2.018,-273.1,12.3,0.000,18.17,0
2026-09-18T11:24:41.312,174.305,255,2.018,-273.1,12.3,0.000,18.49,0
2026-09-18T11:24:41.413,174.406,255,2.019,-273.1,12.7,0.000,18.21,0
2026-09-18T11:24:41.514,174.507,255,2.019,-273.1,12.8,0.000,18.12,0
2026-09-18T11:24:41.613,174.606,255,2.020,-273.1,12.7,0.000,18.40,0
2026-09-18T11:24:41.714,174.707,255,2.019,-273.1,12.7,0.000,18.48,0
2026-09-18T11:24:41.815,174.808,255,2.019,-273.1,13.0,0.000,18.39,0
2026-09-18T11:24:41.915,174.908,255,2.019,-273.1,13.1,0.000,18.21,0
2026-09-18T11:24:42.014,175.007,255,2.018,-77.4,13.1,0.000,18.44,0
2026-09-18T11:24:42.116,175.109,255,2.018,-273.1,13.0,0.000,18.17,0
2026-09-18T11:24:42.217,175.210,255,2.019,-273.1,13.1,0.000,18.41,0
2026-09-18T11:24:42.315,175.308,255,2.018,-273.1,13.1,0.000,18.45,0
2026-09-18T11:24:42.414,175.407,255,2.018,-273.1,13.4,0.000,18.43,0
2026-09-18T11:24:42.515,175.508,255,2.018,-273.1,13.2,0.000,18.15,0
2026-09-18T11:24:42.615,175.608,255,2.018,-273.1,13.3,0.000,18.47,0
2026-09-18T11:24:42.716,175.709,255,2.018,-273.1,13.2,0.000,18.11,0
2026-09-18T11:24:42.817,175.810,255,2.018,-273.1,13.2,0.000,18.30,0
2026-09-18T11:24:42.917,175.910,255,2.018,-273.1,13.2,0.000,18.30,0
2026-09-18T11:24:43.018,176.011,255,2.018,-273.1,13.3,0.000,18.34,0
2026-09-18T11:24:43.118,176.111,255,2.018,-273.1,13.1,0.000,18.17,0
2026-09-18T11:24:43.219,176.212,255,2.019,-66.1,13.1,0.000,18.18,0
2026-09-18T11:24:43.321,176.314,255,2.018,-273.1,12.8,0.000,18.05,0
2026-09-18T11:24:43.419,176.412,255,2.017,-67.0,13.0,0.000,18.21,0
2026-09-18T11:24:43.521,176.514,255,2.017,-273.1,13.2,0.000,18.34,0
2026-09-18T11:24:43.619,176.612,255,2.018,-273.1,12.8,0.000,18.22,0
2026-09-18T11:24:43.719,176.712,255,2.018,-273.1,12.7,0.000,18.31,0
2026-09-18T11:24:43.820,176.813,255,2.018,-273.1,12.7,0.000,18.17,0
2026-09-18T11:24:43.920,176.913,255,2.018,-273.1,12.6,0.000,18.39,0
2026-09-18T11:24:44.021,177.014,255,2.018,-273.1,12.5,0.000,18.17,0
2026-09-18T11:24:44.119,177.112,255,2.018,-273.1,12.6,0.000,18.20,0
2026-09-18T11:24:44.219,177.212,255,2.017,-273.1,12.7,0.000,18.43,0
2026-09-18T11:24:44.319,177.312,255,2.018,-273.1,12.6,0.000,18.27,0
2026-09-18T11:24:44.419,177.412,255,2.018,-273.1,12.5,0.000,18.50,0
2026-09-18T11:24:44.520,177.513,255,2.018,-273.1,12.2,0.000,18.28,0
2026-09-18T11:24:44.620,177.613,255,2.018,-75.2,11.7,0.000,18.21,0
2026-09-18T11:24:44.719,177.712,255,2.018,-273.1,12.6,0.000,18.34,0
2026-09-18T11:24:44.820,177.813,255,2.018,-273.1,12.4,0.000,18.30,0
2026-09-18T11:24:44.919,177.912,255,2.018,-273.1,12.5,0.000,18.38,0
2026-09-18T11:24:45.020,178.013,255,2.018,-273.1,12.4,0.000,17.96,0
2026-09-18T11:24:45.121,178.114,255,2.018,-273.1,14.5,0.000,18.11,0
2026-09-18T11:24:45.221,178.213,255,2.018,-273.1,12.4,0.000,18.52,0
2026-09-18T11:24:45.320,178.313,255,2.018,-273.1,12.3,0.000,18.40,0
2026-09-18T11:24:45.422,178.415,255,2.018,-273.1,12.5,0.000,18.43,0
2026-09-18T11:24:45.523,178.516,255,2.018,-273.1,12.1,0.000,18.30,0
2026-09-18T11:24:45.624,178.617,255,2.018,-273.1,12.5,0.000,18.32,0
2026-09-18T11:24:45.724,178.717,255,2.018,-273.1,12.6,0.000,18.12,0
2026-09-18T11:24:45.824,178.817,255,2.018,-273.1,12.5,0.000,18.30,0
2026-09-18T11:24:45.925,178.918,255,2.018,-273.1,12.5,0.000,18.46,0
2026-09-18T11:24:46.025,179.018,255,2.018,-273.1,12.3,0.000,18.32,0
2026-09-18T11:24:46.125,179.118,255,2.018,-273.1,12.7,0.000,18.43,0
2026-09-18T11:24:46.228,179.221,255,2.018,-273.1,12.9,0.000,18.25,0
2026-09-18T11:24:46.326,179.319,255,2.018,-273.1,12.9,0.000,18.14,0
2026-09-18T11:24:46.428,179.421,255,2.018,-273.1,13.2,0.000,18.04,0
2026-09-18T11:24:46.528,179.521,255,2.018,-273.1,13.2,0.000,18.23,0
2026-09-18T11:24:46.628,179.621,255,2.019,-273.1,13.3,0.000,18.27,0
2026-09-18T11:24:46.727,179.720,255,2.018,-273.1,13.1,0.000,18.25,0
2026-09-18T11:24:46.828,179.821,255,2.018,-273.1,13.2,0.000,18.35,0
2026-09-18T11:24:46.928,179.921,255,2.018,-273.1,13.3,0.000,18.28,0
2026-09-18T11:24:47.028,180.021,255,2.018,-273.1,13.3,0.000,18.14,0
2026-09-18T11:24:47.129,180.122,255,2.018,-71.8,13.3,0.000,18.19,0
2026-09-18T11:24:47.228,180.221,255,2.018,-68.1,13.3,0.000,18.46,0
2026-09-18T11:24:47.329,180.321,255,2.018,-273.1,13.2,0.000,18.29,0
2026-09-18T11:24:47.429,180.422,255,2.018,-273.1,13.2,0.000,18.32,0
2026-09-18T11:24:47.530,180.523,255,2.018,-273.1,13.1,0.000,18.31,0
2026-09-18T11:24:47.632,180.625,255,2.018,-273.1,12.9,0.000,18.18,0
2026-09-18T11:24:47.731,180.724,255,2.018,-273.1,12.9,0.000,17.99,0
2026-09-18T11:24:47.830,180.823,255,2.017,-273.1,13.3,0.000,18.23,0
2026-09-18T11:24:47.930,180.923,255,2.018,-273.1,13.1,0.000,18.18,0
2026-09-18T11:24:48.030,181.023,255,2.018,-273.1,13.2,0.000,18.22,0
2026-09-18T11:24:48.132,181.125,255,2.018,-273.1,12.8,0.000,18.32,0
2026-09-18T11:24:48.233,181.226,255,2.018,-90.0,12.8,0.000,18.21,0
2026-09-18T11:24:48.331,181.324,255,2.017,-273.1,12.8,0.000,18.51,0
2026-09-18T11:24:48.431,181.424,255,2.018,-273.1,12.8,0.000,18.33,0
2026-09-18T11:24:48.532,181.525,255,2.018,-273.1,12.9,0.000,18.41,0
2026-09-18T11:24:48.632,181.625,255,2.018,-273.1,12.9,0.000,18.02,0
2026-09-18T11:24:48.733,181.726,255,2.018,-273.1,12.5,0.000,18.34,0
2026-09-18T11:24:48.834,181.827,255,2.018,-273.1,12.4,0.000,18.19,0
2026-09-18T11:24:48.936,181.929,255,2.018,-273.1,12.3,0.000,18.14,0
2026-09-18T11:24:49.034,182.027,255,2.018,-273.1,12.5,0.000,18.11,0
2026-09-18T11:24:49.135,182.128,255,2.018,-273.1,12.2,0.000,18.26,0
2026-09-18T11:24:49.234,182.227,255,2.018,-70.4,12.4,0.000,18.23,0
2026-09-18T11:24:49.335,182.328,255,2.018,-273.1,12.4,0.000,18.48,0
2026-09-18T11:24:49.436,182.429,255,2.018,-273.1,12.2,0.000,18.26,0
2026-09-18T11:24:49.537,182.530,255,2.018,-273.1,12.4,0.000,18.58,0
2026-09-18T11:24:49.636,182.629,255,2.018,-273.1,12.6,0.000,18.16,0
2026-09-18T11:24:49.737,182.729,255,2.018,-65.2,12.4,0.000,18.37,0
2026-09-18T11:24:49.838,182.831,255,2.019,-273.1,12.4,0.000,18.18,0
2026-09-18T11:24:49.938,182.931,255,2.018,-273.1,12.5,0.000,18.40,0
2026-09-18T11:24:50.039,183.032,255,2.018,-273.1,12.7,0.000,18.25,0
2026-09-18T11:24:50.138,183.131,255,2.018,-273.1,12.7,0.000,18.42,0
2026-09-18T11:24:50.239,183.232,255,2.019,-273.1,12.8,0.000,18.38,0
2026-09-18T11:24:50.341,183.334,255,2.019,-273.1,12.9,0.000,18.40,0
2026-09-18T11:24:50.439,183.432,255,2.018,-273.1,12.8,0.000,18.23,0
2026-09-18T11:24:50.539,183.532,255,2.018,-273.1,12.8,0.000,18.32,0
2026-09-18T11:24:50.639,183.632,255,2.018,-273.1,12.7,0.000,18.05,0
2026-09-18T11:24:50.740,183.733,255,2.018,-273.1,12.9,0.000,18.33,0
2026-09-18T11:24:50.839,183.832,255,2.020,-273.1,12.8,0.000,18.41,0
2026-09-18T11:24:50.939,183.932,255,2.018,-273.1,12.8,0.000,18.28,0
2026-09-18T11:24:51.042,184.034,255,2.019,-273.1,13.0,0.000,18.56,0
2026-09-18T11:24:51.141,184.134,255,2.018,-273.1,13.0,0.000,17.97,0
2026-09-18T11:24:51.242,184.235,255,2.019,-273.1,13.5,0.000,18.28,0
2026-09-18T11:24:51.342,184.335,255,2.018,-273.1,13.2,0.000,18.46,0
2026-09-18T11:24:51.443,184.436,255,2.019,-273.1,13.3,0.000,18.54,0
2026-09-18T11:24:51.543,184.536,255,2.018,-273.1,13.1,0.000,18.63,0
2026-09-18T11:24:51.645,184.638,255,2.018,-273.1,13.1,0.000,18.74,0
2026-09-18T11:24:51.745,184.738,255,2.018,-273.1,13.1,0.000,18.31,0
2026-09-18T11:24:51.845,184.838,255,2.018,-273.1,13.0,0.000,18.25,0
2026-09-18T11:24:51.945,184.938,255,2.018,-273.1,13.1,0.000,18.68,0
2026-09-18T11:24:52.046,185.039,255,2.018,-273.1,13.0,0.000,18.28,0
2026-09-18T11:24:52.147,185.139,255,2.018,-273.1,12.7,0.000,18.18,0
2026-09-18T11:24:52.247,185.240,255,2.018,-273.1,12.8,0.000,18.30,0
2026-09-18T11:24:52.346,185.339,255,2.018,-273.1,12.5,0.000,18.23,0
2026-09-18T11:24:52.447,185.440,255,2.018,-273.1,12.8,0.000,17.96,0
2026-09-18T11:24:52.547,185.540,255,2.018,-273.1,12.8,0.000,18.43,0
2026-09-18T11:24:52.648,185.641,255,2.018,-273.1,12.6,0.000,17.99,0
2026-09-18T11:24:52.751,185.744,255,2.018,-273.1,12.7,0.000,18.34,0
2026-09-18T11:24:52.849,185.842,255,2.018,-273.1,12.4,0.000,18.03,0
2026-09-18T11:24:52.950,185.942,255,2.017,-273.1,13.4,0.000,18.36,0
2026-09-18T11:24:53.050,186.043,255,2.018,-273.1,12.3,0.000,18.03,0
2026-09-18T11:24:53.151,186.144,255,2.017,-69.2,12.2,0.000,18.22,0
2026-09-18T11:24:53.250,186.243,255,2.018,-273.1,12.5,0.000,18.41,0
2026-09-18T11:24:53.351,186.344,255,2.018,-273.1,12.3,0.000,18.38,0
2026-09-18T11:24:53.450,186.443,255,2.017,-273.1,12.5,0.000,18.25,0
2026-09-18T11:24:53.555,186.548,255,2.018,-273.1,12.3,0.000,18.21,0
2026-09-18T11:24:53.651,186.644,255,2.018,-273.1,12.2,0.000,18.49,0
2026-09-18T11:24:53.751,186.744,255,2.018,-273.1,12.3,0.000,18.17,0
2026-09-18T11:24:53.853,186.846,255,2.018,-273.1,12.1,0.000,18.37,0
2026-09-18T11:24:53.952,186.945,255,2.019,-273.1,12.1,0.000,18.10,0
2026-09-18T11:24:54.053,187.046,255,2.018,-273.1,12.3,0.000,18.14,0
2026-09-18T11:24:54.153,187.146,255,2.019,-77.4,12.3,0.000,18.30,0
2026-09-18T11:24:54.254,187.247,255,2.019,-273.1,12.2,0.000,18.23,0
2026-09-18T11:24:54.355,187.348,255,2.018,-273.1,12.3,0.000,18.08,0
2026-09-18T11:24:54.455,187.448,255,2.018,-273.1,12.4,0.000,18.29,0
2026-09-18T11:24:54.552,187.545,255,2.018,-273.1,12.1,0.000,17.85,0
2026-09-18T11:24:54.653,187.646,255,2.019,-273.1,12.4,0.000,18.55,0
2026-09-18T11:24:54.754,187.747,255,2.017,-273.1,12.3,0.000,18.57,0
2026-09-18T11:24:54.854,187.847,255,2.019,-273.1,12.6,0.000,18.22,0
2026-09-18T11:24:54.954,187.947,255,2.019,-273.1,12.6,0.000,18.52,0
2026-09-18T11:24:55.057,188.050,255,2.018,-273.1,12.7,0.000,18.50,0
2026-09-18T11:24:55.155,188.148,255,2.017,-273.1,12.6,0.000,18.50,0
2026-09-18T11:24:55.256,188.249,255,2.018,-273.1,12.6,0.000,18.26,0
2026-09-18T11:24:55.356,188.349,255,2.019,-273.1,12.8,0.000,18.54,0
2026-09-18T11:24:55.457,188.450,255,2.018,-273.1,12.8,0.000,18.30,0
2026-09-18T11:24:55.558,188.550,255,2.018,-273.1,12.8,0.000,18.42,0
2026-09-18T11:24:55.656,188.649,255,2.019,-273.1,12.7,0.000,17.96,0
2026-09-18T11:24:55.756,188.749,255,2.018,-273.1,12.8,0.000,18.40,0
2026-09-18T11:24:55.856,188.849,255,2.018,-273.1,13.1,0.000,18.52,0
2026-09-18T11:24:55.957,188.950,255,2.019,-273.1,12.8,0.000,17.99,0
2026-09-18T11:24:56.056,189.049,255,2.018,-273.1,12.6,0.000,18.28,0
2026-09-18T11:24:56.158,189.151,255,2.019,-273.1,12.9,0.000,18.36,0
2026-09-18T11:24:56.258,189.251,255,2.019,-273.1,12.8,0.000,18.17,0
2026-09-18T11:24:56.359,189.352,255,2.019,-273.1,13.2,0.000,18.33,0
2026-09-18T11:24:56.459,189.452,255,2.019,-273.1,13.1,0.000,18.35,0
2026-09-18T11:24:56.558,189.551,255,2.019,-273.1,12.8,0.000,18.25,0
2026-09-18T11:24:56.658,189.651,255,2.018,-273.1,13.1,0.000,18.34,0
2026-09-18T11:24:56.759,189.752,255,2.018,-273.1,13.2,0.000,18.42,0
2026-09-18T11:24:56.861,189.854,255,2.018,-273.1,13.3,0.000,18.33,0
2026-09-18T11:24:56.960,189.953,255,2.018,-273.1,13.2,0.000,18.56,0
2026-09-18T11:24:57.061,190.054,255,2.018,-273.1,13.4,0.000,18.54,0
2026-09-18T11:24:57.159,190.152,255,2.018,-273.1,13.1,0.000,18.39,0
2026-09-18T11:24:57.259,190.252,255,2.018,-273.1,13.3,0.000,18.11,0
2026-09-18T11:24:57.361,190.354,255,2.018,-273.1,13.2,0.000,18.34,0
2026-09-18T11:24:57.461,190.454,255,2.018,-273.1,13.2,0.000,18.07,0
2026-09-18T11:24:57.561,190.554,255,2.018,-273.1,13.3,0.000,18.05,0
2026-09-18T11:24:57.660,190.653,255,2.018,-273.1,13.1,0.000,18.14,0
2026-09-18T11:24:57.761,190.754,255,2.018,-273.1,13.4,0.000,18.25,0
2026-09-18T11:24:57.862,190.855,255,2.019,-273.1,13.3,0.000,18.12,0
2026-09-18T11:24:57.963,190.956,255,2.018,-273.1,13.2,0.000,18.14,0
2026-09-18T11:24:58.066,191.059,255,2.019,-273.1,13.2,0.000,18.31,0
2026-09-18T11:24:58.165,191.158,255,2.018,-273.1,13.2,0.000,18.22,0
2026-09-18T11:24:58.264,191.257,255,2.017,-273.1,12.9,0.000,18.14,0
2026-09-18T11:24:58.364,191.357,255,2.018,-273.1,13.0,0.000,18.15,0
2026-09-18T11:24:58.464,191.457,255,2.018,-273.1,13.5,0.000,18.30,0
2026-09-18T11:24:58.565,191.558,255,2.018,-90.0,13.5,0.000,18.46,0
2026-09-18T11:24:58.666,191.659,255,2.018,-273.1,13.0,0.000,18.41,0
2026-09-18T11:24:58.766,191.759,255,2.018,-273.1,12.7,0.000,18.16,0
2026-09-18T11:24:58.866,191.859,255,2.018,-273.1,13.2,0.000,18.15,0
2026-09-18T11:24:58.967,191.960,255,2.018,-273.1,12.8,0.000,18.02,0
2026-09-18T11:24:59.066,192.059,255,2.018,-273.1,13.0,0.000,18.18,0
2026-09-18T11:24:59.167,192.160,255,2.018,-273.1,12.9,0.000,18.54,0
2026-09-18T11:24:59.266,192.259,255,2.018,-273.1,13.0,0.000,18.20,0
2026-09-18T11:24:59.368,192.361,255,2.018,-273.1,12.7,0.000,18.40,0
2026-09-18T11:24:59.469,192.461,255,2.019,-273.1,12.7,0.000,18.19,0
2026-09-18T11:24:59.569,192.562,255,2.018,-273.1,12.6,0.000,18.04,0
2026-09-18T11:24:59.669,192.662,255,2.018,-273.1,12.4,0.000,18.43,0
2026-09-18T11:24:59.769,192.762,255,2.018,-273.1,12.5,0.000,18.21,0
2026-09-18T11:24:59.870,192.863,255,2.018,-273.1,12.8,0.000,18.45,0
2026-09-18T11:24:59.970,192.963,255,2.018,-273.1,12.5,0.000,18.66,0
2026-09-18T11:25:00.070,193.063,255,2.018,-273.1,12.6,0.000,18.26,0
2026-09-18T11:25:00.171,193.164,255,2.018,-273.1,12.7,0.000,18.33,0
2026-09-18T11:25:00.272,193.265,255,2.018,-273.1,12.4,0.000,18.64,0
2026-09-18T11:25:00.371,193.364,255,2.018,-273.1,12.5,0.000,18.29,0
2026-09-18T11:25:00.472,193.465,255,2.018,-273.1,12.3,0.000,18.36,0
2026-09-18T11:25:00.572,193.565,255,2.018,-273.1,12.3,0.000,18.43,0
2026-09-18T11:25:00.672,193.665,255,2.018,-273.1,12.2,0.000,18.30,0
2026-09-18T11:25:00.773,193.765,255,2.018,-273.1,12.4,0.000,18.09,0
2026-09-18T11:25:00.873,193.866,255,2.018,-273.1,12.3,0.000,18.19,0
2026-09-18T11:25:00.973,193.966,255,2.019,-273.1,12.2,0.000,18.26,0
2026-09-18T11:25:01.074,194.067,255,2.018,-273.1,12.2,0.000,18.27,0
2026-09-18T11:25:01.175,194.168,255,2.018,-273.1,12.3,0.000,18.29,0
2026-09-18T11:25:01.275,194.268,255,2.018,-273.1,12.2,0.000,18.15,0
2026-09-18T11:25:01.379,194.372,255,2.019,-90.0,12.1,0.000,18.60,0
2026-09-18T11:25:01.474,194.467,255,2.018,-273.1,12.1,0.000,18.34,0
2026-09-18T11:25:01.574,194.567,255,2.018,-273.1,12.1,0.000,18.42,0
2026-09-18T11:25:01.675,194.668,255,2.018,-273.1,12.1,0.000,18.48,0
2026-09-18T11:25:01.776,194.769,255,2.018,-273.1,12.2,0.000,18.51,0
2026-09-18T11:25:01.876,194.869,255,2.018,-273.1,12.2,0.000,18.48,0
2026-09-18T11:25:01.976,194.969,255,2.018,-273.1,12.4,0.000,18.27,0
2026-09-18T11:25:02.077,195.070,255,2.018,-273.1,12.2,0.000,18.51,0
2026-09-18T11:25:02.176,195.169,255,2.018,-273.1,12.1,0.000,18.36,0
2026-09-18T11:25:02.275,195.268,255,2.018,-273.1,12.5,0.000,18.12,0
2026-09-18T11:25:02.376,195.369,255,2.018,-273.1,12.4,0.000,18.49,0
2026-09-18T11:25:02.476,195.469,255,2.018,-273.1,12.3,0.000,18.16,0
2026-09-18T11:25:02.577,195.570,255,2.018,-273.1,12.1,0.000,18.33,0
2026-09-18T11:25:02.677,195.670,255,2.019,-273.1,12.3,0.000,18.77,0
2026-09-18T11:25:02.778,195.770,255,2.018,-273.1,12.3,0.000,18.29,0
2026-09-18T11:25:02.877,195.870,255,2.018,-273.1,12.1,0.000,18.36,0
2026-09-18T11:25:02.977,195.970,255,2.018,-273.1,12.2,0.000,18.14,0
2026-09-18T11:25:03.078,196.071,255,2.018,-273.1,12.1,0.000,18.49,0
2026-09-18T11:25:03.179,196.172,255,2.018,-273.1,12.1,0.000,18.51,0
2026-09-18T11:25:03.278,196.271,255,2.018,-273.1,12.2,0.000,18.63,0
2026-09-18T11:25:03.379,196.372,255,2.018,-273.1,12.2,0.000,18.35,0
2026-09-18T11:25:03.480,196.473,255,2.019,-273.1,12.2,0.000,18.46,0
2026-09-18T11:25:03.580,196.573,255,2.018,-273.1,12.3,0.000,18.30,0
2026-09-18T11:25:03.681,196.674,255,2.018,-273.1,12.3,0.000,18.07,0
2026-09-18T11:25:03.781,196.774,255,2.018,-273.1,12.2,0.000,18.50,0
2026-09-18T11:25:03.881,196.874,255,2.019,-273.1,12.2,0.000,18.46,0
2026-09-18T11:25:03.981,196.974,255,2.018,-273.1,12.1,0.000,18.18,0
2026-09-18T11:25:04.080,197.073,255,2.018,-273.1,12.1,0.000,18.14,0
2026-09-18T11:25:04.183,197.176,255,2.018,-273.1,12.3,0.000,18.33,0
2026-09-18T11:25:04.281,197.274,255,2.018,-273.1,12.6,0.000,17.98,0
2026-09-18T11:25:04.384,197.377,255,2.019,-273.1,12.2,0.000,18.25,0
2026-09-18T11:25:04.481,197.474,255,2.018,-273.1,12.3,0.000,18.31,0
2026-09-18T11:25:04.581,197.574,255,2.018,-273.1,12.0,0.000,18.36,0
2026-09-18T11:25:04.682,197.675,255,2.018,-273.1,12.1,0.000,17.97,0
2026-09-18T11:25:04.782,197.775,255,2.018,-273.1,12.2,0.000,18.25,0
2026-09-18T11:25:04.882,197.875,255,2.018,-273.1,12.1,0.000,18.21,0
2026-09-18T11:25:04.983,197.976,255,2.018,-273.1,12.2,0.000,18.33,0
2026-09-18T11:25:05.083,198.076,255,2.018,-273.1,12.2,0.000,18.07,0
2026-09-18T11:25:05.184,198.177,255,2.019,-273.1,12.1,0.000,18.38,0
2026-09-18T11:25:05.284,198.277,255,2.018,-273.1,12.3,0.000,18.23,0
2026-09-18T11:25:05.387,198.379,255,2.018,-273.1,12.2,0.000,18.44,0
2026-09-18T11:25:05.483,198.476,255,2.018,-71.8,12.1,0.000,18.04,0
2026-09-18T11:25:05.583,198.576,255,2.019,-273.1,12.1,0.000,18.02,0
2026-09-18T11:25:05.684,198.677,255,2.018,-273.1,12.0,0.000,18.48,0
2026-09-18T11:25:05.784,198.777,255,2.019,-273.1,12.1,0.000,18.37,0
2026-09-18T11:25:05.884,198.877,255,2.019,-273.1,12.5,0.000,18.10,0
2026-09-18T11:25:05.985,198.978,255,2.019,-273.1,12.2,0.000,18.04,0
2026-09-18T11:25:06.084,199.077,255,2.018,-273.1,12.0,0.000,18.44,0
2026-09-18T11:25:06.185,199.178,255,2.018,-273.1,12.1,0.000,18.01,0
2026-09-18T11:25:06.285,199.278,255,2.018,-273.1,12.0,0.000,18.02,0
2026-09-18T11:25:06.386,199.379,255,2.018,-273.1,12.3,0.000,18.47,0
2026-09-18T11:25:06.486,199.479,255,2.019,-273.1,12.2,0.000,18.18,0
2026-09-18T11:25:06.587,199.580,255,2.018,-273.1,12.3,0.000,18.10,0
2026-09-18T11:25:06.687,199.680,255,2.019,-273.1,12.5,0.000,18.03,0
2026-09-18T11:25:06.787,199.780,255,2.018,-273.1,12.2,0.000,18.16,0
2026-09-18T11:25:06.888,199.881,255,2.018,-273.1,12.4,0.000,18.49,0
2026-09-18T11:25:06.989,199.982,255,2.018,-73.4,12.4,0.000,18.29,0
2026-09-18T11:25:07.089,200.082,255,2.019,-273.1,12.4,0.000,18.11,0
2026-09-18T11:25:07.189,200.182,255,2.018,-80.2,12.3,0.000,18.19,0
2026-09-18T11:25:07.290,200.283,255,2.019,-273.1,12.4,0.000,18.31,0
2026-09-18T11:25:07.391,200.384,255,2.018,-273.1,12.3,0.000,18.06,0
2026-09-18T11:25:07.489,200.482,255,2.018,-273.1,12.3,0.000,18.04,0
2026-09-18T11:25:07.591,200.584,255,2.019,-273.1,12.4,0.000,18.03,0
2026-09-18T11:25:07.689,200.682,255,2.018,-273.1,12.2,0.000,18.22,0
2026-09-18T11:25:07.790,200.783,255,2.019,-273.1,12.3,0.000,18.43,0
2026-09-18T11:25:07.889,200.882,255,2.018,-273.1,12.1,0.000,18.38,0
2026-09-18T11:25:07.990,200.983,255,2.018,-273.1,12.1,0.000,18.49,0
2026-09-18T11:25:08.089,201.082,255,2.018,-273.1,12.1,0.000,18.20,0
2026-09-18T11:25:08.190,201.183,255,2.018,-273.1,12.2,0.000,18.22,0
2026-09-18T11:25:08.292,201.285,255,2.018,-273.1,12.0,0.000,18.21,0
2026-09-18T11:25:08.390,201.383,255,2.019,-273.1,12.3,0.000,18.19,0
2026-09-18T11:25:08.491,201.483,255,2.019,-273.1,12.3,0.000,18.06,0
2026-09-18T11:25:08.592,201.584,255,2.019,-273.1,12.3,0.000,17.95,0
2026-09-18T11:25:08.691,201.684,255,2.018,-273.1,12.1,0.000,18.25,0
2026-09-18T11:25:08.791,201.784,255,2.018,-273.1,12.1,0.000,18.16,0
2026-09-18T11:25:08.891,201.884,255,2.018,-273.1,12.3,0.000,18.08,0
2026-09-18T11:25:08.992,201.985,255,2.018,-273.1,12.4,0.000,18.40,0
2026-09-18T11:25:09.092,202.085,255,2.018,-273.1,12.3,0.000,18.14,0
2026-09-18T11:25:09.192,202.185,255,2.018,-65.2,12.2,0.000,18.22,0
2026-09-18T11:25:09.292,202.285,255,2.019,-273.1,12.2,0.000,18.33,0
2026-09-18T11:25:09.393,202.386,255,2.018,-273.1,12.1,0.000,18.46,0
2026-09-18T11:25:09.494,202.487,255,2.018,-273.1,12.3,0.000,18.33,0
2026-09-18T11:25:09.594,202.587,255,2.020,-273.1,12.4,0.000,18.19,0
2026-09-18T11:25:09.695,202.688,255,2.018,-273.1,12.3,0.000,18.27,0
2026-09-18T11:25:09.795,202.788,255,2.018,-273.1,12.3,0.000,18.10,0
2026-09-18T11:25:09.896,202.889,255,2.019,-273.1,12.5,0.000,18.32,0
2026-09-18T11:25:09.996,202.989,255,2.019,-273.1,12.5,0.000,18.33,0
2026-09-18T11:25:10.097,203.090,255,2.019,-273.1,12.5,0.000,18.31,0
2026-09-18T11:25:10.198,203.191,255,2.019,-273.1,12.5,0.000,18.13,0
2026-09-18T11:25:10.298,203.291,255,2.019,-273.1,12.9,0.000,18.30,0
2026-09-18T11:25:10.399,203.392,255,2.019,-273.1,12.7,0.000,18.16,0
2026-09-18T11:25:10.498,203.491,255,2.019,-273.1,12.7,0.000,18.30,0
2026-09-18T11:25:10.599,203.592,255,2.019,-273.1,13.0,0.000,18.14,0
2026-09-18T11:25:10.699,203.692,255,2.019,-273.1,12.9,0.000,18.22,0
2026-09-18T11:25:10.800,203.793,255,2.019,-273.1,13.0,0.000,18.00,0
2026-09-18T11:25:10.900,203.892,255,2.019,-273.1,12.8,0.000,18.26,0
2026-09-18T11:25:11.002,203.995,255,2.019,-273.1,12.9,0.000,18.17,0
2026-09-18T11:25:11.100,204.093,255,2.019,-273.1,13.0,0.000,18.19,0
2026-09-18T11:25:11.203,204.196,255,2.019,-273.1,12.9,0.000,18.37,0
2026-09-18T11:25:11.300,204.293,255,2.019,-273.1,12.7,0.000,18.26,0
2026-09-18T11:25:11.401,204.394,255,2.019,-273.1,13.1,0.000,18.30,0
2026-09-18T11:25:11.501,204.494,255,2.019,-273.1,13.3,0.000,18.22,0
2026-09-18T11:25:11.602,204.595,255,2.019,-273.1,13.2,0.000,18.44,0
2026-09-18T11:25:11.702,204.695,255,2.019,-71.8,12.9,0.000,18.07,0
2026-09-18T11:25:11.801,204.794,255,2.019,-273.1,12.8,0.000,18.27,0
2026-09-18T11:25:11.902,204.895,255,2.019,-273.1,12.8,0.000,18.29,0
2026-09-18T11:25:12.001,204.994,255,2.019,-273.1,12.8,0.000,17.93,0
2026-09-18T11:25:12.102,205.095,255,2.019,-273.1,12.7,0.000,18.59,0
2026-09-18T11:25:12.203,205.196,255,2.019,-273.1,12.6,0.000,18.46,0
2026-09-18T11:25:12.302,205.294,255,2.019,-273.1,12.5,0.000,18.27,0
2026-09-18T11:25:12.402,205.395,255,2.019,-273.1,12.8,0.000,18.43,0
2026-09-18T11:25:12.503,205.496,255,2.019,-273.1,12.8,0.000,18.44,0
2026-09-18T11:25:12.603,205.596,255,2.019,-273.1,13.0,0.000,18.40,0
2026-09-18T11:25:12.703,205.695,255,2.019,-273.1,12.4,0.000,18.14,0
2026-09-18T11:25:12.805,205.798,255,2.019,-273.1,12.8,0.000,18.37,0
2026-09-18T11:25:12.905,205.898,255,2.019,-273.1,12.7,0.000,18.29,0
2026-09-18T11:25:13.004,205.996,255,2.020,-273.1,12.7,0.000,18.19,0
2026-09-18T11:25:13.104,206.097,255,2.019,-273.1,12.9,0.000,18.57,0
2026-09-18T11:25:13.204,206.197,255,2.019,-273.1,12.8,0.000,18.33,0
2026-09-18T11:25:13.305,206.298,255,2.020,-273.1,12.5,0.000,18.30,0
2026-09-18T11:25:13.405,206.398,255,2.019,-273.1,12.8,0.000,18.06,0
2026-09-18T11:25:13.507,206.500,255,2.019,-273.1,12.7,0.000,18.45,0
2026-09-18T11:25:13.605,206.598,255,2.019,-273.1,12.6,0.000,18.43,0
2026-09-18T11:25:13.705,206.698,255,2.019,-68.1,12.8,0.000,18.29,0
2026-09-18T11:25:13.806,206.799,255,2.019,-273.1,12.7,0.000,18.26,0
2026-09-18T11:25:13.905,206.898,255,2.019,-273.1,12.7,0.000,18.26,0
2026-09-18T11:25:14.005,206.998,255,2.019,-273.1,12.6,0.000,18.10,0
2026-09-18T11:25:14.105,207.098,255,2.019,-273.1,12.6,0.000,18.09,0
2026-09-18T11:25:14.206,207.199,255,2.019,-71.8,12.5,0.000,17.95,0
2026-09-18T11:25:14.306,207.299,255,2.019,-273.1,12.7,0.000,18.26,0
2026-09-18T11:25:14.407,207.400,255,2.019,-273.1,12.9,0.000,18.37,0
2026-09-18T11:25:14.507,207.500,255,2.019,-273.1,12.9,0.000,18.22,0
2026-09-18T11:25:14.608,207.601,255,2.019,-273.1,12.8,0.000,18.26,0
2026-09-18T11:25:14.707,207.700,255,2.020,-273.1,12.6,0.000,18.10,0
2026-09-18T11:25:14.808,207.801,255,2.018,-273.1,12.6,0.000,18.19,0
2026-09-18T11:25:14.907,207.900,255,2.019,-273.1,12.6,0.000,18.34,0
2026-09-18T11:25:15.008,208.001,255,2.019,-273.1,12.7,0.000,18.69,0
2026-09-18T11:25:15.107,208.100,255,2.019,-273.1,12.5,0.000,18.21,0
2026-09-18T11:25:15.209,208.202,255,2.019,-273.1,12.5,0.000,18.49,0
2026-09-18T11:25:15.308,208.301,255,2.019,-83.9,12.5,0.000,18.04,0
2026-09-18T11:25:15.407,208.400,255,2.019,-273.1,12.4,0.000,18.23,0
2026-09-18T11:25:15.508,208.501,255,2.019,-273.1,12.2,0.000,18.15,0
2026-09-18T11:25:15.608,208.601,255,2.019,-273.1,12.6,0.000,18.20,0
2026-09-18T11:25:15.708,208.701,255,2.019,-273.1,12.4,0.000,18.51,0
2026-09-18T11:25:15.808,208.801,255,2.019,-77.4,12.5,0.000,18.23,0
2026-09-18T11:25:15.909,208.902,255,2.019,-273.1,12.4,0.000,18.14,0
2026-09-18T11:25:16.009,209.002,255,2.019,-273.1,12.6,0.000,17.93,0
2026-09-18T11:25:16.109,209.102,255,2.019,-273.1,12.6,0.000,18.22,0
2026-09-18T11:25:16.210,209.203,255,2.019,-273.1,12.5,0.000,18.40,0
2026-09-18T11:25:16.311,209.304,255,2.019,-273.1,12.5,0.000,18.58,0
2026-09-18T11:25:16.412,209.405,255,2.019,-273.1,12.7,0.000,18.15,0
2026-09-18T11:25:16.511,209.504,255,2.019,-273.1,12.7,0.000,18.05,0
2026-09-18T11:25:16.611,209.604,255,2.019,-273.1,12.8,0.000,18.15,0
2026-09-18T11:25:16.712,209.705,255,2.019,-273.1,12.9,0.000,18.08,0
2026-09-18T11:25:16.814,209.807,255,2.019,-273.1,12.9,0.000,18.36,0
2026-09-18T11:25:16.914,209.907,255,2.019,-273.1,13.2,0.000,18.28,0
2026-09-18T11:25:17.014,210.007,255,2.019,-273.1,13.0,0.000,18.33,0
2026-09-18T11:25:17.115,210.108,255,2.019,-273.1,13.0,0.000,18.32,0
2026-09-18T11:25:17.216,210.209,255,2.019,-273.1,13.2,0.000,18.30,0
2026-09-18T11:25:17.317,210.310,255,2.019,-273.1,13.1,0.000,18.23,0
2026-09-18T11:25:17.416,210.409,255,2.019,-273.1,13.0,0.000,18.02,0
2026-09-18T11:25:17.517,210.510,255,2.019,-273.1,13.0,0.000,18.09,0
2026-09-18T11:25:17.616,210.609,255,2.019,-273.1,13.0,0.000,18.28,0
2026-09-18T11:25:17.716,210.709,255,2.019,-273.1,13.0,0.000,18.30,0
2026-09-18T11:25:17.817,210.810,255,2.019,-90.0,13.0,0.000,18.08,0
2026-09-18T11:25:17.916,210.909,255,2.019,-273.1,13.0,0.000,18.12,0
2026-09-18T11:25:18.017,211.010,255,2.019,-273.1,13.1,0.000,18.12,0
2026-09-18T11:25:18.117,211.110,255,2.019,-273.1,13.0,0.000,18.28,0
2026-09-18T11:25:18.217,211.210,255,2.019,-273.1,13.1,0.000,18.43,0
2026-09-18T11:25:18.318,211.311,255,2.019,-273.1,13.0,0.000,18.00,0
2026-09-18T11:25:18.419,211.411,255,2.020,-273.1,13.2,0.000,18.07,0
2026-09-18T11:25:18.518,211.511,255,2.019,-273.1,13.0,0.000,18.21,0
2026-09-18T11:25:18.618,211.611,255,2.019,-273.1,13.0,0.000,18.31,0
2026-09-18T11:25:18.718,211.711,255,2.019,-273.1,13.1,0.000,18.26,0
2026-09-18T11:25:18.820,211.813,255,2.019,-273.1,13.0,0.000,18.25,0
2026-09-18T11:25:18.919,211.912,255,2.018,-273.1,12.9,0.000,18.41,0
2026-09-18T11:25:19.018,212.011,255,2.019,-273.1,13.0,0.000,18.38,0
2026-09-18T11:25:19.119,212.112,255,2.019,-273.1,13.0,0.000,18.25,0
2026-09-18T11:25:19.219,212.212,255,2.019,-273.1,13.1,0.000,18.63,0
2026-09-18T11:25:19.319,212.312,255,2.019,-273.1,13.1,0.000,18.41,0
2026-09-18T11:25:19.419,212.412,255,2.019,-273.1,13.1,0.000,17.89,0
2026-09-18T11:25:19.519,212.512,255,2.019,-273.1,12.9,0.000,18.01,0
2026-09-18T11:25:19.620,212.613,255,2.019,-273.1,12.9,0.000,18.26,0
2026-09-18T11:25:19.721,212.714,255,2.017,-273.1,12.8,0.000,18.22,0
2026-09-18T11:25:19.819,212.812,255,2.018,-273.1,12.7,0.000,18.06,0
2026-09-18T11:25:19.919,212.912,255,2.018,-273.1,12.8,0.000,18.00,0
2026-09-18T11:25:20.020,213.013,255,2.017,-273.1,13.0,0.000,18.23,0
2026-09-18T11:25:20.119,213.112,255,2.016,-273.1,14.4,0.000,18.19,0
2026-09-18T11:25:20.219,213.212,0,0.001,-273.1,12.9,0.000,17.48,0
2026-09-18T11:25:20.319,213.312,0,0.001,-273.1,13.4,0.000,8.91,0
2026-09-18T11:25:20.420,213.413,0,0.001,-273.1,13.8,0.000,3.96,0
2026-09-18T11:25:20.519,213.512,0,0.001,-273.1,14.0,0.000,1.91,0
2026-09-18T11:25:20.619,213.612,0,0.001,-273.1,14.2,0.000,0.89,0
2026-09-18T11:25:20.720,213.713,0,0.001,-273.1,14.3,0.000,0.50,0
2026-09-18T11:25:20.821,213.814,0,0.001,-273.1,14.1,0.000,0.31,0
2026-09-18T11:25:20.921,213.914,0,0.001,-273.1,14.2,0.000,0.32,0
2026-09-18T11:25:21.021,214.014,0,0.001,-273.1,14.2,0.000,0.06,0
2026-09-18T11:25:21.124,214.117,0,0.001,-273.1,14.4,0.000,0.05,0
2026-09-18T11:25:21.223,214.216,0,0.001,-273.1,14.6,0.000,0.00,0
2026-09-18T11:25:21.323,214.316,0,0.001,-273.1,14.7,0.000,0.08,0
2026-09-18T11:25:21.424,214.417,0,0.001,-273.1,14.5,0.000,-0.07,0
2026-09-18T11:25:21.523,214.516,0,0.001,-273.1,14.4,0.000,0.28,0
2026-09-18T11:25:21.624,214.617,0,0.001,-273.1,14.5,0.000,0.09,0
2026-09-18T11:25:21.724,214.717,0,0.001,-273.1,14.5,0.000,0.06,0
2026-09-18T11:25:21.826,214.819,0,0.001,-273.1,14.8,0.000,-0.18,0
2026-09-18T11:25:21.926,214.919,0,0.000,-273.1,14.7,0.000,0.06,0
2026-09-18T11:25:22.026,215.018,0,0.001,-273.1,14.7,0.000,0.03,0
2026-09-18T11:25:22.127,215.119,0,0.000,-273.1,14.8,0.000,0.06,0
2026-09-18T11:25:22.226,215.219,0,0.001,-273.1,14.5,0.000,0.16,0
