timestamp,elapsed_s,pwm,current_A,t1_casing_C,t2_magnet_C,force_N,flux_mT,fault
2026-09-15T19:35:50.063,4.832,0,0.000,-273.1,15.1,8.419,0.32,0
2026-09-15T19:35:50.162,4.932,0,0.000,-273.1,15.1,8.419,0.30,0
2026-09-15T19:35:50.263,5.032,0,0.000,-273.1,15.0,8.419,0.08,0
2026-09-15T19:35:50.363,5.132,0,0.000,-273.1,15.1,8.419,0.17,0
2026-09-15T19:35:50.463,5.232,0,0.000,-273.1,15.2,8.419,0.23,0
2026-09-15T19:35:50.564,5.333,0,0.000,-273.1,15.3,8.419,0.13,0
2026-09-15T19:35:50.662,5.432,0,0.000,-273.1,15.1,8.419,0.35,0
2026-09-15T19:35:50.763,5.533,0,0.000,-273.1,15.0,8.419,0.28,0
2026-09-15T19:35:50.863,5.632,0,0.000,-273.1,15.2,8.419,-0.08,0
2026-09-15T19:35:50.963,5.732,0,-0.000,-273.1,15.2,8.419,0.17,0
2026-09-15T19:35:51.064,5.834,0,0.000,-273.1,15.3,8.419,0.36,0
2026-09-15T19:35:51.163,5.933,0,0.000,-273.1,15.0,8.419,0.28,0
2026-09-15T19:35:51.264,6.034,0,0.000,-273.1,15.1,8.419,-0.01,0
2026-09-15T19:35:51.364,6.133,0,0.000,-273.1,15.1,8.419,-0.06,0
2026-09-15T19:35:51.465,6.235,0,0.000,-273.1,15.0,8.419,-0.35,0
2026-09-15T19:35:51.565,6.334,0,0.000,-273.1,15.1,8.419,0.05,0
2026-09-15T19:35:51.665,0.063,0,0.000,-273.1,15.1,8.419,-0.09,0
2026-09-15T19:35:51.765,0.028,0,0.000,-273.1,15.1,8.419,-0.12,0
2026-09-15T19:35:51.865,0.128,0,0.000,-273.1,15.2,8.419,-0.13,0
2026-09-15T19:35:51.970,0.234,0,0.000,-273.1,14.7,8.419,-0.04,0
2026-09-15T19:35:52.070,0.334,0,0.000,-273.1,14.7,8.419,0.13,0
2026-09-15T19:35:52.171,0.435,0,0.000,-273.1,14.7,8.419,0.02,0
2026-09-15T19:35:52.272,0.536,0,0.000,-69.2,14.6,8.419,0.03,0
2026-09-15T19:35:52.376,0.640,0,0.000,-273.1,14.6,8.419,0.02,0
2026-09-15T19:35:52.473,0.737,0,-0.000,-273.1,14.8,8.419,0.05,0
2026-09-15T19:35:52.573,0.045,0,0.000,-273.1,14.6,8.419,-0.13,0
2026-09-15T19:35:52.673,0.144,0,0.000,-77.4,14.8,8.419,0.21,0
2026-09-15T19:35:52.774,0.081,0,0.000,-273.1,14.5,8.419,0.17,0
2026-09-15T19:35:52.874,0.181,0,0.000,-273.1,14.6,8.419,-0.07,0
2026-09-15T19:35:52.973,0.281,0,0.000,-273.1,14.5,8.419,0.12,0
2026-09-15T19:35:53.073,0.381,0,0.000,-273.1,14.7,8.419,0.00,0
2026-09-15T19:35:53.173,0.481,0,0.000,-273.1,14.8,8.419,0.10,0
2026-09-15T19:35:53.274,0.582,0,0.000,-273.1,14.5,8.419,-0.02,0
2026-09-15T19:35:53.374,0.682,0,0.000,-273.1,14.6,8.419,-0.09,0
2026-09-15T19:35:53.474,0.781,0,0.000,-273.1,14.5,8.419,0.03,0
2026-09-15T19:35:53.575,0.883,0,0.000,-273.1,14.5,8.419,0.06,0
2026-09-15T19:35:53.675,0.983,0,0.000,-273.1,14.5,8.419,0.19,0
2026-09-15T19:35:53.776,1.083,0,0.000,-273.1,14.6,8.419,-0.04,0
2026-09-15T19:35:53.877,1.185,0,-0.000,-273.1,14.7,8.419,-0.09,0
2026-09-15T19:35:53.977,1.284,0,0.000,-273.1,14.6,8.419,0.22,0
2026-09-15T19:35:54.078,1.385,0,0.000,-273.1,14.9,8.419,0.20,0
2026-09-15T19:35:54.179,1.486,0,-0.000,-273.1,14.8,8.419,-0.16,0
2026-09-15T19:35:54.278,1.586,0,0.000,-273.1,14.8,8.419,0.03,0
2026-09-15T19:35:54.378,1.686,0,0.000,-273.1,15.0,8.419,0.02,0
2026-09-15T19:35:54.479,1.787,0,-0.000,-273.1,15.1,8.419,-0.03,0
2026-09-15T19:35:54.580,1.887,0,0.000,-90.0,14.8,8.419,-0.12,0
2026-09-15T19:35:54.680,1.987,0,0.000,-273.1,14.9,8.419,-0.07,0
2026-09-15T19:35:54.779,2.087,0,0.000,-273.1,14.7,8.419,0.05,0
2026-09-15T19:35:54.879,2.187,0,0.000,-273.1,14.9,8.419,0.04,0
2026-09-15T19:35:54.980,2.287,0,0.000,-273.1,14.9,8.419,-0.04,0
2026-09-15T19:35:55.080,2.387,0,0.000,-90.0,14.7,8.419,0.04,0
2026-09-15T19:35:55.181,2.489,0,0.000,-273.1,15.2,8.419,-0.15,0
2026-09-15T19:35:55.282,2.590,0,0.000,-273.1,14.9,8.419,0.14,0
2026-09-15T19:35:55.382,2.690,0,0.000,-70.4,14.9,8.419,0.03,0
2026-09-15T19:35:55.482,2.789,0,0.000,-273.1,15.0,8.419,-0.08,0
2026-09-15T19:35:55.583,2.891,0,0.000,-68.1,15.1,8.419,-0.03,0
2026-09-15T19:35:55.684,2.992,10,0.002,-273.1,15.1,8.419,-0.03,0
2026-09-15T19:35:55.784,3.092,10,0.003,-69.2,15.1,8.419,0.35,0
2026-09-15T19:35:55.885,3.192,20,0.081,-273.1,15.3,8.419,-0.03,0
2026-09-15T19:35:55.985,3.292,20,0.057,-273.1,15.2,8.419,0.13,0
2026-09-15T19:35:56.084,3.391,30,0.248,-273.1,15.0,8.419,0.53,0
2026-09-15T19:35:56.184,3.492,30,0.246,-273.1,15.1,8.419,0.80,0
2026-09-15T19:35:56.285,3.592,30,0.240,-83.9,15.0,8.419,1.06,0
2026-09-15T19:35:56.386,3.694,40,0.406,-66.1,14.8,8.419,1.39,0
2026-09-15T19:35:56.487,3.795,40,0.408,-66.1,14.8,8.419,2.16,0
2026-09-15T19:35:56.585,3.892,50,0.558,-273.1,15.0,8.419,2.10,0
2026-09-15T19:35:56.685,3.992,60,0.697,-273.1,14.7,8.419,2.61,0
2026-09-15T19:35:56.785,4.092,60,0.729,-273.1,14.9,8.419,3.51,0
2026-09-15T19:35:56.885,4.193,70,0.809,-273.1,14.7,8.419,2.37,0
2026-09-15T19:35:56.985,4.293,70,0.799,-273.1,14.6,8.419,3.48,0
2026-09-15T19:35:57.086,4.393,80,0.860,-273.1,14.7,8.419,3.78,0
2026-09-15T19:35:57.186,4.494,80,0.896,-273.1,14.4,8.419,4.78,0
2026-09-15T19:35:57.286,4.594,90,0.895,-273.1,14.9,8.419,3.87,0
2026-09-15T19:35:57.389,4.697,90,0.910,-273.1,14.5,8.419,4.08,0
2026-09-15T19:35:57.487,4.795,100,0.913,-273.1,14.8,8.419,4.40,0
2026-09-15T19:35:57.586,4.893,100,0.915,-273.1,14.8,8.419,4.16,0
2026-09-15T19:35:57.686,4.994,110,0.938,-273.1,14.5,8.419,4.37,0
2026-09-15T19:35:57.786,5.094,120,0.973,-273.1,14.8,8.419,4.11,0
2026-09-15T19:35:57.886,5.194,120,0.995,-273.1,14.5,8.419,4.74,0
2026-09-15T19:35:57.987,5.294,130,1.021,-273.1,14.8,8.419,4.03,0
2026-09-15T19:35:58.088,5.395,130,0.976,-273.1,14.7,8.419,4.31,0
2026-09-15T19:35:58.188,5.495,140,1.000,-273.1,14.7,8.419,3.61,0
2026-09-15T19:35:58.293,5.600,140,1.000,-273.1,14.7,8.419,4.05,0
2026-09-15T19:35:58.389,5.696,150,1.055,-273.1,14.6,8.419,4.16,0
2026-09-15T19:35:58.488,5.796,150,1.038,-273.1,14.7,8.419,4.49,0
2026-09-15T19:35:58.588,5.896,160,1.064,-273.1,14.4,8.419,4.96,0
2026-09-15T19:35:58.688,5.996,160,1.055,-273.1,14.6,8.419,4.38,0
2026-09-15T19:35:58.789,6.096,170,1.067,-273.1,14.6,8.419,4.64,0
2026-09-15T19:35:58.888,6.196,170,1.068,-273.1,14.6,8.419,4.55,0
2026-09-15T19:35:58.988,6.296,180,1.072,-273.1,14.6,8.419,5.54,0
2026-09-15T19:35:59.090,6.397,180,1.084,-273.1,14.6,8.419,4.60,0
2026-09-15T19:35:59.189,6.496,190,1.109,-273.1,14.5,8.419,5.11,0
2026-09-15T19:35:59.290,6.597,190,1.113,-273.1,14.8,8.419,4.45,0
2026-09-15T19:35:59.391,6.699,200,1.097,-273.1,14.5,8.419,4.75,0
2026-09-15T19:35:59.490,6.798,200,1.129,-273.1,14.7,8.419,4.68,0
2026-09-15T19:35:59.590,6.897,200,1.134,-273.1,14.7,8.419,5.16,0
2026-09-15T19:35:59.690,6.998,200,1.133,-273.1,14.6,8.419,4.69,0
2026-09-15T19:35:59.790,7.098,200,1.119,-273.1,14.8,8.419,4.77,0
2026-09-15T19:35:59.890,7.197,200,1.132,-273.1,14.5,8.419,5.19,0
2026-09-15T19:35:59.991,7.298,200,1.146,-273.1,14.5,8.419,4.77,0
2026-09-15T19:36:00.095,7.402,200,1.124,-273.1,14.5,8.419,3.84,0
2026-09-15T19:36:00.192,7.500,200,1.146,-273.1,14.7,8.419,4.53,0
2026-09-15T19:36:00.292,7.600,210,1.162,-273.1,14.4,8.419,4.82,0
2026-09-15T19:36:00.392,7.700,210,1.169,-273.1,14.4,8.419,4.43,0
2026-09-15T19:36:00.493,7.800,220,1.170,-273.1,14.4,8.419,4.74,0
2026-09-15T19:36:00.594,7.901,220,1.157,-80.2,14.6,8.419,4.63,0
2026-09-15T19:36:00.694,8.001,230,1.166,-273.1,14.3,8.419,4.85,0
2026-09-15T19:36:00.794,8.102,230,1.182,-70.4,14.3,8.419,4.72,0
2026-09-15T19:36:00.894,8.201,230,1.192,-273.1,14.4,8.419,4.87,0
2026-09-15T19:36:00.994,8.301,240,1.193,-273.1,14.8,8.419,4.98,0
2026-09-15T19:36:01.094,8.401,240,1.182,-273.1,14.4,8.419,5.03,0
2026-09-15T19:36:01.195,8.502,250,1.227,-273.1,14.5,8.419,5.03,0
2026-09-15T19:36:01.294,8.602,250,1.238,-273.1,14.2,8.419,5.12,0
2026-09-15T19:36:01.399,8.707,255,1.234,-273.1,14.5,8.419,5.22,0
2026-09-15T19:36:01.494,8.802,255,1.237,-273.1,14.5,8.419,4.97,0
2026-09-15T19:36:01.594,8.902,255,1.240,-273.1,14.3,8.419,4.93,0
2026-09-15T19:36:01.694,9.002,255,1.243,-273.1,14.5,8.419,4.98,0
2026-09-15T19:36:01.795,9.102,255,1.245,-69.2,14.5,8.419,4.94,0
2026-09-15T19:36:01.894,9.202,255,1.247,-273.1,14.5,8.419,5.35,0
2026-09-15T19:36:01.994,9.301,255,1.249,-273.1,14.7,8.419,5.30,0
2026-09-15T19:36:02.094,9.402,255,1.250,-273.1,14.5,8.419,5.22,0
2026-09-15T19:36:02.194,9.501,255,1.253,-273.1,14.5,8.419,5.05,0
2026-09-15T19:36:02.294,9.601,255,1.254,-273.1,14.7,8.419,5.14,0
2026-09-15T19:36:02.394,9.701,255,1.257,-273.1,14.6,8.419,5.25,0
2026-09-15T19:36:02.494,9.801,255,1.258,-273.1,14.6,8.419,5.23,0
2026-09-15T19:36:02.597,9.905,255,1.260,-273.1,14.4,8.419,5.33,0
2026-09-15T19:36:02.695,10.002,255,1.262,-273.1,14.6,8.419,5.28,0
2026-09-15T19:36:02.795,10.102,255,1.263,-273.1,14.6,8.419,5.21,0
2026-09-15T19:36:02.895,10.202,255,1.265,-273.1,14.5,8.419,5.05,0
2026-09-15T19:36:02.996,10.303,255,1.266,-273.1,14.8,8.419,5.16,0
2026-09-15T19:36:03.096,10.403,255,1.268,-273.1,14.5,8.419,5.37,0
2026-09-15T19:36:03.197,10.504,255,1.269,-273.1,14.4,8.419,5.00,0
2026-09-15T19:36:03.297,10.604,255,1.271,-273.1,14.7,8.419,5.31,0
2026-09-15T19:36:03.396,10.704,255,1.272,-273.1,14.5,8.419,5.03,0
2026-09-15T19:36:03.500,10.808,255,1.273,-273.1,14.2,8.419,5.34,0
2026-09-15T19:36:03.597,10.905,255,1.274,-273.1,14.5,8.419,5.35,0
2026-09-15T19:36:03.697,11.005,255,1.276,-273.1,14.6,8.419,5.10,0
2026-09-15T19:36:03.797,11.105,255,1.276,-273.1,14.4,8.419,5.15,0
2026-09-15T19:36:03.897,11.204,255,1.278,-273.1,14.5,8.419,5.24,0
2026-09-15T19:36:03.997,11.304,255,1.278,-65.2,14.4,8.419,5.38,0
2026-09-15T19:36:04.098,11.405,255,1.280,-273.1,14.5,8.419,5.13,0
2026-09-15T19:36:04.199,11.506,255,1.281,-273.1,14.5,8.419,5.01,0
2026-09-15T19:36:04.299,11.606,255,1.281,-273.1,14.4,8.419,4.99,0
2026-09-15T19:36:04.399,11.707,255,1.283,-273.1,14.2,8.419,5.34,0
2026-09-15T19:36:04.501,11.808,255,1.284,-67.0,14.2,8.419,5.38,0
2026-09-15T19:36:04.605,11.913,255,1.285,-273.1,14.0,8.419,5.28,0
2026-09-15T19:36:04.702,12.009,255,1.286,-273.1,14.1,8.419,5.28,0
2026-09-15T19:36:04.802,12.110,255,1.287,-273.1,14.2,8.419,5.20,0
2026-09-15T19:36:04.902,12.210,255,1.288,-273.1,14.2,8.419,5.08,0
2026-09-15T19:36:05.002,12.310,255,1.290,-273.1,14.3,8.419,5.69,0
2026-09-15T19:36:05.104,12.411,255,1.291,-273.1,14.2,8.419,5.53,0
2026-09-15T19:36:05.202,12.510,255,1.291,-273.1,14.1,8.419,5.42,0
2026-09-15T19:36:05.303,12.611,255,1.292,-273.1,14.2,8.419,5.24,0
2026-09-15T19:36:05.403,12.710,255,1.293,-273.1,14.1,8.419,5.38,0
2026-09-15T19:36:05.503,12.810,255,1.295,-273.1,14.1,8.419,5.56,0
2026-09-15T19:36:05.603,12.910,255,1.296,-273.1,14.1,8.419,5.31,0
2026-09-15T19:36:05.703,13.010,255,1.296,-273.1,14.1,8.419,5.20,0
2026-09-15T19:36:05.804,13.111,255,1.298,-273.1,14.0,8.419,5.53,0
2026-09-15T19:36:05.904,13.211,255,1.299,-273.1,14.1,8.419,5.34,0
2026-09-15T19:36:06.004,13.311,255,1.300,-273.1,14.0,8.419,5.21,0
2026-09-15T19:36:06.104,13.411,255,1.301,-273.1,14.0,8.419,5.31,0
2026-09-15T19:36:06.205,13.512,255,1.301,-273.1,14.2,8.419,5.62,0
2026-09-15T19:36:06.304,13.612,255,1.302,-273.1,14.2,8.419,5.37,0
2026-09-15T19:36:06.405,13.713,255,1.303,-273.1,13.9,8.419,5.31,0
2026-09-15T19:36:06.507,13.814,255,1.304,-273.1,13.9,8.419,5.30,0
2026-09-15T19:36:06.607,13.914,255,1.305,-273.1,14.1,8.419,5.34,0
2026-09-15T19:36:06.708,14.015,255,1.306,-273.1,13.9,8.419,5.44,0
2026-09-15T19:36:06.811,14.118,255,1.307,-273.1,13.9,8.419,5.39,0
2026-09-15T19:36:06.908,14.215,255,1.308,-273.1,13.9,8.419,5.39,0
2026-09-15T19:36:07.008,14.315,255,1.309,-273.1,14.0,8.419,5.35,0
2026-09-15T19:36:07.109,14.416,255,1.310,-70.4,14.0,8.419,5.52,0
2026-09-15T19:36:07.209,14.516,255,1.311,-58.8,14.0,8.419,5.33,0
2026-09-15T19:36:07.312,14.620,255,1.312,-273.1,14.3,8.419,5.28,0
2026-09-15T19:36:07.409,14.716,255,1.314,-273.1,14.1,8.419,5.41,0
2026-09-15T19:36:07.509,14.816,255,1.315,-273.1,14.0,8.419,5.27,0
2026-09-15T19:36:07.610,14.917,255,1.316,-273.1,14.0,8.419,5.19,0
2026-09-15T19:36:07.710,15.017,255,1.317,-77.4,13.9,8.419,5.33,0
2026-09-15T19:36:07.813,15.120,255,1.318,-273.1,14.2,8.419,5.51,0
2026-09-15T19:36:07.912,15.220,255,1.319,-77.4,14.1,8.419,5.34,0
2026-09-15T19:36:08.010,15.317,255,1.319,-273.1,14.3,8.419,5.61,0
2026-09-15T19:36:08.110,15.418,255,1.321,-90.0,13.9,8.419,5.47,0
2026-09-15T19:36:08.210,15.517,255,1.321,-273.1,14.1,8.419,5.50,0
2026-09-15T19:36:08.310,15.617,255,1.322,-273.1,14.0,8.419,5.50,0
2026-09-15T19:36:08.410,15.717,255,1.323,-73.4,13.9,8.419,5.35,0
2026-09-15T19:36:08.509,15.817,255,1.324,-273.1,13.8,8.419,5.10,0
2026-09-15T19:36:08.610,15.918,255,1.325,-64.4,14.0,8.419,5.49,0
2026-09-15T19:36:08.712,16.020,255,1.326,-273.1,13.9,8.419,5.57,0
2026-09-15T19:36:08.811,16.118,255,1.327,-273.1,14.0,8.419,5.59,0
2026-09-15T19:36:08.911,16.218,255,1.328,-273.1,14.2,8.419,5.44,0
2026-09-15T19:36:09.010,16.318,255,1.328,-273.1,14.0,8.419,5.24,0
2026-09-15T19:36:09.111,16.419,255,1.329,-273.1,14.0,8.419,5.48,0
2026-09-15T19:36:09.211,16.518,255,1.331,-73.4,14.1,8.419,5.72,0
2026-09-15T19:36:09.310,16.618,255,1.332,-73.4,13.8,8.419,5.39,0
2026-09-15T19:36:09.412,16.719,255,1.333,-273.1,14.0,8.419,5.50,0
2026-09-15T19:36:09.512,16.820,255,1.334,-273.1,14.4,8.419,5.50,0
2026-09-15T19:36:09.613,16.920,255,1.335,-273.1,14.2,8.419,5.54,0
2026-09-15T19:36:09.712,17.020,255,1.335,-273.1,14.3,8.419,5.49,0
2026-09-15T19:36:09.813,17.121,255,1.337,-273.1,15.0,8.419,5.47,0
2026-09-15T19:36:09.914,17.221,255,1.338,-273.1,14.4,8.419,5.42,0
2026-09-15T19:36:10.014,17.321,255,1.339,-273.1,14.1,8.419,5.36,0
2026-09-15T19:36:10.114,17.421,255,1.340,-273.1,14.3,8.419,5.46,0
2026-09-15T19:36:10.214,17.521,255,1.342,-273.1,14.2,8.419,5.65,0
2026-09-15T19:36:10.317,17.624,255,1.344,-273.1,14.1,8.419,5.48,0
2026-09-15T19:36:10.414,17.722,255,1.344,-273.1,14.1,8.419,5.35,0
2026-09-15T19:36:10.517,17.824,255,1.346,-273.1,14.2,8.419,5.44,0
2026-09-15T19:36:10.615,17.922,255,1.347,-273.1,14.1,8.419,5.64,0
2026-09-15T19:36:10.715,18.022,255,1.347,-273.1,14.2,8.419,5.54,0
2026-09-15T19:36:10.814,18.122,255,1.348,-273.1,14.4,8.419,5.59,0
2026-09-15T19:36:10.915,18.223,255,1.349,-273.1,14.2,8.419,5.64,0
2026-09-15T19:36:11.017,18.324,255,1.351,-273.1,14.4,8.419,5.52,0
2026-09-15T19:36:11.116,18.424,255,1.351,-273.1,14.4,8.419,5.63,0
2026-09-15T19:36:11.217,18.525,255,1.352,-273.1,14.7,8.419,5.74,0
2026-09-15T19:36:11.317,18.625,255,1.353,-273.1,14.4,8.419,5.84,0
2026-09-15T19:36:11.417,18.724,255,1.354,-273.1,14.5,8.419,5.58,0
2026-09-15T19:36:11.516,18.824,255,1.355,-273.1,14.4,8.419,5.79,0
2026-09-15T19:36:11.616,18.924,255,1.356,-273.1,14.4,8.419,5.74,0
2026-09-15T19:36:11.717,19.024,255,1.357,-273.1,14.4,8.419,5.52,0
2026-09-15T19:36:11.817,19.124,255,1.357,-273.1,14.3,8.419,5.16,0
2026-09-15T19:36:11.917,19.225,255,1.359,-273.1,14.5,8.419,5.63,0
2026-09-15T19:36:12.018,19.325,255,1.360,-63.6,14.4,8.419,5.70,0
2026-09-15T19:36:12.118,19.425,255,1.361,-273.1,14.5,8.419,5.48,0
2026-09-15T19:36:12.218,19.525,255,1.362,-273.1,14.3,8.419,5.64,0
2026-09-15T19:36:12.318,19.625,255,1.363,-273.1,14.4,8.419,5.72,0
2026-09-15T19:36:12.417,19.725,255,1.364,-273.1,14.5,8.419,5.43,0
2026-09-15T19:36:12.517,19.825,255,1.365,-273.1,14.3,8.419,5.66,0
2026-09-15T19:36:12.617,19.925,255,1.366,-273.1,14.5,8.419,5.43,0
2026-09-15T19:36:12.718,20.026,255,1.367,-273.1,14.4,8.419,5.30,0
2026-09-15T19:36:12.819,20.126,255,1.368,-273.1,14.4,8.419,5.52,0
2026-09-15T19:36:12.918,20.226,255,1.369,-273.1,15.0,8.419,5.54,0
2026-09-15T19:36:13.019,20.327,255,1.369,-273.1,14.5,8.419,5.48,0
2026-09-15T19:36:13.122,20.429,255,1.371,-273.1,14.4,8.419,5.75,0
2026-09-15T19:36:13.219,20.527,255,1.371,-273.1,14.5,8.419,5.59,0
2026-09-15T19:36:13.319,20.627,255,1.372,-273.1,14.4,8.419,5.55,0
2026-09-15T19:36:13.419,20.726,255,1.373,-273.1,14.4,8.419,5.68,0
2026-09-15T19:36:13.520,20.827,255,1.374,-273.1,14.5,8.419,5.54,0
2026-09-15T19:36:13.620,20.927,255,1.375,-273.1,14.7,8.419,5.59,0
2026-09-15T19:36:13.719,21.027,255,1.377,-273.1,14.6,8.419,5.58,0
2026-09-15T19:36:13.819,21.126,255,1.377,-273.1,14.2,8.419,5.61,0
2026-09-15T19:36:13.920,21.227,255,1.378,-273.1,14.4,8.419,5.65,0
2026-09-15T19:36:14.019,21.327,255,1.380,-273.1,14.4,8.419,5.93,0
2026-09-15T19:36:14.119,21.427,255,1.381,-273.1,14.3,8.419,5.89,0
2026-09-15T19:36:14.220,21.528,255,1.382,-273.1,14.3,8.419,5.63,0
2026-09-15T19:36:14.320,21.627,255,1.385,-273.1,14.2,8.419,5.73,0
2026-09-15T19:36:14.421,21.729,255,1.386,-273.1,14.4,8.419,5.79,0
2026-09-15T19:36:14.521,21.829,255,1.386,-273.1,14.4,8.419,5.86,0
2026-09-15T19:36:14.621,21.929,255,1.386,-273.1,14.5,8.419,5.81,0
2026-09-15T19:36:14.722,22.030,255,1.387,-273.1,14.4,8.419,6.01,0
2026-09-15T19:36:14.822,22.129,255,1.388,-273.1,14.4,8.419,5.78,0
2026-09-15T19:36:14.923,22.230,255,1.388,-273.1,14.5,8.419,5.70,0
2026-09-15T19:36:15.023,22.330,255,1.390,-90.0,14.4,8.419,5.90,0
2026-09-15T19:36:15.122,22.430,255,1.391,-273.1,14.6,8.419,5.78,0
2026-09-15T19:36:15.222,22.530,255,1.391,-273.1,17.4,8.419,5.87,0
2026-09-15T19:36:15.322,22.630,255,1.392,-273.1,14.6,8.419,5.85,0
2026-09-15T19:36:15.422,22.729,255,1.393,-90.0,14.5,8.419,6.01,0
2026-09-15T19:36:15.523,22.830,255,1.393,-273.1,14.7,8.419,5.46,0
2026-09-15T19:36:15.622,22.930,255,1.399,-273.1,14.3,8.419,5.68,0
2026-09-15T19:36:15.722,23.030,255,1.398,-273.1,14.3,8.419,5.84,0
2026-09-15T19:36:15.823,23.131,255,1.398,-90.0,14.7,8.419,5.69,0
2026-09-15T19:36:15.924,23.232,255,1.399,-273.1,14.3,8.419,5.54,0
2026-09-15T19:36:16.024,23.331,255,1.400,-273.1,14.5,8.419,5.54,0
2026-09-15T19:36:16.125,23.432,255,1.401,-273.1,14.4,8.419,5.71,0
2026-09-15T19:36:16.224,23.532,255,1.401,-273.1,14.5,8.419,5.76,0
2026-09-15T19:36:16.324,23.632,255,1.402,-273.1,14.4,8.419,5.70,0
2026-09-15T19:36:16.424,23.732,255,1.403,-273.1,14.5,8.419,5.79,0
2026-09-15T19:36:16.524,23.832,255,1.403,-273.1,14.5,8.419,5.86,0
2026-09-15T19:36:16.625,23.933,255,1.405,-273.1,14.4,8.419,5.76,0
2026-09-15T19:36:16.725,24.032,255,1.405,-67.0,14.3,8.419,5.90,0
2026-09-15T19:36:16.825,24.133,255,1.406,-273.1,14.5,8.419,5.88,0
2026-09-15T19:36:16.925,24.233,255,1.407,-273.1,14.4,8.419,5.91,0
2026-09-15T19:36:17.025,24.333,255,1.408,-273.1,14.4,8.419,6.04,0
2026-09-15T19:36:17.125,24.432,255,1.408,-273.1,14.3,8.419,6.02,0
2026-09-15T19:36:17.228,24.535,255,1.410,-273.1,14.5,8.419,5.53,0
2026-09-15T19:36:17.326,24.634,255,1.410,-273.1,14.6,8.419,5.86,0
2026-09-15T19:36:17.426,24.734,255,1.411,-273.1,14.4,8.419,5.69,0
2026-09-15T19:36:17.526,24.834,255,1.412,-273.1,14.4,8.419,5.95,0
2026-09-15T19:36:17.626,24.934,255,1.412,-273.1,14.5,8.419,5.83,0
2026-09-15T19:36:17.726,25.034,255,1.413,-273.1,14.4,8.419,5.57,0
2026-09-15T19:36:17.826,25.133,255,1.414,-273.1,14.4,8.419,6.11,0
2026-09-15T19:36:17.926,25.234,255,1.416,-273.1,14.3,8.419,5.83,0
2026-09-15T19:36:18.027,25.335,255,1.416,-273.1,14.5,8.419,5.79,0
2026-09-15T19:36:18.130,25.437,255,1.417,-273.1,14.3,8.419,5.82,0
2026-09-15T19:36:18.231,25.539,255,1.418,-273.1,14.6,8.419,5.77,0
2026-09-15T19:36:18.329,25.636,255,1.419,-273.1,14.4,8.419,5.87,0
2026-09-15T19:36:18.427,25.735,255,1.420,-273.1,14.5,8.419,5.65,0
2026-09-15T19:36:18.527,25.835,255,1.420,-273.1,14.4,8.419,5.89,0
2026-09-15T19:36:18.628,25.935,255,1.421,-273.1,14.4,8.419,6.16,0
2026-09-15T19:36:18.727,26.035,255,1.422,-273.1,14.5,8.419,5.72,0
2026-09-15T19:36:18.827,26.135,255,1.423,-273.1,14.4,8.419,5.79,0
2026-09-15T19:36:18.927,26.235,255,1.424,-273.1,14.5,8.419,5.79,0
2026-09-15T19:36:19.027,26.334,255,1.425,-273.1,14.6,8.419,6.04,0
2026-09-15T19:36:19.127,26.434,255,1.425,-273.1,14.3,8.419,5.82,0
2026-09-15T19:36:19.228,26.535,255,1.426,-273.1,14.5,8.419,6.02,0
2026-09-15T19:36:19.332,26.639,255,1.427,-273.1,14.5,8.419,5.74,0
2026-09-15T19:36:19.431,26.738,255,1.428,-273.1,14.4,8.419,5.79,0
2026-09-15T19:36:19.530,26.837,255,1.429,-273.1,14.6,8.419,5.73,0
2026-09-15T19:36:19.630,26.937,255,1.430,-273.1,14.5,8.419,5.72,0
2026-09-15T19:36:19.731,27.038,255,1.432,-273.1,14.2,8.419,5.76,0
2026-09-15T19:36:19.832,27.139,255,1.433,-273.1,14.0,8.419,6.09,0
2026-09-15T19:36:19.933,27.240,255,1.433,-273.1,14.1,8.419,6.26,0
2026-09-15T19:36:20.034,27.341,255,1.434,-60.4,13.9,8.419,6.03,0
2026-09-15T19:36:20.135,27.442,255,1.435,-273.1,14.0,8.419,6.11,0
2026-09-15T19:36:20.234,27.542,255,1.434,-273.1,13.9,8.419,5.81,0
2026-09-15T19:36:20.336,27.643,255,1.436,-273.1,14.3,8.419,5.91,0
2026-09-15T19:36:20.435,27.743,255,1.437,-273.1,13.9,8.419,6.06,0
2026-09-15T19:36:20.535,27.842,255,1.439,-273.1,14.1,8.419,6.04,0
2026-09-15T19:36:20.635,27.942,255,1.439,-273.1,14.1,8.419,5.89,0
2026-09-15T19:36:20.735,28.042,255,1.440,-273.1,14.1,8.419,5.74,0
2026-09-15T19:36:20.834,28.142,255,1.441,-273.1,14.2,8.419,6.01,0
2026-09-15T19:36:20.934,28.241,255,1.442,-273.1,14.6,8.419,6.28,0
2026-09-15T19:36:21.034,28.341,255,1.442,-273.1,14.4,8.419,5.72,0
2026-09-15T19:36:21.135,28.442,255,1.443,-273.1,14.2,8.419,5.90,0
2026-09-15T19:36:21.235,28.542,255,1.444,-273.1,14.2,8.419,5.67,0
2026-09-15T19:36:21.335,28.642,255,1.445,-273.1,14.0,8.419,5.86,0
2026-09-15T19:36:21.434,28.741,255,1.446,-273.1,14.4,8.419,5.88,0
2026-09-15T19:36:21.535,28.843,255,1.447,-273.1,14.3,8.419,5.91,0
2026-09-15T19:36:21.635,28.942,255,1.448,-273.1,14.6,8.419,6.14,0
2026-09-15T19:36:21.736,29.043,255,1.449,-273.1,14.1,8.419,5.98,0
2026-09-15T19:36:21.837,29.144,255,1.450,-273.1,14.2,8.419,5.74,0
2026-09-15T19:36:21.936,29.244,255,1.451,-273.1,14.1,8.419,6.05,0
2026-09-15T19:36:22.036,29.343,255,1.451,-273.1,14.1,8.419,5.89,0
2026-09-15T19:36:22.135,29.443,255,1.453,-273.1,14.2,8.419,5.90,0
2026-09-15T19:36:22.237,29.544,255,1.454,-77.4,14.1,8.419,5.75,0
2026-09-15T19:36:22.341,29.649,255,1.455,-90.0,13.9,8.419,6.26,0
2026-09-15T19:36:22.438,29.746,255,1.457,-273.1,14.0,8.419,5.95,0
2026-09-15T19:36:22.538,29.846,255,1.457,-273.1,13.9,8.419,5.76,0
2026-09-15T19:36:22.638,29.945,255,1.459,-273.1,14.1,8.419,6.15,0
2026-09-15T19:36:22.738,30.046,255,1.459,-273.1,13.9,8.419,5.83,0
2026-09-15T19:36:22.838,30.146,255,1.461,-273.1,14.0,8.419,6.32,0
2026-09-15T19:36:22.938,30.246,255,1.462,-273.1,14.1,8.419,6.08,0
2026-09-15T19:36:23.038,30.345,255,1.462,-273.1,13.0,8.419,6.08,0
2026-09-15T19:36:23.138,30.445,255,1.464,-273.1,14.1,8.419,5.96,0
2026-09-15T19:36:23.241,30.548,255,1.465,-273.1,14.0,8.419,5.95,0
2026-09-15T19:36:23.338,30.646,255,1.466,-273.1,14.2,8.419,6.02,0
2026-09-15T19:36:23.438,30.745,255,1.467,-273.1,14.1,8.419,5.79,0
2026-09-15T19:36:23.539,30.846,255,1.469,-273.1,14.1,8.419,5.93,0
2026-09-15T19:36:23.640,30.947,255,1.469,-273.1,14.1,8.419,5.93,0
2026-09-15T19:36:23.740,31.047,255,1.469,-273.1,14.1,8.419,6.11,0
2026-09-15T19:36:23.839,31.147,255,1.470,-273.1,13.9,8.419,5.89,0
2026-09-15T19:36:23.939,31.247,255,1.471,-273.1,14.1,8.419,6.33,0
2026-09-15T19:36:24.039,31.346,255,1.472,-273.1,14.2,8.419,6.00,0
2026-09-15T19:36:24.139,31.447,255,1.473,-273.1,14.1,8.419,5.92,0
2026-09-15T19:36:24.239,31.546,255,1.474,-273.1,14.2,8.419,5.90,0
2026-09-15T19:36:24.342,31.649,255,1.474,-273.1,14.4,8.419,5.96,0
2026-09-15T19:36:24.442,31.749,255,1.476,-273.1,14.2,8.419,6.11,0
2026-09-15T19:36:24.539,31.846,255,1.477,-273.1,14.0,8.419,5.97,0
2026-09-15T19:36:24.640,31.948,255,1.478,-75.2,13.9,8.419,6.11,0
2026-09-15T19:36:24.740,32.048,255,1.479,-273.1,14.1,8.419,6.04,0
2026-09-15T19:36:24.840,32.147,255,1.480,-273.1,14.1,8.419,5.98,0
2026-09-15T19:36:24.940,32.248,255,1.480,-273.1,14.0,8.419,6.02,0
2026-09-15T19:36:25.042,32.349,255,1.481,-273.1,13.8,8.419,6.05,0
2026-09-15T19:36:25.142,32.449,255,1.482,-273.1,13.7,8.419,6.11,0
2026-09-15T19:36:25.242,32.550,255,1.483,-273.1,14.0,8.419,6.08,0
2026-09-15T19:36:25.343,32.651,255,1.483,-273.1,14.0,8.419,6.25,0
2026-09-15T19:36:25.445,32.752,255,1.485,-273.1,13.8,8.419,5.93,0
2026-09-15T19:36:25.546,32.853,255,1.485,-80.2,13.9,8.419,6.04,0
2026-09-15T19:36:25.646,32.954,255,1.486,-273.1,13.7,8.419,6.16,0
2026-09-15T19:36:25.744,33.051,255,1.486,-273.1,13.9,8.419,6.01,0
2026-09-15T19:36:25.843,33.151,255,1.487,-273.1,13.8,8.419,5.93,0
2026-09-15T19:36:25.945,33.252,255,1.487,-273.1,13.8,8.419,6.22,0
2026-09-15T19:36:26.045,33.352,255,1.487,-273.1,14.0,8.419,5.95,0
2026-09-15T19:36:26.145,33.453,255,1.488,-73.4,13.7,8.419,6.03,0
2026-09-15T19:36:26.246,33.554,255,1.489,-273.1,13.9,8.419,6.01,0
2026-09-15T19:36:26.346,33.653,255,1.490,-273.1,14.2,8.419,6.14,0
2026-09-15T19:36:26.445,33.753,255,1.491,-273.1,13.9,8.419,6.08,0
2026-09-15T19:36:26.547,33.854,255,1.492,-273.1,13.9,8.419,6.10,0
2026-09-15T19:36:26.646,33.954,255,1.493,-273.1,13.9,8.419,6.26,0
2026-09-15T19:36:26.748,34.055,255,1.495,-273.1,13.9,8.419,5.93,0
2026-09-15T19:36:26.852,34.160,255,1.496,-273.1,14.0,8.419,6.10,0
2026-09-15T19:36:26.947,34.254,255,1.496,-273.1,13.7,8.419,6.19,0
2026-09-15T19:36:27.047,34.354,255,1.496,-273.1,13.7,8.419,5.89,0
2026-09-15T19:36:27.147,34.454,255,1.497,-273.1,13.9,8.419,6.30,0
2026-09-15T19:36:27.247,34.554,255,1.497,-90.0,14.1,8.419,6.30,0
2026-09-15T19:36:27.347,34.655,255,1.497,-273.1,13.8,8.419,6.23,0
2026-09-15T19:36:27.447,34.754,255,1.497,-273.1,13.9,8.419,6.21,0
2026-09-15T19:36:27.547,34.854,255,1.497,-273.1,14.0,8.419,6.23,0
2026-09-15T19:36:27.647,34.954,255,1.496,-69.2,13.9,8.419,6.30,0
2026-09-15T19:36:27.748,35.055,255,1.496,-273.1,13.7,8.419,6.15,0
2026-09-15T19:36:27.849,35.156,255,1.496,-273.1,13.8,8.419,6.14,0
2026-09-15T19:36:27.948,35.256,255,1.496,-273.1,13.9,8.419,6.08,0
2026-09-15T19:36:28.051,35.358,255,1.498,-273.1,14.0,8.419,6.21,0
2026-09-15T19:36:28.152,35.460,255,1.499,-273.1,14.0,8.419,6.05,0
2026-09-15T19:36:28.251,35.558,255,1.500,-273.1,13.9,8.419,6.04,0
2026-09-15T19:36:28.352,35.659,255,1.501,-273.1,14.3,8.419,6.09,0
2026-09-15T19:36:28.453,35.760,255,1.503,-273.1,14.1,8.419,6.16,0
2026-09-15T19:36:28.552,35.860,255,1.505,-273.1,14.2,8.419,6.41,0
2026-09-15T19:36:28.653,35.961,255,1.507,-273.1,14.2,8.419,6.21,0
2026-09-15T19:36:28.753,36.061,255,1.510,-273.1,14.3,8.419,6.19,0
2026-09-15T19:36:28.853,36.161,255,1.511,-273.1,16.1,8.419,6.20,0
2026-09-15T19:36:28.953,36.260,255,1.512,-273.1,14.1,8.419,6.39,0
2026-09-15T19:36:29.053,36.360,255,1.513,-273.1,14.0,8.419,6.17,0
2026-09-15T19:36:29.154,36.461,255,1.513,-273.1,15.3,8.419,6.25,0
2026-09-15T19:36:29.259,36.566,255,1.516,-273.1,14.5,8.419,6.12,0
2026-09-15T19:36:29.355,36.663,255,1.517,-273.1,14.5,8.419,6.30,0
2026-09-15T19:36:29.456,36.764,255,1.519,-273.1,14.4,8.419,6.22,0
2026-09-15T19:36:29.557,36.865,255,1.520,-273.1,14.6,8.419,5.91,0
2026-09-15T19:36:29.657,36.964,255,1.521,-273.1,14.4,8.419,6.39,0
2026-09-15T19:36:29.757,37.064,255,1.523,-273.1,14.4,8.419,6.30,0
2026-09-15T19:36:29.857,37.165,255,1.524,-273.1,14.4,8.419,6.26,0
2026-09-15T19:36:29.958,37.266,255,1.526,-273.1,14.4,8.419,6.31,0
2026-09-15T19:36:30.058,37.365,255,1.526,-273.1,14.4,8.419,6.43,0
2026-09-15T19:36:30.158,37.465,255,1.528,-273.1,14.3,8.419,6.29,0
2026-09-15T19:36:30.258,37.565,255,1.530,-273.1,14.3,8.419,6.27,0
2026-09-15T19:36:30.358,37.666,255,1.530,-273.1,14.4,8.419,6.45,0
2026-09-15T19:36:30.461,37.769,255,1.531,-273.1,14.4,8.419,6.53,0
2026-09-15T19:36:30.558,37.866,255,1.532,-273.1,14.4,8.419,6.16,0
2026-09-15T19:36:30.658,37.966,255,1.533,-273.1,14.3,8.419,6.18,0
2026-09-15T19:36:30.759,38.067,255,1.534,-273.1,14.3,8.419,6.32,0
2026-09-15T19:36:30.860,38.167,255,1.535,-273.1,14.3,8.419,6.26,0
2026-09-15T19:36:30.960,38.267,255,1.536,-273.1,14.3,8.419,6.46,0
2026-09-15T19:36:31.059,38.367,255,1.537,-68.1,14.4,8.419,6.32,0
2026-09-15T19:36:31.160,38.467,255,1.537,-273.1,14.2,8.419,6.34,0
2026-09-15T19:36:31.259,38.567,255,1.539,-273.1,14.4,8.419,6.44,0
2026-09-15T19:36:31.360,38.668,255,1.539,-273.1,14.3,8.419,6.39,0
2026-09-15T19:36:31.460,38.767,255,1.541,-273.1,14.5,8.419,6.15,0
2026-09-15T19:36:31.559,38.867,255,1.542,-90.0,14.3,8.419,6.52,0
2026-09-15T19:36:31.662,38.970,255,1.542,-61.0,14.4,8.419,6.37,0
2026-09-15T19:36:31.761,39.068,255,1.542,-80.2,14.6,8.419,6.17,0
2026-09-15T19:36:31.862,39.169,255,1.543,-273.1,14.6,8.419,6.59,0
2026-09-15T19:36:31.959,39.267,255,1.544,-273.1,14.4,8.419,6.42,0
2026-09-15T19:36:32.060,39.368,255,1.545,-273.1,14.3,8.419,6.40,0
2026-09-15T19:36:32.161,39.469,255,1.547,-273.1,14.4,8.419,6.39,0
2026-09-15T19:36:32.261,39.568,255,1.548,-273.1,14.5,8.419,6.18,0
2026-09-15T19:36:32.361,39.668,255,1.548,-273.1,14.2,8.419,6.47,0
2026-09-15T19:36:32.461,39.768,255,1.550,-273.1,14.6,8.419,6.39,0
2026-09-15T19:36:32.563,39.870,255,1.551,-273.1,14.5,8.419,6.35,0
2026-09-15T19:36:32.663,39.970,255,1.551,-273.1,14.3,8.419,6.28,0
2026-09-15T19:36:32.763,40.070,255,1.551,-273.1,14.5,8.419,6.31,0
2026-09-15T19:36:32.862,40.170,255,1.554,-273.1,14.3,8.419,6.42,0
2026-09-15T19:36:32.963,40.271,255,1.554,-273.1,14.3,8.419,6.52,0
2026-09-15T19:36:33.063,40.371,255,1.556,-273.1,14.3,8.419,6.60,0
2026-09-15T19:36:33.163,40.471,255,1.556,-273.1,14.3,8.419,6.27,0
2026-09-15T19:36:33.263,40.571,255,1.558,-273.1,14.4,8.419,6.73,0
2026-09-15T19:36:33.362,40.670,255,1.559,-90.0,14.4,8.419,6.33,0
2026-09-15T19:36:33.462,40.770,255,1.559,-80.2,14.3,8.419,6.39,0
2026-09-15T19:36:33.564,40.871,255,1.561,-273.1,14.5,8.419,6.37,0
2026-09-15T19:36:33.664,40.971,255,1.562,-273.1,14.4,8.419,6.31,0
2026-09-15T19:36:33.764,41.071,255,1.563,-273.1,14.4,8.419,6.43,0
2026-09-15T19:36:33.864,41.172,255,1.564,-273.1,14.3,8.419,6.18,0
2026-09-15T19:36:33.967,41.274,255,1.567,-273.1,14.4,8.419,6.30,0
2026-09-15T19:36:34.065,41.373,255,1.568,-273.1,14.4,8.419,6.30,0
2026-09-15T19:36:34.164,41.472,255,1.569,-77.4,14.3,8.419,6.67,0
2026-09-15T19:36:34.266,41.574,255,1.571,-273.1,14.4,8.419,6.33,0
2026-09-15T19:36:34.366,41.674,255,1.572,-273.1,14.2,8.419,6.51,0
2026-09-15T19:36:34.466,41.774,255,1.573,-273.1,14.2,8.419,6.68,0
2026-09-15T19:36:34.566,41.873,255,1.574,-273.1,14.2,8.419,6.57,0
2026-09-15T19:36:34.666,41.974,255,1.575,-273.1,14.4,8.419,6.61,0
2026-09-15T19:36:34.766,42.074,255,1.577,-73.4,14.4,8.419,6.38,0
2026-09-15T19:36:34.866,42.174,255,1.578,-273.1,14.3,8.419,6.49,0
2026-09-15T19:36:34.966,42.274,255,1.578,-273.1,14.3,8.419,6.32,0
2026-09-15T19:36:35.066,42.374,255,1.579,-273.1,14.3,8.419,6.41,0
2026-09-15T19:36:35.166,42.474,255,1.580,-273.1,14.3,8.419,6.54,0
2026-09-15T19:36:35.269,42.577,255,1.581,-273.1,14.5,8.419,6.82,0
2026-09-15T19:36:35.367,42.674,255,1.582,-273.1,14.3,8.419,6.42,0
2026-09-15T19:36:35.467,42.774,255,1.583,-273.1,14.3,8.419,6.56,0
2026-09-15T19:36:35.567,42.874,255,1.585,-273.1,14.4,8.419,6.40,0
2026-09-15T19:36:35.666,42.974,255,1.586,-273.1,15.8,8.419,6.47,0
2026-09-15T19:36:35.766,43.074,255,1.588,-273.1,14.3,8.419,6.87,0
2026-09-15T19:36:35.866,43.174,255,1.590,-273.1,14.3,8.419,6.47,0
2026-09-15T19:36:35.967,43.274,255,1.590,-273.1,14.2,8.419,6.35,0
2026-09-15T19:36:36.068,43.376,255,1.592,-273.1,14.2,8.419,6.58,0
2026-09-15T19:36:36.169,43.476,255,1.592,-273.1,14.2,8.419,6.36,0
2026-09-15T19:36:36.271,43.579,255,1.593,-273.1,14.3,8.419,6.61,0
2026-09-15T19:36:36.371,43.679,255,1.597,-273.1,13.9,8.419,6.45,0
2026-09-15T19:36:36.471,43.779,255,1.598,-273.1,13.9,8.419,6.46,0
2026-09-15T19:36:36.571,43.878,255,1.600,-273.1,14.0,8.419,6.65,0
2026-09-15T19:36:36.672,43.979,255,1.600,-67.0,14.2,8.419,6.39,0
2026-09-15T19:36:36.772,44.079,255,1.602,-80.2,14.2,8.419,6.66,0
2026-09-15T19:36:36.872,44.179,255,1.602,-83.9,14.3,8.419,6.56,0
2026-09-15T19:36:36.971,44.279,255,1.603,-273.1,14.2,8.419,6.74,0
2026-09-15T19:36:37.071,44.379,255,1.604,-75.2,13.8,8.419,6.79,0
2026-09-15T19:36:37.172,44.479,255,1.605,-273.1,13.9,8.419,6.53,0
2026-09-15T19:36:37.273,44.580,255,1.607,-273.1,14.0,8.419,6.72,0
2026-09-15T19:36:37.373,44.680,255,1.607,-273.1,14.1,8.419,6.74,0
2026-09-15T19:36:37.472,44.780,255,1.608,-273.1,14.0,8.419,6.31,0
2026-09-15T19:36:37.572,44.879,255,1.611,-75.2,14.2,8.419,6.70,0
2026-09-15T19:36:37.673,44.981,255,1.613,-273.1,14.1,8.419,6.65,0
2026-09-15T19:36:37.773,45.081,255,1.616,-273.1,14.2,8.419,6.45,0
2026-09-15T19:36:37.874,45.181,255,1.617,-273.1,14.1,8.419,6.79,0
2026-09-15T19:36:37.974,45.281,255,1.618,-273.1,14.0,8.419,6.39,0
2026-09-15T19:36:38.077,45.385,255,1.619,-273.1,14.0,8.419,6.75,0
2026-09-15T19:36:38.175,45.482,255,1.619,-273.1,13.9,8.419,6.63,0
2026-09-15T19:36:38.275,45.582,255,1.624,-273.1,14.0,8.419,6.61,0
2026-09-15T19:36:38.375,45.682,255,1.624,-273.1,13.9,8.419,6.54,0
2026-09-15T19:36:38.475,45.782,255,1.625,-273.1,14.1,8.419,6.58,0
2026-09-15T19:36:38.574,45.882,255,1.626,-273.1,14.0,8.419,6.53,0
2026-09-15T19:36:38.674,45.982,255,1.627,-273.1,14.0,8.419,6.76,0
2026-09-15T19:36:38.774,46.081,255,1.628,-273.1,14.0,8.419,6.73,0
2026-09-15T19:36:38.875,46.183,255,1.629,-273.1,14.0,8.419,6.69,0
2026-09-15T19:36:38.976,46.284,255,1.630,-273.1,13.7,8.419,6.59,0
2026-09-15T19:36:39.076,46.384,255,1.630,-273.1,13.8,8.419,6.61,0
2026-09-15T19:36:39.177,46.484,255,1.631,-273.1,13.9,8.419,6.65,0
2026-09-15T19:36:39.280,46.588,255,1.632,-273.1,13.7,8.419,6.82,0
2026-09-15T19:36:39.380,46.687,255,1.633,-273.1,13.8,8.419,6.73,0
2026-09-15T19:36:39.479,46.787,255,1.633,-273.1,13.6,8.419,6.73,0
2026-09-15T19:36:39.580,46.887,255,1.634,-273.1,14.0,8.419,6.72,0
2026-09-15T19:36:39.681,46.988,255,1.634,-273.1,13.8,8.419,6.64,0
2026-09-15T19:36:39.781,47.088,255,1.635,-273.1,13.7,8.419,6.73,0
2026-09-15T19:36:39.881,47.188,255,1.636,-273.1,12.8,8.419,7.13,0
2026-09-15T19:36:39.980,47.287,255,1.636,-273.1,14.4,8.419,6.59,0
2026-09-15T19:36:40.081,47.389,255,1.638,-71.8,13.6,8.419,6.65,0
2026-09-15T19:36:40.181,47.489,255,1.638,-273.1,13.7,8.419,6.95,0
2026-09-15T19:36:40.281,47.588,255,1.639,-273.1,13.7,8.419,6.82,0
2026-09-15T19:36:40.382,47.690,255,1.640,-273.1,13.8,8.419,6.88,0
2026-09-15T19:36:40.482,47.790,255,1.641,-273.1,13.8,8.419,6.79,0
2026-09-15T19:36:40.583,47.890,255,1.641,-273.1,13.8,8.419,6.62,0
2026-09-15T19:36:40.683,47.991,255,1.642,-273.1,13.8,8.419,6.81,0
2026-09-15T19:36:40.783,48.091,255,1.643,-273.1,13.9,8.419,6.64,0
2026-09-15T19:36:40.884,48.192,255,1.644,-273.1,13.9,8.419,7.00,0
2026-09-15T19:36:40.984,48.291,255,1.645,-273.1,14.0,8.419,6.64,0
2026-09-15T19:36:41.085,48.392,255,1.645,-273.1,14.0,8.419,6.79,0
2026-09-15T19:36:41.185,48.493,255,1.645,-273.1,14.0,8.419,6.81,0
2026-09-15T19:36:41.285,48.593,255,1.646,-273.1,14.2,8.419,6.97,0
2026-09-15T19:36:41.385,48.692,255,1.647,-273.1,14.3,8.419,6.67,0
2026-09-15T19:36:41.487,48.794,255,1.648,-273.1,14.0,8.419,6.78,0
2026-09-15T19:36:41.585,48.892,255,1.650,-273.1,14.2,8.419,6.86,0
2026-09-15T19:36:41.685,48.993,255,1.650,-273.1,14.1,8.419,6.85,0
2026-09-15T19:36:41.785,49.092,255,1.650,-273.1,13.9,8.419,6.81,0
2026-09-15T19:36:41.886,49.193,255,1.651,-273.1,13.9,8.419,6.71,0
2026-09-15T19:36:41.987,49.294,255,1.653,-273.1,14.3,8.419,7.09,0
2026-09-15T19:36:42.088,49.395,255,1.654,-273.1,14.4,8.419,6.74,0
2026-09-15T19:36:42.188,49.496,255,1.654,-273.1,14.3,8.419,6.94,0
2026-09-15T19:36:42.290,49.597,255,1.655,-273.1,14.4,8.419,6.95,0
2026-09-15T19:36:42.389,49.697,255,1.656,-273.1,14.4,8.419,6.71,0
2026-09-15T19:36:42.489,49.797,255,1.656,-273.1,14.3,8.419,6.84,0
2026-09-15T19:36:42.589,49.896,255,1.658,-273.1,14.4,8.419,6.88,0
2026-09-15T19:36:42.690,49.997,255,1.658,-273.1,14.4,8.419,6.88,0
2026-09-15T19:36:42.790,50.097,255,1.660,-273.1,14.3,8.419,6.68,0
2026-09-15T19:36:42.891,50.198,255,1.661,-273.1,14.9,8.419,7.04,0
2026-09-15T19:36:42.992,50.299,255,1.661,-273.1,14.4,8.419,6.83,0
2026-09-15T19:36:43.091,50.399,255,1.663,-273.1,14.3,8.419,6.74,0
2026-09-15T19:36:43.191,50.498,255,1.663,-273.1,14.4,8.419,6.75,0
2026-09-15T19:36:43.291,50.599,255,1.664,-273.1,14.4,8.419,6.91,0
2026-09-15T19:36:43.391,50.699,255,1.663,-273.1,14.3,8.419,6.79,0
2026-09-15T19:36:43.491,50.799,255,1.665,-273.1,14.3,8.419,6.47,0
2026-09-15T19:36:43.591,50.898,255,1.665,-273.1,14.4,8.419,6.80,0
2026-09-15T19:36:43.693,51.000,255,1.665,-273.1,14.3,8.419,6.77,0
2026-09-15T19:36:43.794,51.102,255,1.665,-273.1,14.5,8.419,6.42,0
2026-09-15T19:36:43.893,51.200,255,1.666,-273.1,14.5,8.419,6.79,0
2026-09-15T19:36:43.992,51.300,255,1.667,-273.1,14.4,8.419,6.44,0
2026-09-15T19:36:44.092,51.400,255,1.666,-273.1,14.4,8.419,6.79,0
2026-09-15T19:36:44.192,51.499,255,1.666,-273.1,14.5,8.419,6.97,0
2026-09-15T19:36:44.293,51.600,255,1.666,-273.1,14.6,8.419,6.68,0
2026-09-15T19:36:44.394,51.701,255,1.664,-273.1,14.4,8.419,6.94,0
2026-09-15T19:36:44.495,51.802,255,1.661,-273.1,14.7,8.419,6.50,0
2026-09-15T19:36:44.595,51.902,255,1.660,-273.1,14.4,8.419,6.70,0
2026-09-15T19:36:44.696,52.003,255,1.662,-273.1,14.4,8.419,6.99,0
2026-09-15T19:36:44.797,52.104,255,1.663,-273.1,14.8,8.419,6.85,0
2026-09-15T19:36:44.897,52.205,255,1.666,-273.1,14.1,8.419,7.02,0
2026-09-15T19:36:44.997,52.305,255,1.668,-71.8,14.3,8.419,6.93,0
2026-09-15T19:36:45.097,52.404,255,1.671,-273.1,14.3,8.419,7.02,0
2026-09-15T19:36:45.197,52.505,255,1.673,-273.1,14.4,8.419,6.94,0
2026-09-15T19:36:45.299,52.606,255,1.675,-273.1,14.4,8.419,6.73,0
2026-09-15T19:36:45.398,52.706,255,1.676,-273.1,14.4,8.419,6.70,0
2026-09-15T19:36:45.498,52.806,255,1.677,-273.1,14.4,8.419,6.74,0
2026-09-15T19:36:45.599,52.907,255,1.678,-273.1,14.4,8.419,6.75,0
2026-09-15T19:36:45.699,53.007,255,1.678,-71.8,14.3,8.419,6.87,0
2026-09-15T19:36:45.798,53.106,255,1.681,-273.1,14.4,8.419,7.09,0
2026-09-15T19:36:45.899,53.207,255,1.682,-90.0,14.3,8.419,6.83,0
2026-09-15T19:36:46.000,53.308,255,1.683,-273.1,14.2,8.419,6.75,0
2026-09-15T19:36:46.101,53.408,255,1.684,-73.4,14.2,8.419,6.95,0
2026-09-15T19:36:46.201,53.508,255,1.684,-273.1,14.2,8.419,6.77,0
2026-09-15T19:36:46.301,53.608,255,1.685,-67.0,14.4,8.419,6.84,0
2026-09-15T19:36:46.402,53.709,255,1.686,-73.4,14.0,8.419,6.82,0
2026-09-15T19:36:46.503,53.810,255,1.687,-273.1,14.1,8.419,6.93,0
2026-09-15T19:36:46.605,53.912,255,1.686,-273.1,14.0,8.419,6.90,0
2026-09-15T19:36:46.707,54.014,255,1.687,-273.1,14.2,8.419,6.96,0
2026-09-15T19:36:46.804,54.111,255,1.687,-71.8,14.0,8.419,6.86,0
2026-09-15T19:36:46.905,54.212,255,1.687,-273.1,14.0,8.419,6.69,0
2026-09-15T19:36:47.004,54.312,255,1.687,-273.1,13.9,8.419,6.72,0
2026-09-15T19:36:47.106,54.413,255,1.687,-273.1,14.1,8.419,6.78,0
2026-09-15T19:36:47.207,54.514,255,1.689,-273.1,13.9,8.419,6.86,0
2026-09-15T19:36:47.308,54.615,255,1.689,-273.1,13.6,8.419,6.86,0
2026-09-15T19:36:47.408,54.715,255,1.681,-273.1,13.8,8.419,6.91,0
2026-09-15T19:36:47.508,54.815,255,1.681,-273.1,13.9,8.419,7.11,0
2026-09-15T19:36:47.609,54.916,255,1.684,-273.1,13.9,8.419,6.90,0
2026-09-15T19:36:47.710,55.017,255,1.689,-273.1,14.0,8.419,6.58,0
2026-09-15T19:36:47.809,55.117,255,1.690,-273.1,14.0,8.419,6.74,0
2026-09-15T19:36:47.912,55.220,255,1.692,-273.1,14.1,8.419,6.73,0
2026-09-15T19:36:48.013,55.321,255,1.695,-273.1,14.0,8.419,6.87,0
2026-09-15T19:36:48.110,55.418,255,1.697,-273.1,14.0,8.419,6.83,0
2026-09-15T19:36:48.211,55.519,255,1.698,-63.6,14.1,8.419,6.91,0
2026-09-15T19:36:48.313,55.620,255,1.699,-273.1,14.1,8.419,6.73,0
2026-09-15T19:36:48.413,55.720,255,1.700,-273.1,13.9,8.419,6.68,0
2026-09-15T19:36:48.513,55.821,255,1.700,-273.1,14.1,8.419,6.88,0
2026-09-15T19:36:48.613,55.920,255,1.702,-273.1,14.2,8.419,7.00,0
2026-09-15T19:36:48.713,56.020,255,1.703,-273.1,14.0,8.419,6.91,0
2026-09-15T19:36:48.814,56.121,255,1.704,-273.1,14.3,8.419,6.82,0
2026-09-15T19:36:48.915,56.222,255,1.706,-90.0,14.2,8.419,6.99,0
2026-09-15T19:36:49.019,56.327,255,1.708,-273.1,14.3,8.419,6.91,0
2026-09-15T19:36:49.115,56.423,255,1.709,-273.1,14.2,8.419,6.75,0
2026-09-15T19:36:49.215,56.522,255,1.711,-273.1,14.3,8.419,6.98,0
2026-09-15T19:36:49.315,56.622,255,1.711,-273.1,14.2,8.419,7.12,0
2026-09-15T19:36:49.415,56.722,255,1.713,-273.1,14.2,8.419,6.90,0
2026-09-15T19:36:49.514,56.822,255,1.712,-273.1,14.0,8.419,6.91,0
2026-09-15T19:36:49.615,56.923,255,1.713,-273.1,14.2,8.419,7.02,0
2026-09-15T19:36:49.715,57.023,255,1.713,-273.1,14.2,8.419,7.13,0
2026-09-15T19:36:49.815,57.123,255,1.714,-273.1,14.3,8.419,7.12,0
2026-09-15T19:36:49.916,57.224,255,1.716,-273.1,14.2,8.419,6.90,0
2026-09-15T19:36:50.017,57.324,255,1.718,-273.1,14.0,8.419,7.32,0
2026-09-15T19:36:50.116,57.423,255,1.720,-273.1,14.3,8.419,6.87,0
2026-09-15T19:36:50.216,57.524,255,1.720,-273.1,14.3,8.419,6.86,0
2026-09-15T19:36:50.317,57.625,255,1.720,-273.1,14.5,8.419,7.00,0
2026-09-15T19:36:50.417,57.725,255,1.722,-90.0,14.3,8.419,7.24,0
2026-09-15T19:36:50.517,57.824,255,1.722,-273.1,14.4,8.419,6.90,0
2026-09-15T19:36:50.618,57.925,255,1.722,-273.1,14.4,8.419,7.09,0
2026-09-15T19:36:50.717,58.025,255,1.725,-273.1,14.5,8.419,6.94,0
2026-09-15T19:36:50.819,58.126,255,1.727,-273.1,14.3,8.419,7.28,0
2026-09-15T19:36:50.919,58.226,255,1.728,-273.1,14.4,8.419,7.17,0
2026-09-15T19:36:51.020,58.327,255,1.729,-273.1,14.3,8.419,7.24,0
2026-09-15T19:36:51.122,58.429,255,1.732,-273.1,14.5,8.419,6.99,0
2026-09-15T19:36:51.222,58.530,255,1.733,-83.9,14.4,8.419,7.16,0
2026-09-15T19:36:51.322,58.629,255,1.734,-273.1,14.4,8.419,7.27,0
2026-09-15T19:36:51.422,58.729,255,1.735,-273.1,14.4,8.419,7.04,0
2026-09-15T19:36:51.522,58.829,255,1.736,-273.1,14.4,8.419,7.12,0
2026-09-15T19:36:51.622,58.929,255,1.736,-273.1,14.4,8.419,7.38,0
2026-09-15T19:36:51.721,59.029,255,1.739,-273.1,14.3,8.419,6.95,0
2026-09-15T19:36:51.823,59.130,255,1.741,-273.1,14.5,8.419,6.93,0
2026-09-15T19:36:51.923,59.231,255,1.743,-64.4,14.7,8.419,7.23,0
2026-09-15T19:36:52.023,59.331,255,1.746,-273.1,14.5,8.419,7.17,0
2026-09-15T19:36:52.123,59.431,255,1.748,-273.1,14.4,8.419,7.08,0
2026-09-15T19:36:52.223,59.531,255,1.751,-273.1,14.8,8.419,7.08,0
2026-09-15T19:36:52.324,59.631,255,1.753,-273.1,14.4,8.419,7.06,0
2026-09-15T19:36:52.424,59.731,255,1.754,-273.1,14.3,8.419,7.08,0
2026-09-15T19:36:52.524,59.831,255,1.755,-273.1,14.4,8.419,7.18,0
2026-09-15T19:36:52.624,59.932,255,1.756,-273.1,14.9,8.419,7.04,0
2026-09-15T19:36:52.724,60.032,255,1.757,-273.1,14.6,8.419,6.98,0
2026-09-15T19:36:52.824,60.132,255,1.758,-273.1,14.3,8.419,7.25,0
2026-09-15T19:36:52.924,60.232,255,1.759,-273.1,14.4,8.419,7.00,0
2026-09-15T19:36:53.025,60.333,255,1.760,-273.1,14.3,8.419,6.98,0
2026-09-15T19:36:53.126,60.434,255,1.761,-273.1,14.4,8.419,7.08,0
2026-09-15T19:36:53.225,60.533,255,1.762,-273.1,14.4,8.419,7.28,0
2026-09-15T19:36:53.326,60.634,255,1.763,-273.1,14.3,8.419,7.27,0
2026-09-15T19:36:53.426,60.734,255,1.764,-273.1,14.2,8.419,7.39,0
2026-09-15T19:36:53.527,60.835,255,1.765,-273.1,14.3,8.419,6.99,0
2026-09-15T19:36:53.629,60.937,255,1.767,-273.1,14.3,8.419,7.34,0
2026-09-15T19:36:53.728,61.035,255,1.768,-273.1,14.2,8.419,7.10,0
2026-09-15T19:36:53.828,61.136,255,1.770,-273.1,14.4,8.419,7.31,0
2026-09-15T19:36:53.928,61.236,255,1.771,-273.1,14.1,8.419,6.92,0
2026-09-15T19:36:54.028,61.335,255,1.772,-273.1,14.3,8.419,7.68,0
2026-09-15T19:36:54.127,61.435,255,1.773,-273.1,14.4,8.419,7.13,0
2026-09-15T19:36:54.228,61.536,255,1.774,-73.4,14.1,8.419,7.08,0
2026-09-15T19:36:54.329,61.636,255,1.775,-273.1,14.1,8.419,7.47,0
2026-09-15T19:36:54.429,61.736,255,1.775,-273.1,14.1,8.419,7.46,0
2026-09-15T19:36:54.528,61.836,255,1.776,-273.1,14.3,8.419,7.19,0
2026-09-15T19:36:54.629,61.937,255,1.776,-273.1,14.2,8.419,7.30,0
2026-09-15T19:36:54.731,62.038,255,1.778,-273.1,14.2,8.419,7.41,0
2026-09-15T19:36:54.830,62.137,255,1.779,-273.1,14.2,8.419,7.16,0
2026-09-15T19:36:54.931,62.238,255,1.780,-273.1,14.1,8.419,7.25,0
2026-09-15T19:36:55.031,62.338,255,1.781,-273.1,14.1,8.419,7.14,0
2026-09-15T19:36:55.131,62.438,255,1.781,-273.1,14.2,8.419,7.17,0
2026-09-15T19:36:55.230,62.538,255,1.782,-273.1,14.4,8.419,7.44,0
2026-09-15T19:36:55.331,62.639,255,1.784,-273.1,14.3,8.419,7.52,0
2026-09-15T19:36:55.431,62.738,255,1.787,-273.1,14.1,8.419,7.53,0
2026-09-15T19:36:55.530,62.838,255,1.788,-273.1,14.3,8.419,7.24,0
2026-09-15T19:36:55.631,62.939,255,1.788,-273.1,14.0,8.419,7.19,0
2026-09-15T19:36:55.731,63.039,255,1.788,-71.8,13.9,8.419,7.17,0
2026-09-15T19:36:55.832,63.140,255,1.788,-273.1,14.1,8.419,7.20,0
2026-09-15T19:36:55.935,63.243,255,1.789,-273.1,14.0,8.419,7.33,0
2026-09-15T19:36:56.033,63.341,255,1.789,-71.8,14.0,8.419,6.98,0
2026-09-15T19:36:56.134,63.442,255,1.790,-273.1,13.7,8.419,7.17,0
2026-09-15T19:36:56.235,63.542,255,1.790,-273.1,13.9,8.419,7.27,0
2026-09-15T19:36:56.334,63.642,255,1.789,-273.1,13.9,8.419,7.24,0
2026-09-15T19:36:56.435,63.742,255,1.790,-273.1,13.8,8.419,7.50,0
2026-09-15T19:36:56.534,63.842,255,1.789,-273.1,13.9,8.419,7.41,0
2026-09-15T19:36:56.635,63.942,255,1.791,-273.1,13.9,8.419,7.49,0
2026-09-15T19:36:56.735,64.042,255,1.792,-273.1,13.8,8.419,7.17,0
2026-09-15T19:36:56.835,64.142,255,1.794,-75.2,14.0,8.419,7.25,0
2026-09-15T19:36:56.935,64.242,255,1.795,-273.1,13.9,8.419,7.44,0
2026-09-15T19:36:57.034,64.342,255,1.796,-273.1,13.9,8.419,7.30,0
2026-09-15T19:36:57.134,64.442,255,1.797,-273.1,14.0,8.419,7.45,0
2026-09-15T19:36:57.236,64.544,255,1.799,-273.1,14.0,8.419,7.27,0
2026-09-15T19:36:57.334,64.642,255,1.799,-273.1,14.0,8.419,7.39,0
2026-09-15T19:36:57.435,64.743,255,1.799,-273.1,13.9,8.419,7.17,0
2026-09-15T19:36:57.535,64.843,255,1.798,-273.1,14.0,8.419,7.22,0
2026-09-15T19:36:57.636,64.944,255,1.797,-273.1,13.7,8.419,7.40,0
2026-09-15T19:36:57.736,65.044,255,1.798,-273.1,13.8,8.419,7.21,0
2026-09-15T19:36:57.837,65.144,255,1.800,-273.1,14.0,8.419,7.36,0
2026-09-15T19:36:57.937,65.244,255,1.801,-273.1,14.0,8.419,7.61,0
2026-09-15T19:36:58.037,65.345,245,1.766,-273.1,13.7,8.419,7.19,0
2026-09-15T19:36:58.137,65.445,245,1.773,-90.0,13.8,8.419,7.64,0
2026-09-15T19:36:58.241,65.548,245,1.802,-273.1,13.8,8.419,7.69,0
2026-09-15T19:36:58.340,65.647,245,1.803,-273.1,13.9,8.419,7.26,0
2026-09-15T19:36:58.440,65.747,245,1.829,-273.1,13.9,8.419,7.35,0
2026-09-15T19:36:58.538,65.846,245,1.769,-273.1,13.9,8.419,7.62,0
2026-09-15T19:36:58.639,65.947,245,1.812,-273.1,13.8,8.419,7.77,0
2026-09-15T19:36:58.739,66.046,245,1.792,-273.1,13.8,8.419,7.76,0
2026-09-15T19:36:58.840,66.147,245,1.768,-273.1,13.7,8.419,7.57,0
2026-09-15T19:36:58.941,66.248,245,1.755,-64.4,13.7,8.419,7.58,0
2026-09-15T19:36:59.040,66.348,245,1.757,-273.1,13.9,8.419,7.38,0
2026-09-15T19:36:59.140,66.447,245,1.796,-273.1,14.0,8.419,7.97,0
2026-09-15T19:36:59.241,66.548,245,1.783,-273.1,13.9,8.419,7.67,0
2026-09-15T19:36:59.341,66.648,245,1.846,-273.1,13.7,8.419,7.71,0
2026-09-15T19:36:59.440,66.748,245,1.750,-273.1,13.7,8.419,7.49,0
2026-09-15T19:36:59.541,66.849,245,1.774,-273.1,13.9,8.419,7.40,0
2026-09-15T19:36:59.642,66.949,245,1.803,-273.1,13.7,8.419,7.59,0
2026-09-15T19:36:59.742,67.050,245,1.802,-273.1,13.7,8.419,7.81,0
2026-09-15T19:36:59.843,67.151,245,1.790,-273.1,13.7,8.419,7.51,0
2026-09-15T19:36:59.944,67.252,245,1.811,-273.1,14.0,8.419,7.32,0
2026-09-15T19:37:00.045,67.353,245,1.750,-273.1,14.0,8.419,7.68,0
2026-09-15T19:37:00.145,67.453,245,1.746,-273.1,14.3,8.419,7.72,0
2026-09-15T19:37:00.246,67.554,245,1.739,-273.1,14.0,8.419,7.92,0
2026-09-15T19:37:00.347,67.654,245,1.774,-273.1,14.2,8.419,7.59,0
2026-09-15T19:37:00.449,67.757,245,1.765,-273.1,14.1,8.419,7.69,0
2026-09-15T19:37:00.548,67.856,245,1.759,-273.1,14.2,8.419,7.69,0
2026-09-15T19:37:00.648,67.956,245,1.761,-273.1,14.1,8.419,7.65,0
2026-09-15T19:37:00.748,68.055,245,1.751,-273.1,14.2,8.419,7.74,0
2026-09-15T19:37:00.848,68.155,245,1.747,-65.2,14.1,8.419,7.50,0
2026-09-15T19:37:00.949,68.256,245,1.828,-273.1,14.5,8.419,7.63,0
2026-09-15T19:37:01.049,68.356,245,1.755,-273.1,14.2,8.419,7.68,0
2026-09-15T19:37:01.148,68.456,245,1.825,-273.1,13.5,8.419,7.36,0
2026-09-15T19:37:01.248,68.556,245,1.768,-273.1,14.0,8.419,7.60,0
2026-09-15T19:37:01.348,68.656,245,1.754,-273.1,14.0,8.419,7.58,0
2026-09-15T19:37:01.448,68.755,245,1.872,-273.1,14.0,8.419,7.57,0
2026-09-15T19:37:01.551,68.858,245,1.773,-273.1,14.2,8.419,7.72,0
2026-09-15T19:37:01.651,68.959,245,1.801,-273.1,14.0,8.419,7.50,0
2026-09-15T19:37:01.748,69.056,245,1.793,-64.4,14.0,8.419,8.22,0
2026-09-15T19:37:01.848,69.155,245,1.815,-273.1,14.0,8.419,8.11,0
2026-09-15T19:37:01.949,69.256,245,1.834,-273.1,14.1,8.419,7.72,0
2026-09-15T19:37:02.048,69.356,245,1.828,-273.1,13.9,8.419,7.30,0
2026-09-15T19:37:02.148,69.456,245,1.847,-273.1,13.7,8.419,7.64,0
2026-09-15T19:37:02.249,69.556,245,1.763,-273.1,13.6,8.419,7.96,0
2026-09-15T19:37:02.351,69.658,245,1.822,-273.1,13.8,8.419,7.57,0
2026-09-15T19:37:02.451,69.758,245,1.817,-273.1,13.7,8.419,7.73,0
2026-09-15T19:37:02.549,69.857,245,1.819,-68.1,13.8,8.419,7.38,0
2026-09-15T19:37:02.649,69.957,245,1.845,-273.1,14.1,8.419,7.67,0
2026-09-15T19:37:02.749,70.056,245,1.815,-273.1,13.9,8.419,7.79,0
2026-09-15T19:37:02.850,70.157,245,1.772,-273.1,14.1,8.419,7.75,0
2026-09-15T19:37:02.951,70.258,245,1.794,-273.1,14.1,8.419,7.77,0
2026-09-15T19:37:03.052,70.360,245,1.851,-273.1,14.3,8.419,7.52,0
2026-09-15T19:37:03.155,70.462,245,1.828,-273.1,14.3,8.419,7.86,0
2026-09-15T19:37:03.252,70.560,245,1.779,-273.1,14.3,8.419,7.88,0
2026-09-15T19:37:03.352,70.660,235,1.754,-273.1,14.2,8.419,7.64,0
2026-09-15T19:37:03.452,70.760,235,1.778,-273.1,14.2,8.419,8.06,0
2026-09-15T19:37:03.552,70.859,235,1.821,-273.1,14.3,8.419,6.93,0
2026-09-15T19:37:03.653,70.960,235,1.814,-273.1,14.0,8.419,7.70,0
2026-09-15T19:37:03.752,71.060,235,1.790,-273.1,14.2,8.419,7.71,0
2026-09-15T19:37:03.854,71.161,235,1.805,-273.1,14.5,8.419,7.46,0
2026-09-15T19:37:03.954,71.261,235,1.802,-273.1,14.4,8.419,7.28,0
2026-09-15T19:37:04.054,71.361,235,1.818,-273.1,14.3,8.419,7.34,0
2026-09-15T19:37:04.158,71.466,235,1.791,-80.2,14.2,8.419,7.99,0
2026-09-15T19:37:04.255,71.562,235,1.785,-273.1,14.3,8.419,7.48,0
2026-09-15T19:37:04.356,71.663,235,1.850,-273.1,14.3,8.419,7.76,0
2026-09-15T19:37:04.457,71.764,235,1.811,-273.1,14.2,8.419,7.53,0
2026-09-15T19:37:04.557,71.864,225,1.777,-273.1,14.3,8.419,7.32,0
2026-09-15T19:37:04.658,71.965,225,1.747,-273.1,13.3,8.419,7.65,0
2026-09-15T19:37:04.759,72.066,225,1.769,-273.1,14.2,8.419,7.62,0
2026-09-15T19:37:04.860,72.167,225,1.726,-90.0,14.1,8.419,7.23,0
2026-09-15T19:37:04.960,72.268,225,1.761,-273.1,14.2,8.419,7.20,0
2026-09-15T19:37:05.062,72.369,225,1.772,-273.1,14.1,8.419,7.94,0
2026-09-15T19:37:05.161,72.469,225,1.745,-273.1,13.7,8.419,7.20,0
2026-09-15T19:37:05.262,72.569,225,1.765,-273.1,13.3,8.419,7.05,0
2026-09-15T19:37:05.362,72.669,225,1.770,-67.0,13.8,8.419,7.29,0
2026-09-15T19:37:05.461,72.769,225,1.782,-273.1,14.2,8.419,7.27,0
2026-09-15T19:37:05.561,72.868,225,1.793,-273.1,14.2,8.419,7.19,0
2026-09-15T19:37:05.662,72.969,225,1.821,-273.1,14.1,8.419,7.88,0
2026-09-15T19:37:05.762,73.069,225,1.775,-80.2,14.1,8.419,7.36,0
2026-09-15T19:37:05.861,73.169,225,1.763,-273.1,14.1,8.419,8.24,0
2026-09-15T19:37:05.962,73.269,225,1.751,-273.1,14.2,8.419,7.85,0
2026-09-15T19:37:06.061,73.368,225,1.750,-273.1,14.0,8.419,7.23,0
2026-09-15T19:37:06.162,73.469,225,1.742,-273.1,14.2,8.419,7.24,0
2026-09-15T19:37:06.263,73.571,225,1.758,-273.1,14.2,8.419,7.38,0
2026-09-15T19:37:06.363,73.671,225,1.781,-273.1,14.1,8.419,7.13,0
2026-09-15T19:37:06.463,73.770,225,1.768,-273.1,14.3,8.419,7.35,0
2026-09-15T19:37:06.563,73.870,224,1.762,-273.1,14.7,8.419,7.57,0
2026-09-15T19:37:06.663,73.970,224,1.740,-90.0,14.1,8.419,6.72,0
2026-09-15T19:37:06.763,74.071,223,1.775,-273.1,13.7,8.419,7.82,0
2026-09-15T19:37:06.863,74.170,223,1.731,-273.1,14.2,8.419,8.03,0
2026-09-15T19:37:06.964,74.271,223,1.775,-273.1,14.1,8.419,7.35,0
2026-09-15T19:37:07.066,74.373,222,1.793,-273.1,14.1,8.419,8.20,0
2026-09-15T19:37:07.166,74.474,222,1.764,-273.1,14.1,8.419,6.62,0
2026-09-15T19:37:07.265,74.572,221,1.824,-273.1,13.6,8.419,8.19,0
2026-09-15T19:37:07.365,74.672,221,1.720,-273.1,14.3,8.419,7.38,0
2026-09-15T19:37:07.466,74.773,221,1.737,-273.1,14.0,8.419,7.58,0
2026-09-15T19:37:07.566,74.874,221,1.728,-273.1,14.0,8.419,7.46,0
2026-09-15T19:37:07.667,74.975,221,1.786,-273.1,13.9,8.419,7.49,0
2026-09-15T19:37:07.768,75.076,221,1.776,-273.1,14.1,8.419,7.42,0
2026-09-15T19:37:07.869,75.176,221,1.776,-273.1,13.9,8.419,7.37,0
2026-09-15T19:37:07.969,75.276,220,1.775,-273.1,13.7,8.419,7.88,0
2026-09-15T19:37:08.070,75.377,220,1.772,-273.1,13.7,8.419,8.25,0
2026-09-15T19:37:08.172,75.479,220,1.750,-77.4,13.7,8.419,8.27,0
2026-09-15T19:37:08.271,75.579,219,1.711,-273.1,14.0,8.419,7.45,0
2026-09-15T19:37:08.375,75.682,219,1.724,-273.1,13.7,8.419,7.91,0
2026-09-15T19:37:08.470,75.777,219,1.733,-273.1,13.9,8.419,8.31,0
2026-09-15T19:37:08.570,75.877,219,1.725,-273.1,13.7,8.419,7.91,0
2026-09-15T19:37:08.670,75.978,219,1.803,-273.1,13.5,8.419,8.00,0
2026-09-15T19:37:08.770,76.077,219,1.818,-273.1,13.8,8.419,7.61,0
2026-09-15T19:37:08.871,76.178,219,1.793,-273.1,13.8,8.419,7.97,0
2026-09-15T19:37:08.970,76.278,219,1.735,-273.1,13.8,8.419,6.97,0
2026-09-15T19:37:09.070,76.378,219,1.753,-273.1,14.1,8.419,9.39,0
2026-09-15T19:37:09.170,76.478,219,1.715,-273.1,13.6,8.419,7.13,0
2026-09-15T19:37:09.272,76.580,218,1.753,-273.1,13.5,8.419,7.89,0
2026-09-15T19:37:09.371,76.679,218,1.746,-273.1,13.8,8.419,7.94,0
2026-09-15T19:37:09.470,76.778,217,1.758,-273.1,13.9,8.419,7.69,0
2026-09-15T19:37:09.571,76.878,217,1.825,-80.2,13.5,8.419,8.61,0
2026-09-15T19:37:09.670,76.978,216,1.759,-273.1,13.7,8.419,7.08,0
2026-09-15T19:37:09.770,77.077,216,1.758,-273.1,13.9,8.419,8.35,0
2026-09-15T19:37:09.870,77.178,216,1.753,-273.1,13.9,8.419,7.05,0
2026-09-15T19:37:09.970,77.278,216,1.777,-273.1,13.9,8.419,9.17,0
2026-09-15T19:37:10.070,77.377,215,1.774,-273.1,14.2,8.419,7.45,0
2026-09-15T19:37:10.171,77.478,215,1.719,-273.1,13.6,8.419,8.01,0
2026-09-15T19:37:10.272,77.579,215,1.751,-273.1,13.3,8.419,7.72,0
2026-09-15T19:37:10.371,77.679,215,1.745,-83.9,13.8,8.419,6.95,0
2026-09-15T19:37:10.471,77.779,215,1.753,-273.1,14.0,8.419,8.22,0
2026-09-15T19:37:10.572,77.879,214,1.729,-273.1,13.6,8.419,8.09,0
2026-09-15T19:37:10.672,77.979,213,1.743,-273.1,14.4,8.419,7.64,0
2026-09-15T19:37:10.772,78.079,213,1.752,-273.1,13.5,8.419,7.39,0
2026-09-15T19:37:10.873,78.180,213,1.725,-273.1,13.7,8.419,7.43,0
2026-09-15T19:37:10.973,78.281,213,1.719,-273.1,13.9,8.419,7.24,0
2026-09-15T19:37:11.074,78.382,213,1.761,-273.1,13.7,8.419,7.78,0
2026-09-15T19:37:11.179,78.487,212,1.729,-273.1,13.7,8.419,7.33,0
2026-09-15T19:37:11.275,78.582,212,1.754,-273.1,13.7,8.419,7.66,0
2026-09-15T19:37:11.376,78.683,212,1.735,-273.1,13.9,8.419,7.16,0
2026-09-15T19:37:11.477,78.784,212,1.760,-273.1,13.6,8.419,7.36,0
2026-09-15T19:37:11.577,78.884,212,1.758,-273.1,13.5,8.419,7.35,0
2026-09-15T19:37:11.677,78.985,212,1.743,-273.1,13.9,8.419,6.85,0
2026-09-15T19:37:11.777,79.085,212,1.731,-273.1,13.7,8.419,6.87,0
2026-09-15T19:37:11.880,79.187,212,1.765,-273.1,14.0,8.419,7.23,0
2026-09-15T19:37:11.982,79.290,212,1.740,-273.1,13.7,8.419,7.43,0
2026-09-15T19:37:12.077,79.385,211,1.704,-273.1,13.9,8.419,6.68,0
2026-09-15T19:37:12.177,79.484,211,1.722,-273.1,13.9,8.419,7.10,0
2026-09-15T19:37:12.277,79.584,211,1.746,-273.1,13.7,8.419,7.42,0
2026-09-15T19:37:12.377,79.685,210,1.698,-273.1,13.5,8.419,7.87,0
2026-09-15T19:37:12.477,79.784,210,1.739,-273.1,13.6,8.419,7.35,0
2026-09-15T19:37:12.576,79.884,210,1.711,-273.1,14.1,8.419,7.53,0
2026-09-15T19:37:12.677,79.985,210,1.737,-273.1,13.4,8.419,8.09,0
2026-09-15T19:37:12.781,80.089,210,1.723,-69.2,13.9,8.419,8.01,0
2026-09-15T19:37:12.880,80.187,210,1.766,-273.1,13.8,8.419,8.05,0
2026-09-15T19:37:12.982,80.289,210,1.770,-273.1,13.9,8.419,7.43,0
2026-09-15T19:37:13.081,80.388,210,1.755,-90.0,13.7,8.419,7.33,0
2026-09-15T19:37:13.181,80.489,210,1.750,-273.1,13.9,8.419,7.73,0
2026-09-15T19:37:13.282,80.590,209,1.754,-273.1,14.1,8.419,7.40,0
2026-09-15T19:37:13.384,80.691,209,1.734,-273.1,13.6,8.419,7.87,0
2026-09-15T19:37:13.485,80.792,209,1.740,-90.0,14.5,8.419,7.31,0
2026-09-15T19:37:13.585,80.893,208,1.740,-70.4,14.1,8.419,8.10,0
2026-09-15T19:37:13.686,80.993,207,1.740,-273.1,14.3,8.419,7.98,0
2026-09-15T19:37:13.786,81.093,207,1.730,-273.1,13.9,8.419,7.55,0
2026-09-15T19:37:13.886,81.194,207,1.723,-273.1,14.5,8.419,6.97,0
2026-09-15T19:37:13.987,81.295,207,1.733,-273.1,14.3,8.419,7.58,0
2026-09-15T19:37:14.089,81.396,206,1.722,-273.1,14.4,8.419,8.88,0
2026-09-15T19:37:14.189,81.496,206,1.741,-273.1,13.7,8.419,8.61,0
2026-09-15T19:37:14.288,81.596,206,1.719,-273.1,14.3,8.419,6.62,0
2026-09-15T19:37:14.389,81.697,206,1.715,-273.1,14.4,8.419,7.63,0
2026-09-15T19:37:14.489,81.797,206,1.729,-273.1,14.1,8.419,8.51,0
2026-09-15T19:37:14.589,81.897,206,1.710,-273.1,14.1,8.419,8.47,0
2026-09-15T19:37:14.689,81.996,206,1.752,-273.1,14.4,8.419,9.29,0
2026-09-15T19:37:14.789,82.096,206,1.731,-273.1,14.4,8.419,6.59,0
2026-09-15T19:37:14.889,82.196,206,1.712,-67.0,14.0,8.419,6.81,0
2026-09-15T19:37:14.988,82.296,206,1.748,-273.1,14.0,8.419,7.38,0
2026-09-15T19:37:15.092,82.400,206,1.767,-273.1,14.3,8.419,6.88,0
2026-09-15T19:37:15.191,82.498,206,1.748,-273.1,14.2,8.419,7.82,0
2026-09-15T19:37:15.294,82.601,206,1.751,-273.1,14.5,8.419,5.89,0
2026-09-15T19:37:15.389,82.697,206,1.735,-273.1,14.6,8.419,8.53,0
2026-09-15T19:37:15.490,82.798,206,1.743,-273.1,14.3,8.419,7.38,0
2026-09-15T19:37:15.591,82.899,206,1.762,-273.1,14.0,8.419,6.82,0
2026-09-15T19:37:15.691,82.998,206,1.737,-90.0,13.8,8.419,7.63,0
2026-09-15T19:37:15.791,83.098,206,1.753,-77.4,14.3,8.419,7.92,0
2026-09-15T19:37:15.891,83.198,206,1.750,-273.1,14.2,8.419,7.49,0
2026-09-15T19:37:15.990,83.298,206,1.736,-273.1,14.4,8.419,6.93,0
2026-09-15T19:37:16.090,83.398,206,1.759,-273.1,14.4,8.419,7.22,0
2026-09-15T19:37:16.191,83.499,206,1.741,-273.1,13.9,8.419,7.06,0
2026-09-15T19:37:16.293,83.600,206,1.741,-273.1,14.2,8.419,7.58,0
2026-09-15T19:37:16.395,83.703,206,1.747,-273.1,14.1,8.419,7.97,0
2026-09-15T19:37:16.492,83.800,206,1.710,-273.1,14.4,8.419,7.90,0
2026-09-15T19:37:16.591,83.899,206,1.733,-90.0,14.5,8.419,7.72,0
2026-09-15T19:37:16.692,84.000,206,1.770,-273.1,14.4,8.419,8.07,0
2026-09-15T19:37:16.792,84.099,206,1.780,-273.1,14.2,8.419,8.45,0
2026-09-15T19:37:16.891,84.199,206,1.775,-273.1,14.3,8.419,7.49,0
2026-09-15T19:37:16.992,84.300,206,1.729,-273.1,13.9,8.419,7.79,0
2026-09-15T19:37:17.092,84.400,206,1.775,-273.1,14.2,8.419,7.89,0
2026-09-15T19:37:17.193,84.501,206,1.801,-273.1,14.4,8.419,8.07,0
2026-09-15T19:37:17.294,84.602,206,1.721,-273.1,14.3,8.419,7.49,0
2026-09-15T19:37:17.398,84.705,206,1.767,-273.1,14.2,8.419,7.10,0
2026-09-15T19:37:17.496,84.804,206,1.743,-273.1,14.2,8.419,7.99,0
2026-09-15T19:37:17.598,84.906,206,1.785,-273.1,14.2,8.419,7.61,0
2026-09-15T19:37:17.695,85.003,205,1.757,-273.1,14.3,8.419,7.57,0
2026-09-15T19:37:17.795,85.102,205,1.761,-273.1,14.5,8.419,7.43,0
2026-09-15T19:37:17.895,85.203,204,1.782,-273.1,14.3,8.419,7.90,0
2026-09-15T19:37:17.995,85.302,204,1.755,-273.1,14.2,8.419,7.95,0
2026-09-15T19:37:18.095,85.402,203,1.735,-273.1,13.9,8.419,7.73,0
2026-09-15T19:37:18.195,85.502,203,1.750,-273.1,14.3,8.419,8.42,0
2026-09-15T19:37:18.295,85.602,203,1.737,-273.1,14.4,8.419,7.57,0
2026-09-15T19:37:18.394,85.702,203,1.749,-273.1,14.5,8.419,7.85,0
2026-09-15T19:37:18.495,85.803,203,1.769,-273.1,14.4,8.419,8.10,0
2026-09-15T19:37:18.597,85.904,203,1.733,-70.4,14.1,8.419,7.52,0
2026-09-15T19:37:18.696,86.004,203,1.730,-273.1,13.9,8.419,8.24,0
2026-09-15T19:37:18.796,86.103,203,1.720,-273.1,13.9,8.419,7.38,0
2026-09-15T19:37:18.897,86.205,203,1.775,-73.4,14.2,8.419,7.78,0
2026-09-15T19:37:18.998,86.306,203,1.786,-273.1,14.3,8.419,7.86,0
2026-09-15T19:37:19.098,86.406,203,1.780,-90.0,14.3,8.419,7.30,0
2026-09-15T19:37:19.199,86.506,203,1.762,-273.1,14.2,8.419,8.35,0
2026-09-15T19:37:19.301,86.608,202,1.788,-273.1,14.2,8.419,7.50,0
2026-09-15T19:37:19.403,86.710,202,1.757,-273.1,14.1,8.419,8.90,0
2026-09-15T19:37:19.501,86.808,202,1.709,-273.1,14.2,8.419,6.73,0
2026-09-15T19:37:19.600,86.908,202,1.764,-273.1,14.0,8.419,7.66,0
2026-09-15T19:37:19.700,87.008,202,1.794,-273.1,14.1,8.419,7.61,0
2026-09-15T19:37:19.800,87.108,202,1.764,-273.1,14.2,8.419,6.75,0
2026-09-15T19:37:19.900,87.208,202,1.737,-273.1,14.1,8.419,6.65,0
2026-09-15T19:37:20.001,87.309,202,1.739,-273.1,14.1,8.419,8.01,0
2026-09-15T19:37:20.102,87.409,201,1.747,-273.1,13.9,8.419,7.29,0
2026-09-15T19:37:20.201,87.509,201,1.788,-273.1,13.9,8.419,6.52,0
2026-09-15T19:37:20.301,87.609,200,1.740,-273.1,14.1,8.419,6.37,0
2026-09-15T19:37:20.404,87.711,200,1.774,-71.8,13.7,8.419,6.31,0
2026-09-15T19:37:20.502,87.810,200,1.734,-273.1,14.0,8.419,7.66,0
2026-09-15T19:37:20.603,87.911,200,1.753,-273.1,13.9,8.419,7.36,0
2026-09-15T19:37:20.705,88.012,200,1.761,-273.1,13.5,8.419,7.53,0
2026-09-15T19:37:20.804,88.112,200,1.758,-273.1,13.8,8.419,7.46,0
2026-09-15T19:37:20.905,88.213,200,1.745,-273.1,13.4,8.419,8.24,0
2026-09-15T19:37:21.005,88.312,200,1.817,-273.1,13.3,8.419,7.19,0
2026-09-15T19:37:21.111,88.418,199,1.810,-273.1,13.7,8.419,8.07,0
2026-09-15T19:37:21.205,88.513,199,1.735,-273.1,13.6,8.419,8.69,0
2026-09-15T19:37:21.305,88.613,198,1.736,-273.1,13.4,8.419,8.06,0
2026-09-15T19:37:21.406,88.714,198,1.766,-273.1,13.7,8.419,8.07,0
2026-09-15T19:37:21.506,88.813,198,1.809,-273.1,13.6,8.419,7.48,0
2026-09-15T19:37:21.606,88.914,198,1.756,-66.1,13.4,8.419,8.57,0
2026-09-15T19:37:21.707,89.014,198,1.777,-273.1,13.8,8.419,7.14,0
2026-09-15T19:37:21.811,89.119,198,1.727,-83.9,14.2,8.419,7.22,0
2026-09-15T19:37:21.908,89.215,198,1.761,-273.1,13.9,8.419,7.69,0
2026-09-15T19:37:22.009,89.316,198,1.712,-273.1,13.9,8.419,8.07,0
2026-09-15T19:37:22.108,89.416,198,1.718,-273.1,13.5,8.419,7.22,0
2026-09-15T19:37:22.208,89.516,198,1.702,-273.1,13.7,8.419,7.62,0
2026-09-15T19:37:22.308,89.616,198,1.742,-273.1,12.6,8.419,7.16,0
2026-09-15T19:37:22.409,89.717,198,1.722,-273.1,13.5,8.419,8.33,0
2026-09-15T19:37:22.510,89.818,198,1.778,-273.1,13.9,8.419,8.12,0
2026-09-15T19:37:22.611,89.918,198,1.787,-273.1,13.4,8.419,6.78,0
2026-09-15T19:37:22.713,90.020,198,1.713,-273.1,14.1,8.419,7.97,0
2026-09-15T19:37:22.812,90.119,198,1.742,-273.1,14.0,8.419,8.29,0
2026-09-15T19:37:22.912,90.219,198,1.794,-273.1,13.5,8.419,7.53,0
2026-09-15T19:37:23.011,90.319,198,1.717,-273.1,14.2,8.419,7.38,0
2026-09-15T19:37:23.111,90.419,198,1.703,-273.1,14.2,8.419,7.37,0
2026-09-15T19:37:23.211,90.519,198,1.781,-273.1,13.7,8.419,7.39,0
2026-09-15T19:37:23.311,90.619,197,1.704,-273.1,13.8,8.419,7.77,0
2026-09-15T19:37:23.411,90.718,197,1.788,-273.1,13.5,8.419,7.65,0
2026-09-15T19:37:23.511,90.818,196,1.756,-273.1,13.7,8.419,7.66,0
2026-09-15T19:37:23.612,90.919,196,1.705,-273.1,13.4,8.419,7.12,0
2026-09-15T19:37:23.713,91.021,196,1.751,-273.1,13.5,8.419,7.86,0
2026-09-15T19:37:23.813,91.121,196,1.760,-273.1,13.8,8.419,7.79,0
2026-09-15T19:37:23.914,91.222,196,1.781,-273.1,13.8,8.419,8.05,0
2026-09-15T19:37:24.017,91.324,196,1.760,-273.1,14.2,8.419,7.83,0
2026-09-15T19:37:24.114,91.422,196,1.717,-273.1,13.8,8.419,7.50,0
2026-09-15T19:37:24.214,91.522,196,1.779,-273.1,13.7,8.419,6.76,0
2026-09-15T19:37:24.314,91.622,196,1.762,-273.1,14.1,8.419,7.55,0
2026-09-15T19:37:24.414,91.721,196,1.752,-273.1,13.6,8.419,7.20,0
2026-09-15T19:37:24.515,91.823,196,1.774,-273.1,14.0,8.419,8.11,0
2026-09-15T19:37:24.615,91.922,196,1.751,-273.1,13.6,8.419,7.34,0
2026-09-15T19:37:24.716,92.024,196,1.770,-273.1,14.2,8.419,7.79,0
2026-09-15T19:37:24.816,92.123,196,1.760,-273.1,14.2,8.419,7.57,0
2026-09-15T19:37:24.917,92.225,196,1.733,-273.1,14.5,8.419,6.93,0
2026-09-15T19:37:25.017,92.325,196,1.772,-273.1,13.7,8.419,8.21,0
2026-09-15T19:37:25.117,92.425,196,1.729,-273.1,14.3,8.419,6.95,0
2026-09-15T19:37:25.218,92.525,196,1.757,-273.1,13.8,8.419,7.22,0
2026-09-15T19:37:25.322,92.630,196,1.741,-273.1,14.3,8.419,7.83,0
2026-09-15T19:37:25.422,92.730,196,1.745,-90.0,14.5,8.419,7.30,0
2026-09-15T19:37:25.520,92.828,196,1.748,-273.1,14.0,8.419,7.31,0
2026-09-15T19:37:25.620,92.928,196,1.747,-65.2,14.4,8.419,8.39,0
2026-09-15T19:37:25.720,93.028,196,1.784,-273.1,13.9,8.419,8.15,0
2026-09-15T19:37:25.821,93.128,196,1.731,-273.1,13.8,8.419,7.38,0
2026-09-15T19:37:25.921,93.229,196,1.764,-273.1,14.1,8.419,7.31,0
2026-09-15T19:37:26.021,93.329,196,1.786,-273.1,14.5,8.419,7.16,0
2026-09-15T19:37:26.121,93.429,196,1.709,-273.1,14.4,8.419,8.10,0
2026-09-15T19:37:26.221,93.529,196,1.768,-273.1,14.6,8.419,6.95,0
2026-09-15T19:37:26.321,93.629,196,1.760,-273.1,14.0,8.419,6.89,0
2026-09-15T19:37:26.422,93.729,196,1.782,-83.9,14.3,8.419,7.66,0
2026-09-15T19:37:26.522,93.830,196,1.764,-273.1,14.4,8.419,7.45,0
2026-09-15T19:37:26.623,93.930,196,1.743,-273.1,14.3,8.419,8.84,0
2026-09-15T19:37:26.724,94.031,196,1.761,-273.1,13.8,8.419,7.28,0
2026-09-15T19:37:26.823,94.130,196,1.759,-273.1,14.1,8.419,7.13,0
2026-09-15T19:37:26.923,94.231,196,1.714,-273.1,14.6,8.419,7.83,0
2026-09-15T19:37:27.023,94.330,196,1.732,-273.1,13.6,8.419,8.06,0
2026-09-15T19:37:27.123,94.430,196,1.750,-273.1,14.2,8.419,7.60,0
2026-09-15T19:37:27.223,94.531,196,1.770,-273.1,14.0,8.419,7.53,0
2026-09-15T19:37:27.323,94.631,196,1.763,-90.0,14.3,8.419,7.45,0
2026-09-15T19:37:27.423,94.731,196,1.761,-273.1,14.0,8.419,7.10,0
2026-09-15T19:37:27.523,94.831,196,1.747,-273.1,14.4,8.419,7.52,0
2026-09-15T19:37:27.623,94.931,196,1.756,-273.1,14.3,8.419,8.95,0
2026-09-15T19:37:27.723,95.031,196,1.750,-273.1,14.3,8.419,8.15,0
2026-09-15T19:37:27.825,95.133,196,1.761,-273.1,14.1,8.419,7.65,0
2026-09-15T19:37:27.925,95.233,196,1.822,-71.8,14.2,8.419,7.55,0
2026-09-15T19:37:28.024,95.332,196,1.725,-273.1,14.4,8.419,7.38,0
2026-09-15T19:37:28.123,95.431,196,1.748,-273.1,14.5,8.419,7.24,0
2026-09-15T19:37:28.223,95.531,196,1.760,-273.1,14.4,8.419,7.64,0
2026-09-15T19:37:28.324,95.631,196,1.774,-90.0,14.1,8.419,7.76,0
2026-09-15T19:37:28.424,95.731,196,1.736,-273.1,14.4,8.419,7.66,0
2026-09-15T19:37:28.524,95.831,196,1.762,-273.1,14.4,8.419,7.72,0
2026-09-15T19:37:28.624,95.931,196,1.765,-273.1,14.1,8.419,7.65,0
2026-09-15T19:37:28.724,96.031,196,1.720,-273.1,13.9,8.419,8.26,0
2026-09-15T19:37:28.824,96.132,196,1.769,-273.1,14.2,8.419,7.81,0
2026-09-15T19:37:28.924,96.232,196,1.758,-273.1,14.0,8.419,8.13,0
2026-09-15T19:37:29.028,96.336,196,1.785,-273.1,13.7,8.419,7.90,0
2026-09-15T19:37:29.126,96.433,195,1.775,-273.1,14.6,8.419,7.41,0
2026-09-15T19:37:29.225,96.532,195,1.754,-273.1,13.9,8.419,8.38,0
2026-09-15T19:37:29.324,96.632,194,1.789,-273.1,14.4,8.419,8.04,0
2026-09-15T19:37:29.424,96.731,194,1.714,-273.1,13.2,8.419,7.58,0
2026-09-15T19:37:29.524,96.831,194,1.770,-273.1,14.4,8.419,7.43,0
2026-09-15T19:37:29.626,96.933,194,1.777,-273.1,14.6,8.419,7.63,0
2026-09-15T19:37:29.726,97.033,194,1.815,-273.1,13.9,8.419,7.92,0
2026-09-15T19:37:29.826,97.134,194,1.793,-273.1,14.2,8.419,7.67,0
2026-09-15T19:37:29.926,97.233,194,1.755,-273.1,14.3,8.419,7.85,0
2026-09-15T19:37:30.026,97.334,194,1.760,-80.2,14.3,8.419,7.49,0
2026-09-15T19:37:30.127,97.434,194,1.788,-273.1,14.3,8.419,7.73,0
2026-09-15T19:37:30.227,97.534,194,1.753,-273.1,13.9,8.419,7.99,0
2026-09-15T19:37:30.331,97.638,194,1.769,-273.1,14.5,8.419,7.88,0
2026-09-15T19:37:30.427,97.734,194,1.782,-273.1,14.1,8.419,7.92,0
2026-09-15T19:37:30.527,97.835,194,1.758,-273.1,14.2,8.419,7.49,0
2026-09-15T19:37:30.627,97.935,194,1.757,-80.2,14.4,8.419,7.80,0
2026-09-15T19:37:30.727,98.035,194,1.753,-273.1,14.3,8.419,7.27,0
2026-09-15T19:37:30.827,98.135,194,1.733,-273.1,14.2,8.419,7.23,0
2026-09-15T19:37:30.927,98.235,194,1.780,-273.1,13.9,8.419,6.50,0
2026-09-15T19:37:31.027,98.335,194,1.794,-273.1,14.4,8.419,7.45,0
2026-09-15T19:37:31.128,98.435,194,1.742,-273.1,14.2,8.419,7.44,0
2026-09-15T19:37:31.228,98.535,194,1.765,-273.1,14.4,8.419,7.66,0
2026-09-15T19:37:31.328,98.636,194,1.786,-273.1,14.4,8.419,8.06,0
2026-09-15T19:37:31.427,98.734,194,1.772,-71.8,14.0,8.419,8.38,0
2026-09-15T19:37:31.528,98.835,194,1.786,-273.1,13.9,8.419,6.48,0
2026-09-15T19:37:31.629,98.936,193,1.765,-273.1,14.2,8.419,8.28,0
2026-09-15T19:37:31.730,99.037,193,1.816,-65.2,14.3,8.419,8.46,0
2026-09-15T19:37:31.829,99.137,193,1.747,-273.1,14.3,8.419,6.98,0
2026-09-15T19:37:31.929,99.237,193,1.754,-273.1,14.1,8.419,7.12,0
2026-09-15T19:37:32.030,99.337,193,1.798,-273.1,13.9,8.419,7.73,0
2026-09-15T19:37:32.130,99.437,193,1.761,-273.1,14.1,8.419,7.14,0
2026-09-15T19:37:32.230,99.537,193,1.764,-273.1,14.1,8.419,8.88,0
2026-09-15T19:37:32.330,99.638,193,1.764,-273.1,13.9,8.419,7.26,0
2026-09-15T19:37:32.431,99.738,193,1.785,-77.4,14.3,8.419,9.80,0
2026-09-15T19:37:32.531,99.838,193,1.738,-273.1,14.3,8.419,8.44,0
2026-09-15T19:37:32.631,99.938,193,1.705,-273.1,13.8,8.419,7.36,0
2026-09-15T19:37:32.732,100.039,193,1.708,-67.0,14.2,8.419,8.23,0
2026-09-15T19:37:32.834,100.142,193,1.746,-273.1,14.0,8.419,7.82,0
2026-09-15T19:37:32.935,100.243,193,1.804,-273.1,13.8,8.419,6.92,0
2026-09-15T19:37:33.033,100.340,193,1.819,-273.1,14.2,8.419,7.50,0
2026-09-15T19:37:33.133,100.441,193,1.731,-273.1,13.9,8.419,8.70,0
2026-09-15T19:37:33.234,100.541,193,1.722,-273.1,14.2,8.419,7.95,0
2026-09-15T19:37:33.333,100.641,193,1.745,-273.1,14.5,8.419,8.28,0
2026-09-15T19:37:33.433,100.741,193,1.746,-273.1,13.7,8.419,8.34,0
2026-09-15T19:37:33.534,100.841,193,1.760,-273.1,14.4,8.419,7.46,0
2026-09-15T19:37:33.634,100.941,193,1.739,-273.1,14.1,8.419,8.57,0
2026-09-15T19:37:33.734,101.042,193,1.778,-273.1,13.7,8.419,7.82,0
2026-09-15T19:37:33.834,101.142,193,1.722,-273.1,14.0,8.419,8.19,0
2026-09-15T19:37:33.934,101.242,193,1.739,-273.1,14.1,8.419,7.66,0
2026-09-15T19:37:34.034,101.342,193,1.723,-273.1,13.9,8.419,8.19,0
2026-09-15T19:37:34.135,101.442,193,1.732,-273.1,14.4,8.419,8.06,0
2026-09-15T19:37:34.236,101.544,193,1.726,-273.1,13.7,8.419,8.76,0
2026-09-15T19:37:34.337,101.644,193,1.813,-273.1,14.1,8.419,7.16,0
2026-09-15T19:37:34.434,101.741,193,1.750,-273.1,14.0,8.419,7.35,0
2026-09-15T19:37:34.534,101.842,193,1.784,-273.1,14.2,8.419,8.40,0
2026-09-15T19:37:34.634,101.942,193,1.810,-273.1,13.7,8.419,7.52,0
2026-09-15T19:37:34.735,102.042,193,1.797,-273.1,14.5,8.419,7.67,0
2026-09-15T19:37:34.835,102.142,193,1.772,-70.4,14.0,8.419,7.92,0
2026-09-15T19:37:34.934,102.242,193,1.761,-273.1,14.2,8.419,8.53,0
2026-09-15T19:37:35.034,102.342,193,1.715,-273.1,14.0,8.419,7.83,0
2026-09-15T19:37:35.135,102.442,193,1.750,-273.1,13.9,8.419,7.51,0
2026-09-15T19:37:35.234,102.541,193,1.745,-273.1,14.4,8.419,8.18,0
2026-09-15T19:37:35.334,102.642,193,1.771,-273.1,14.2,8.419,8.23,0
2026-09-15T19:37:35.434,102.742,193,1.735,-83.9,14.0,8.419,8.33,0
2026-09-15T19:37:35.539,102.846,193,1.736,-273.1,13.9,8.419,8.36,0
2026-09-15T19:37:35.635,102.942,193,1.784,-273.1,14.2,8.419,7.12,0
2026-09-15T19:37:35.734,103.042,192,1.751,-273.1,13.8,8.419,8.07,0
2026-09-15T19:37:35.834,103.142,192,1.811,-273.1,14.4,8.419,7.39,0
2026-09-15T19:37:35.934,103.242,192,1.755,-273.1,14.4,8.419,7.37,0
2026-09-15T19:37:36.035,103.342,192,1.749,-90.0,14.0,8.419,7.28,0
2026-09-15T19:37:36.137,103.444,192,1.758,-273.1,14.3,8.419,8.03,0
2026-09-15T19:37:36.236,103.544,192,1.754,-273.1,14.3,8.419,8.30,0
2026-09-15T19:37:36.336,103.644,192,1.760,-273.1,14.2,8.419,7.88,0
2026-09-15T19:37:36.438,103.746,192,1.730,-273.1,14.1,8.419,8.13,0
2026-09-15T19:37:36.540,103.847,192,1.787,-273.1,14.3,8.419,7.11,0
2026-09-15T19:37:36.637,103.945,192,1.773,-68.1,13.9,8.419,7.16,0
2026-09-15T19:37:36.738,104.045,192,1.742,-273.1,13.9,8.419,8.36,0
2026-09-15T19:37:36.839,104.146,192,1.758,-273.1,14.2,8.419,8.62,0
2026-09-15T19:37:36.938,104.246,192,1.778,-73.4,13.4,8.419,9.52,0
2026-09-15T19:37:37.039,104.346,192,1.770,-273.1,13.7,8.419,8.97,0
2026-09-15T19:37:37.138,104.446,192,1.729,-273.1,14.1,8.419,6.57,0
2026-09-15T19:37:37.238,104.546,192,1.744,-273.1,14.2,8.419,8.09,0
2026-09-15T19:37:37.339,104.646,192,1.730,-273.1,14.5,8.419,6.71,0
2026-09-15T19:37:37.439,104.746,192,1.757,-273.1,14.2,8.419,6.95,0
2026-09-15T19:37:37.539,104.847,192,1.721,-273.1,14.5,8.419,7.87,0
2026-09-15T19:37:37.640,104.948,192,1.812,-273.1,14.2,8.419,7.62,0
2026-09-15T19:37:37.739,105.046,192,1.781,-273.1,13.7,8.419,7.46,0
2026-09-15T19:37:37.839,105.147,192,1.755,-273.1,14.3,8.419,6.45,0
2026-09-15T19:37:37.941,105.248,192,1.760,-273.1,14.1,8.419,9.55,0
2026-09-15T19:37:38.039,105.346,192,1.734,-273.1,13.9,8.419,8.08,0
2026-09-15T19:37:38.139,105.447,192,1.754,-273.1,14.4,8.419,7.94,0
2026-09-15T19:37:38.239,105.546,192,1.753,-273.1,14.3,8.419,8.75,0
2026-09-15T19:37:38.339,105.647,192,1.761,-273.1,14.1,8.419,7.62,0
2026-09-15T19:37:38.439,105.747,192,1.771,-273.1,14.2,8.419,8.08,0
2026-09-15T19:37:38.539,105.846,192,1.737,-273.1,14.1,8.419,7.41,0
2026-09-15T19:37:38.639,105.947,192,1.728,-273.1,13.9,8.419,7.46,0
2026-09-15T19:37:38.739,106.046,192,1.742,-273.1,14.0,8.419,7.72,0
2026-09-15T19:37:38.839,106.147,192,1.749,-273.1,14.3,8.419,7.94,0
2026-09-15T19:37:38.940,106.247,192,1.750,-273.1,14.0,8.419,7.19,0
2026-09-15T19:37:39.042,106.349,192,1.785,-273.1,14.3,8.419,7.61,0
2026-09-15T19:37:39.140,106.447,192,1.770,-273.1,14.3,8.419,7.38,0
2026-09-15T19:37:39.240,106.547,192,1.760,-273.1,14.4,8.419,8.53,0
2026-09-15T19:37:39.341,106.648,192,1.760,-273.1,14.2,8.419,6.91,0
2026-09-15T19:37:39.440,106.748,192,1.745,-273.1,14.2,8.419,7.82,0
2026-09-15T19:37:39.540,106.848,192,1.778,-273.1,14.0,8.419,7.31,0
2026-09-15T19:37:39.642,106.949,192,1.745,-273.1,13.8,8.419,7.97,0
2026-09-15T19:37:39.742,107.049,192,1.763,-273.1,14.3,8.419,7.90,0
2026-09-15T19:37:39.842,107.150,192,1.775,-273.1,14.0,8.419,7.21,0
2026-09-15T19:37:39.942,107.250,192,1.751,-273.1,13.8,8.419,8.20,0
2026-09-15T19:37:40.042,107.350,192,1.786,-273.1,13.6,8.419,7.21,0
2026-09-15T19:37:40.143,107.451,192,1.745,-90.0,14.2,8.419,7.20,0
2026-09-15T19:37:40.244,107.552,192,1.735,-273.1,14.1,8.419,7.13,0
2026-09-15T19:37:40.346,107.653,192,1.737,-68.1,14.0,8.419,7.65,0
2026-09-15T19:37:40.443,107.751,192,1.724,-273.1,14.3,8.419,7.50,0
2026-09-15T19:37:40.544,107.851,192,1.767,-273.1,14.1,8.419,6.72,0
2026-09-15T19:37:40.644,107.951,192,1.789,-273.1,14.4,8.419,8.70,0
2026-09-15T19:37:40.744,108.051,192,1.766,-273.1,14.2,8.419,7.72,0
2026-09-15T19:37:40.844,108.151,192,1.768,-273.1,14.1,8.419,7.41,0
2026-09-15T19:37:40.945,108.252,192,1.748,-273.1,13.6,8.419,7.14,0
2026-09-15T19:37:41.043,108.351,192,1.742,-273.1,14.1,8.419,7.90,0
2026-09-15T19:37:41.145,108.452,192,1.770,-273.1,14.1,8.419,7.28,0
2026-09-15T19:37:41.245,108.553,192,1.714,-273.1,13.7,8.419,7.71,0
2026-09-15T19:37:41.347,108.654,192,1.753,-77.4,14.2,8.419,7.28,0
2026-09-15T19:37:41.449,108.756,192,1.763,-90.0,14.1,8.419,7.49,0
2026-09-15T19:37:41.555,108.862,192,1.745,-273.1,14.2,8.419,9.07,0
2026-09-15T19:37:41.646,108.954,192,1.737,-83.9,13.9,8.419,7.99,0
2026-09-15T19:37:41.746,109.054,192,1.762,-273.1,13.8,8.419,8.46,0
2026-09-15T19:37:41.846,109.154,192,1.773,-273.1,14.0,8.419,8.30,0
2026-09-15T19:37:41.946,109.254,192,1.772,-273.1,14.2,8.419,8.28,0
2026-09-15T19:37:42.047,109.354,192,1.753,-273.1,14.1,8.419,6.95,0
2026-09-15T19:37:42.147,109.454,192,1.792,-273.1,13.9,8.419,6.92,0
2026-09-15T19:37:42.247,109.555,192,1.766,-80.2,14.1,8.419,6.20,0
2026-09-15T19:37:42.348,109.655,192,1.767,-273.1,13.6,8.419,8.08,0
2026-09-15T19:37:42.447,109.754,192,1.774,-273.1,14.0,8.419,7.35,0
2026-09-15T19:37:42.547,109.855,192,1.749,-273.1,13.9,8.419,7.60,0
2026-09-15T19:37:42.648,109.955,192,1.793,-273.1,13.6,8.419,7.10,0
2026-09-15T19:37:42.749,110.057,192,1.759,-90.0,13.7,8.419,6.56,0
2026-09-15T19:37:42.849,110.157,192,1.754,-273.1,14.0,8.419,7.68,0
2026-09-15T19:37:42.949,110.257,192,1.758,-273.1,13.3,8.419,7.10,0
2026-09-15T19:37:43.049,110.357,192,1.753,-273.1,13.7,8.419,7.90,0
2026-09-15T19:37:43.150,110.457,192,1.785,-273.1,13.7,8.419,8.44,0
2026-09-15T19:37:43.250,110.558,192,1.768,-273.1,13.8,8.419,7.36,0
2026-09-15T19:37:43.350,110.658,192,1.785,-273.1,13.6,8.419,7.54,0
2026-09-15T19:37:43.451,110.759,192,1.750,-273.1,13.9,8.419,8.72,0
2026-09-15T19:37:43.551,110.859,192,1.786,-273.1,13.7,8.419,7.67,0
2026-09-15T19:37:43.651,110.959,192,1.781,-273.1,13.7,8.419,8.80,0
2026-09-15T19:37:43.752,111.059,192,1.781,-273.1,13.9,8.419,8.32,0
2026-09-15T19:37:43.852,111.159,192,1.771,-273.1,13.6,8.419,8.16,0
2026-09-15T19:37:43.952,111.260,192,1.771,-273.1,13.8,8.419,7.92,0
2026-09-15T19:37:44.052,111.360,192,1.768,-273.1,13.5,8.419,7.74,0
2026-09-15T19:37:44.152,111.460,192,1.786,-273.1,13.8,8.419,7.95,0
2026-09-15T19:37:44.255,111.563,192,1.767,-273.1,13.9,8.419,8.25,0
2026-09-15T19:37:44.353,111.661,192,1.787,-273.1,13.9,8.419,7.31,0
2026-09-15T19:37:44.454,111.762,192,1.749,-273.1,13.3,8.419,7.55,0
2026-09-15T19:37:44.554,111.862,192,1.769,-61.6,13.6,8.419,8.34,0
2026-09-15T19:37:44.654,111.962,192,1.766,-273.1,13.4,8.419,7.60,0
2026-09-15T19:37:44.755,112.062,192,1.768,-273.1,13.9,8.419,7.03,0
2026-09-15T19:37:44.855,112.163,191,1.790,-273.1,13.7,8.419,8.51,0
2026-09-15T19:37:44.956,112.263,191,1.721,-273.1,13.3,8.419,8.31,0
2026-09-15T19:37:45.056,112.363,191,1.799,-75.2,13.8,8.419,8.07,0
2026-09-15T19:37:45.156,112.463,191,1.790,-273.1,13.6,8.419,7.51,0
2026-09-15T19:37:45.259,112.566,191,1.774,-273.1,13.6,8.419,6.77,0
2026-09-15T19:37:45.356,112.664,191,1.734,-273.1,13.7,8.419,7.94,0
2026-09-15T19:37:45.455,112.763,191,1.753,-273.1,13.5,8.419,7.99,0
2026-09-15T19:37:45.556,112.864,191,1.778,-273.1,13.8,8.419,7.58,0
2026-09-15T19:37:45.655,112.963,190,1.744,-273.1,13.8,8.419,7.32,0
2026-09-15T19:37:45.757,113.064,190,1.759,-273.1,13.4,8.419,7.09,0
2026-09-15T19:37:45.856,113.164,189,1.715,-80.2,13.7,8.419,7.54,0
2026-09-15T19:37:45.957,113.264,188,1.770,-273.1,13.4,8.419,8.01,0
2026-09-15T19:37:46.057,113.365,188,1.783,-273.1,13.8,8.419,8.52,0
2026-09-15T19:37:46.158,113.465,187,1.773,-273.1,13.7,8.419,8.01,0
2026-09-15T19:37:46.258,113.565,187,1.755,-273.1,13.4,8.419,7.40,0
2026-09-15T19:37:46.358,113.666,187,1.779,-273.1,12.8,8.419,7.81,0
2026-09-15T19:37:46.458,113.765,187,1.715,-273.1,13.7,8.419,9.03,0
2026-09-15T19:37:46.559,113.866,187,1.777,-273.1,13.7,8.419,7.14,0
2026-09-15T19:37:46.660,113.967,187,1.764,-273.1,13.5,8.419,6.83,0
2026-09-15T19:37:46.760,114.068,186,1.732,-90.0,13.6,8.419,7.63,0
2026-09-15T19:37:46.858,114.165,186,1.762,-90.0,13.5,8.419,7.35,0
2026-09-15T19:37:46.958,114.266,186,1.746,-273.1,13.8,8.419,8.22,0
2026-09-15T19:37:47.059,114.366,186,1.724,-273.1,13.4,8.420,6.77,0
2026-09-15T19:37:47.159,114.466,186,1.717,-273.1,13.5,8.419,8.58,0
2026-09-15T19:37:47.259,114.567,185,1.715,-273.1,13.9,8.419,8.09,0
2026-09-15T19:37:47.359,114.667,185,1.774,-273.1,13.7,8.419,7.31,0
2026-09-15T19:37:47.460,114.767,185,1.746,-273.1,13.5,8.419,8.32,0
2026-09-15T19:37:47.560,114.868,185,1.758,-273.1,13.4,8.419,7.96,0
2026-09-15T19:37:47.660,114.968,185,1.793,-273.1,13.6,8.419,6.82,0
2026-09-15T19:37:47.762,115.070,185,1.718,-273.1,13.3,8.419,6.63,0
2026-09-15T19:37:47.863,115.171,185,1.770,-273.1,13.6,8.419,7.46,0
2026-09-15T19:37:47.961,115.269,185,1.750,-273.1,13.9,8.419,7.28,0
2026-09-15T19:37:48.061,115.368,185,1.786,-273.1,13.7,8.419,6.81,0
2026-09-15T19:37:48.162,115.469,185,1.737,-273.1,13.7,8.419,7.98,0
2026-09-15T19:37:48.262,115.569,185,1.763,-273.1,13.3,8.419,6.97,0
2026-09-15T19:37:48.362,115.669,185,1.754,-273.1,13.8,8.419,7.45,0
2026-09-15T19:37:48.463,115.770,185,1.766,-273.1,13.5,8.419,8.44,0
2026-09-15T19:37:48.562,115.870,185,1.763,-90.0,13.6,8.419,8.73,0
2026-09-15T19:37:48.663,115.971,185,1.765,-273.1,14.0,8.419,7.57,0
2026-09-15T19:37:48.763,116.071,185,1.781,-273.1,13.3,8.419,8.73,0
2026-09-15T19:37:48.863,116.171,185,1.758,-273.1,14.1,8.419,8.42,0
2026-09-15T19:37:48.963,116.271,185,1.753,-273.1,13.9,8.419,7.74,0
2026-09-15T19:37:49.065,116.372,185,1.782,-273.1,13.8,8.419,8.72,0
2026-09-15T19:37:49.165,116.473,185,1.764,-273.1,14.0,8.419,8.41,0
2026-09-15T19:37:49.265,116.572,185,1.738,-273.1,14.1,8.419,8.67,0
2026-09-15T19:37:49.365,116.672,184,1.774,-273.1,13.8,8.419,6.94,0
2026-09-15T19:37:49.465,116.772,184,1.775,-273.1,13.5,8.419,7.49,0
2026-09-15T19:37:49.565,116.872,184,1.748,-273.1,13.8,8.419,8.50,0
2026-09-15T19:37:49.665,116.972,184,1.751,-273.1,13.9,8.419,7.41,0
2026-09-15T19:37:49.765,117.073,184,1.764,-273.1,13.7,8.419,7.95,0
2026-09-15T19:37:49.866,117.173,184,1.762,-273.1,13.9,8.419,8.02,0
2026-09-15T19:37:49.965,117.273,184,1.727,-273.1,13.5,8.419,8.21,0
2026-09-15T19:37:50.066,117.373,184,1.754,-273.1,14.3,8.419,8.01,0
2026-09-15T19:37:50.167,117.475,183,1.745,-273.1,14.0,8.419,8.33,0
2026-09-15T19:37:50.269,117.577,183,1.778,-273.1,13.9,8.419,6.93,0
2026-09-15T19:37:50.367,117.674,183,1.733,-273.1,14.0,8.419,7.72,0
2026-09-15T19:37:50.467,117.774,183,1.735,-273.1,14.0,8.419,8.51,0
2026-09-15T19:37:50.567,117.875,183,1.751,-273.1,13.9,8.419,8.02,0
2026-09-15T19:37:50.668,117.975,183,1.745,-273.1,14.2,8.419,7.74,0
2026-09-15T19:37:50.767,118.074,182,1.741,-273.1,14.3,8.419,7.60,0
2026-09-15T19:37:50.867,118.174,182,1.748,-273.1,13.9,8.419,7.94,0
2026-09-15T19:37:50.968,118.275,182,1.745,-273.1,13.9,8.419,7.70,0
2026-09-15T19:37:51.068,118.375,182,1.768,-273.1,14.4,8.419,7.31,0
2026-09-15T19:37:51.169,118.476,182,1.733,-273.1,14.1,8.419,8.62,0
2026-09-15T19:37:51.269,118.576,182,1.755,-273.1,13.7,8.419,8.63,0
2026-09-15T19:37:51.368,118.676,182,1.718,-273.1,13.7,8.419,7.57,0
2026-09-15T19:37:51.469,118.776,182,1.747,-273.1,13.8,8.419,7.60,0
2026-09-15T19:37:51.572,118.880,182,1.747,-273.1,14.0,8.419,7.87,0
2026-09-15T19:37:51.671,118.979,182,1.769,-273.1,14.2,8.419,8.25,0
2026-09-15T19:37:51.769,119.077,182,1.759,-273.1,13.9,8.419,7.51,0
2026-09-15T19:37:51.870,119.177,182,1.780,-273.1,13.8,8.419,8.00,0
2026-09-15T19:37:51.970,119.277,182,1.749,-90.0,14.1,8.419,7.51,0
2026-09-15T19:37:52.070,119.378,182,1.741,-273.1,14.2,8.419,7.47,0
2026-09-15T19:37:52.170,119.478,182,1.757,-273.1,14.3,8.419,8.54,0
2026-09-15T19:37:52.270,119.578,182,1.713,-63.6,14.0,8.419,7.90,0
2026-09-15T19:37:52.370,119.678,182,1.751,-80.2,13.8,8.419,7.82,0
2026-09-15T19:37:52.470,119.778,182,1.775,-273.1,14.1,8.419,7.44,0
2026-09-15T19:37:52.570,119.878,182,1.804,-273.1,13.8,8.419,8.30,0
2026-09-15T19:37:52.671,119.978,182,1.761,-273.1,14.3,8.419,7.83,0
2026-09-15T19:37:52.771,120.078,182,1.763,-273.1,14.2,8.419,7.45,0
2026-09-15T19:37:52.870,120.178,181,1.741,-273.1,14.1,8.419,8.30,0
2026-09-15T19:37:52.971,120.278,181,1.766,-273.1,13.6,8.419,7.97,0
2026-09-15T19:37:53.074,120.382,181,1.741,-47.8,14.2,8.419,8.21,0
2026-09-15T19:37:53.173,120.480,181,1.754,-61.6,14.3,8.419,8.27,0
2026-09-15T19:37:53.271,120.579,181,1.769,-273.1,13.8,8.419,8.76,0
2026-09-15T19:37:53.370,120.678,181,1.772,-273.1,14.1,8.419,8.22,0
2026-09-15T19:37:53.471,120.778,181,1.754,-273.1,14.1,8.419,8.31,0
2026-09-15T19:37:53.571,120.878,181,1.730,-273.1,13.7,8.419,8.80,0
2026-09-15T19:37:53.671,120.978,181,1.783,-273.1,14.1,8.419,6.81,0
2026-09-15T19:37:53.771,121.078,181,1.739,-273.1,14.1,8.419,9.59,0
2026-09-15T19:37:53.871,121.178,181,1.751,-273.1,13.8,8.419,7.09,0
2026-09-15T19:37:53.970,121.278,181,1.750,-273.1,14.1,8.419,7.32,0
2026-09-15T19:37:54.071,121.378,181,1.781,-273.1,14.0,8.419,7.37,0
2026-09-15T19:37:54.171,121.479,181,1.737,-273.1,14.0,8.419,8.39,0
2026-09-15T19:37:54.270,121.578,181,1.770,-273.1,13.6,8.419,8.57,0
2026-09-15T19:37:54.372,121.680,181,1.748,-273.1,13.4,8.419,7.49,0
2026-09-15T19:37:54.471,121.778,181,1.768,-90.0,13.8,8.419,5.87,0
2026-09-15T19:37:54.570,121.877,181,1.772,-273.1,13.5,8.419,8.25,0
2026-09-15T19:37:54.670,121.978,181,1.723,-273.1,13.6,8.419,6.41,0
2026-09-15T19:37:54.770,122.078,181,1.731,-273.1,13.7,8.419,5.91,0
2026-09-15T19:37:54.871,122.178,181,1.782,-273.1,13.4,8.419,9.00,0
2026-09-15T19:37:54.970,122.278,181,1.773,-273.1,13.4,8.419,8.10,0
2026-09-15T19:37:55.070,122.378,181,1.755,-273.1,13.9,8.419,7.16,0
2026-09-15T19:37:55.171,122.478,181,1.753,-273.1,13.4,8.419,7.98,0
2026-09-15T19:37:55.271,122.578,181,1.752,-273.1,14.0,8.419,7.01,0
2026-09-15T19:37:55.371,122.678,181,1.784,-273.1,13.8,8.419,7.05,0
2026-09-15T19:37:55.473,122.780,181,1.756,-273.1,13.9,8.419,8.10,0
2026-09-15T19:37:55.573,122.881,181,1.786,-273.1,13.8,8.419,8.28,0
2026-09-15T19:37:55.676,122.983,181,1.785,-273.1,13.5,8.419,7.50,0
2026-09-15T19:37:55.772,123.080,181,1.753,-77.4,13.7,8.419,7.16,0
2026-09-15T19:37:55.871,123.179,181,1.754,-273.1,13.4,8.419,8.02,0
2026-09-15T19:37:55.972,123.279,181,1.758,-273.1,13.4,8.420,7.50,0
2026-09-15T19:37:56.071,123.379,181,1.761,-273.1,13.2,8.419,7.50,0
2026-09-15T19:37:56.171,123.479,181,1.753,-273.1,13.7,8.419,7.87,0
2026-09-15T19:37:56.272,123.579,180,1.729,-273.1,13.5,8.419,8.25,0
2026-09-15T19:37:56.373,123.680,180,1.728,-80.2,13.8,8.419,7.53,0
2026-09-15T19:37:56.472,123.780,180,1.773,-273.1,14.0,8.419,7.64,0
2026-09-15T19:37:56.572,123.880,180,1.715,-273.1,13.5,8.419,8.88,0
2026-09-15T19:37:56.673,123.980,180,1.763,-273.1,14.0,8.419,6.30,0
2026-09-15T19:37:56.774,124.081,180,1.731,-68.1,13.5,8.419,7.68,0
2026-09-15T19:37:56.874,124.181,180,1.727,-273.1,14.2,8.419,7.83,0
2026-09-15T19:37:56.973,124.281,180,1.726,-273.1,13.1,8.419,7.68,0
2026-09-15T19:37:57.075,124.382,180,1.761,-273.1,13.9,8.419,7.29,0
2026-09-15T19:37:57.176,124.483,180,1.728,-273.1,13.5,8.419,7.38,0
2026-09-15T19:37:57.276,124.583,180,1.771,-273.1,13.7,8.419,7.09,0
2026-09-15T19:37:57.376,124.683,180,1.748,-273.1,14.0,8.419,7.90,0
2026-09-15T19:37:57.476,124.784,180,1.709,-273.1,13.7,8.419,7.30,0
2026-09-15T19:37:57.576,124.884,180,1.793,-273.1,13.6,8.419,8.34,0
2026-09-15T19:37:57.677,124.984,180,1.757,-273.1,13.5,8.419,7.49,0
2026-09-15T19:37:57.776,125.083,180,1.773,-83.9,14.0,8.419,7.53,0
2026-09-15T19:37:57.876,125.184,180,1.770,-273.1,13.5,8.419,7.39,0
2026-09-15T19:37:57.977,125.284,180,1.760,-273.1,14.0,8.419,7.76,0
2026-09-15T19:37:58.077,125.384,180,1.794,-273.1,13.6,8.419,7.77,0
2026-09-15T19:37:58.177,125.485,180,1.733,-273.1,13.9,8.419,7.21,0
2026-09-15T19:37:58.277,125.584,180,1.768,-273.1,13.9,8.419,7.89,0
2026-09-15T19:37:58.380,125.687,180,1.785,-273.1,13.4,8.419,6.81,0
2026-09-15T19:37:58.476,125.783,180,1.708,-273.1,13.8,8.419,7.41,0
2026-09-15T19:37:58.576,125.884,180,1.750,-68.1,14.0,8.419,7.99,0
2026-09-15T19:37:58.676,125.984,180,1.779,-273.1,14.0,8.419,8.24,0
2026-09-15T19:37:58.776,126.084,180,1.706,-273.1,13.7,8.419,8.55,0
2026-09-15T19:37:58.877,126.184,180,1.804,-273.1,13.5,8.419,8.37,0
2026-09-15T19:37:58.977,126.284,180,1.775,-273.1,13.5,8.419,7.93,0
2026-09-15T19:37:59.076,126.384,179,1.752,-90.0,13.5,8.419,7.98,0
2026-09-15T19:37:59.176,126.483,179,1.719,-273.1,13.6,8.419,8.89,0
2026-09-15T19:37:59.276,126.584,179,1.721,-273.1,13.9,8.419,6.88,0
2026-09-15T19:37:59.376,126.684,179,1.773,-273.1,13.5,8.419,6.30,0
2026-09-15T19:37:59.477,126.785,179,1.759,-273.1,13.7,8.419,8.82,0
2026-09-15T19:37:59.576,126.883,179,1.720,-273.1,13.3,8.419,7.84,0
2026-09-15T19:37:59.677,126.985,179,1.746,-273.1,13.7,8.419,8.19,0
2026-09-15T19:37:59.779,127.086,179,1.760,-273.1,13.5,8.419,7.13,0
2026-09-15T19:37:59.877,127.184,178,1.756,-273.1,13.9,8.419,7.17,0
2026-09-15T19:37:59.977,127.284,178,1.733,-273.1,13.8,8.419,6.86,0
2026-09-15T19:38:00.077,127.384,178,1.768,-273.1,13.7,8.419,7.25,0
2026-09-15T19:38:00.177,127.484,178,1.771,-273.1,13.5,8.419,7.29,0
2026-09-15T19:38:00.277,127.584,178,1.763,-273.1,14.0,8.419,7.81,0
2026-09-15T19:38:00.377,127.684,178,1.743,-273.1,13.7,8.419,8.55,0
2026-09-15T19:38:00.477,127.784,178,1.716,-77.4,13.5,8.419,6.95,0
2026-09-15T19:38:00.577,127.885,178,1.740,-273.1,13.8,8.419,7.96,0
2026-09-15T19:38:00.678,127.985,178,1.728,-70.4,13.4,8.419,8.42,0
2026-09-15T19:38:00.778,128.085,178,1.737,-273.1,13.6,8.419,7.81,0
2026-09-15T19:38:00.879,128.187,177,1.731,-273.1,13.0,8.419,8.83,0
2026-09-15T19:38:00.977,128.285,177,1.745,-273.1,13.7,8.419,7.88,0
2026-09-15T19:38:01.076,128.384,176,1.744,-273.1,13.7,8.419,8.64,0
2026-09-15T19:38:01.177,128.484,176,1.784,-273.1,13.9,8.419,8.32,0
2026-09-15T19:38:01.277,128.584,176,1.745,-273.1,13.3,8.419,8.20,0
2026-09-15T19:38:01.377,128.684,176,1.756,-73.4,13.6,8.419,8.23,0
2026-09-15T19:38:01.477,128.785,176,1.719,-273.1,13.9,8.419,8.05,0
2026-09-15T19:38:01.578,128.886,176,1.726,-273.1,13.2,8.419,7.94,0
2026-09-15T19:38:01.678,128.985,176,1.729,-273.1,13.3,8.419,8.09,0
2026-09-15T19:38:01.777,129.085,176,1.721,-273.1,13.7,8.419,7.06,0
2026-09-15T19:38:01.879,129.187,176,1.768,-273.1,13.9,8.419,8.27,0
2026-09-15T19:38:01.977,129.285,176,1.732,-273.1,13.8,8.419,7.57,0
2026-09-15T19:38:02.078,129.385,176,1.699,-273.1,13.8,8.419,8.14,0
2026-09-15T19:38:02.178,129.486,176,1.728,-273.1,13.2,8.419,7.90,0
2026-09-15T19:38:02.279,129.586,176,1.745,-273.1,13.7,8.419,7.89,0
2026-09-15T19:38:02.379,129.686,176,1.774,-273.1,13.9,8.419,8.16,0
2026-09-15T19:38:02.479,129.786,176,1.721,-273.1,14.0,8.419,7.40,0
2026-09-15T19:38:02.579,129.886,176,1.747,-273.1,13.4,8.419,7.40,0
2026-09-15T19:38:02.679,129.986,176,1.694,-273.1,13.2,8.419,6.73,0
2026-09-15T19:38:02.778,130.086,176,1.759,-273.1,13.7,8.419,8.21,0
2026-09-15T19:38:02.879,130.187,176,1.705,-273.1,13.8,8.419,7.99,0
2026-09-15T19:38:02.979,130.287,176,1.791,-273.1,13.2,8.419,6.82,0
2026-09-15T19:38:03.079,130.386,175,1.765,-273.1,13.4,8.419,7.27,0
2026-09-15T19:38:03.179,130.486,175,1.708,-273.1,13.9,8.419,8.15,0
2026-09-15T19:38:03.280,130.587,175,1.735,-273.1,13.8,8.419,7.68,0
2026-09-15T19:38:03.382,130.689,175,1.776,-273.1,13.5,8.419,8.14,0
2026-09-15T19:38:03.480,130.787,175,1.761,-90.0,14.1,8.419,7.61,0
2026-09-15T19:38:03.579,130.886,175,1.757,-273.1,14.0,8.419,7.64,0
2026-09-15T19:38:03.678,130.986,175,1.716,-273.1,13.7,8.419,8.55,0
2026-09-15T19:38:03.779,131.086,175,1.698,-273.1,13.9,8.419,7.58,0
2026-09-15T19:38:03.879,131.186,175,1.744,-273.1,13.3,8.419,7.71,0
2026-09-15T19:38:03.979,131.286,175,1.749,-273.1,13.7,8.419,8.30,0
2026-09-15T19:38:04.079,131.386,175,1.694,-273.1,13.9,8.419,9.65,0
2026-09-15T19:38:04.179,131.486,175,1.740,-273.1,13.4,8.419,7.04,0
2026-09-15T19:38:04.279,131.586,175,1.765,-273.1,14.0,8.419,7.33,0
2026-09-15T19:38:04.379,131.687,175,1.731,-273.1,14.1,8.419,8.30,0
2026-09-15T19:38:04.480,131.787,175,1.777,-273.1,13.4,8.419,9.04,0
2026-09-15T19:38:04.580,131.887,175,1.714,-273.1,13.9,8.419,7.40,0
2026-09-15T19:38:04.683,131.990,175,1.735,-273.1,14.0,8.419,7.28,0
2026-09-15T19:38:04.780,132.088,175,1.740,-273.1,13.4,8.419,8.93,0
2026-09-15T19:38:04.883,132.191,175,1.771,-273.1,13.5,8.419,6.58,0
2026-09-15T19:38:04.980,132.288,175,1.716,-273.1,13.3,8.419,7.83,0
2026-09-15T19:38:05.080,132.388,175,1.729,-273.1,13.9,8.419,8.04,0
2026-09-15T19:38:05.181,132.488,175,1.739,-273.1,13.7,8.419,9.48,0
2026-09-15T19:38:05.281,132.588,175,1.724,-273.1,14.2,8.419,8.29,0
2026-09-15T19:38:05.381,132.688,175,1.781,-273.1,13.9,8.419,8.59,0
2026-09-15T19:38:05.481,132.788,175,1.752,-68.1,13.4,8.419,7.90,0
2026-09-15T19:38:05.581,132.889,175,1.726,-273.1,13.3,8.419,8.26,0
2026-09-15T19:38:05.681,132.989,175,1.745,-273.1,13.5,8.419,8.20,0
2026-09-15T19:38:05.781,133.089,175,1.750,-273.1,13.5,8.419,7.55,0
2026-09-15T19:38:05.882,133.189,175,1.748,-273.1,13.9,8.419,8.15,0
2026-09-15T19:38:05.983,133.290,175,1.745,-70.4,13.4,8.419,8.37,0
2026-09-15T19:38:06.082,133.390,175,1.723,-273.1,14.7,8.419,8.22,0
2026-09-15T19:38:06.185,133.492,175,1.758,-273.1,13.4,8.419,7.52,0
2026-09-15T19:38:06.284,133.591,175,1.734,-273.1,13.7,8.419,7.74,0
2026-09-15T19:38:06.384,133.691,175,1.735,-273.1,13.7,8.419,7.86,0
2026-09-15T19:38:06.485,133.792,175,1.726,-67.0,13.8,8.419,8.00,0
2026-09-15T19:38:06.583,133.891,175,1.758,-273.1,13.6,8.419,7.38,0
2026-09-15T19:38:06.684,133.991,175,1.756,-273.1,13.5,8.419,8.16,0
2026-09-15T19:38:06.784,134.091,175,1.751,-273.1,13.6,8.419,7.79,0
2026-09-15T19:38:06.884,134.191,175,1.753,-273.1,13.7,8.419,7.64,0
2026-09-15T19:38:06.984,134.291,175,1.747,-273.1,13.8,8.419,8.66,0
2026-09-15T19:38:07.084,134.392,175,1.756,-273.1,13.9,8.419,8.68,0
2026-09-15T19:38:07.184,134.492,175,1.762,-273.1,13.7,8.419,8.12,0
2026-09-15T19:38:07.285,134.592,175,1.744,-273.1,13.4,8.419,8.74,0
2026-09-15T19:38:07.386,134.693,175,1.784,-273.1,13.8,8.419,7.40,0
2026-09-15T19:38:07.488,134.795,175,1.761,-273.1,13.9,8.419,7.89,0
2026-09-15T19:38:07.589,134.896,175,1.775,-80.2,13.8,8.419,7.32,0
2026-09-15T19:38:07.685,134.993,175,1.706,-273.1,13.6,8.419,8.12,0
2026-09-15T19:38:07.785,135.093,175,1.704,-273.1,14.1,8.419,8.07,0
2026-09-15T19:38:07.884,135.192,175,1.754,-90.0,14.0,8.419,8.59,0
2026-09-15T19:38:07.984,135.292,175,1.734,-273.1,14.0,8.419,8.10,0
2026-09-15T19:38:08.084,135.392,175,1.746,-80.2,13.9,8.419,7.64,0
2026-09-15T19:38:08.184,135.492,175,1.713,-273.1,13.8,8.419,8.24,0
2026-09-15T19:38:08.284,135.592,175,1.786,-66.1,14.0,8.419,7.63,0
2026-09-15T19:38:08.384,135.692,175,1.705,-273.1,13.5,8.419,7.56,0
2026-09-15T19:38:08.484,135.792,175,1.718,-273.1,13.8,8.419,7.62,0
2026-09-15T19:38:08.584,135.892,175,1.784,-273.1,14.2,8.419,8.33,0
2026-09-15T19:38:08.686,135.993,175,1.750,-63.6,13.7,8.419,8.13,0
2026-09-15T19:38:08.790,136.097,175,1.718,-68.1,14.1,8.419,7.85,0
2026-09-15T19:38:08.885,136.193,175,1.752,-273.1,13.6,8.419,7.99,0
2026-09-15T19:38:08.984,136.292,175,1.723,-273.1,13.9,8.419,8.09,0
2026-09-15T19:38:09.085,136.392,175,1.779,-273.1,13.7,8.419,7.74,0
2026-09-15T19:38:09.184,136.492,175,1.780,-273.1,13.7,8.419,8.35,0
2026-09-15T19:38:09.285,136.592,175,1.742,-83.9,13.9,8.419,7.97,0
2026-09-15T19:38:09.385,136.692,175,1.795,-273.1,14.1,8.419,8.38,0
2026-09-15T19:38:09.485,136.792,175,1.738,-273.1,13.8,8.419,8.01,0
2026-09-15T19:38:09.585,136.893,175,1.726,-90.0,14.4,8.419,7.72,0
2026-09-15T19:38:09.684,136.992,175,1.750,-273.1,14.3,8.419,7.83,0
2026-09-15T19:38:09.785,137.092,175,1.761,-273.1,14.2,8.419,6.03,0
2026-09-15T19:38:09.886,137.193,175,1.734,-273.1,14.0,8.419,7.49,0
2026-09-15T19:38:09.991,137.299,175,1.757,-69.2,13.9,8.419,8.14,0
2026-09-15T19:38:10.086,137.393,175,1.768,-273.1,13.7,8.419,8.58,0
2026-09-15T19:38:10.186,137.494,175,1.715,-273.1,13.9,8.419,7.61,0
2026-09-15T19:38:10.286,137.594,175,1.790,-273.1,14.1,8.419,7.94,0
2026-09-15T19:38:10.387,137.695,175,1.747,-273.1,13.4,8.419,8.18,0
2026-09-15T19:38:10.487,137.795,175,1.746,-273.1,13.3,8.419,8.38,0
2026-09-15T19:38:10.588,137.895,175,1.755,-90.0,14.2,8.419,8.70,0
2026-09-15T19:38:10.688,137.996,175,1.765,-273.1,14.0,8.419,7.09,0
2026-09-15T19:38:10.789,138.096,175,1.761,-71.8,14.0,8.419,7.39,0
2026-09-15T19:38:10.889,138.196,175,1.709,-273.1,14.1,8.419,7.27,0
2026-09-15T19:38:10.990,138.297,175,1.719,-273.1,14.1,8.419,8.35,0
2026-09-15T19:38:11.089,138.396,175,1.754,-273.1,14.1,8.419,7.05,0
2026-09-15T19:38:11.189,138.496,175,1.767,-273.1,14.1,8.419,7.42,0
2026-09-15T19:38:11.291,138.598,175,1.741,-273.1,14.1,8.419,8.05,0
2026-09-15T19:38:11.392,138.700,175,1.755,-90.0,13.7,8.419,7.23,0
2026-09-15T19:38:11.491,138.799,175,1.791,-273.1,13.2,8.419,8.24,0
2026-09-15T19:38:11.590,138.898,175,1.718,-273.1,14.2,8.419,8.94,0
2026-09-15T19:38:11.691,138.998,175,1.761,-273.1,13.6,8.419,8.40,0
2026-09-15T19:38:11.791,139.098,175,1.742,-273.1,14.0,8.419,7.95,0
2026-09-15T19:38:11.891,139.199,175,1.793,-273.1,13.6,8.419,8.91,0
2026-09-15T19:38:11.991,139.299,175,1.745,-273.1,14.0,8.419,6.82,0
2026-09-15T19:38:12.092,139.399,175,1.752,-273.1,13.5,8.419,7.83,0
2026-09-15T19:38:12.192,139.500,175,1.766,-273.1,14.0,8.419,8.15,0
2026-09-15T19:38:12.291,139.599,175,1.720,-273.1,13.8,8.419,7.62,0
2026-09-15T19:38:12.393,139.700,175,1.746,-273.1,13.6,8.419,8.15,0
2026-09-15T19:38:12.496,139.803,175,1.766,-273.1,13.8,8.419,7.85,0
2026-09-15T19:38:12.593,139.901,175,1.778,-273.1,14.2,8.419,8.02,0
2026-09-15T19:38:12.692,140.000,175,1.776,-273.1,14.2,8.419,7.49,0
2026-09-15T19:38:12.793,140.100,175,1.757,-273.1,13.6,8.419,7.94,0
2026-09-15T19:38:12.893,140.200,175,1.715,-273.1,14.1,8.419,8.28,0
2026-09-15T19:38:12.993,140.301,175,1.749,-273.1,13.8,8.419,7.96,0
2026-09-15T19:38:13.093,140.401,175,1.810,-273.1,13.8,8.419,8.09,0
2026-09-15T19:38:13.193,140.501,175,1.762,-273.1,13.5,8.419,8.13,0
2026-09-15T19:38:13.293,140.601,175,1.746,-273.1,14.0,8.419,8.01,0
2026-09-15T19:38:13.394,140.701,175,1.732,-273.1,13.7,8.419,7.42,0
2026-09-15T19:38:13.494,140.802,175,1.766,-273.1,13.8,8.419,8.11,0
2026-09-15T19:38:13.594,140.902,175,1.747,-273.1,13.8,8.419,7.53,0
2026-09-15T19:38:13.694,141.002,175,1.705,-273.1,14.0,8.419,7.66,0
2026-09-15T19:38:13.795,141.103,175,1.778,-273.1,13.5,8.419,8.88,0
2026-09-15T19:38:13.899,141.207,175,1.797,-273.1,13.8,8.419,7.71,0
2026-09-15T19:38:13.995,141.302,175,1.773,-273.1,13.9,8.419,7.68,0
2026-09-15T19:38:14.095,141.402,175,1.737,-273.1,13.8,8.419,8.41,0
2026-09-15T19:38:14.195,141.503,175,1.776,-273.1,13.7,8.419,7.15,0
2026-09-15T19:38:14.295,141.603,175,1.747,-273.1,13.9,8.419,7.20,0
2026-09-15T19:38:14.395,141.703,175,1.766,-273.1,13.9,8.419,8.43,0
2026-09-15T19:38:14.496,141.803,175,1.740,-273.1,13.8,8.419,7.80,0
2026-09-15T19:38:14.595,141.903,175,1.747,-62.9,13.5,8.419,8.29,0
2026-09-15T19:38:14.696,142.003,175,1.745,-273.1,13.9,8.419,6.71,0
2026-09-15T19:38:14.796,142.103,175,1.769,-273.1,14.0,8.419,6.35,0
2026-09-15T19:38:14.896,142.203,175,1.764,-273.1,13.8,8.419,7.95,0
2026-09-15T19:38:14.996,142.303,175,1.741,-273.1,14.2,8.419,8.36,0
2026-09-15T19:38:15.099,142.407,175,1.728,-273.1,14.3,8.419,7.73,0
2026-09-15T19:38:15.200,142.507,175,1.768,-273.1,14.0,8.419,7.83,0
2026-09-15T19:38:15.297,142.605,175,1.755,-273.1,14.2,8.419,8.07,0
2026-09-15T19:38:15.397,142.705,175,1.772,-273.1,14.2,8.419,8.77,0
2026-09-15T19:38:15.498,142.805,175,1.747,-273.1,14.4,8.419,8.45,0
2026-09-15T19:38:15.598,142.905,175,1.729,-273.1,13.8,8.419,8.71,0
2026-09-15T19:38:15.698,143.005,175,1.782,-273.1,14.2,8.419,7.02,0
2026-09-15T19:38:15.798,143.106,175,1.765,-273.1,14.0,8.419,8.58,0
2026-09-15T19:38:15.899,143.206,175,1.709,-273.1,13.7,8.419,7.36,0
2026-09-15T19:38:16.001,143.309,175,1.777,-273.1,13.5,8.419,7.62,0
2026-09-15T19:38:16.104,143.411,175,1.733,-273.1,13.8,8.419,6.94,0
2026-09-15T19:38:16.200,143.508,175,1.756,-273.1,14.1,8.419,9.03,0
2026-09-15T19:38:16.299,143.607,175,1.730,-273.1,13.9,8.419,9.03,0
2026-09-15T19:38:16.399,143.707,175,1.741,-273.1,13.9,8.419,7.71,0
2026-09-15T19:38:16.499,143.807,175,1.737,-71.8,14.2,8.419,6.91,0
2026-09-15T19:38:16.600,143.907,175,1.760,-273.1,13.5,8.419,8.15,0
2026-09-15T19:38:16.700,144.007,175,1.743,-273.1,13.9,8.419,6.19,0
2026-09-15T19:38:16.801,144.108,175,1.742,-273.1,13.6,8.419,6.23,0
2026-09-15T19:38:16.900,144.207,175,1.726,-273.1,14.2,8.419,8.09,0
2026-09-15T19:38:17.000,144.308,175,1.756,-273.1,14.2,8.419,5.87,0
2026-09-15T19:38:17.100,144.408,175,1.741,-273.1,13.7,8.419,6.56,0
2026-09-15T19:38:17.200,144.508,175,1.747,-273.1,14.0,8.419,7.85,0
2026-09-15T19:38:17.303,144.611,175,1.737,-77.4,14.0,8.419,8.23,0
2026-09-15T19:38:17.401,144.708,175,1.739,-273.1,13.9,8.419,6.83,0
2026-09-15T19:38:17.502,144.810,175,1.749,-273.1,14.1,8.419,8.06,0
2026-09-15T19:38:17.603,144.910,175,1.758,-273.1,14.1,8.419,8.26,0
2026-09-15T19:38:17.702,145.010,175,1.732,-273.1,13.8,8.419,7.20,0
2026-09-15T19:38:17.802,145.110,175,1.742,-77.4,14.2,8.419,8.31,0
2026-09-15T19:38:17.903,145.210,175,1.787,-273.1,14.3,8.419,7.75,0
2026-09-15T19:38:18.002,145.310,175,1.779,-273.1,13.8,8.419,7.64,0
2026-09-15T19:38:18.103,145.410,175,1.739,-273.1,13.9,8.419,8.70,0
2026-09-15T19:38:18.202,145.509,175,1.786,-273.1,14.2,8.419,8.17,0
2026-09-15T19:38:18.302,145.609,175,1.761,-273.1,14.3,8.419,8.25,0
2026-09-15T19:38:18.403,145.711,175,1.731,-273.1,14.0,8.419,8.38,0
2026-09-15T19:38:18.504,145.811,175,1.760,-273.1,14.3,8.419,7.35,0
2026-09-15T19:38:18.603,145.911,175,1.814,-273.1,13.5,8.419,8.08,0
2026-09-15T19:38:18.704,146.012,175,1.760,-273.1,13.1,8.419,7.86,0
2026-09-15T19:38:18.803,146.111,175,1.788,-273.1,14.6,8.419,7.86,0
2026-09-15T19:38:18.904,146.211,175,1.762,-273.1,14.3,8.419,8.61,0
2026-09-15T19:38:19.004,146.311,175,1.765,-273.1,14.3,8.419,7.07,0
2026-09-15T19:38:19.104,146.412,175,1.773,-273.1,14.3,8.419,8.27,0
2026-09-15T19:38:19.203,146.511,175,1.771,-273.1,13.9,8.419,7.49,0
2026-09-15T19:38:19.306,146.613,175,1.774,-273.1,14.4,8.419,8.61,0
2026-09-15T19:38:19.403,146.710,175,1.741,-65.2,14.0,8.419,7.08,0
2026-09-15T19:38:19.503,146.811,175,1.737,-273.1,14.5,8.419,8.15,0
2026-09-15T19:38:19.603,146.911,175,1.794,-273.1,14.3,8.419,6.61,0
2026-09-15T19:38:19.703,147.011,175,1.781,-273.1,14.2,8.419,7.77,0
2026-09-15T19:38:19.803,147.111,175,1.786,-80.2,13.5,8.419,7.77,0
2026-09-15T19:38:19.903,147.211,175,1.741,-273.1,14.3,8.419,7.81,0
2026-09-15T19:38:20.003,147.310,175,1.795,-273.1,14.3,8.419,7.61,0
2026-09-15T19:38:20.103,147.411,175,1.785,-273.1,14.1,8.419,8.25,0
2026-09-15T19:38:20.203,147.511,175,1.801,-273.1,14.2,8.419,7.88,0
2026-09-15T19:38:20.304,147.611,175,1.756,-273.1,14.4,8.419,7.71,0
2026-09-15T19:38:20.404,147.711,175,1.757,-273.1,14.2,8.419,7.81,0
2026-09-15T19:38:20.503,147.811,175,1.757,-273.1,14.3,8.419,8.39,0
2026-09-15T19:38:20.604,147.911,175,1.797,-273.1,14.4,8.419,6.95,0
2026-09-15T19:38:20.704,148.011,0,0.000,-273.1,14.0,8.419,11.14,0
2026-09-15T19:38:20.807,148.114,0,0.000,-273.1,14.4,8.419,5.24,0
2026-09-15T19:38:20.905,148.212,0,0.000,-90.0,14.7,8.419,2.22,0
2026-09-15T19:38:21.004,148.312,0,0.000,-75.2,14.8,8.419,0.83,0
2026-09-15T19:38:21.104,148.412,0,0.000,-273.1,14.7,8.419,0.42,0
2026-09-15T19:38:21.206,148.513,0,0.000,-273.1,14.8,8.419,0.28,0
2026-09-15T19:38:21.305,148.612,0,0.000,-273.1,14.9,8.419,-0.02,0
