timestamp,elapsed_s,pwm,current_A,t1_casing_C,t2_magnet_C,force_N,flux_mT,fault
2026-09-15T19:40:18.897,24.646,0,0.000,-69.2,14.1,8.419,-0.02,0
2026-09-15T19:40:18.996,24.746,0,0.000,-273.1,14.2,8.419,-0.10,0
2026-09-15T19:40:19.097,24.847,0,0.000,-273.1,14.1,8.419,0.00,0
2026-09-15T19:40:19.198,24.947,0,0.000,-273.1,14.2,8.419,-0.14,0
2026-09-15T19:40:19.299,25.049,0,0.000,-273.1,14.2,8.419,-0.15,0
2026-09-15T19:40:19.400,25.150,0,0.000,-273.1,14.3,8.419,-0.07,0
2026-09-15T19:40:19.499,25.248,0,0.000,-273.1,14.0,8.419,-0.10,0
2026-09-15T19:40:19.599,25.348,0,0.000,-273.1,14.3,8.419,-0.02,0
2026-09-15T19:40:19.699,25.448,0,0.000,-273.1,14.0,8.419,-0.36,0
2026-09-15T19:40:19.799,25.548,0,0.000,-273.1,14.1,8.419,-0.24,0
2026-09-15T19:40:19.900,25.649,0,0.000,-273.1,14.3,8.419,-0.07,0
2026-09-15T19:40:20.000,25.749,0,0.000,-273.1,14.2,8.419,-0.36,0
2026-09-15T19:40:20.100,25.849,0,0.000,-273.1,14.2,8.419,-0.26,0
2026-09-15T19:40:20.200,25.949,0,0.000,-273.1,14.3,8.419,-0.29,0
2026-09-15T19:40:20.301,26.050,10,0.004,-273.1,14.0,8.419,-0.20,0
2026-09-15T19:40:20.401,26.150,10,0.004,-273.1,14.2,8.419,-0.06,0
2026-09-15T19:40:20.501,26.251,20,0.137,-273.1,14.4,8.419,0.01,0
2026-09-15T19:40:20.603,26.352,20,0.140,-273.1,14.2,8.419,0.31,0
2026-09-15T19:40:20.703,26.452,30,0.326,-273.1,14.1,8.419,1.03,0
2026-09-15T19:40:20.803,26.553,30,0.335,-273.1,14.2,8.419,0.95,0
2026-09-15T19:40:20.902,26.652,40,0.523,-273.1,14.4,8.419,2.03,0
2026-09-15T19:40:21.002,26.752,40,0.520,-60.4,13.9,8.419,2.41,0
2026-09-15T19:40:21.103,26.852,50,0.673,-68.1,13.9,8.419,2.51,0
2026-09-15T19:40:21.203,26.953,60,0.821,-273.1,13.9,8.419,2.91,0
2026-09-15T19:40:21.303,27.052,60,0.826,-273.1,13.8,8.419,3.37,0
2026-09-15T19:40:21.403,27.152,70,0.935,-273.1,13.8,8.419,3.55,0
2026-09-15T19:40:21.503,27.253,70,0.938,-83.9,13.7,8.419,4.33,0
2026-09-15T19:40:21.605,27.355,80,1.039,-273.1,13.8,8.419,3.90,0
2026-09-15T19:40:21.704,27.454,80,1.035,-273.1,13.7,8.419,4.13,0
2026-09-15T19:40:21.803,27.553,80,1.031,-273.1,13.6,8.419,4.24,0
2026-09-15T19:40:21.903,27.653,80,1.030,-273.1,13.7,8.419,4.31,0
2026-09-15T19:40:22.003,27.752,80,1.037,-273.1,13.8,8.419,4.22,0
2026-09-15T19:40:22.103,27.853,90,1.084,-273.1,13.3,8.419,4.47,0
2026-09-15T19:40:22.203,27.952,90,1.118,-273.1,13.9,8.419,4.36,0
2026-09-15T19:40:22.304,28.053,90,1.127,-273.1,13.6,8.419,4.93,0
2026-09-15T19:40:22.403,28.153,90,1.114,-71.8,13.8,8.419,5.26,0
2026-09-15T19:40:22.503,28.253,90,1.121,-273.1,13.6,8.419,4.84,0
2026-09-15T19:40:22.605,28.354,90,1.092,-273.1,13.5,8.419,4.72,0
2026-09-15T19:40:22.705,28.455,90,1.107,-273.1,13.5,8.419,4.77,0
2026-09-15T19:40:22.805,28.555,90,1.127,-273.1,13.6,8.419,4.48,0
2026-09-15T19:40:22.905,28.654,90,1.071,-273.1,13.4,8.419,4.67,0
2026-09-15T19:40:23.006,28.755,90,1.091,-273.1,13.1,8.419,4.97,0
2026-09-15T19:40:23.106,28.856,90,1.108,-90.0,13.6,8.419,5.02,0
2026-09-15T19:40:23.206,28.955,90,1.099,-273.1,13.6,8.419,5.30,0
2026-09-15T19:40:23.306,29.056,90,1.087,-273.1,13.4,8.419,5.34,0
2026-09-15T19:40:23.406,29.156,90,1.115,-273.1,13.5,8.419,6.05,0
2026-09-15T19:40:23.507,29.257,90,1.094,-273.1,13.3,8.419,4.89,0
2026-09-15T19:40:23.607,29.356,90,1.130,-273.1,13.1,8.419,5.23,0
2026-09-15T19:40:23.710,29.459,90,1.100,-273.1,13.6,8.419,5.22,0
2026-09-15T19:40:23.809,29.558,90,1.100,-273.1,13.7,8.419,4.85,0
2026-09-15T19:40:23.909,29.658,90,1.104,-273.1,13.7,8.419,5.91,0
2026-09-15T19:40:24.009,29.758,90,1.116,-273.1,13.7,8.419,5.30,0
2026-09-15T19:40:24.109,29.858,90,1.104,-273.1,13.4,8.419,4.90,0
2026-09-15T19:40:24.209,29.958,80,1.022,-273.1,13.9,8.419,4.92,0
2026-09-15T19:40:24.309,30.058,70,0.931,-273.1,13.7,8.419,5.28,0
2026-09-15T19:40:24.409,30.158,70,0.967,-273.1,13.5,8.419,4.89,0
2026-09-15T19:40:24.508,30.258,60,0.824,-273.1,13.8,8.419,4.59,0
2026-09-15T19:40:24.608,30.358,60,0.851,-273.1,13.7,8.419,4.35,0
2026-09-15T19:40:24.709,30.458,50,0.673,-273.1,13.7,8.419,4.12,0
2026-09-15T19:40:24.808,30.557,40,0.511,-273.1,13.8,8.419,3.64,0
2026-09-15T19:40:24.909,30.659,40,0.516,-273.1,14.0,8.419,2.95,0
2026-09-15T19:40:25.008,30.758,30,0.342,-273.1,14.0,8.419,2.39,0
2026-09-15T19:40:25.108,30.858,30,0.335,-273.1,13.9,8.419,1.91,0
2026-09-15T19:40:25.209,30.958,20,0.141,-273.1,13.9,8.419,1.18,0
2026-09-15T19:40:25.309,31.058,20,0.141,-70.4,14.1,8.419,0.65,0
2026-09-15T19:40:25.409,31.158,10,0.004,-273.1,14.0,8.419,0.24,0
2026-09-15T19:40:25.512,31.261,0,0.000,-273.1,14.1,8.419,0.11,0
2026-09-15T19:40:25.615,31.364,0,0.000,-273.1,14.1,8.419,-0.20,0
2026-09-15T19:40:25.710,31.460,0,0.000,-273.1,14.2,8.419,-0.05,0
2026-09-15T19:40:25.810,31.560,0,0.000,-273.1,14.1,8.419,-0.27,0
2026-09-15T19:40:25.910,31.660,0,0.000,-90.0,14.3,8.419,-0.09,0
2026-09-15T19:40:26.010,31.759,0,0.000,-273.1,14.4,8.419,-0.05,0
2026-09-15T19:40:26.112,31.862,0,-0.000,-273.1,14.2,8.419,-0.14,0
2026-09-15T19:40:26.211,31.960,0,0.000,-273.1,14.2,8.419,-0.15,0
2026-09-15T19:40:26.311,32.060,0,0.000,-273.1,14.3,8.419,-0.27,0
2026-09-15T19:40:26.412,32.162,0,0.000,-273.1,14.2,8.419,-0.38,0
2026-09-15T19:40:26.512,32.261,0,0.000,-273.1,14.2,8.419,-0.16,0
2026-09-15T19:40:26.613,32.362,0,0.000,-273.1,14.3,8.419,-0.04,0
2026-09-15T19:40:26.717,32.466,0,0.000,-273.1,14.3,8.419,-0.22,0
2026-09-15T19:40:26.813,32.562,0,0.000,-273.1,14.2,8.419,-0.12,0
2026-09-15T19:40:26.913,32.663,0,0.000,-273.1,14.2,8.419,-0.05,0
2026-09-15T19:40:27.015,32.764,0,0.000,-273.1,14.2,8.419,-0.32,0
2026-09-15T19:40:27.114,32.864,0,0.000,-273.1,14.1,8.419,-0.13,0
2026-09-15T19:40:27.214,0.043,0,0.000,-273.1,14.0,8.419,-0.22,0
2026-09-15T19:40:27.314,0.143,0,0.000,-273.1,14.2,8.419,-0.08,0
2026-09-15T19:40:27.415,0.097,0,0.000,-83.9,14.4,8.419,-0.24,0
2026-09-15T19:40:27.515,0.197,0,0.000,-273.1,14.2,8.419,-0.07,0
2026-09-15T19:40:27.615,0.297,0,0.000,-273.1,14.2,8.419,-0.16,0
2026-09-15T19:40:27.715,0.397,0,0.000,-273.1,14.2,8.419,-0.09,0
2026-09-15T19:40:27.815,0.497,0,0.000,-273.1,14.2,8.419,-0.22,0
2026-09-15T19:40:27.915,0.597,0,0.000,-273.1,14.2,8.419,0.08,0
2026-09-15T19:40:28.017,0.699,0,0.000,-273.1,14.2,8.419,0.26,0
2026-09-15T19:40:28.116,0.798,0,0.000,-273.1,14.4,8.419,0.36,0
2026-09-15T19:40:28.216,0.898,0,0.000,-273.1,14.1,8.419,0.05,0
2026-09-15T19:40:28.317,0.999,0,0.000,-273.1,14.3,8.419,0.33,0
2026-09-15T19:40:28.421,1.103,0,0.000,-273.1,14.3,8.419,0.15,0
2026-09-15T19:40:28.517,1.199,0,0.000,-273.1,14.3,8.419,-0.10,0
2026-09-15T19:40:28.618,1.300,0,-0.000,-273.1,14.4,8.419,0.24,0
2026-09-15T19:40:28.717,1.399,10,0.004,-273.1,14.1,8.419,0.13,0
2026-09-15T19:40:28.817,1.499,20,0.142,-273.1,14.1,8.419,0.02,0
2026-09-15T19:40:28.918,1.600,20,0.139,-273.1,14.1,8.419,0.61,0
2026-09-15T19:40:29.018,1.700,30,0.326,-273.1,14.3,8.419,1.31,0
2026-09-15T19:40:29.118,1.800,30,0.340,-273.1,14.2,8.419,2.01,0
2026-09-15T19:40:29.218,1.900,40,0.506,-273.1,14.1,8.419,1.63,0
2026-09-15T19:40:29.318,2.000,40,0.515,-58.3,13.9,8.419,2.96,0
2026-09-15T19:40:29.419,2.101,50,0.675,-273.1,13.9,8.419,2.76,0
2026-09-15T19:40:29.519,2.201,50,0.677,-273.1,14.2,8.419,3.04,0
2026-09-15T19:40:29.623,2.305,60,0.818,-83.9,13.8,8.419,3.29,0
2026-09-15T19:40:29.722,2.404,60,0.799,-273.1,13.8,8.419,3.35,0
2026-09-15T19:40:29.819,2.501,70,0.944,-77.4,13.8,8.419,3.25,0
2026-09-15T19:40:29.920,2.602,70,0.930,-273.1,13.9,8.419,4.98,0
2026-09-15T19:40:30.020,2.702,80,1.015,-273.1,14.1,8.419,4.86,0
2026-09-15T19:40:30.120,2.802,80,1.008,-273.1,13.8,8.419,5.11,0
2026-09-15T19:40:30.220,2.903,90,1.112,-273.1,13.4,8.419,5.24,0
2026-09-15T19:40:30.320,3.002,90,1.116,-273.1,14.0,8.419,5.54,0
2026-09-15T19:40:30.421,3.103,100,1.129,-273.1,13.6,8.419,5.34,0
2026-09-15T19:40:30.521,3.203,100,1.147,-71.8,13.7,8.419,5.33,0
2026-09-15T19:40:30.621,3.303,110,1.156,-273.1,13.5,8.419,5.57,0
2026-09-15T19:40:30.722,3.404,120,1.193,-273.1,13.7,8.419,5.99,0
2026-09-15T19:40:30.823,3.505,120,1.184,-273.1,13.7,8.419,4.44,0
2026-09-15T19:40:30.923,3.605,130,1.242,-273.1,13.5,8.419,5.49,0
2026-09-15T19:40:31.023,3.705,130,1.251,-273.1,14.2,8.419,5.07,0
2026-09-15T19:40:31.126,3.808,140,1.253,-273.1,13.5,8.419,4.19,0
2026-09-15T19:40:31.223,3.905,140,1.242,-273.1,13.6,8.419,5.70,0
2026-09-15T19:40:31.323,4.005,150,1.276,-273.1,13.8,8.419,6.01,0
2026-09-15T19:40:31.423,4.105,150,1.282,-273.1,13.5,8.419,7.58,0
2026-09-15T19:40:31.524,4.206,160,1.291,-66.1,13.7,8.419,5.90,0
2026-09-15T19:40:31.624,4.306,160,1.286,-273.1,13.6,8.419,6.80,0
2026-09-15T19:40:31.724,4.406,170,1.331,-65.2,13.5,8.419,5.84,0
2026-09-15T19:40:31.824,4.506,170,1.304,-273.1,13.4,8.419,4.83,0
2026-09-15T19:40:31.924,4.606,180,1.311,-273.1,13.7,8.419,5.87,0
2026-09-15T19:40:32.025,4.707,180,1.352,-273.1,13.8,8.419,5.56,0
2026-09-15T19:40:32.125,4.807,190,1.355,-273.1,13.6,8.419,6.94,0
2026-09-15T19:40:32.225,4.907,190,1.347,-273.1,13.7,8.419,5.28,0
2026-09-15T19:40:32.325,5.007,200,1.377,-273.1,13.6,8.419,6.01,0
2026-09-15T19:40:32.425,5.107,200,1.430,-273.1,13.7,8.419,6.22,0
2026-09-15T19:40:32.526,5.208,210,1.396,-273.1,13.7,8.419,6.15,0
2026-09-15T19:40:32.626,5.308,220,1.431,-273.1,13.5,8.419,5.81,0
2026-09-15T19:40:32.727,5.409,220,1.423,-273.1,13.8,8.419,6.41,0
2026-09-15T19:40:32.826,5.508,230,1.414,-273.1,13.5,8.419,6.77,0
2026-09-15T19:40:32.927,5.609,230,1.431,-273.1,13.6,8.419,6.38,0
2026-09-15T19:40:33.027,5.709,240,1.472,-273.1,13.5,8.419,6.02,0
2026-09-15T19:40:33.127,5.809,240,1.445,-273.1,13.5,8.419,6.12,0
2026-09-15T19:40:33.228,5.910,250,1.486,-69.2,13.5,8.419,6.38,0
2026-09-15T19:40:33.328,6.010,250,1.483,-273.1,13.6,8.419,6.65,0
2026-09-15T19:40:33.428,6.110,255,1.497,-273.1,13.5,8.419,6.81,0
2026-09-15T19:40:33.528,6.210,255,1.500,-273.1,13.8,8.419,6.15,0
2026-09-15T19:40:33.629,6.311,255,1.503,-273.1,13.5,8.419,6.41,0
2026-09-15T19:40:33.730,6.412,255,1.506,-273.1,13.5,8.419,6.50,0
2026-09-15T19:40:33.829,6.511,255,1.509,-273.1,13.6,8.419,6.37,0
2026-09-15T19:40:33.932,6.614,255,1.512,-273.1,13.6,8.419,6.43,0
2026-09-15T19:40:34.033,6.715,255,1.514,-68.1,13.6,8.419,6.26,0
2026-09-15T19:40:34.130,6.812,255,1.516,-273.1,13.5,8.419,6.23,0
2026-09-15T19:40:34.231,6.913,255,1.518,-273.1,13.4,8.419,6.65,0
2026-09-15T19:40:34.331,7.013,255,1.520,-273.1,13.6,8.419,6.39,0
2026-09-15T19:40:34.431,7.113,255,1.522,-273.1,13.5,8.419,6.49,0
2026-09-15T19:40:34.532,7.214,255,1.525,-273.1,13.8,8.419,6.69,0
2026-09-15T19:40:34.632,7.314,255,1.526,-273.1,13.7,8.419,6.47,0
2026-09-15T19:40:34.732,7.414,255,1.528,-273.1,13.6,8.419,6.32,0
2026-09-15T19:40:34.833,7.515,255,1.529,-273.1,13.4,8.419,6.59,0
2026-09-15T19:40:34.932,7.614,255,1.531,-80.2,13.6,8.419,6.45,0
2026-09-15T19:40:35.033,7.715,255,1.533,-273.1,13.6,8.419,6.56,0
2026-09-15T19:40:35.133,7.815,255,1.534,-63.6,13.5,8.419,6.35,0
2026-09-15T19:40:35.233,7.915,255,1.536,-273.1,13.3,8.419,6.39,0
2026-09-15T19:40:35.334,8.016,255,1.538,-273.1,13.4,8.419,6.65,0
2026-09-15T19:40:35.434,8.116,255,1.539,-273.1,13.4,8.419,6.08,0
2026-09-15T19:40:35.534,8.216,255,1.540,-273.1,13.5,8.419,6.39,0
2026-09-15T19:40:35.634,8.316,255,1.541,-273.1,13.4,8.419,6.21,0
2026-09-15T19:40:35.735,8.417,255,1.542,-273.1,13.5,8.419,6.26,0
2026-09-15T19:40:35.834,8.516,255,1.543,-273.1,13.8,8.419,6.45,0
2026-09-15T19:40:35.934,8.616,255,1.544,-273.1,13.6,8.419,6.33,0
2026-09-15T19:40:36.034,8.716,255,1.546,-273.1,13.5,8.419,6.47,0
2026-09-15T19:40:36.134,8.816,255,1.546,-273.1,13.8,8.419,6.32,0
2026-09-15T19:40:36.235,8.917,255,1.547,-273.1,13.6,8.419,6.61,0
2026-09-15T19:40:36.334,9.016,255,1.549,-273.1,13.6,8.419,6.64,0
2026-09-15T19:40:36.434,9.116,255,1.551,-273.1,13.6,8.419,6.69,0
2026-09-15T19:40:36.537,9.219,255,1.551,-273.1,13.6,8.419,6.48,0
2026-09-15T19:40:36.636,9.318,255,1.552,-273.1,13.6,8.419,6.27,0
2026-09-15T19:40:36.735,9.417,255,1.554,-273.1,13.7,8.419,6.45,0
2026-09-15T19:40:36.834,9.516,255,1.555,-273.1,13.8,8.419,6.40,0
2026-09-15T19:40:36.935,9.617,255,1.556,-273.1,13.5,8.419,6.46,0
2026-09-15T19:40:37.034,9.716,255,1.557,-273.1,13.8,8.419,6.50,0
2026-09-15T19:40:37.134,9.816,255,1.558,-273.1,13.8,8.419,6.46,0
2026-09-15T19:40:37.234,9.916,255,1.559,-273.1,14.0,8.419,6.49,0
2026-09-15T19:40:37.334,10.016,255,1.560,-273.1,13.7,8.419,6.68,0
2026-09-15T19:40:37.434,10.116,255,1.562,-273.1,13.8,8.419,6.46,0
2026-09-15T19:40:37.534,10.216,255,1.563,-273.1,13.9,8.419,6.55,0
2026-09-15T19:40:37.634,10.317,255,1.564,-273.1,14.0,8.419,6.41,0
2026-09-15T19:40:37.736,10.418,255,1.564,-273.1,13.5,8.419,6.53,0
2026-09-15T19:40:37.835,10.517,255,1.565,-90.0,13.7,8.419,6.53,0
2026-09-15T19:40:37.937,10.619,255,1.566,-273.1,13.9,8.419,6.53,0
2026-09-15T19:40:38.037,10.719,255,1.567,-273.1,13.6,8.419,6.61,0
2026-09-15T19:40:38.139,10.821,255,1.567,-273.1,13.6,8.419,6.46,0
2026-09-15T19:40:38.240,10.922,255,1.568,-273.1,13.6,8.419,6.64,0
2026-09-15T19:40:38.338,11.020,255,1.569,-273.1,13.7,8.419,6.69,0
2026-09-15T19:40:38.437,11.119,255,1.570,-273.1,13.8,8.419,6.30,0
2026-09-15T19:40:38.537,11.219,255,1.571,-273.1,13.8,8.419,6.71,0
2026-09-15T19:40:38.638,11.320,255,1.571,-273.1,13.7,8.419,6.61,0
2026-09-15T19:40:38.737,11.419,255,1.573,-273.1,13.7,8.419,6.54,0
2026-09-15T19:40:38.838,11.520,255,1.574,-90.0,13.7,8.419,6.62,0
2026-09-15T19:40:38.938,11.620,255,1.575,-273.1,13.7,8.419,6.70,0
2026-09-15T19:40:39.038,11.720,255,1.576,-273.1,13.8,8.419,6.57,0
2026-09-15T19:40:39.138,11.820,255,1.577,-273.1,13.7,8.419,6.56,0
2026-09-15T19:40:39.239,11.921,255,1.578,-273.1,13.7,8.419,6.75,0
2026-09-15T19:40:39.341,12.023,255,1.579,-273.1,13.6,8.419,6.53,0
2026-09-15T19:40:39.440,12.122,255,1.580,-273.1,13.9,8.419,6.66,0
2026-09-15T19:40:39.540,12.222,255,1.581,-273.1,13.5,8.419,6.54,0
2026-09-15T19:40:39.640,12.322,255,1.582,-71.8,13.5,8.419,6.55,0
2026-09-15T19:40:39.740,12.422,255,1.583,-273.1,13.6,8.419,6.65,0
2026-09-15T19:40:39.840,12.522,255,1.584,-80.2,13.5,8.419,6.60,0
2026-09-15T19:40:39.940,12.622,255,1.585,-273.1,13.7,8.419,6.67,0
2026-09-15T19:40:40.040,12.722,255,1.585,-273.1,13.6,8.419,6.47,0
2026-09-15T19:40:40.141,12.823,255,1.586,-83.9,13.6,8.419,6.69,0
2026-09-15T19:40:40.241,12.923,255,1.588,-273.1,13.7,8.419,6.56,0
2026-09-15T19:40:40.341,13.023,255,1.589,-273.1,14.0,8.419,6.63,0
2026-09-15T19:40:40.444,13.126,255,1.590,-273.1,13.5,8.419,6.79,0
2026-09-15T19:40:40.542,13.224,255,1.591,-273.1,13.8,8.419,6.42,0
2026-09-15T19:40:40.642,13.324,255,1.592,-273.1,13.6,8.419,6.64,0
2026-09-15T19:40:40.742,13.424,255,1.594,-77.4,13.8,8.419,6.67,0
2026-09-15T19:40:40.842,13.524,255,1.596,-273.1,13.9,8.419,6.60,0
2026-09-15T19:40:40.943,13.625,255,1.597,-273.1,13.7,8.419,6.82,0
2026-09-15T19:40:41.041,13.723,255,1.598,-71.8,13.8,8.419,6.58,0
2026-09-15T19:40:41.141,13.824,255,1.599,-73.4,13.8,8.419,6.56,0
2026-09-15T19:40:41.242,13.924,255,1.600,-273.1,14.0,8.419,6.83,0
2026-09-15T19:40:41.342,14.024,255,1.601,-273.1,13.8,8.419,6.55,0
2026-09-15T19:40:41.442,14.124,255,1.602,-273.1,13.8,8.419,6.63,0
2026-09-15T19:40:41.542,14.224,255,1.603,-273.1,13.8,8.419,6.69,0
2026-09-15T19:40:41.643,14.325,255,1.605,-273.1,14.1,8.419,6.64,0
2026-09-15T19:40:41.742,14.424,255,1.606,-64.4,14.0,8.419,6.87,0
2026-09-15T19:40:41.842,14.524,255,1.607,-90.0,14.0,8.419,6.76,0
2026-09-15T19:40:41.942,14.624,255,1.608,-273.1,13.9,8.419,6.92,0
2026-09-15T19:40:42.042,14.724,255,1.609,-90.0,14.1,8.419,6.81,0
2026-09-15T19:40:42.142,14.824,255,1.610,-273.1,14.1,8.419,6.74,0
2026-09-15T19:40:42.242,14.924,255,1.611,-273.1,14.3,8.419,6.52,0
2026-09-15T19:40:42.344,15.026,255,1.613,-273.1,13.9,8.419,6.92,0
2026-09-15T19:40:42.447,15.129,255,1.614,-273.1,13.8,8.419,6.88,0
2026-09-15T19:40:42.546,15.228,255,1.615,-273.1,13.7,8.419,6.77,0
2026-09-15T19:40:42.645,15.327,255,1.616,-273.1,13.9,8.419,6.76,0
2026-09-15T19:40:42.745,15.427,255,1.617,-273.1,13.9,8.419,6.61,0
2026-09-15T19:40:42.846,15.528,255,1.619,-273.1,13.8,8.419,6.86,0
2026-09-15T19:40:42.945,15.627,255,1.619,-70.4,13.9,8.419,6.65,0
2026-09-15T19:40:43.045,15.727,255,1.620,-273.1,13.9,8.419,6.88,0
2026-09-15T19:40:43.145,15.827,255,1.621,-273.1,13.8,8.419,6.95,0
2026-09-15T19:40:43.245,15.927,255,1.622,-273.1,13.9,8.419,7.08,0
2026-09-15T19:40:43.345,16.027,255,1.623,-273.1,13.9,8.419,6.84,0
2026-09-15T19:40:43.445,16.127,255,1.624,-273.1,13.9,8.419,6.68,0
2026-09-15T19:40:43.546,16.228,255,1.625,-273.1,14.0,8.419,6.56,0
2026-09-15T19:40:43.646,16.328,255,1.625,-273.1,13.8,8.419,7.05,0
2026-09-15T19:40:43.746,16.428,255,1.626,-273.1,13.9,8.419,6.75,0
2026-09-15T19:40:43.847,16.529,255,1.627,-273.1,14.0,8.419,6.89,0
2026-09-15T19:40:43.948,16.630,255,1.627,-273.1,13.8,8.419,6.92,0
2026-09-15T19:40:44.047,16.729,255,1.628,-273.1,14.2,8.419,6.68,0
2026-09-15T19:40:44.147,16.829,255,1.629,-273.1,13.9,8.419,6.66,0
2026-09-15T19:40:44.247,16.929,255,1.630,-83.9,13.9,8.419,6.77,0
2026-09-15T19:40:44.348,17.030,255,1.629,-273.1,13.8,8.419,6.99,0
2026-09-15T19:40:44.448,17.131,255,1.630,-273.1,13.7,8.419,6.79,0
2026-09-15T19:40:44.548,17.230,255,1.631,-273.1,13.8,8.419,6.84,0
2026-09-15T19:40:44.649,17.331,255,1.632,-273.1,13.6,8.419,6.96,0
2026-09-15T19:40:44.749,17.431,255,1.633,-273.1,13.9,8.419,6.78,0
2026-09-15T19:40:44.850,17.532,255,1.633,-273.1,13.8,8.419,6.83,0
2026-09-15T19:40:44.951,17.633,255,1.634,-273.1,13.8,8.419,6.69,0
2026-09-15T19:40:45.050,17.732,255,1.635,-273.1,13.6,8.419,6.87,0
2026-09-15T19:40:45.150,17.832,255,1.636,-273.1,13.7,8.419,6.73,0
2026-09-15T19:40:45.250,17.932,255,1.637,-273.1,13.8,8.419,6.92,0
2026-09-15T19:40:45.350,18.032,255,1.638,-273.1,13.9,8.419,6.88,0
2026-09-15T19:40:45.451,18.133,255,1.639,-273.1,13.8,8.419,6.93,0
2026-09-15T19:40:45.551,18.233,255,1.639,-273.1,13.9,8.419,7.24,0
2026-09-15T19:40:45.651,18.333,255,1.640,-273.1,13.9,8.419,7.04,0
2026-09-15T19:40:45.751,18.433,255,1.641,-273.1,13.7,8.419,6.84,0
2026-09-15T19:40:45.852,18.534,255,1.642,-273.1,14.0,8.419,7.20,0
2026-09-15T19:40:45.954,18.636,255,1.642,-273.1,13.8,8.419,6.93,0
2026-09-15T19:40:46.053,18.736,255,1.643,-273.1,13.9,8.419,6.93,0
2026-09-15T19:40:46.152,18.834,255,1.644,-273.1,13.8,8.419,6.93,0
2026-09-15T19:40:46.252,18.934,255,1.645,-273.1,13.9,8.419,7.00,0
2026-09-15T19:40:46.352,19.034,255,1.646,-273.1,13.9,8.419,6.84,0
2026-09-15T19:40:46.453,19.135,255,1.647,-273.1,13.8,8.419,6.96,0
2026-09-15T19:40:46.553,19.235,255,1.648,-273.1,13.8,8.419,7.12,0
2026-09-15T19:40:46.653,19.335,255,1.648,-273.1,13.9,8.419,6.91,0
2026-09-15T19:40:46.752,19.434,255,1.648,-273.1,13.9,8.419,6.61,0
2026-09-15T19:40:46.853,19.535,255,1.650,-273.1,14.1,8.419,6.72,0
2026-09-15T19:40:46.955,19.637,255,1.651,-273.1,14.1,8.419,6.92,0
2026-09-15T19:40:47.053,19.735,255,1.653,-273.1,13.9,8.419,7.10,0
2026-09-15T19:40:47.155,19.837,255,1.653,-273.1,14.0,8.419,6.73,0
2026-09-15T19:40:47.253,19.935,255,1.654,-273.1,14.1,8.419,6.84,0
2026-09-15T19:40:47.353,20.035,255,1.655,-273.1,14.1,8.419,6.77,0
2026-09-15T19:40:47.453,20.135,255,1.656,-273.1,14.0,8.419,6.96,0
2026-09-15T19:40:47.553,20.235,255,1.657,-273.1,14.2,8.419,6.73,0
2026-09-15T19:40:47.654,20.336,255,1.658,-273.1,14.0,8.419,6.71,0
2026-09-15T19:40:47.754,20.436,255,1.659,-273.1,14.1,8.419,6.63,0
2026-09-15T19:40:47.854,20.536,255,1.660,-273.1,14.0,8.419,6.50,0
2026-09-15T19:40:47.954,20.636,255,1.660,-273.1,14.2,8.419,6.69,0
2026-09-15T19:40:48.055,20.737,255,1.660,-273.1,13.9,8.419,6.71,0
2026-09-15T19:40:48.155,20.837,255,1.660,-273.1,13.9,8.419,6.73,0
2026-09-15T19:40:48.255,20.937,255,1.660,-273.1,14.1,8.419,6.87,0
2026-09-15T19:40:48.354,21.037,255,1.661,-273.1,13.7,8.419,7.10,0
2026-09-15T19:40:48.455,21.137,255,1.661,-273.1,14.0,8.419,7.35,0
2026-09-15T19:40:48.555,21.237,255,1.661,-273.1,14.0,8.419,6.87,0
2026-09-15T19:40:48.655,21.337,255,1.663,-273.1,14.3,8.419,6.82,0
2026-09-15T19:40:48.755,21.437,255,1.663,-273.1,13.8,8.419,6.68,0
2026-09-15T19:40:48.856,21.538,255,1.665,-273.1,14.2,8.419,6.93,0
2026-09-15T19:40:48.956,21.638,255,1.665,-273.1,13.9,8.419,6.84,0
2026-09-15T19:40:49.056,21.738,255,1.666,-273.1,14.1,8.419,6.72,0
2026-09-15T19:40:49.156,21.838,255,1.666,-273.1,14.2,8.419,7.05,0
2026-09-15T19:40:49.256,21.938,255,1.668,-273.1,14.1,8.419,6.78,0
2026-09-15T19:40:49.358,22.040,255,1.668,-273.1,14.0,8.419,7.05,0
2026-09-15T19:40:49.456,22.138,255,1.669,-273.1,14.1,8.419,6.95,0
2026-09-15T19:40:49.557,22.239,255,1.671,-273.1,13.9,8.419,6.83,0
2026-09-15T19:40:49.660,22.342,255,1.671,-273.1,14.1,8.419,6.84,0
2026-09-15T19:40:49.757,22.439,255,1.671,-273.1,14.1,8.419,7.02,0
2026-09-15T19:40:49.857,22.539,255,1.671,-273.1,14.3,8.419,6.53,0
2026-09-15T19:40:49.958,22.640,255,1.672,-273.1,14.1,8.419,6.91,0
2026-09-15T19:40:50.058,22.740,255,1.672,-273.1,13.9,8.419,6.89,0
2026-09-15T19:40:50.157,22.839,255,1.673,-273.1,14.0,8.419,6.76,0
2026-09-15T19:40:50.257,22.939,255,1.674,-90.0,14.2,8.419,7.10,0
2026-09-15T19:40:50.360,23.042,255,1.674,-273.1,14.2,8.419,7.04,0
2026-09-15T19:40:50.458,23.140,255,1.675,-273.1,14.2,8.419,6.94,0
2026-09-15T19:40:50.557,23.239,255,1.676,-273.1,14.3,8.419,7.04,0
2026-09-15T19:40:50.658,23.340,255,1.677,-80.2,14.0,8.419,6.98,0
2026-09-15T19:40:50.758,23.440,255,1.678,-273.1,14.1,8.419,7.15,0
2026-09-15T19:40:50.858,23.541,255,1.680,-273.1,14.0,8.419,6.83,0
2026-09-15T19:40:50.957,23.639,255,1.680,-273.1,14.2,8.419,7.05,0
2026-09-15T19:40:51.057,23.739,255,1.681,-75.2,14.3,8.419,6.81,0
2026-09-15T19:40:51.157,23.839,255,1.682,-68.1,14.3,8.419,6.83,0
2026-09-15T19:40:51.257,23.939,255,1.684,-273.1,14.4,8.419,7.10,0
2026-09-15T19:40:51.357,24.039,255,1.686,-273.1,14.5,8.419,7.04,0
2026-09-15T19:40:51.457,24.139,255,1.688,-273.1,14.5,8.419,7.08,0
2026-09-15T19:40:51.558,24.240,255,1.689,-273.1,14.3,8.419,6.94,0
2026-09-15T19:40:51.658,24.340,255,1.690,-273.1,14.3,8.419,6.98,0
2026-09-15T19:40:51.758,24.440,255,1.691,-273.1,14.7,8.419,6.95,0
2026-09-15T19:40:51.860,24.542,255,1.692,-273.1,14.4,8.419,7.10,0
2026-09-15T19:40:51.961,24.643,255,1.692,-273.1,14.3,8.419,7.14,0
2026-09-15T19:40:52.060,24.742,255,1.693,-67.0,14.5,8.419,7.13,0
2026-09-15T19:40:52.160,24.842,255,1.693,-273.1,14.3,8.419,7.25,0
2026-09-15T19:40:52.261,24.943,255,1.694,-273.1,14.1,8.419,7.25,0
2026-09-15T19:40:52.361,25.043,255,1.695,-273.1,14.2,8.419,7.25,0
2026-09-15T19:40:52.460,25.142,255,1.695,-273.1,14.2,8.419,7.09,0
2026-09-15T19:40:52.560,25.242,255,1.696,-273.1,14.4,8.419,7.13,0
2026-09-15T19:40:52.660,25.342,255,1.697,-273.1,14.3,8.419,6.97,0
2026-09-15T19:40:52.760,25.442,255,1.698,-273.1,14.5,8.419,6.95,0
2026-09-15T19:40:52.860,25.542,255,1.698,-273.1,14.5,8.419,6.88,0
2026-09-15T19:40:52.960,25.642,255,1.699,-273.1,14.2,8.419,7.16,0
2026-09-15T19:40:53.060,25.742,255,1.700,-273.1,14.3,8.419,7.06,0
2026-09-15T19:40:53.160,25.842,255,1.701,-273.1,14.5,8.419,7.21,0
2026-09-15T19:40:53.261,25.943,255,1.702,-273.1,14.3,8.419,7.31,0
2026-09-15T19:40:53.361,26.043,255,1.703,-273.1,14.4,8.419,6.95,0
2026-09-15T19:40:53.461,26.143,255,1.704,-273.1,14.3,8.419,7.26,0
2026-09-15T19:40:53.561,26.243,255,1.704,-273.1,14.4,8.419,6.84,0
2026-09-15T19:40:53.661,26.343,255,1.705,-273.1,14.3,8.419,6.98,0
2026-09-15T19:40:53.760,26.442,255,1.706,-273.1,14.5,8.419,7.06,0
2026-09-15T19:40:53.861,26.543,255,1.706,-273.1,14.4,8.419,7.32,0
2026-09-15T19:40:53.961,26.643,255,1.707,-273.1,14.4,8.419,7.04,0
2026-09-15T19:40:54.060,26.742,255,1.708,-273.1,14.5,8.419,6.99,0
2026-09-15T19:40:54.161,26.843,255,1.708,-273.1,14.3,8.419,7.26,0
2026-09-15T19:40:54.261,26.943,255,1.709,-273.1,14.5,8.419,7.17,0
2026-09-15T19:40:54.364,27.046,255,1.711,-273.1,14.5,8.419,7.17,0
2026-09-15T19:40:54.462,27.144,255,1.712,-273.1,14.4,8.419,7.38,0
2026-09-15T19:40:54.562,27.244,255,1.712,-273.1,14.4,8.419,7.11,0
2026-09-15T19:40:54.662,27.344,255,1.713,-273.1,14.4,8.419,7.30,0
2026-09-15T19:40:54.762,27.444,255,1.714,-273.1,13.9,8.419,7.25,0
2026-09-15T19:40:54.863,27.545,255,1.714,-273.1,14.3,8.419,7.16,0
2026-09-15T19:40:54.963,27.645,255,1.715,-273.1,14.6,8.419,7.05,0
2026-09-15T19:40:55.063,27.745,255,1.716,-273.1,14.4,8.419,7.12,0
2026-09-15T19:40:55.163,27.845,255,1.717,-273.1,14.3,8.419,7.38,0
2026-09-15T19:40:55.263,27.945,255,1.717,-273.1,14.5,8.419,7.08,0
2026-09-15T19:40:55.363,28.046,255,1.717,-273.1,14.4,8.419,7.19,0
2026-09-15T19:40:55.464,28.146,255,1.718,-67.0,14.4,8.419,7.05,0
2026-09-15T19:40:55.566,28.248,255,1.719,-273.1,14.4,8.419,6.92,0
2026-09-15T19:40:55.665,28.347,255,1.721,-273.1,14.5,8.419,7.08,0
2026-09-15T19:40:55.764,28.446,255,1.721,-273.1,14.5,8.419,7.28,0
2026-09-15T19:40:55.864,28.546,255,1.722,-273.1,14.2,8.419,7.21,0
2026-09-15T19:40:55.964,28.646,255,1.723,-273.1,14.3,8.419,7.09,0
2026-09-15T19:40:56.064,28.747,255,1.724,-273.1,14.3,8.419,7.19,0
2026-09-15T19:40:56.165,28.847,255,1.724,-273.1,14.2,8.419,7.13,0
2026-09-15T19:40:56.265,28.947,255,1.725,-71.8,14.3,8.419,7.07,0
2026-09-15T19:40:56.366,29.048,255,1.726,-273.1,14.3,8.419,7.02,0
2026-09-15T19:40:56.465,29.147,255,1.726,-273.1,14.2,8.419,7.28,0
2026-09-15T19:40:56.566,29.248,255,1.728,-90.0,14.4,8.419,7.32,0
2026-09-15T19:40:56.666,29.348,255,1.728,-83.9,14.2,8.419,7.02,0
2026-09-15T19:40:56.769,29.452,255,1.729,-273.1,14.1,8.419,7.16,0
2026-09-15T19:40:56.869,29.551,255,1.730,-273.1,14.2,8.419,7.05,0
2026-09-15T19:40:56.968,29.650,255,1.730,-273.1,13.9,8.419,6.80,0
2026-09-15T19:40:57.067,29.749,255,1.731,-273.1,14.1,8.419,7.02,0
2026-09-15T19:40:57.167,29.849,255,1.732,-273.1,14.2,8.419,7.08,0
2026-09-15T19:40:57.267,29.949,255,1.732,-273.1,14.5,8.419,7.12,0
2026-09-15T19:40:57.368,30.050,255,1.733,-273.1,13.8,8.419,6.97,0
2026-09-15T19:40:57.468,30.150,255,1.734,-273.1,14.5,8.419,7.11,0
2026-09-15T19:40:57.568,30.250,255,1.735,-273.1,14.2,8.419,7.21,0
2026-09-15T19:40:57.668,30.350,255,1.736,-273.1,14.2,8.419,7.18,0
2026-09-15T19:40:57.768,30.450,255,1.737,-273.1,14.2,8.419,6.93,0
2026-09-15T19:40:57.868,30.550,255,1.738,-273.1,14.0,8.419,7.32,0
2026-09-15T19:40:57.969,30.651,255,1.740,-273.1,13.9,8.419,7.28,0
2026-09-15T19:40:58.069,30.751,255,1.741,-273.1,14.2,8.419,6.80,0
2026-09-15T19:40:58.169,30.851,255,1.741,-273.1,14.3,8.419,7.40,0
2026-09-15T19:40:58.269,30.951,255,1.742,-273.1,14.1,8.419,7.12,0
2026-09-15T19:40:58.370,31.052,255,1.743,-273.1,13.9,8.419,7.47,0
2026-09-15T19:40:58.469,31.152,255,1.744,-273.1,14.2,8.419,7.30,0
2026-09-15T19:40:58.570,31.252,255,1.745,-273.1,14.2,8.419,7.19,0
2026-09-15T19:40:58.669,31.351,255,1.746,-273.1,14.2,8.419,7.04,0
2026-09-15T19:40:58.769,31.451,255,1.747,-80.2,14.2,8.419,7.46,0
2026-09-15T19:40:58.870,31.552,255,1.748,-273.1,14.1,8.419,7.19,0
2026-09-15T19:40:58.969,31.651,255,1.748,-273.1,14.3,8.419,6.97,0
2026-09-15T19:40:59.069,31.751,255,1.748,-273.1,13.0,8.419,7.24,0
2026-09-15T19:40:59.170,31.852,255,1.748,-273.1,14.2,8.419,7.30,0
2026-09-15T19:40:59.270,31.952,255,1.750,-273.1,14.2,8.419,6.98,0
2026-09-15T19:40:59.372,32.054,255,1.750,-90.0,14.2,8.419,7.42,0
2026-09-15T19:40:59.473,32.155,255,1.750,-273.1,14.2,8.419,6.90,0
2026-09-15T19:40:59.572,32.254,255,1.752,-273.1,14.2,8.419,7.35,0
2026-09-15T19:40:59.671,32.353,255,1.752,-273.1,14.2,8.419,7.20,0
2026-09-15T19:40:59.771,32.453,255,1.753,-273.1,14.0,8.419,7.09,0
2026-09-15T19:40:59.871,32.553,255,1.754,-273.1,14.1,8.419,7.17,0
2026-09-15T19:40:59.971,32.653,255,1.755,-273.1,14.1,8.419,7.18,0
2026-09-15T19:41:00.071,32.753,255,1.755,-90.0,14.0,8.419,7.19,0
2026-09-15T19:41:00.171,32.853,255,1.755,-273.1,14.0,8.419,7.13,0
2026-09-15T19:41:00.272,32.954,255,1.757,-273.1,14.1,8.419,6.93,0
2026-09-15T19:41:00.372,33.054,255,1.759,-273.1,14.1,8.419,6.99,0
2026-09-15T19:41:00.472,33.154,255,1.760,-273.1,14.0,8.419,7.36,0
2026-09-15T19:41:00.572,33.254,255,1.760,-273.1,13.9,8.419,7.20,0
2026-09-15T19:41:00.672,33.354,255,1.761,-273.1,13.9,8.419,7.27,0
2026-09-15T19:41:00.772,33.454,255,1.761,-273.1,14.3,8.419,7.37,0
2026-09-15T19:41:00.876,33.558,255,1.761,-273.1,16.6,8.419,7.20,0
2026-09-15T19:41:00.972,33.654,255,1.763,-273.1,14.0,8.419,7.17,0
2026-09-15T19:41:01.073,33.755,255,1.764,-273.1,14.2,8.419,7.36,0
2026-09-15T19:41:01.173,33.855,255,1.765,-273.1,13.7,8.419,7.38,0
2026-09-15T19:41:01.274,33.956,255,1.770,-273.1,13.6,8.419,7.15,0
2026-09-15T19:41:01.373,34.056,255,1.770,-273.1,14.0,8.419,7.29,0
2026-09-15T19:41:01.474,34.156,255,1.773,-273.1,13.8,8.419,7.32,0
2026-09-15T19:41:01.574,34.256,255,1.775,-273.1,13.9,8.419,7.60,0
2026-09-15T19:41:01.674,34.356,255,1.776,-273.1,14.0,8.419,7.37,0
2026-09-15T19:41:01.774,34.456,255,1.777,-273.1,13.7,8.419,7.30,0
2026-09-15T19:41:01.874,34.556,255,1.779,-273.1,13.7,8.419,7.49,0
2026-09-15T19:41:01.974,34.656,255,1.780,-273.1,14.0,8.419,6.95,0
2026-09-15T19:41:02.075,34.757,255,1.780,-273.1,13.7,8.419,7.27,0
2026-09-15T19:41:02.175,34.857,255,1.781,-273.1,13.7,8.419,7.35,0
2026-09-15T19:41:02.275,34.958,255,1.782,-273.1,13.6,8.419,7.34,0
2026-09-15T19:41:02.376,35.058,255,1.783,-273.1,13.8,8.419,7.38,0
2026-09-15T19:41:02.476,35.158,255,1.783,-273.1,13.5,8.419,7.81,0
2026-09-15T19:41:02.576,35.258,255,1.785,-273.1,13.7,8.419,7.22,0
2026-09-15T19:41:02.676,35.358,255,1.785,-273.1,13.7,8.419,7.44,0
2026-09-15T19:41:02.776,35.458,255,1.787,-273.1,13.7,8.419,7.42,0
2026-09-15T19:41:02.876,35.558,255,1.789,-273.1,13.6,8.419,7.61,0
2026-09-15T19:41:02.976,35.658,255,1.790,-273.1,13.6,8.419,7.35,0
2026-09-15T19:41:03.078,35.760,255,1.790,-273.1,13.7,8.419,7.31,0
2026-09-15T19:41:03.179,35.861,255,1.791,-273.1,13.7,8.419,7.77,0
2026-09-15T19:41:03.275,35.958,255,1.792,-273.1,13.6,8.419,7.41,0
2026-09-15T19:41:03.377,36.059,255,1.794,-273.1,13.7,8.419,7.43,0
2026-09-15T19:41:03.477,36.159,255,1.794,-273.1,13.8,8.419,7.09,0
2026-09-15T19:41:03.577,36.259,255,1.795,-273.1,13.6,8.419,7.43,0
2026-09-15T19:41:03.678,36.360,255,1.796,-273.1,13.5,8.419,7.47,0
2026-09-15T19:41:03.777,36.459,255,1.797,-273.1,13.7,8.419,7.27,0
2026-09-15T19:41:03.877,36.559,255,1.798,-273.1,13.7,8.419,7.18,0
2026-09-15T19:41:03.977,36.659,255,1.799,-273.1,13.5,8.419,7.51,0
2026-09-15T19:41:04.078,36.760,255,1.799,-273.1,13.6,8.419,7.55,0
2026-09-15T19:41:04.178,36.860,255,1.801,-273.1,13.6,8.419,7.47,0
2026-09-15T19:41:04.280,36.962,255,1.802,-273.1,13.5,8.419,7.54,0
2026-09-15T19:41:04.380,37.062,255,1.802,-273.1,13.7,8.419,7.49,0
2026-09-15T19:41:04.477,37.159,255,1.803,-273.1,13.7,8.419,7.47,0
2026-09-15T19:41:04.579,37.261,255,1.804,-273.1,13.5,8.419,7.24,0
2026-09-15T19:41:04.679,37.361,255,1.805,-273.1,13.4,8.419,7.23,0
2026-09-15T19:41:04.779,37.461,255,1.805,-273.1,13.5,8.419,7.38,0
2026-09-15T19:41:04.880,37.562,255,1.805,-273.1,13.5,8.419,7.08,0
2026-09-15T19:41:04.980,37.662,255,1.806,-273.1,13.5,8.419,7.39,0
2026-09-15T19:41:05.080,37.762,255,1.807,-273.1,13.5,8.419,7.51,0
2026-09-15T19:41:05.180,37.862,255,1.808,-273.1,13.3,8.419,7.39,0
2026-09-15T19:41:05.283,37.965,255,1.808,-273.1,13.2,8.419,7.37,0
2026-09-15T19:41:05.384,38.066,255,1.809,-273.1,13.6,8.419,7.43,0
2026-09-15T19:41:05.482,38.164,255,1.810,-273.1,13.7,8.419,7.39,0
2026-09-15T19:41:05.581,38.263,255,1.811,-273.1,13.4,8.419,7.42,0
2026-09-15T19:41:05.681,38.363,255,1.811,-273.1,13.7,8.419,7.42,0
2026-09-15T19:41:05.781,38.463,255,1.811,-273.1,13.9,8.419,7.35,0
2026-09-15T19:41:05.881,38.563,255,1.812,-273.1,13.6,8.419,7.38,0
2026-09-15T19:41:05.982,38.664,255,1.812,-273.1,13.5,8.419,7.44,0
2026-09-15T19:41:06.080,38.762,255,1.813,-273.1,13.5,8.419,7.38,0
2026-09-15T19:41:06.180,38.862,255,1.814,-273.1,13.6,8.419,7.51,0
2026-09-15T19:41:06.281,38.963,255,1.814,-273.1,13.6,8.419,7.49,0
2026-09-15T19:41:06.380,39.062,255,1.816,-273.1,13.4,8.419,7.69,0
2026-09-15T19:41:06.481,39.163,255,1.816,-273.1,13.5,8.419,7.65,0
2026-09-15T19:41:06.583,39.265,255,1.817,-273.1,13.5,8.419,7.40,0
2026-09-15T19:41:06.681,39.363,255,1.818,-273.1,13.6,8.419,7.65,0
2026-09-15T19:41:06.782,39.464,255,1.818,-273.1,13.4,8.419,7.39,0
2026-09-15T19:41:06.881,39.563,255,1.819,-273.1,13.5,8.419,7.33,0
2026-09-15T19:41:06.982,39.664,255,1.820,-273.1,13.6,8.419,7.51,0
2026-09-15T19:41:07.082,39.764,255,1.821,-273.1,13.6,8.419,7.49,0
2026-09-15T19:41:07.182,39.864,255,1.821,-273.1,13.8,8.419,7.68,0
2026-09-15T19:41:07.282,39.964,255,1.822,-273.1,13.5,8.419,7.47,0
2026-09-15T19:41:07.381,40.063,255,1.823,-273.1,13.6,8.419,7.64,0
2026-09-15T19:41:07.481,40.164,255,1.824,-273.1,13.6,8.419,7.60,0
2026-09-15T19:41:07.581,40.263,255,1.825,-273.1,13.4,8.419,7.64,0
2026-09-15T19:41:07.682,40.364,255,1.825,-273.1,13.8,8.419,7.54,0
2026-09-15T19:41:07.784,40.466,255,1.826,-273.1,13.8,8.419,7.49,0
2026-09-15T19:41:07.884,40.566,255,1.827,-273.1,14.0,8.419,7.64,0
2026-09-15T19:41:07.984,40.666,255,1.828,-273.1,14.1,8.419,7.57,0
2026-09-15T19:41:08.085,40.767,255,1.828,-273.1,13.7,8.419,7.51,0
2026-09-15T19:41:08.185,40.867,255,1.829,-273.1,13.9,8.419,7.68,0
2026-09-15T19:41:08.284,40.966,255,1.831,-273.1,13.8,8.419,7.39,0
2026-09-15T19:41:08.385,41.067,255,1.831,-273.1,13.8,8.419,7.77,0
2026-09-15T19:41:08.483,41.166,255,1.832,-273.1,13.9,8.419,7.49,0
2026-09-15T19:41:08.584,41.266,255,1.833,-69.2,13.1,8.419,7.58,0
2026-09-15T19:41:08.684,41.366,255,1.834,-273.1,13.8,8.419,7.53,0
2026-09-15T19:41:08.784,41.466,255,1.836,-273.1,13.8,8.419,7.40,0
2026-09-15T19:41:08.884,41.566,255,1.836,-273.1,13.8,8.419,7.61,0
2026-09-15T19:41:08.984,41.666,255,1.837,-273.1,13.8,8.419,7.31,0
2026-09-15T19:41:09.084,41.766,255,1.837,-273.1,13.8,8.419,7.55,0
2026-09-15T19:41:09.184,41.866,255,1.838,-273.1,13.6,8.419,7.75,0
2026-09-15T19:41:09.287,41.969,255,1.837,-273.1,13.9,8.419,7.69,0
2026-09-15T19:41:09.387,42.069,255,1.838,-66.1,13.9,8.419,7.49,0
2026-09-15T19:41:09.486,42.168,255,1.839,-273.1,14.2,8.419,7.42,0
2026-09-15T19:41:09.585,42.267,255,1.840,-273.1,14.0,8.419,7.58,0
2026-09-15T19:41:09.685,42.367,255,1.840,-273.1,14.2,8.419,7.25,0
2026-09-15T19:41:09.786,42.468,255,1.841,-77.4,14.1,8.419,7.61,0
2026-09-15T19:41:09.886,42.568,255,1.841,-273.1,14.0,8.419,7.53,0
2026-09-15T19:41:09.986,42.668,255,1.843,-273.1,14.2,8.419,7.64,0
2026-09-15T19:41:10.086,42.768,255,1.844,-273.1,14.3,8.419,7.56,0
2026-09-15T19:41:10.186,42.868,255,1.846,-273.1,14.3,8.419,7.38,0
2026-09-15T19:41:10.287,42.969,255,1.846,-273.1,14.1,8.419,7.87,0
2026-09-15T19:41:10.386,43.068,255,1.848,-273.1,14.1,8.419,7.61,0
2026-09-15T19:41:10.487,43.169,255,1.849,-273.1,14.0,8.419,7.47,0
2026-09-15T19:41:10.586,43.268,255,1.850,-273.1,14.3,8.419,7.16,0
2026-09-15T19:41:10.690,43.372,255,1.853,-273.1,14.2,8.419,7.62,0
2026-09-15T19:41:10.789,43.471,255,1.859,-273.1,14.0,8.419,7.77,0
2026-09-15T19:41:10.888,43.570,255,1.862,-273.1,14.2,8.419,7.64,0
2026-09-15T19:41:10.987,43.670,255,1.864,-273.1,14.1,8.419,7.54,0
2026-09-15T19:41:11.087,43.769,255,1.865,-273.1,14.2,8.419,7.64,0
2026-09-15T19:41:11.186,43.869,255,1.867,-273.1,14.2,8.419,7.57,0
2026-09-15T19:41:11.287,43.969,255,1.867,-90.0,14.2,8.419,7.84,0
2026-09-15T19:41:11.387,44.069,255,1.867,-273.1,14.2,8.419,7.83,0
2026-09-15T19:41:11.487,44.169,255,1.868,-273.1,14.4,8.419,7.55,0
2026-09-15T19:41:11.588,44.270,255,1.870,-273.1,14.2,8.419,7.71,0
2026-09-15T19:41:11.688,44.370,255,1.870,-90.0,14.4,8.419,7.39,0
2026-09-15T19:41:11.788,44.470,255,1.871,-65.2,14.3,8.419,7.55,0
2026-09-15T19:41:11.891,44.573,255,1.872,-273.1,14.3,8.419,7.65,0
2026-09-15T19:41:11.988,44.670,255,1.873,-273.1,14.3,8.419,7.66,0
2026-09-15T19:41:12.088,44.770,255,1.874,-273.1,14.3,8.419,7.63,0
2026-09-15T19:41:12.188,44.870,255,1.875,-273.1,14.2,8.419,7.73,0
2026-09-15T19:41:12.288,44.970,255,1.877,-273.1,14.2,8.419,7.73,0
2026-09-15T19:41:12.388,45.070,255,1.878,-273.1,14.3,8.419,7.73,0
2026-09-15T19:41:12.488,45.170,255,1.880,-273.1,14.3,8.419,7.42,0
2026-09-15T19:41:12.589,45.271,255,1.879,-273.1,14.4,8.419,7.50,0
2026-09-15T19:41:12.689,45.371,255,1.880,-273.1,14.6,8.419,7.73,0
2026-09-15T19:41:12.788,45.471,255,1.881,-273.1,14.2,8.419,7.79,0
2026-09-15T19:41:12.888,45.570,255,1.883,-273.1,14.3,8.419,7.76,0
2026-09-15T19:41:12.988,45.670,255,1.883,-273.1,14.4,8.419,7.47,0
2026-09-15T19:41:13.089,45.771,255,1.883,-273.1,14.4,8.419,7.72,0
2026-09-15T19:41:13.189,45.871,255,1.884,-273.1,14.5,8.419,7.83,0
2026-09-15T19:41:13.293,45.975,255,1.884,-273.1,14.5,8.419,7.81,0
2026-09-15T19:41:13.392,46.074,255,1.886,-77.4,14.4,8.419,7.73,0
2026-09-15T19:41:13.489,46.171,255,1.885,-273.1,14.6,8.419,7.81,0
2026-09-15T19:41:13.589,46.271,255,1.886,-273.1,14.4,8.419,7.68,0
2026-09-15T19:41:13.689,46.371,255,1.886,-273.1,14.4,8.419,7.66,0
2026-09-15T19:41:13.790,46.472,255,1.886,-273.1,14.5,8.419,7.60,0
2026-09-15T19:41:13.890,46.572,255,1.887,-273.1,14.4,8.419,7.58,0
2026-09-15T19:41:13.990,46.672,255,1.888,-273.1,14.5,8.419,7.88,0
2026-09-15T19:41:14.090,46.772,255,1.889,-273.1,14.4,8.419,7.81,0
2026-09-15T19:41:14.189,46.871,255,1.890,-273.1,14.4,8.419,7.78,0
2026-09-15T19:41:14.289,46.971,255,1.890,-273.1,14.3,8.419,7.62,0
2026-09-15T19:41:14.390,47.072,255,1.891,-273.1,14.5,8.419,7.64,0
2026-09-15T19:41:14.489,47.172,255,1.892,-273.1,14.3,8.419,7.62,0
2026-09-15T19:41:14.590,47.272,255,1.892,-273.1,11.4,8.419,7.90,0
2026-09-15T19:41:14.690,47.372,255,1.893,-273.1,14.5,8.419,7.92,0
2026-09-15T19:41:14.791,47.473,255,1.894,-273.1,14.4,8.419,7.73,0
2026-09-15T19:41:14.892,47.574,255,1.896,-273.1,14.4,8.419,7.82,0
2026-09-15T19:41:14.992,47.674,255,1.898,-273.1,14.7,8.419,7.72,0
2026-09-15T19:41:15.090,47.772,255,1.898,-273.1,14.2,8.419,7.81,0
2026-09-15T19:41:15.190,47.872,255,1.899,-273.1,14.4,8.419,7.78,0
2026-09-15T19:41:15.290,47.972,255,1.901,-273.1,14.4,8.419,7.66,0
2026-09-15T19:41:15.390,48.072,255,1.901,-75.2,14.5,8.419,7.90,0
2026-09-15T19:41:15.491,48.173,255,1.901,-273.1,14.3,8.419,7.81,0
2026-09-15T19:41:15.591,48.273,255,1.902,-273.1,14.4,8.419,7.87,0
2026-09-15T19:41:15.691,48.373,255,1.903,-273.1,14.5,8.419,7.77,0
2026-09-15T19:41:15.793,48.475,255,1.904,-83.9,14.2,8.419,7.66,0
2026-09-15T19:41:15.894,48.576,255,1.906,-73.4,14.5,8.419,7.86,0
2026-09-15T19:41:15.994,48.676,255,1.907,-80.2,14.1,8.419,7.61,0
2026-09-15T19:41:16.094,48.776,255,1.910,-273.1,14.2,8.419,7.82,0
2026-09-15T19:41:16.195,48.877,255,1.909,-273.1,14.2,8.419,7.98,0
2026-09-15T19:41:16.295,48.977,255,1.910,-70.4,13.9,8.419,8.01,0
2026-09-15T19:41:16.397,49.079,255,1.912,-273.1,13.7,8.419,8.05,0
2026-09-15T19:41:16.499,49.181,255,1.912,-273.1,13.6,8.419,7.83,0
2026-09-15T19:41:16.597,49.279,255,1.914,-273.1,13.6,8.419,7.82,0
2026-09-15T19:41:16.695,49.377,255,1.914,-273.1,13.9,8.419,7.92,0
2026-09-15T19:41:16.798,49.480,255,1.915,-66.1,13.6,8.419,8.05,0
2026-09-15T19:41:16.898,49.580,255,1.916,-273.1,13.6,8.419,7.90,0
2026-09-15T19:41:16.998,49.680,255,1.917,-273.1,13.6,8.419,7.74,0
2026-09-15T19:41:17.098,49.780,255,1.919,-273.1,13.5,8.419,7.86,0
2026-09-15T19:41:17.198,49.880,255,1.919,-273.1,13.6,8.419,7.86,0
2026-09-15T19:41:17.299,49.981,255,1.919,-273.1,13.7,8.419,7.86,0
2026-09-15T19:41:17.398,50.081,255,1.922,-273.1,13.5,8.419,8.01,0
2026-09-15T19:41:17.499,50.181,255,1.922,-77.4,13.6,8.419,7.77,0
2026-09-15T19:41:17.598,50.280,255,1.924,-73.4,13.4,8.419,7.67,0
2026-09-15T19:41:17.699,50.381,255,1.925,-66.1,13.6,8.419,7.94,0
2026-09-15T19:41:17.801,50.483,255,1.925,-273.1,13.3,8.419,7.95,0
2026-09-15T19:41:17.901,50.583,255,1.926,-273.1,13.5,8.419,7.77,0
2026-09-15T19:41:18.001,50.683,255,1.928,-273.1,13.4,8.419,8.02,0
2026-09-15T19:41:18.099,50.781,255,1.929,-273.1,13.5,8.419,7.91,0
2026-09-15T19:41:18.201,50.883,255,1.928,-273.1,13.5,8.419,7.91,0
2026-09-15T19:41:18.301,50.983,255,1.928,-273.1,13.3,8.419,7.90,0
2026-09-15T19:41:18.401,51.083,255,1.927,-273.1,13.8,8.419,7.88,0
2026-09-15T19:41:18.501,51.183,255,1.928,-273.1,13.6,8.419,7.91,0
2026-09-15T19:41:18.601,51.283,255,1.928,-273.1,13.4,8.419,8.26,0
2026-09-15T19:41:18.701,51.383,255,1.927,-273.1,13.7,8.419,8.05,0
2026-09-15T19:41:18.801,51.483,255,1.927,-273.1,13.6,8.419,8.17,0
2026-09-15T19:41:18.901,51.583,255,1.928,-273.1,13.6,8.419,7.55,0
2026-09-15T19:41:19.002,51.684,255,1.930,-273.1,13.5,8.419,7.53,0
2026-09-15T19:41:19.102,51.784,255,1.930,-273.1,13.7,8.419,7.65,0
2026-09-15T19:41:19.203,51.885,255,1.931,-273.1,13.7,8.419,8.03,0
2026-09-15T19:41:19.305,51.987,255,1.932,-273.1,13.8,8.419,7.79,0
2026-09-15T19:41:19.402,52.084,255,1.933,-273.1,13.7,8.419,7.77,0
2026-09-15T19:41:19.501,52.183,255,1.934,-273.1,13.6,8.419,7.84,0
2026-09-15T19:41:19.601,52.283,255,1.934,-273.1,13.6,8.419,7.69,0
2026-09-15T19:41:19.701,52.383,255,1.936,-273.1,13.8,8.419,7.81,0
2026-09-15T19:41:19.801,52.483,255,1.936,-273.1,13.8,8.419,8.05,0
2026-09-15T19:41:19.902,52.584,255,1.936,-273.1,13.5,8.419,7.71,0
2026-09-15T19:41:20.002,52.684,255,1.936,-273.1,13.9,8.419,7.95,0
2026-09-15T19:41:20.102,52.784,255,1.936,-273.1,13.8,8.419,7.66,0
2026-09-15T19:41:20.203,52.885,255,1.938,-273.1,13.8,8.419,8.10,0
2026-09-15T19:41:20.303,52.985,255,1.940,-273.1,13.4,8.419,7.98,0
2026-09-15T19:41:20.404,53.086,255,1.941,-273.1,13.8,8.419,7.61,0
2026-09-15T19:41:20.507,53.189,255,1.940,-273.1,14.0,8.419,7.95,0
2026-09-15T19:41:20.603,53.285,255,1.941,-273.1,13.7,8.419,7.86,0
2026-09-15T19:41:20.704,53.386,255,1.941,-273.1,13.8,8.419,7.72,0
2026-09-15T19:41:20.803,53.485,255,1.943,-273.1,13.9,8.419,8.06,0
2026-09-15T19:41:20.903,53.585,255,1.945,-273.1,14.2,8.419,8.13,0
2026-09-15T19:41:21.004,53.686,255,1.945,-273.1,14.0,8.419,7.92,0
2026-09-15T19:41:21.104,53.786,255,1.945,-273.1,14.1,8.419,8.05,0
2026-09-15T19:41:21.204,53.886,255,1.945,-273.1,14.1,8.419,8.00,0
2026-09-15T19:41:21.304,53.986,255,1.947,-273.1,14.0,8.419,8.05,0
2026-09-15T19:41:21.405,54.087,255,1.948,-273.1,14.0,8.419,7.98,0
2026-09-15T19:41:21.505,54.187,255,1.949,-273.1,14.4,8.419,7.94,0
2026-09-15T19:41:21.606,54.288,255,1.949,-273.1,14.3,8.419,7.92,0
2026-09-15T19:41:21.708,54.390,255,1.950,-273.1,14.5,8.419,7.89,0
2026-09-15T19:41:21.808,54.490,255,1.950,-273.1,14.5,8.419,7.97,0
2026-09-15T19:41:21.906,54.588,255,1.951,-273.1,14.2,8.419,8.07,0
2026-09-15T19:41:22.006,54.688,255,1.953,-273.1,14.3,8.419,8.20,0
2026-09-15T19:41:22.106,54.788,255,1.956,-273.1,14.7,8.419,7.65,0
2026-09-15T19:41:22.206,54.888,255,1.957,-273.1,14.4,8.419,7.96,0
2026-09-15T19:41:22.306,54.988,255,1.958,-273.1,14.3,8.419,8.18,0
2026-09-15T19:41:22.406,55.088,255,1.959,-273.1,14.3,8.419,8.03,0
2026-09-15T19:41:22.506,55.188,255,1.961,-273.1,14.3,8.419,8.07,0
2026-09-15T19:41:22.608,55.290,255,1.961,-273.1,14.5,8.419,8.07,0
2026-09-15T19:41:22.708,55.390,255,1.962,-273.1,14.5,8.419,7.90,0
2026-09-15T19:41:22.808,55.490,255,1.963,-273.1,14.5,8.419,8.18,0
2026-09-15T19:41:22.910,55.592,255,1.964,-273.1,14.6,8.419,7.98,0
2026-09-15T19:41:23.012,55.694,255,1.964,-273.1,14.4,8.419,8.25,0
2026-09-15T19:41:23.110,55.792,255,1.965,-273.1,14.3,8.419,7.98,0
2026-09-15T19:41:23.210,55.892,255,1.966,-273.1,14.1,8.419,8.14,0
2026-09-15T19:41:23.310,55.992,255,1.967,-273.1,14.3,8.419,8.37,0
2026-09-15T19:41:23.409,56.091,255,1.967,-273.1,14.4,8.419,8.33,0
2026-09-15T19:41:23.509,56.191,255,1.969,-273.1,14.3,8.419,8.16,0
2026-09-15T19:41:23.610,56.292,255,1.970,-273.1,14.1,8.419,7.94,0
2026-09-15T19:41:23.710,56.392,255,1.971,-273.1,14.3,8.419,8.13,0
2026-09-15T19:41:23.810,56.492,255,1.970,-273.1,14.2,8.419,8.32,0
2026-09-15T19:41:23.911,56.593,255,1.971,-273.1,14.1,8.419,8.22,0
2026-09-15T19:41:24.010,56.692,255,1.972,-273.1,14.4,8.419,8.32,0
2026-09-15T19:41:24.110,56.793,255,1.973,-273.1,14.1,8.419,8.17,0
2026-09-15T19:41:24.210,56.892,255,1.973,-273.1,14.0,8.419,7.84,0
2026-09-15T19:41:24.312,56.994,255,1.974,-273.1,14.2,8.419,8.17,0
2026-09-15T19:41:24.411,57.093,255,1.974,-273.1,14.5,8.419,7.94,0
2026-09-15T19:41:24.509,57.191,255,1.975,-273.1,14.1,8.419,8.28,0
2026-09-15T19:41:24.610,57.292,255,1.976,-273.1,14.3,8.419,8.10,0
2026-09-15T19:41:24.710,57.392,255,1.977,-273.1,14.4,8.419,8.12,0
2026-09-15T19:41:24.810,57.492,255,1.977,-56.4,14.2,8.419,8.14,0
2026-09-15T19:41:24.910,57.592,255,1.978,-273.1,14.1,8.419,8.18,0
2026-09-15T19:41:25.010,57.692,255,1.979,-273.1,14.2,8.419,8.17,0
2026-09-15T19:41:25.110,57.792,255,1.979,-273.1,14.2,8.419,8.21,0
2026-09-15T19:41:25.209,57.891,255,1.980,-83.9,14.4,8.419,8.36,0
2026-09-15T19:41:25.311,57.993,255,1.979,-273.1,14.1,8.419,8.16,0
2026-09-15T19:41:25.411,58.094,255,1.980,-273.1,14.2,8.419,8.34,0
2026-09-15T19:41:25.512,58.194,255,1.981,-273.1,14.1,8.419,8.16,0
2026-09-15T19:41:25.613,58.295,255,1.982,-273.1,13.8,8.419,8.03,0
2026-09-15T19:41:25.713,58.395,255,1.983,-273.1,14.1,8.419,8.29,0
2026-09-15T19:41:25.813,58.495,255,1.983,-83.9,14.0,8.419,7.97,0
2026-09-15T19:41:25.911,58.593,255,1.985,-273.1,13.9,8.419,7.79,0
2026-09-15T19:41:26.013,58.695,255,1.987,-273.1,13.8,8.419,7.98,0
2026-09-15T19:41:26.113,58.795,255,1.989,-273.1,13.8,8.419,8.09,0
2026-09-15T19:41:26.213,58.895,255,1.989,-273.1,13.8,8.419,8.17,0
2026-09-15T19:41:26.313,58.995,255,1.990,-273.1,13.9,8.419,8.13,0
2026-09-15T19:41:26.413,59.095,255,1.990,-273.1,13.8,8.419,7.90,0
2026-09-15T19:41:26.514,59.196,255,1.994,-273.1,13.8,8.419,8.19,0
2026-09-15T19:41:26.614,59.296,255,1.996,-273.1,13.7,8.419,8.38,0
2026-09-15T19:41:26.714,59.396,255,2.000,-273.1,13.7,8.419,8.35,0
2026-09-15T19:41:26.814,59.496,255,2.003,-273.1,13.6,8.419,8.38,0
2026-09-15T19:41:26.915,59.597,255,2.004,-273.1,13.5,8.419,8.07,0
2026-09-15T19:41:27.016,59.698,255,2.005,-273.1,13.6,8.419,8.00,0
2026-09-15T19:41:27.117,59.799,255,2.007,-273.1,13.4,8.419,8.10,0
2026-09-15T19:41:27.215,59.897,255,2.009,-273.1,13.5,8.419,8.14,0
2026-09-15T19:41:27.315,59.997,255,2.010,-273.1,13.5,8.419,8.01,0
2026-09-15T19:41:27.416,60.098,255,2.011,-273.1,13.5,8.419,8.10,0
2026-09-15T19:41:27.517,60.199,255,2.012,-273.1,13.3,8.419,8.27,0
2026-09-15T19:41:27.616,60.298,255,2.013,-273.1,13.3,8.419,8.11,0
2026-09-15T19:41:27.718,60.400,255,2.016,-273.1,13.3,8.419,8.16,0
2026-09-15T19:41:27.818,60.500,255,2.017,-273.1,13.4,8.419,8.41,0
2026-09-15T19:41:27.917,60.599,255,2.012,-67.0,13.4,8.419,8.32,0
2026-09-15T19:41:28.017,60.699,255,2.013,-273.1,13.4,8.419,8.36,0
2026-09-15T19:41:28.119,60.801,255,2.014,-273.1,13.5,8.419,8.47,0
2026-09-15T19:41:28.219,60.901,255,2.016,-273.1,13.4,8.419,8.40,0
2026-09-15T19:41:28.319,61.001,255,2.016,-273.1,13.3,8.419,8.42,0
2026-09-15T19:41:28.419,61.101,255,2.017,-273.1,13.7,8.419,8.30,0
2026-09-15T19:41:28.521,61.203,255,2.019,-273.1,14.1,8.419,8.39,0
2026-09-15T19:41:28.621,61.303,255,2.020,-273.1,14.0,8.419,8.44,0
2026-09-15T19:41:28.721,61.403,255,2.020,-273.1,13.8,8.419,8.73,0
2026-09-15T19:41:28.821,61.503,255,2.021,-273.1,13.9,8.419,8.64,0
2026-09-15T19:41:28.921,61.603,255,2.023,-273.1,14.0,8.419,8.38,0
2026-09-15T19:41:29.021,61.703,255,2.023,-80.2,14.0,8.419,8.48,0
2026-09-15T19:41:29.121,61.803,255,2.024,-273.1,14.0,8.419,8.41,0
2026-09-15T19:41:29.222,61.904,255,2.023,-80.2,14.1,8.419,8.22,0
2026-09-15T19:41:29.322,62.004,255,2.020,-273.1,14.1,8.419,8.16,0
2026-09-15T19:41:29.422,62.104,255,2.023,-273.1,14.1,8.419,8.18,0
2026-09-15T19:41:29.522,62.204,255,2.023,-273.1,14.2,8.419,8.24,0
2026-09-15T19:41:29.623,62.305,255,2.025,-273.1,14.2,8.419,8.13,0
2026-09-15T19:41:29.724,62.406,255,2.024,-273.1,14.2,8.419,8.32,0
2026-09-15T19:41:29.822,62.504,255,2.024,-273.1,14.1,8.419,8.37,0
2026-09-15T19:41:29.923,62.605,255,2.010,-273.1,14.2,8.419,8.17,0
2026-09-15T19:41:30.021,62.703,255,2.010,-273.1,14.1,8.419,8.24,0
2026-09-15T19:41:30.121,62.803,255,2.010,-273.1,14.1,8.419,8.27,0
2026-09-15T19:41:30.222,62.904,255,2.010,-273.1,14.2,8.419,8.18,0
2026-09-15T19:41:30.323,63.005,255,2.010,-71.8,14.2,8.419,8.11,0
2026-09-15T19:41:30.422,63.104,255,2.010,-273.1,14.3,8.419,8.24,0
2026-09-15T19:41:30.522,63.204,255,2.010,-273.1,14.4,8.419,8.36,0
2026-09-15T19:41:30.622,63.304,255,2.010,-273.1,14.3,8.419,8.14,0
2026-09-15T19:41:30.722,63.404,255,2.011,-273.1,14.3,8.419,8.21,0
2026-09-15T19:41:30.824,63.506,255,2.010,-273.1,14.3,8.419,8.48,0
2026-09-15T19:41:30.926,63.608,255,2.011,-273.1,14.2,8.419,8.36,0
2026-09-15T19:41:31.023,63.705,255,2.011,-273.1,14.3,8.419,8.31,0
2026-09-15T19:41:31.123,63.806,255,2.010,-273.1,14.3,8.419,8.18,0
2026-09-15T19:41:31.224,63.906,255,2.010,-273.1,14.3,8.419,8.38,0
2026-09-15T19:41:31.324,64.006,255,2.010,-273.1,14.5,8.419,8.30,0
2026-09-15T19:41:31.424,64.106,255,2.010,-75.2,14.4,8.419,8.40,0
2026-09-15T19:41:31.525,64.207,255,2.010,-273.1,14.4,8.419,8.35,0
2026-09-15T19:41:31.624,64.306,255,2.009,-273.1,14.3,8.419,8.25,0
2026-09-15T19:41:31.723,64.405,255,2.010,-273.1,14.5,8.419,8.44,0
2026-09-15T19:41:31.823,64.505,255,2.010,-273.1,14.4,8.419,8.29,0
2026-09-15T19:41:31.924,64.606,255,2.010,-273.1,14.3,8.419,8.25,0
2026-09-15T19:41:32.026,64.708,255,2.010,-273.1,14.3,8.419,8.22,0
2026-09-15T19:41:32.125,64.807,255,2.010,-273.1,14.3,8.419,8.27,0
2026-09-15T19:41:32.224,64.906,255,2.010,-273.1,14.3,8.419,8.14,0
2026-09-15T19:41:32.325,65.007,255,2.010,-273.1,14.3,8.419,8.16,0
2026-09-15T19:41:32.425,65.107,255,2.010,-273.1,14.4,8.419,8.42,0
2026-09-15T19:41:32.525,65.207,255,2.010,-273.1,14.4,8.419,8.42,0
2026-09-15T19:41:32.625,65.307,255,2.010,-273.1,14.5,8.419,8.27,0
2026-09-15T19:41:32.726,65.408,255,2.010,-273.1,14.4,8.419,8.24,0
2026-09-15T19:41:32.825,65.507,255,2.009,-71.8,14.5,8.419,8.38,0
2026-09-15T19:41:32.925,65.607,255,2.008,-273.1,14.4,8.419,8.31,0
2026-09-15T19:41:33.025,65.707,255,2.011,-273.1,14.5,8.419,8.43,0
2026-09-15T19:41:33.125,65.807,255,2.011,-273.1,14.5,8.419,8.09,0
2026-09-15T19:41:33.226,65.908,255,2.009,-273.1,14.4,8.419,8.41,0
2026-09-15T19:41:33.326,66.008,255,2.009,-71.8,14.3,8.419,8.58,0
2026-09-15T19:41:33.426,66.108,255,2.009,-273.1,14.3,8.419,8.35,0
2026-09-15T19:41:33.527,66.209,255,2.011,-273.1,14.2,8.419,8.51,0
2026-09-15T19:41:33.627,66.309,255,2.009,-273.1,14.4,8.419,8.29,0
2026-09-15T19:41:33.728,66.410,255,2.009,-273.1,14.2,8.419,8.37,0
2026-09-15T19:41:33.828,66.510,255,2.009,-273.1,14.1,8.419,8.25,0
2026-09-15T19:41:33.930,66.612,255,2.010,-273.1,14.5,8.419,8.36,0
2026-09-15T19:41:34.030,66.712,255,2.009,-273.1,14.0,8.419,8.40,0
2026-09-15T19:41:34.130,66.812,255,2.010,-273.1,13.9,8.419,8.55,0
2026-09-15T19:41:34.230,66.912,255,2.010,-273.1,13.8,8.419,8.47,0
2026-09-15T19:41:34.330,67.012,255,2.009,-273.1,13.9,8.419,8.25,0
2026-09-15T19:41:34.431,67.113,255,2.009,-273.1,13.7,8.419,8.31,0
2026-09-15T19:41:34.532,67.214,255,2.010,-273.1,13.7,8.419,8.28,0
2026-09-15T19:41:34.631,67.314,255,2.010,-273.1,13.6,8.419,8.55,0
2026-09-15T19:41:34.731,67.412,255,2.010,-273.1,13.6,8.419,8.39,0
2026-09-15T19:41:34.831,67.513,255,2.010,-273.1,13.6,8.419,8.50,0
2026-09-15T19:41:34.931,67.613,255,2.010,-273.1,13.7,8.419,8.21,0
2026-09-15T19:41:35.031,67.713,255,2.010,-273.1,13.6,8.419,8.22,0
2026-09-15T19:41:35.132,67.814,255,2.010,-273.1,13.4,8.419,8.68,0
2026-09-15T19:41:35.232,67.915,255,2.010,-273.1,13.4,8.419,8.38,0
2026-09-15T19:41:35.333,68.015,255,2.010,-273.1,13.4,8.419,8.59,0
2026-09-15T19:41:35.433,68.115,255,2.010,-273.1,13.4,8.419,8.29,0
2026-09-15T19:41:35.533,68.215,255,2.010,-273.1,13.3,8.419,8.47,0
2026-09-15T19:41:35.633,68.315,255,2.009,-273.1,13.4,8.419,8.32,0
2026-09-15T19:41:35.734,68.416,255,2.010,-273.1,13.3,8.419,8.33,0
2026-09-15T19:41:35.835,68.517,255,2.009,-273.1,13.4,8.419,8.50,0
2026-09-15T19:41:35.935,68.617,255,2.010,-75.2,13.3,8.419,8.53,0
2026-09-15T19:41:36.035,68.717,255,2.010,-273.1,13.5,8.419,8.34,0
2026-09-15T19:41:36.135,68.817,255,2.010,-273.1,13.3,8.419,8.29,0
2026-09-15T19:41:36.235,68.917,255,2.010,-273.1,13.4,8.419,8.10,0
2026-09-15T19:41:36.334,69.016,255,2.009,-273.1,13.0,8.419,8.25,0
2026-09-15T19:41:36.435,69.117,255,2.009,-273.1,13.5,8.419,8.31,0
2026-09-15T19:41:36.536,69.218,255,2.009,-273.1,13.7,8.419,8.20,0
2026-09-15T19:41:36.636,69.318,255,2.009,-273.1,13.5,8.419,8.24,0
2026-09-15T19:41:36.736,69.418,255,2.009,-83.9,13.5,8.419,8.36,0
2026-09-15T19:41:36.837,69.519,255,2.009,-273.1,13.5,8.419,8.31,0
2026-09-15T19:41:36.937,69.619,255,2.009,-273.1,13.8,8.419,8.25,0
2026-09-15T19:41:37.036,69.718,255,2.009,-273.1,13.6,8.419,8.09,0
2026-09-15T19:41:37.138,69.820,255,2.009,-273.1,13.7,8.419,8.22,0
2026-09-15T19:41:37.240,69.922,255,2.009,-273.1,13.7,8.419,8.31,0
2026-09-15T19:41:37.338,70.020,255,2.010,-273.1,13.8,8.419,8.27,0
2026-09-15T19:41:37.438,70.120,255,2.009,-273.1,13.6,8.419,8.14,0
2026-09-15T19:41:37.538,70.220,255,2.011,-273.1,13.7,8.419,8.30,0
2026-09-15T19:41:37.639,70.321,255,2.010,-273.1,13.9,8.419,8.69,0
2026-09-15T19:41:37.739,70.421,255,2.010,-273.1,13.9,8.419,8.17,0
2026-09-15T19:41:37.839,70.521,255,2.010,-273.1,14.1,8.419,8.13,0
2026-09-15T19:41:37.940,70.622,255,2.010,-273.1,14.3,8.419,8.18,0
2026-09-15T19:41:38.040,70.722,255,2.010,-273.1,14.4,8.419,8.38,0
2026-09-15T19:41:38.140,70.822,255,2.010,-273.1,14.3,8.419,8.24,0
2026-09-15T19:41:38.240,70.922,255,2.010,-273.1,14.2,8.419,7.94,0
2026-09-15T19:41:38.340,71.022,255,2.009,-273.1,14.2,8.419,8.24,0
2026-09-15T19:41:38.440,71.122,255,2.009,-273.1,14.4,8.419,8.32,0
2026-09-15T19:41:38.540,71.222,255,2.010,-273.1,14.4,8.419,8.50,0
2026-09-15T19:41:38.643,71.325,255,2.010,-273.1,14.4,8.419,8.26,0
2026-09-15T19:41:38.741,71.423,255,2.009,-273.1,14.5,8.419,8.38,0
2026-09-15T19:41:38.840,71.522,255,2.010,-273.1,14.4,8.419,8.30,0
2026-09-15T19:41:38.940,71.622,255,2.010,-273.1,14.3,8.419,8.39,0
2026-09-15T19:41:39.040,71.722,255,2.009,-273.1,14.4,8.419,8.31,0
2026-09-15T19:41:39.140,71.822,255,2.010,-273.1,14.2,8.419,8.39,0
2026-09-15T19:41:39.240,71.923,255,2.010,-273.1,14.4,8.419,8.30,0
2026-09-15T19:41:39.341,72.023,255,2.009,-273.1,14.3,8.419,8.15,0
2026-09-15T19:41:39.441,72.123,255,2.010,-273.1,14.4,8.419,8.19,0
2026-09-15T19:41:39.542,72.224,255,2.011,-273.1,14.5,8.419,8.22,0
2026-09-15T19:41:39.642,72.324,255,2.011,-273.1,14.5,8.419,8.12,0
2026-09-15T19:41:39.742,72.424,255,2.010,-273.1,14.4,8.419,8.03,0
2026-09-15T19:41:39.843,72.525,255,2.010,-273.1,14.5,8.419,8.31,0
2026-09-15T19:41:39.943,72.625,255,2.010,-273.1,14.4,8.419,8.20,0
2026-09-15T19:41:40.044,72.726,255,2.010,-273.1,14.3,8.419,8.58,0
2026-09-15T19:41:40.143,72.826,255,2.010,-273.1,14.5,8.419,8.41,0
2026-09-15T19:41:40.242,72.924,255,2.010,-273.1,14.5,8.419,8.33,0
2026-09-15T19:41:40.343,73.025,255,2.010,-273.1,14.5,8.419,8.33,0
2026-09-15T19:41:40.444,73.126,255,2.010,-273.1,14.6,8.419,8.34,0
2026-09-15T19:41:40.544,73.226,255,2.010,-273.1,14.4,8.419,8.31,0
2026-09-15T19:41:40.645,73.327,255,2.010,-273.1,14.3,8.419,8.23,0
2026-09-15T19:41:40.745,73.427,255,2.010,-273.1,14.2,8.419,8.51,0
2026-09-15T19:41:40.845,73.527,255,2.010,-273.1,14.2,8.419,8.30,0
2026-09-15T19:41:40.945,73.627,255,2.010,-273.1,14.4,8.419,8.16,0
2026-09-15T19:41:41.046,73.728,255,2.009,-90.0,14.4,8.419,8.42,0
2026-09-15T19:41:41.146,73.828,255,2.010,-273.1,14.3,8.419,8.45,0
2026-09-15T19:41:41.246,73.928,255,2.010,-70.4,14.1,8.419,8.33,0
2026-09-15T19:41:41.346,74.028,255,2.010,-273.1,14.0,8.419,8.05,0
2026-09-15T19:41:41.446,74.128,255,2.010,-273.1,13.6,8.419,8.35,0
2026-09-15T19:41:41.546,74.228,255,2.010,-273.1,13.9,8.419,8.28,0
2026-09-15T19:41:41.646,74.328,255,2.009,-273.1,14.1,8.419,8.29,0
2026-09-15T19:41:41.746,74.428,255,2.010,-273.1,14.3,8.419,8.36,0
2026-09-15T19:41:41.846,74.528,255,2.010,-273.1,14.1,8.419,8.25,0
2026-09-15T19:41:41.947,74.629,255,2.010,-273.1,14.0,8.419,8.22,0
2026-09-15T19:41:42.047,74.729,255,2.009,-65.2,14.2,8.419,8.55,0
2026-09-15T19:41:42.147,74.829,255,2.010,-273.1,13.9,8.419,8.27,0
2026-09-15T19:41:42.247,74.929,255,2.009,-80.2,13.9,8.419,7.99,0
2026-09-15T19:41:42.347,75.029,255,2.009,-273.1,13.9,8.419,8.31,0
2026-09-15T19:41:42.448,75.130,255,2.009,-273.1,13.7,8.419,8.05,0
2026-09-15T19:41:42.548,75.230,255,2.009,-273.1,14.0,8.419,8.23,0
2026-09-15T19:41:42.648,75.330,255,2.009,-273.1,13.8,8.419,8.17,0
2026-09-15T19:41:42.748,75.430,255,2.009,-273.1,13.7,8.419,8.44,0
2026-09-15T19:41:42.851,75.533,255,2.011,-273.1,13.8,8.419,8.39,0
2026-09-15T19:41:42.950,75.632,255,2.010,-273.1,13.6,8.419,8.31,0
2026-09-15T19:41:43.051,75.733,255,2.010,-273.1,13.4,8.419,8.16,0
2026-09-15T19:41:43.149,75.831,255,2.009,-273.1,13.6,8.419,8.14,0
2026-09-15T19:41:43.249,75.931,255,2.009,-273.1,13.4,8.419,8.25,0
2026-09-15T19:41:43.349,76.031,255,2.010,-273.1,13.5,8.419,8.34,0
2026-09-15T19:41:43.449,76.131,255,2.009,-273.1,13.5,8.419,8.16,0
2026-09-15T19:41:43.549,76.231,255,2.010,-273.1,13.5,8.419,8.21,0
2026-09-15T19:41:43.650,76.332,255,2.010,-273.1,13.5,8.419,8.32,0
2026-09-15T19:41:43.750,76.432,255,2.009,-273.1,13.5,8.419,8.00,0
2026-09-15T19:41:43.853,76.535,255,2.009,-273.1,13.4,8.419,8.07,0
2026-09-15T19:41:43.951,76.633,255,2.010,-273.1,13.3,8.419,8.38,0
2026-09-15T19:41:44.050,76.732,255,2.010,-273.1,13.4,8.419,8.09,0
2026-09-15T19:41:44.150,76.832,255,2.010,-273.1,13.4,8.419,8.16,0
2026-09-15T19:41:44.251,76.933,255,2.010,-273.1,13.3,8.419,8.06,0
2026-09-15T19:41:44.351,77.033,255,2.010,-273.1,13.3,8.419,8.42,0
2026-09-15T19:41:44.452,77.134,255,2.010,-273.1,13.5,8.419,8.46,0
2026-09-15T19:41:44.551,77.233,255,2.010,-273.1,13.5,8.419,8.34,0
2026-09-15T19:41:44.651,77.333,255,2.010,-273.1,13.6,8.419,8.30,0
2026-09-15T19:41:44.751,77.433,255,2.010,-273.1,13.5,8.419,8.31,0
2026-09-15T19:41:44.852,77.534,255,2.010,-273.1,13.5,8.419,8.28,0
2026-09-15T19:41:44.952,77.634,255,2.010,-273.1,13.4,8.419,8.35,0
2026-09-15T19:41:45.053,77.735,255,2.010,-64.4,13.2,8.419,8.22,0
2026-09-15T19:41:45.152,77.834,255,2.011,-273.1,13.2,8.419,8.21,0
2026-09-15T19:41:45.254,77.936,255,2.010,-273.1,13.3,8.419,8.16,0
2026-09-15T19:41:45.357,78.039,255,2.010,-273.1,13.3,8.419,8.29,0
2026-09-15T19:41:45.454,78.136,255,2.010,-273.1,13.2,8.419,8.02,0
2026-09-15T19:41:45.553,78.235,255,2.010,-273.1,13.1,8.419,8.12,0
2026-09-15T19:41:45.654,78.336,255,2.010,-273.1,13.3,8.419,8.22,0
2026-09-15T19:41:45.754,78.436,255,2.010,-273.1,13.2,8.419,7.93,0
2026-09-15T19:41:45.853,78.535,255,2.010,-273.1,13.2,8.419,8.27,0
2026-09-15T19:41:45.954,78.636,255,2.010,-273.1,13.6,8.419,8.24,0
2026-09-15T19:41:46.056,78.738,255,2.010,-273.1,14.0,8.419,8.20,0
2026-09-15T19:41:46.156,78.838,255,2.010,-273.1,13.8,8.419,8.28,0
2026-09-15T19:41:46.256,78.938,255,2.010,-273.1,13.8,8.419,8.20,0
2026-09-15T19:41:46.356,79.038,255,2.010,-273.1,13.8,8.419,8.06,0
2026-09-15T19:41:46.456,79.138,255,2.010,-273.1,13.8,8.419,8.30,0
2026-09-15T19:41:46.556,79.238,255,2.010,-273.1,13.7,8.419,8.11,0
2026-09-15T19:41:46.656,79.338,255,2.010,-273.1,13.7,8.419,8.32,0
2026-09-15T19:41:46.756,79.438,255,2.009,-273.1,13.8,8.419,8.11,0
2026-09-15T19:41:46.856,79.538,255,2.010,-273.1,13.7,8.419,8.12,0
2026-09-15T19:41:46.956,79.638,255,2.010,-273.1,14.0,8.419,8.40,0
2026-09-15T19:41:47.056,79.738,255,2.010,-67.0,13.8,8.419,8.15,0
2026-09-15T19:41:47.156,79.838,255,2.010,-273.1,13.9,8.419,8.06,0
2026-09-15T19:41:47.256,79.938,255,2.010,-273.1,13.8,8.419,8.26,0
2026-09-15T19:41:47.356,80.039,255,2.010,-69.2,13.7,8.419,8.44,0
2026-09-15T19:41:47.457,80.139,255,2.010,-273.1,14.1,8.419,8.32,0
2026-09-15T19:41:47.559,80.241,255,2.010,-273.1,14.0,8.419,8.32,0
2026-09-15T19:41:47.658,80.340,255,2.011,-64.4,13.7,8.419,8.36,0
2026-09-15T19:41:47.756,80.438,255,2.010,-273.1,13.7,8.419,8.24,0
2026-09-15T19:41:47.856,80.538,255,2.010,-273.1,13.7,8.419,8.25,0
2026-09-15T19:41:47.956,80.638,255,2.010,-273.1,13.6,8.419,7.98,0
2026-09-15T19:41:48.057,80.739,255,2.011,-273.1,13.6,8.419,8.22,0
2026-09-15T19:41:48.156,80.838,255,2.011,-273.1,13.8,8.419,8.30,0
2026-09-15T19:41:48.256,80.939,255,2.011,-273.1,14.0,8.419,8.51,0
2026-09-15T19:41:48.357,81.040,255,2.011,-273.1,13.9,8.419,8.28,0
2026-09-15T19:41:48.457,81.139,255,2.011,-83.9,14.1,8.419,8.48,0
2026-09-15T19:41:48.558,81.240,255,2.010,-273.1,14.1,8.419,8.30,0
2026-09-15T19:41:48.659,81.341,255,2.011,-67.0,14.3,8.419,8.13,0
2026-09-15T19:41:48.765,81.447,255,2.011,-273.1,14.4,8.419,8.14,0
2026-09-15T19:41:48.860,81.542,255,2.011,-273.1,14.2,8.419,8.09,0
2026-09-15T19:41:48.959,81.641,255,2.011,-273.1,14.2,8.419,8.33,0
2026-09-15T19:41:49.060,81.742,255,2.011,-273.1,14.4,8.419,8.18,0
2026-09-15T19:41:49.159,81.841,255,2.011,-273.1,14.4,8.419,8.31,0
2026-09-15T19:41:49.259,81.941,255,2.010,-273.1,14.3,8.419,8.38,0
2026-09-15T19:41:49.359,82.041,255,2.010,-273.1,14.4,8.419,8.06,0
2026-09-15T19:41:49.459,82.141,255,2.011,-273.1,14.4,8.419,8.24,0
2026-09-15T19:41:49.559,82.241,255,2.011,-273.1,14.4,8.419,8.21,0
2026-09-15T19:41:49.660,82.342,255,2.011,-273.1,14.4,8.419,8.29,0
2026-09-15T19:41:49.760,82.442,255,2.011,-273.1,14.5,8.419,8.13,0
2026-09-15T19:41:49.860,82.542,255,2.010,-273.1,14.4,8.419,8.47,0
2026-09-15T19:41:49.961,82.643,255,2.010,-273.1,14.5,8.419,8.09,0
2026-09-15T19:41:50.060,82.742,255,2.010,-273.1,14.6,8.419,8.10,0
2026-09-15T19:41:50.162,82.844,255,2.010,-273.1,14.4,8.419,8.12,0
2026-09-15T19:41:50.263,82.945,255,2.010,-273.1,14.4,8.419,8.29,0
2026-09-15T19:41:50.360,83.042,255,2.010,-273.1,14.4,8.419,8.28,0
2026-09-15T19:41:50.460,83.142,255,2.010,-273.1,14.4,8.419,8.06,0
2026-09-15T19:41:50.562,83.244,255,2.010,-273.1,14.6,8.419,8.02,0
2026-09-15T19:41:50.662,83.344,255,2.010,-273.1,14.6,8.419,8.23,0
2026-09-15T19:41:50.762,83.444,255,2.010,-273.1,14.6,8.419,8.32,0
2026-09-15T19:41:50.862,83.544,255,2.010,-273.1,14.4,8.419,8.18,0
2026-09-15T19:41:50.963,83.645,255,2.010,-273.1,14.2,8.419,8.43,0
2026-09-15T19:41:51.063,83.745,255,2.012,-273.1,14.3,8.419,8.29,0
2026-09-15T19:41:51.163,83.845,255,2.011,-273.1,14.3,8.419,8.15,0
2026-09-15T19:41:51.264,83.946,255,2.010,-273.1,14.1,8.419,8.33,0
2026-09-15T19:41:51.366,84.048,255,2.010,-273.1,14.1,8.419,8.13,0
2026-09-15T19:41:51.468,84.150,255,2.010,-273.1,14.1,8.419,8.08,0
2026-09-15T19:41:51.566,84.248,255,2.010,-273.1,14.0,8.419,8.29,0
2026-09-15T19:41:51.666,84.348,255,2.010,-273.1,13.8,8.419,8.38,0
2026-09-15T19:41:51.767,84.449,255,2.010,-58.3,13.9,8.419,8.23,0
2026-09-15T19:41:51.867,84.549,255,2.010,-273.1,13.8,8.419,8.24,0
2026-09-15T19:41:51.967,84.649,255,2.010,-273.1,13.7,8.419,8.43,0
2026-09-15T19:41:52.067,84.749,255,2.010,-273.1,13.7,8.419,8.38,0
2026-09-15T19:41:52.167,84.849,255,2.010,-273.1,13.8,8.419,8.25,0
2026-09-15T19:41:52.268,84.950,255,2.010,-273.1,13.7,8.419,8.29,0
2026-09-15T19:41:52.368,85.050,255,2.010,-273.1,13.7,8.419,8.57,0
2026-09-15T19:41:52.468,85.150,255,2.010,-273.1,13.8,8.419,8.09,0
2026-09-15T19:41:52.568,85.250,255,2.010,-273.1,13.7,8.419,8.34,0
2026-09-15T19:41:52.668,85.350,255,2.010,-273.1,13.9,8.419,8.10,0
2026-09-15T19:41:52.769,85.451,255,2.010,-71.8,13.6,8.419,8.43,0
2026-09-15T19:41:52.871,85.553,255,2.010,-273.1,13.9,8.419,8.22,0
2026-09-15T19:41:52.968,85.650,255,2.010,-273.1,13.9,8.419,8.17,0
2026-09-15T19:41:53.068,85.750,255,2.010,-273.1,13.7,8.419,8.45,0
2026-09-15T19:41:53.168,85.850,255,2.010,-273.1,13.9,8.419,8.21,0
2026-09-15T19:41:53.268,85.950,255,2.010,-273.1,13.7,8.419,8.46,0
2026-09-15T19:41:53.368,86.050,255,2.010,-273.1,13.7,8.419,8.11,0
2026-09-15T19:41:53.469,86.151,255,2.010,-273.1,13.7,8.419,8.42,0
2026-09-15T19:41:53.569,86.251,255,2.010,-273.1,13.6,8.419,8.05,0
2026-09-15T19:41:53.669,86.351,255,2.010,-273.1,13.7,8.419,8.06,0
2026-09-15T19:41:53.769,86.451,255,2.010,-273.1,13.5,8.419,8.68,0
2026-09-15T19:41:53.869,86.551,255,2.010,-273.1,13.7,8.419,8.20,0
2026-09-15T19:41:53.969,86.651,255,2.010,-273.1,13.9,8.419,8.16,0
2026-09-15T19:41:54.069,86.751,255,2.011,-273.1,13.6,8.419,8.32,0
2026-09-15T19:41:54.170,86.852,255,2.010,-273.1,13.4,8.419,8.32,0
2026-09-15T19:41:54.271,86.953,255,2.010,-273.1,13.4,8.419,8.05,0
2026-09-15T19:41:54.372,87.054,255,2.010,-273.1,13.6,8.419,8.25,0
2026-09-15T19:41:54.469,87.151,255,2.011,-273.1,13.7,8.419,8.36,0
2026-09-15T19:41:54.569,87.251,255,2.010,-273.1,13.5,8.419,8.14,0
2026-09-15T19:41:54.670,87.352,255,2.010,-83.9,13.6,8.419,8.27,0
2026-09-15T19:41:54.770,87.452,255,2.010,-273.1,13.5,8.419,8.20,0
2026-09-15T19:41:54.871,87.553,255,2.011,-273.1,13.5,8.419,8.31,0
2026-09-15T19:41:54.971,87.653,255,2.010,-273.1,13.5,8.419,8.10,0
2026-09-15T19:41:55.071,87.753,255,2.010,-273.1,13.5,8.419,8.30,0
2026-09-15T19:41:55.171,87.853,255,2.010,-273.1,13.5,8.419,8.39,0
2026-09-15T19:41:55.271,87.953,255,2.011,-273.1,13.4,8.419,8.10,0
2026-09-15T19:41:55.371,88.053,255,2.010,-273.1,13.3,8.419,7.90,0
2026-09-15T19:41:55.470,88.153,255,2.010,-273.1,13.6,8.419,8.06,0
2026-09-15T19:41:55.573,88.255,255,2.009,-273.1,13.7,8.419,8.26,0
2026-09-15T19:41:55.674,88.356,255,2.010,-273.1,13.5,8.419,8.04,0
2026-09-15T19:41:55.771,88.453,255,2.011,-273.1,13.4,8.419,8.03,0
2026-09-15T19:41:55.871,88.553,255,2.010,-273.1,13.6,8.419,8.29,0
2026-09-15T19:41:55.970,88.652,255,2.010,-273.1,13.4,8.419,8.02,0
2026-09-15T19:41:56.071,88.753,255,2.010,-273.1,13.5,8.419,8.03,0
2026-09-15T19:41:56.171,88.853,255,2.010,-273.1,13.4,8.419,8.27,0
2026-09-15T19:41:56.271,88.953,255,2.010,-273.1,13.4,8.419,8.29,0
2026-09-15T19:41:56.371,89.053,255,2.011,-273.1,13.5,8.419,8.20,0
2026-09-15T19:41:56.472,89.154,255,2.010,-273.1,13.6,8.419,8.28,0
2026-09-15T19:41:56.572,89.254,255,2.010,-273.1,13.4,8.419,8.14,0
2026-09-15T19:41:56.673,89.355,255,2.009,-273.1,13.3,8.419,8.35,0
2026-09-15T19:41:56.773,89.455,255,2.010,-273.1,13.3,8.419,8.46,0
2026-09-15T19:41:56.874,89.556,255,2.010,-273.1,13.2,8.419,8.09,0
2026-09-15T19:41:56.977,89.659,255,2.010,-273.1,13.3,8.419,8.21,0
2026-09-15T19:41:57.074,89.756,255,2.010,-273.1,13.2,8.419,8.44,0
2026-09-15T19:41:57.174,89.856,255,2.010,-273.1,13.2,8.419,8.13,0
2026-09-15T19:41:57.274,89.956,255,2.010,-67.0,13.2,8.419,8.33,0
2026-09-15T19:41:57.374,90.056,255,2.010,-273.1,13.2,8.419,8.49,0
2026-09-15T19:41:57.474,90.156,255,2.010,-273.1,13.3,8.419,8.07,0
2026-09-15T19:41:57.574,90.256,255,2.010,-71.8,13.4,8.419,8.17,0
2026-09-15T19:41:57.674,90.356,255,2.010,-273.1,13.2,8.419,8.28,0
2026-09-15T19:41:57.775,90.457,255,2.010,-273.1,13.2,8.419,8.32,0
2026-09-15T19:41:57.875,90.557,255,2.010,-273.1,13.2,8.419,8.17,0
2026-09-15T19:41:57.975,90.657,255,2.010,-273.1,13.6,8.419,8.03,0
2026-09-15T19:41:58.075,90.757,255,2.010,-273.1,13.2,8.419,7.97,0
2026-09-15T19:41:58.175,90.857,255,2.010,-273.1,13.2,8.419,8.28,0
2026-09-15T19:41:58.275,90.957,255,2.009,-273.1,13.1,8.419,8.15,0
2026-09-15T19:41:58.377,91.059,255,2.010,-273.1,13.2,8.419,8.10,0
2026-09-15T19:41:58.475,91.157,255,2.010,-273.1,13.3,8.419,8.24,0
2026-09-15T19:41:58.574,91.256,255,2.010,-273.1,13.5,8.419,8.32,0
2026-09-15T19:41:58.674,91.356,255,2.010,-273.1,13.5,8.419,8.12,0
2026-09-15T19:41:58.774,91.456,255,2.010,-273.1,13.2,8.419,8.65,0
2026-09-15T19:41:58.874,91.556,255,2.010,-273.1,13.5,8.419,7.98,0
2026-09-15T19:41:58.974,91.656,255,2.010,-273.1,13.4,8.419,8.05,0
2026-09-15T19:41:59.074,91.756,255,2.010,-273.1,13.5,8.419,8.33,0
2026-09-15T19:41:59.175,91.857,255,2.010,-273.1,13.1,8.419,8.11,0
2026-09-15T19:41:59.275,91.957,255,2.010,-273.1,13.2,8.419,8.38,0
2026-09-15T19:41:59.376,92.058,255,2.010,-273.1,13.4,8.419,8.39,0
2026-09-15T19:41:59.476,92.158,255,2.011,-273.1,13.3,8.419,8.21,0
2026-09-15T19:41:59.577,92.259,255,2.009,-273.1,13.3,8.419,8.30,0
2026-09-15T19:41:59.678,92.360,255,2.011,-273.1,13.5,8.419,8.27,0
2026-09-15T19:41:59.780,92.462,255,2.010,-273.1,13.4,8.419,8.25,0
2026-09-15T19:41:59.878,92.560,255,2.010,-273.1,13.7,8.419,8.17,0
2026-09-15T19:41:59.978,92.660,255,2.010,-273.1,13.6,8.419,8.19,0
2026-09-15T19:42:00.079,92.761,255,2.011,-273.1,13.9,8.419,8.01,0
2026-09-15T19:42:00.179,92.861,255,2.010,-68.1,13.8,8.419,8.35,0
2026-09-15T19:42:00.280,92.962,255,2.011,-273.1,13.9,8.419,8.32,0
2026-09-15T19:42:00.379,93.061,255,2.010,-273.1,13.8,8.419,8.36,0
2026-09-15T19:42:00.479,93.161,255,2.010,-70.4,13.5,8.419,8.17,0
2026-09-15T19:42:00.580,93.262,255,2.010,-273.1,14.0,8.419,8.26,0
2026-09-15T19:42:00.681,93.363,255,2.010,-273.1,13.9,8.419,8.35,0
2026-09-15T19:42:00.780,93.462,255,2.010,-273.1,14.0,8.419,8.01,0
2026-09-15T19:42:00.879,93.561,255,2.011,-273.1,13.7,8.419,8.34,0
2026-09-15T19:42:00.981,93.663,255,2.010,-273.1,13.7,8.419,8.36,0
2026-09-15T19:42:01.080,93.762,255,2.010,-273.1,13.9,8.419,8.05,0
2026-09-15T19:42:01.180,93.863,255,2.010,-273.1,13.9,8.419,8.25,0
2026-09-15T19:42:01.280,93.962,255,2.010,-273.1,14.1,8.419,8.21,0
2026-09-15T19:42:01.381,94.063,255,2.010,-273.1,14.0,8.419,7.99,0
2026-09-15T19:42:01.481,94.163,255,2.010,-273.1,14.1,8.419,8.28,0
2026-09-15T19:42:01.581,94.263,255,2.011,-273.1,14.2,8.419,8.12,0
2026-09-15T19:42:01.681,94.363,255,2.011,-273.1,14.1,8.419,8.14,0
2026-09-15T19:42:01.781,94.463,255,2.010,-273.1,14.0,8.419,8.13,0
2026-09-15T19:42:01.882,94.564,255,2.011,-273.1,14.2,8.419,8.01,0
2026-09-15T19:42:01.982,94.664,255,2.011,-273.1,14.2,8.419,8.47,0
2026-09-15T19:42:02.083,94.765,255,2.010,-273.1,14.5,8.419,8.30,0
2026-09-15T19:42:02.183,94.865,255,2.010,-273.1,14.4,8.419,8.09,0
2026-09-15T19:42:02.285,94.967,255,2.011,-273.1,14.4,8.419,8.18,0
2026-09-15T19:42:02.386,95.068,255,2.011,-273.1,14.6,8.419,8.29,0
2026-09-15T19:42:02.483,95.165,255,2.011,-273.1,14.5,8.419,8.25,0
2026-09-15T19:42:02.583,95.265,255,2.011,-273.1,14.4,8.419,8.41,0
2026-09-15T19:42:02.683,95.365,255,2.011,-273.1,14.3,8.419,8.16,0
2026-09-15T19:42:02.783,95.465,255,2.011,-273.1,14.4,8.419,8.17,0
2026-09-15T19:42:02.883,95.565,255,2.011,-273.1,14.2,8.419,7.99,0
2026-09-15T19:42:02.983,95.665,255,2.011,-273.1,14.5,8.419,8.17,0
2026-09-15T19:42:03.083,95.765,255,2.011,-273.1,14.4,8.419,8.25,0
2026-09-15T19:42:03.183,95.865,255,2.011,-273.1,14.5,8.419,8.42,0
2026-09-15T19:42:03.283,95.965,255,2.011,-273.1,14.2,8.419,8.06,0
2026-09-15T19:42:03.383,96.065,255,2.011,-273.1,14.4,8.419,8.10,0
2026-09-15T19:42:03.483,96.165,255,2.011,-273.1,14.2,8.419,8.38,0
2026-09-15T19:42:03.585,96.267,255,2.011,-273.1,14.2,8.419,8.35,0
2026-09-15T19:42:03.684,96.366,255,2.011,-273.1,14.1,8.419,8.31,0
2026-09-15T19:42:03.784,96.466,255,2.010,-273.1,14.3,8.419,8.22,0
2026-09-15T19:42:03.883,96.565,255,2.011,-273.1,14.1,8.419,8.12,0
2026-09-15T19:42:03.983,96.665,255,2.011,-273.1,14.2,8.419,8.32,0
2026-09-15T19:42:04.084,96.766,255,2.010,-273.1,14.2,8.419,8.10,0
2026-09-15T19:42:04.184,96.866,255,2.010,-273.1,14.3,8.419,8.54,0
2026-09-15T19:42:04.284,96.966,255,2.011,-273.1,14.3,8.419,8.68,0
2026-09-15T19:42:04.384,97.066,255,2.011,-273.1,14.2,8.419,8.59,0
2026-09-15T19:42:04.484,97.166,255,2.010,-273.1,14.2,8.419,8.49,0
2026-09-15T19:42:04.584,97.266,255,2.011,-273.1,14.2,8.419,8.24,0
2026-09-15T19:42:04.684,97.366,255,2.010,-273.1,14.2,8.419,8.30,0
2026-09-15T19:42:04.785,97.467,255,2.010,-273.1,14.9,8.419,8.48,0
2026-09-15T19:42:04.885,97.567,255,2.010,-273.1,14.4,8.419,8.44,0
2026-09-15T19:42:04.986,97.668,255,2.011,-273.1,14.5,8.419,8.28,0
2026-09-15T19:42:05.087,97.769,255,2.011,-90.0,14.7,8.419,8.12,0
2026-09-15T19:42:05.185,97.867,255,2.011,-273.1,14.5,8.419,8.13,0
2026-09-15T19:42:05.285,97.967,255,2.010,-273.1,14.3,8.419,8.33,0
2026-09-15T19:42:05.385,98.067,255,2.010,-273.1,14.2,8.419,8.31,0
2026-09-15T19:42:05.485,98.167,255,2.011,-273.1,14.4,8.419,8.42,0
2026-09-15T19:42:05.586,98.268,255,2.011,-273.1,14.3,8.419,8.27,0
2026-09-15T19:42:05.686,98.368,255,2.010,-273.1,14.4,8.419,8.36,0
2026-09-15T19:42:05.786,98.468,255,2.010,-273.1,14.4,8.419,8.29,0
2026-09-15T19:42:05.886,98.568,255,2.012,-273.1,14.4,8.419,7.98,0
2026-09-15T19:42:05.986,98.668,255,2.011,-77.4,14.5,8.419,8.29,0
2026-09-15T19:42:06.086,98.768,255,2.011,-273.1,14.4,8.419,8.14,0
2026-09-15T19:42:06.186,98.868,255,2.011,-90.0,14.5,8.419,8.21,0
2026-09-15T19:42:06.286,98.968,255,2.011,-273.1,14.3,8.419,8.18,0
2026-09-15T19:42:06.389,99.071,255,2.011,-273.1,14.5,8.419,8.18,0
2026-09-15T19:42:06.490,99.172,255,2.011,-71.8,14.5,8.419,8.15,0
2026-09-15T19:42:06.587,99.269,255,2.011,-273.1,14.6,8.419,8.11,0
2026-09-15T19:42:06.687,99.369,255,2.011,-273.1,14.5,8.419,8.20,0
2026-09-15T19:42:06.786,99.469,255,2.010,-273.1,14.3,8.419,8.25,0
2026-09-15T19:42:06.888,99.570,255,2.011,-273.1,14.4,8.419,8.42,0
2026-09-15T19:42:06.988,99.670,255,2.011,-273.1,14.6,8.419,8.36,0
2026-09-15T19:42:07.089,99.771,255,2.010,-273.1,14.3,8.419,8.07,0
2026-09-15T19:42:07.188,99.870,255,2.011,-273.1,14.7,8.419,8.25,0
2026-09-15T19:42:07.288,99.970,255,2.011,-73.4,14.4,8.419,8.18,0
2026-09-15T19:42:07.389,100.071,255,2.011,-273.1,14.6,8.419,8.36,0
2026-09-15T19:42:07.489,100.171,255,2.011,-273.1,14.5,8.419,8.05,0
2026-09-15T19:42:07.589,100.271,255,2.011,-273.1,14.8,8.419,8.47,0
2026-09-15T19:42:07.691,100.373,255,2.011,-83.9,14.6,8.419,8.35,0
2026-09-15T19:42:07.792,100.474,255,2.011,-273.1,14.5,8.419,8.18,0
2026-09-15T19:42:07.890,100.572,255,2.011,-273.1,14.4,8.419,8.14,0
2026-09-15T19:42:07.990,100.672,255,2.012,-273.1,14.7,8.419,8.43,0
2026-09-15T19:42:08.091,100.773,255,2.011,-75.2,14.7,8.419,8.00,0
2026-09-15T19:42:08.190,100.872,255,2.011,-273.1,14.5,8.419,8.44,0
2026-09-15T19:42:08.290,100.972,255,2.011,-273.1,14.6,8.419,8.54,0
2026-09-15T19:42:08.390,101.072,255,2.011,-273.1,14.5,8.419,8.22,0
2026-09-15T19:42:08.490,101.172,255,2.011,-273.1,14.4,8.419,8.10,0
2026-09-15T19:42:08.591,101.273,255,2.011,-273.1,14.5,8.419,8.19,0
2026-09-15T19:42:08.691,101.373,255,2.010,-83.9,14.9,8.419,8.30,0
2026-09-15T19:42:08.791,101.473,255,2.011,-273.1,14.6,8.419,8.20,0
2026-09-15T19:42:08.891,101.573,255,2.011,-273.1,14.7,8.419,8.42,0
2026-09-15T19:42:08.991,101.673,255,2.011,-273.1,14.7,8.419,8.61,0
2026-09-15T19:42:09.093,101.775,255,2.011,-65.2,14.8,8.419,8.28,0
2026-09-15T19:42:09.195,101.877,255,2.011,-273.1,14.5,8.419,8.16,0
2026-09-15T19:42:09.292,101.974,255,2.011,-273.1,14.6,8.419,8.15,0
2026-09-15T19:42:09.393,102.075,255,2.011,-273.1,14.5,8.419,8.24,0
2026-09-15T19:42:09.493,102.175,255,2.011,-273.1,14.4,8.419,8.07,0
2026-09-15T19:42:09.593,102.275,255,2.011,-273.1,14.5,8.419,8.35,0
2026-09-15T19:42:09.693,102.375,255,2.010,-273.1,14.4,8.419,8.46,0
2026-09-15T19:42:09.793,102.475,255,2.011,-273.1,14.5,8.419,8.32,0
2026-09-15T19:42:09.893,102.575,255,2.011,-273.1,14.4,8.419,8.03,0
2026-09-15T19:42:09.993,102.675,255,2.011,-273.1,14.3,8.419,8.16,0
2026-09-15T19:42:10.093,102.775,255,2.011,-273.1,14.3,8.419,8.06,0
2026-09-15T19:42:10.193,102.875,255,2.011,-273.1,14.4,8.419,8.25,0
2026-09-15T19:42:10.294,102.976,255,2.010,-80.2,14.4,8.419,8.42,0
2026-09-15T19:42:10.396,103.078,255,2.011,-273.1,14.4,8.419,8.33,0
2026-09-15T19:42:10.493,103.175,255,2.011,-273.1,14.5,8.419,8.47,0
2026-09-15T19:42:10.593,103.275,255,2.011,-273.1,14.4,8.419,8.09,0
2026-09-15T19:42:10.693,103.375,255,2.011,-273.1,14.7,8.419,8.53,0
2026-09-15T19:42:10.794,103.476,255,2.011,-273.1,14.6,8.419,8.30,0
2026-09-15T19:42:10.892,103.574,255,2.011,-73.4,14.6,8.419,8.36,0
2026-09-15T19:42:10.992,103.674,255,2.011,-273.1,14.6,8.419,8.34,0
2026-09-15T19:42:11.092,103.774,255,2.011,-273.1,14.6,8.419,8.42,0
2026-09-15T19:42:11.193,103.875,255,2.011,-273.1,14.6,8.419,7.98,0
2026-09-15T19:42:11.293,103.976,255,2.011,-273.1,14.4,8.419,8.32,0
2026-09-15T19:42:11.394,104.076,255,2.011,-273.1,14.4,8.419,8.33,0
2026-09-15T19:42:11.494,104.176,255,2.011,-273.1,14.4,8.419,8.51,0
2026-09-15T19:42:11.594,104.276,255,2.011,-273.1,14.3,8.419,8.33,0
2026-09-15T19:42:11.696,104.378,255,2.011,-273.1,14.5,8.419,8.06,0
2026-09-15T19:42:11.797,104.479,255,2.011,-273.1,14.5,8.419,8.05,0
2026-09-15T19:42:11.895,104.577,255,2.011,-273.1,14.6,8.419,8.47,0
2026-09-15T19:42:11.996,104.678,255,2.011,-273.1,14.5,8.419,8.46,0
2026-09-15T19:42:12.095,104.777,255,2.011,-273.1,14.6,8.419,8.27,0
2026-09-15T19:42:12.195,104.877,255,2.011,-273.1,14.3,8.419,8.51,0
2026-09-15T19:42:12.295,104.977,255,2.011,-273.1,14.3,8.419,8.31,0
2026-09-15T19:42:12.395,105.077,255,2.011,-273.1,14.3,8.419,8.10,0
2026-09-15T19:42:12.495,105.177,255,2.011,-273.1,14.3,8.419,8.24,0
2026-09-15T19:42:12.596,105.278,255,2.011,-273.1,14.4,8.419,8.22,0
2026-09-15T19:42:12.696,105.378,255,2.011,-273.1,14.2,8.419,8.10,0
2026-09-15T19:42:12.798,105.480,255,2.010,-90.0,14.3,8.419,8.16,0
2026-09-15T19:42:12.899,105.581,255,2.011,-83.9,14.2,8.419,8.21,0
2026-09-15T19:42:12.998,105.680,255,2.011,-273.1,14.4,8.419,8.53,0
2026-09-15T19:42:13.098,105.780,255,2.011,-273.1,14.2,8.419,8.02,0
2026-09-15T19:42:13.198,105.880,255,2.011,-90.0,14.2,8.419,8.29,0
2026-09-15T19:42:13.299,105.981,255,2.011,-273.1,14.1,8.419,8.06,0
2026-09-15T19:42:13.399,106.081,255,2.011,-273.1,14.2,8.419,7.91,0
2026-09-15T19:42:13.499,106.181,255,2.011,-273.1,14.0,8.419,8.24,0
2026-09-15T19:42:13.599,106.281,255,2.011,-273.1,14.0,8.419,8.44,0
2026-09-15T19:42:13.699,106.381,255,2.011,-273.1,14.2,8.419,8.06,0
2026-09-15T19:42:13.799,106.481,255,2.011,-273.1,14.2,8.419,8.31,0
2026-09-15T19:42:13.899,106.581,255,2.011,-273.1,14.1,8.419,8.29,0
2026-09-15T19:42:13.999,106.681,255,2.011,-273.1,14.4,8.419,8.17,0
2026-09-15T19:42:14.099,106.781,255,2.011,-273.1,13.9,8.419,8.07,0
2026-09-15T19:42:14.199,106.881,255,2.011,-273.1,14.3,8.419,8.22,0
2026-09-15T19:42:14.302,106.984,255,2.011,-273.1,14.1,8.419,8.29,0
2026-09-15T19:42:14.403,107.085,255,2.011,-273.1,14.3,8.419,8.37,0
2026-09-15T19:42:14.503,107.185,255,2.011,-273.1,13.9,8.419,8.25,0
2026-09-15T19:42:14.600,107.282,255,2.011,-273.1,14.0,8.419,8.25,0
2026-09-15T19:42:14.700,107.382,255,2.010,-273.1,13.8,8.419,8.07,0
2026-09-15T19:42:14.800,107.482,255,2.011,-273.1,14.3,8.419,8.18,0
2026-09-15T19:42:14.901,107.583,255,2.011,-83.9,14.0,8.419,8.27,0
2026-09-15T19:42:15.001,107.683,255,2.011,-273.1,13.9,8.419,8.32,0
2026-09-15T19:42:15.101,107.783,255,2.011,-273.1,13.7,8.419,8.05,0
2026-09-15T19:42:15.201,107.883,255,2.011,-273.1,13.8,8.419,8.29,0
2026-09-15T19:42:15.302,107.984,255,2.011,-68.1,14.0,8.419,8.22,0
2026-09-15T19:42:15.403,108.085,255,2.011,-273.1,13.7,8.419,8.35,0
2026-09-15T19:42:15.504,108.186,255,2.011,-273.1,13.7,8.419,8.32,0
2026-09-15T19:42:15.605,108.287,255,2.011,-273.1,13.8,8.419,8.25,0
2026-09-15T19:42:15.702,108.384,255,2.011,-273.1,14.0,8.419,8.37,0
2026-09-15T19:42:15.802,108.484,255,2.011,-273.1,13.9,8.419,8.01,0
2026-09-15T19:42:15.902,108.584,255,2.011,-273.1,14.0,8.419,8.25,0
2026-09-15T19:42:16.003,108.685,255,2.011,-69.2,13.8,8.419,8.33,0
2026-09-15T19:42:16.103,108.785,255,2.012,-273.1,13.5,8.419,8.31,0
2026-09-15T19:42:16.203,108.885,255,2.011,-273.1,13.5,8.419,8.10,0
2026-09-15T19:42:16.304,108.986,255,2.011,-273.1,13.6,8.419,8.47,0
2026-09-15T19:42:16.404,109.086,255,2.011,-273.1,13.4,8.419,8.18,0
2026-09-15T19:42:16.504,109.186,255,2.011,-273.1,13.3,8.419,8.22,0
2026-09-15T19:42:16.604,109.286,255,2.011,-273.1,13.3,8.419,8.41,0
2026-09-15T19:42:16.706,109.388,255,2.012,-273.1,13.4,8.419,8.29,0
2026-09-15T19:42:16.807,109.489,255,2.012,-273.1,13.6,8.419,8.12,0
2026-09-15T19:42:16.905,109.587,255,2.011,-273.1,13.6,8.419,8.10,0
2026-09-15T19:42:17.005,109.688,255,2.011,-273.1,13.4,8.419,8.34,0
2026-09-15T19:42:17.105,109.787,255,2.011,-273.1,13.4,8.419,8.13,0
2026-09-15T19:42:17.205,109.888,255,2.011,-273.1,13.3,8.419,8.00,0
2026-09-15T19:42:17.304,109.986,255,2.011,-273.1,13.5,8.419,7.91,0
2026-09-15T19:42:17.405,110.087,255,2.011,-273.1,13.5,8.419,8.27,0
2026-09-15T19:42:17.505,110.187,255,2.011,-273.1,13.5,8.419,8.14,0
2026-09-15T19:42:17.605,110.287,255,2.011,-273.1,13.3,8.419,8.13,0
2026-09-15T19:42:17.706,110.388,255,2.012,-273.1,13.3,8.419,8.42,0
2026-09-15T19:42:17.806,110.488,255,2.011,-273.1,13.4,8.419,8.18,0
2026-09-15T19:42:17.907,110.590,255,2.011,-273.1,13.5,8.419,8.12,0
2026-09-15T19:42:18.009,110.691,255,2.012,-273.1,13.5,8.419,8.29,0
2026-09-15T19:42:18.106,110.788,255,2.012,-273.1,13.4,8.419,8.31,0
2026-09-15T19:42:18.207,110.889,255,2.011,-273.1,13.3,8.419,8.27,0
2026-09-15T19:42:18.307,110.989,255,2.011,-273.1,13.4,8.419,8.24,0
2026-09-15T19:42:18.408,111.090,255,2.012,-273.1,13.2,8.419,7.97,0
2026-09-15T19:42:18.508,111.190,255,2.012,-273.1,13.1,8.419,8.33,0
2026-09-15T19:42:18.608,111.290,255,2.012,-273.1,13.2,8.419,8.21,0
2026-09-15T19:42:18.709,111.391,255,2.011,-273.1,13.2,8.419,8.26,0
2026-09-15T19:42:18.809,111.491,255,2.012,-273.1,13.2,8.419,8.46,0
2026-09-15T19:42:18.910,111.592,255,2.011,-273.1,13.3,8.419,8.26,0
2026-09-15T19:42:19.010,111.692,255,2.011,-273.1,13.3,8.419,8.42,0
2026-09-15T19:42:19.110,111.792,255,2.012,-273.1,13.5,8.419,8.35,0
2026-09-15T19:42:19.210,111.892,255,2.012,-273.1,13.2,8.419,8.05,0
2026-09-15T19:42:19.310,111.993,255,2.012,-273.1,13.4,8.419,8.23,0
2026-09-15T19:42:19.411,112.093,255,2.012,-90.0,13.6,8.419,8.18,0
2026-09-15T19:42:19.513,112.195,255,2.011,-273.1,13.2,8.419,8.18,0
2026-09-15T19:42:19.610,112.292,255,2.012,-273.1,13.1,8.419,8.38,0
2026-09-15T19:42:19.710,112.392,255,2.012,-273.1,13.2,8.419,8.05,0
2026-09-15T19:42:19.810,112.492,255,2.011,-273.1,13.2,8.419,8.35,0
2026-09-15T19:42:19.910,112.592,255,2.012,-273.1,13.1,8.419,8.21,0
2026-09-15T19:42:20.011,112.693,255,2.011,-273.1,13.4,8.419,8.34,0
2026-09-15T19:42:20.111,112.793,255,2.011,-273.1,13.1,8.419,8.16,0
2026-09-15T19:42:20.211,112.893,255,2.012,-273.1,13.3,8.419,8.38,0
2026-09-15T19:42:20.311,112.993,255,2.011,-273.1,13.3,8.419,8.36,0
2026-09-15T19:42:20.411,113.093,255,2.011,-273.1,13.2,8.419,8.36,0
2026-09-15T19:42:20.511,113.193,255,2.012,-273.1,13.2,8.419,8.24,0
2026-09-15T19:42:20.610,113.292,255,2.012,-273.1,13.2,8.419,8.56,0
2026-09-15T19:42:20.715,113.397,255,2.011,-273.1,13.2,8.419,8.46,0
2026-09-15T19:42:20.811,113.493,255,2.011,-273.1,13.2,8.419,8.17,0
2026-09-15T19:42:20.911,113.593,255,2.011,-273.1,13.2,8.419,8.21,0
2026-09-15T19:42:21.011,113.693,255,2.012,-66.1,13.2,8.419,8.28,0
2026-09-15T19:42:21.111,113.793,255,2.012,-273.1,13.1,8.419,8.31,0
2026-09-15T19:42:21.211,113.893,255,2.011,-273.1,13.0,8.419,8.42,0
2026-09-15T19:42:21.311,113.993,255,2.012,-273.1,13.2,8.419,8.39,0
2026-09-15T19:42:21.411,114.093,255,2.010,-273.1,13.1,8.419,8.08,0
2026-09-15T19:42:21.512,114.194,255,2.011,-73.4,13.2,8.419,8.32,0
2026-09-15T19:42:21.612,114.294,255,2.012,-273.1,13.3,8.419,8.20,0
2026-09-15T19:42:21.712,114.394,255,2.012,-273.1,13.3,8.419,8.25,0
2026-09-15T19:42:21.811,114.493,255,2.012,-273.1,13.2,8.419,8.28,0
2026-09-15T19:42:21.912,114.594,255,2.012,-273.1,13.3,8.419,8.06,0
2026-09-15T19:42:22.014,114.696,255,2.011,-273.1,13.3,8.419,7.99,0
2026-09-15T19:42:22.113,114.795,255,2.012,-273.1,13.4,8.419,8.04,0
2026-09-15T19:42:22.214,114.896,255,2.012,-273.1,13.3,8.419,8.50,0
2026-09-15T19:42:22.314,114.996,255,2.012,-90.0,13.7,8.419,8.33,0
2026-09-15T19:42:22.414,115.096,255,2.012,-273.1,13.6,8.419,8.41,0
2026-09-15T19:42:22.514,115.196,255,2.012,-273.1,13.4,8.419,8.26,0
2026-09-15T19:42:22.614,115.296,255,2.012,-273.1,13.5,8.419,8.36,0
2026-09-15T19:42:22.714,115.396,255,2.012,-273.1,13.6,8.419,8.58,0
2026-09-15T19:42:22.814,115.496,255,2.012,-273.1,13.5,8.419,8.28,0
2026-09-15T19:42:22.915,115.597,255,2.012,-273.1,13.8,8.419,8.19,0
2026-09-15T19:42:23.015,115.697,255,2.011,-69.2,13.5,8.419,8.27,0
2026-09-15T19:42:23.117,115.799,255,2.012,-273.1,13.7,8.419,8.18,0
2026-09-15T19:42:23.217,115.899,255,2.012,-73.4,13.6,8.419,8.19,0
2026-09-15T19:42:23.316,115.998,255,2.012,-273.1,13.7,8.419,8.24,0
2026-09-15T19:42:23.417,116.099,255,2.011,-273.1,13.9,8.419,8.26,0
2026-09-15T19:42:23.518,116.200,255,2.012,-273.1,13.7,8.419,8.29,0
2026-09-15T19:42:23.618,116.300,255,2.012,-273.1,14.2,8.419,8.31,0
2026-09-15T19:42:23.718,116.400,255,2.012,-68.1,14.1,8.419,8.29,0
2026-09-15T19:42:23.820,116.502,255,2.012,-273.1,14.3,8.419,8.15,0
2026-09-15T19:42:23.920,116.602,255,2.012,-273.1,14.3,8.419,8.18,0
2026-09-15T19:42:24.020,116.702,255,2.012,-273.1,14.4,8.419,8.32,0
2026-09-15T19:42:24.120,116.803,255,2.011,-273.1,14.5,8.419,8.33,0
2026-09-15T19:42:24.222,116.904,255,2.012,-273.1,14.4,8.419,8.11,0
2026-09-15T19:42:24.320,117.002,255,2.012,-66.1,14.4,8.419,8.25,0
2026-09-15T19:42:24.420,117.102,255,2.012,-273.1,14.5,8.419,7.94,0
2026-09-15T19:42:24.520,117.202,255,2.012,-273.1,14.5,8.419,8.16,0
2026-09-15T19:42:24.621,117.303,255,2.012,-273.1,14.4,8.419,8.33,0
2026-09-15T19:42:24.721,117.403,255,2.012,-273.1,14.4,8.419,8.06,0
2026-09-15T19:42:24.822,117.504,255,2.012,-273.1,12.8,8.419,8.14,0
2026-09-15T19:42:24.922,117.604,255,2.012,-273.1,14.6,8.419,8.16,0
2026-09-15T19:42:25.022,117.704,255,2.012,-64.4,14.6,8.419,8.32,0
2026-09-15T19:42:25.122,117.804,255,2.012,-273.1,14.4,8.419,8.24,0
2026-09-15T19:42:25.224,117.906,255,2.012,-273.1,14.6,8.419,8.12,0
2026-09-15T19:42:25.326,118.009,255,2.012,-273.1,14.7,8.419,8.34,0
2026-09-15T19:42:25.423,118.105,255,2.012,-55.2,14.6,8.419,8.16,0
2026-09-15T19:42:25.523,118.205,255,2.012,-273.1,14.6,8.419,8.59,0
2026-09-15T19:42:25.624,118.306,255,2.012,-273.1,14.5,8.419,8.49,0
2026-09-15T19:42:25.723,118.405,255,2.012,-273.1,14.6,8.419,8.44,0
2026-09-15T19:42:25.824,118.506,255,2.013,-273.1,14.4,8.419,8.33,0
2026-09-15T19:42:25.924,118.606,255,2.013,-273.1,14.5,8.419,8.33,0
2026-09-15T19:42:26.024,118.706,255,2.013,-273.1,14.4,8.419,8.24,0
2026-09-15T19:42:26.125,118.807,255,2.012,-273.1,14.6,8.419,8.35,0
2026-09-15T19:42:26.225,118.907,255,2.012,-273.1,14.4,8.419,8.44,0
2026-09-15T19:42:26.325,119.007,255,2.013,-273.1,14.5,8.419,8.11,0
2026-09-15T19:42:26.424,119.106,255,2.013,-273.1,14.6,8.419,8.40,0
2026-09-15T19:42:26.526,119.208,255,2.014,-273.1,14.5,8.419,7.95,0
2026-09-15T19:42:26.628,119.310,255,2.012,-273.1,14.5,8.419,8.49,0
2026-09-15T19:42:26.725,119.407,255,2.013,-273.1,14.6,8.419,8.50,0
2026-09-15T19:42:26.825,119.507,255,2.012,-273.1,14.7,8.419,8.08,0
2026-09-15T19:42:26.925,119.607,255,2.013,-273.1,14.7,8.419,8.19,0
2026-09-15T19:42:27.025,119.707,255,2.013,-90.0,14.5,8.419,8.27,0
2026-09-15T19:42:27.125,119.807,255,2.011,-273.1,14.5,8.419,8.24,0
2026-09-15T19:42:27.225,119.907,255,2.012,-273.1,14.5,8.419,8.28,0
2026-09-15T19:42:27.326,120.008,255,2.012,-66.1,14.5,8.419,8.40,0
2026-09-15T19:42:27.426,120.108,255,2.013,-273.1,14.5,8.419,8.18,0
2026-09-15T19:42:27.526,120.208,255,2.012,-273.1,14.7,8.419,8.10,0
2026-09-15T19:42:27.626,120.308,255,2.012,-75.2,14.5,8.419,8.27,0
2026-09-15T19:42:27.726,120.408,255,2.013,-273.1,14.6,8.419,8.02,0
2026-09-15T19:42:27.826,120.508,255,2.012,-273.1,14.7,8.419,8.32,0
2026-09-15T19:42:27.927,120.609,255,2.012,-273.1,14.4,8.419,8.28,0
2026-09-15T19:42:28.029,120.711,255,2.012,-273.1,14.5,8.419,8.26,0
2026-09-15T19:42:28.127,120.809,255,2.013,-273.1,14.5,8.419,8.47,0
2026-09-15T19:42:28.229,120.911,255,2.012,-273.1,14.6,8.419,8.61,0
2026-09-15T19:42:28.327,121.009,255,2.013,-273.1,14.5,8.419,8.20,0
2026-09-15T19:42:28.428,121.110,255,2.013,-273.1,14.5,8.419,8.03,0
2026-09-15T19:42:28.527,121.209,255,2.012,-273.1,14.5,8.419,8.07,0
2026-09-15T19:42:28.628,121.310,255,2.012,-273.1,14.7,8.419,8.11,0
2026-09-15T19:42:28.729,121.411,255,2.012,-273.1,14.6,8.419,8.13,0
2026-09-15T19:42:28.829,121.511,255,2.012,-273.1,14.5,8.419,8.72,0
2026-09-15T19:42:28.929,121.611,255,2.014,-273.1,14.4,8.419,8.07,0
2026-09-15T19:42:29.029,121.711,255,2.012,-273.1,14.4,8.419,8.24,0
2026-09-15T19:42:29.129,121.811,255,2.012,-273.1,14.6,8.419,8.13,0
2026-09-15T19:42:29.229,121.911,255,2.012,-273.1,14.5,8.419,8.12,0
2026-09-15T19:42:29.330,122.012,255,2.012,-273.1,14.5,8.419,8.24,0
2026-09-15T19:42:29.432,122.114,255,2.012,-273.1,14.5,8.419,8.35,0
2026-09-15T19:42:29.529,122.211,255,2.012,-273.1,14.5,8.419,8.21,0
2026-09-15T19:42:29.633,122.315,255,2.012,-273.1,14.4,8.419,8.54,0
2026-09-15T19:42:29.730,122.412,255,2.012,-273.1,14.5,8.419,8.14,0
2026-09-15T19:42:29.831,122.513,255,2.012,-273.1,14.4,8.419,8.01,0
2026-09-15T19:42:29.931,122.613,255,2.012,-273.1,14.3,8.419,8.18,0
2026-09-15T19:42:30.032,122.714,255,2.012,-66.1,14.1,8.419,8.31,0
2026-09-15T19:42:30.132,122.814,255,2.012,-273.1,14.4,8.419,8.39,0
2026-09-15T19:42:30.232,122.914,255,2.013,-273.1,14.2,8.419,8.29,0
2026-09-15T19:42:30.332,123.014,255,2.013,-273.1,14.4,8.419,8.44,0
2026-09-15T19:42:30.432,123.114,255,2.012,-273.1,14.3,8.419,8.12,0
2026-09-15T19:42:30.532,123.214,255,2.012,-273.1,14.2,8.419,8.02,0
2026-09-15T19:42:30.632,123.314,255,2.012,-273.1,14.3,8.419,8.36,0
2026-09-15T19:42:30.732,123.414,255,2.012,-273.1,14.4,8.419,8.33,0
2026-09-15T19:42:30.832,123.514,255,2.012,-273.1,14.6,8.419,8.37,0
2026-09-15T19:42:30.934,123.616,255,2.012,-273.1,14.4,8.419,8.35,0
2026-09-15T19:42:31.036,123.718,255,2.013,-273.1,14.4,8.419,8.14,0
2026-09-15T19:42:31.132,123.814,255,2.012,-273.1,14.6,8.419,8.29,0
2026-09-15T19:42:31.232,123.914,255,2.013,-273.1,14.5,8.419,8.29,0
2026-09-15T19:42:31.332,124.014,255,2.012,-273.1,14.4,8.419,8.18,0
2026-09-15T19:42:31.433,124.115,255,2.012,-70.4,14.5,8.419,8.05,0
2026-09-15T19:42:31.533,124.215,255,2.012,-273.1,14.4,8.419,7.99,0
2026-09-15T19:42:31.633,124.315,255,2.012,-273.1,14.2,8.419,8.07,0
2026-09-15T19:42:31.733,124.415,255,2.012,-273.1,14.4,8.419,8.13,0
2026-09-15T19:42:31.833,124.515,255,2.012,-273.1,14.5,8.419,8.39,0
2026-09-15T19:42:31.934,124.616,255,2.013,-273.1,14.4,8.419,7.81,0
2026-09-15T19:42:32.034,124.716,255,2.013,-273.1,14.3,8.419,8.32,0
2026-09-15T19:42:32.134,124.816,255,2.012,-273.1,14.3,8.419,8.16,0
2026-09-15T19:42:32.234,124.916,255,2.012,-273.1,14.4,8.419,7.98,0
2026-09-15T19:42:32.335,125.017,255,2.012,-80.2,14.2,8.419,8.36,0
2026-09-15T19:42:32.435,125.117,255,2.012,-273.1,14.4,8.419,8.15,0
2026-09-15T19:42:32.535,125.217,255,2.012,-273.1,14.5,8.419,8.24,0
2026-09-15T19:42:32.635,125.317,255,2.012,-273.1,14.2,8.419,8.27,0
2026-09-15T19:42:32.735,125.417,255,2.012,-273.1,14.5,8.419,8.29,0
2026-09-15T19:42:32.835,125.517,255,2.012,-273.1,14.5,8.419,8.50,0
2026-09-15T19:42:32.936,125.618,255,2.012,-273.1,14.3,8.419,8.42,0
2026-09-15T19:42:33.036,125.718,255,2.012,-273.1,14.2,8.419,8.22,0
2026-09-15T19:42:33.135,125.818,255,2.013,-273.1,14.4,8.419,8.22,0
2026-09-15T19:42:33.237,125.919,255,2.012,-273.1,14.0,8.419,8.33,0
2026-09-15T19:42:33.337,126.019,255,2.012,-273.1,14.2,8.419,8.12,0
2026-09-15T19:42:33.437,126.119,255,2.012,-273.1,14.2,8.419,8.29,0
2026-09-15T19:42:33.539,126.221,255,2.012,-273.1,14.4,8.419,8.30,0
2026-09-15T19:42:33.637,126.319,255,2.012,-273.1,14.3,8.419,8.07,0
2026-09-15T19:42:33.737,126.419,255,2.012,-273.1,14.3,8.419,8.18,0
2026-09-15T19:42:33.837,126.519,255,2.012,-273.1,14.2,8.419,8.22,0
2026-09-15T19:42:33.937,126.619,255,2.013,-273.1,14.4,8.419,8.16,0
2026-09-15T19:42:34.038,126.720,255,2.012,-273.1,14.2,8.419,8.48,0
2026-09-15T19:42:34.138,126.820,255,2.012,-273.1,14.3,8.419,8.35,0
2026-09-15T19:42:34.238,126.920,255,2.012,-273.1,14.1,8.419,8.29,0
2026-09-15T19:42:34.338,127.020,255,2.012,-273.1,14.2,8.419,8.28,0
2026-09-15T19:42:34.439,127.121,255,2.012,-273.1,14.0,8.419,7.96,0
2026-09-15T19:42:34.540,127.222,255,2.012,-273.1,13.9,8.419,8.40,0
2026-09-15T19:42:34.640,127.322,255,2.012,-273.1,13.9,8.419,8.27,0
2026-09-15T19:42:34.741,127.423,255,2.012,-273.1,13.9,8.419,7.89,0
2026-09-15T19:42:34.841,127.523,255,2.012,-273.1,13.9,8.419,8.12,0
2026-09-15T19:42:34.942,127.624,255,2.011,-273.1,13.7,8.419,8.10,0
2026-09-15T19:42:35.045,127.727,255,2.012,-273.1,13.7,8.419,8.19,0
2026-09-15T19:42:35.147,127.829,255,2.013,-273.1,13.4,8.419,8.58,0
2026-09-15T19:42:35.251,127.933,255,2.012,-273.1,13.9,8.419,8.35,0
2026-09-15T19:42:35.341,128.023,255,2.012,-273.1,13.9,8.419,8.17,0
2026-09-15T19:42:35.442,128.124,255,2.013,-273.1,13.8,8.419,8.43,0
2026-09-15T19:42:35.544,128.226,255,2.012,-273.1,13.5,8.419,8.30,0
2026-09-15T19:42:35.644,128.326,255,2.013,-273.1,13.6,8.419,8.17,0
2026-09-15T19:42:35.744,128.426,255,2.012,-273.1,13.5,8.419,8.11,0
2026-09-15T19:42:35.844,128.526,255,2.013,-273.1,13.6,8.419,8.57,0
2026-09-15T19:42:35.944,128.626,255,2.013,-273.1,13.4,8.419,8.32,0
2026-09-15T19:42:36.046,128.728,255,2.012,-273.1,13.6,8.419,8.40,0
2026-09-15T19:42:36.144,128.826,255,2.013,-273.1,13.5,8.419,8.09,0
2026-09-15T19:42:36.244,128.926,255,2.012,-273.1,13.5,8.419,8.24,0
2026-09-15T19:42:36.346,129.028,255,2.012,-273.1,13.4,8.419,8.37,0
2026-09-15T19:42:36.446,129.128,255,2.012,-273.1,13.3,8.419,8.37,0
2026-09-15T19:42:36.548,129.230,255,2.012,-273.1,13.7,8.419,8.28,0
2026-09-15T19:42:36.647,129.329,255,2.013,-273.1,13.4,8.419,8.29,0
2026-09-15T19:42:36.748,129.430,255,2.012,-273.1,13.2,8.419,8.44,0
2026-09-15T19:42:36.848,129.530,255,2.013,-273.1,13.2,8.419,8.46,0
2026-09-15T19:42:36.948,129.630,255,2.013,-273.1,13.5,8.419,8.46,0
2026-09-15T19:42:37.048,129.730,255,2.013,-273.1,13.5,8.419,7.99,0
2026-09-15T19:42:37.148,129.830,255,2.013,-273.1,13.2,8.419,8.33,0
2026-09-15T19:42:37.253,129.935,255,2.013,-273.1,13.4,8.419,8.44,0
2026-09-15T19:42:37.349,130.031,255,2.013,-273.1,13.2,8.419,8.21,0
2026-09-15T19:42:37.449,130.131,255,2.013,-273.1,13.4,8.419,8.38,0
2026-09-15T19:42:37.549,130.231,255,2.013,-273.1,13.4,8.419,8.27,0
2026-09-15T19:42:37.649,130.331,255,2.013,-273.1,13.2,8.419,8.16,0
2026-09-15T19:42:37.749,130.431,255,2.013,-273.1,13.4,8.419,8.38,0
2026-09-15T19:42:37.849,130.531,255,2.012,-273.1,13.4,8.419,8.32,0
2026-09-15T19:42:37.949,130.631,255,2.013,-273.1,13.4,8.419,8.03,0
2026-09-15T19:42:38.048,130.730,255,2.012,-273.1,13.2,8.419,8.06,0
2026-09-15T19:42:38.148,130.831,255,2.012,-273.1,13.5,8.419,8.48,0
2026-09-15T19:42:38.248,130.930,255,2.012,-273.1,13.4,8.419,8.31,0
2026-09-15T19:42:38.348,131.030,255,2.013,-71.8,13.5,8.419,8.13,0
2026-09-15T19:42:38.448,131.130,255,2.012,-273.1,13.4,8.419,8.42,0
2026-09-15T19:42:38.549,131.231,255,2.013,-273.1,13.5,8.419,8.37,0
2026-09-15T19:42:38.651,131.333,255,2.012,-273.1,13.6,8.419,8.16,0
2026-09-15T19:42:38.750,131.432,255,2.013,-273.1,13.6,8.419,8.43,0
2026-09-15T19:42:38.849,131.531,255,2.013,-273.1,13.5,8.419,8.07,0
2026-09-15T19:42:38.949,131.631,255,2.013,-273.1,13.6,8.419,8.08,0
2026-09-15T19:42:39.049,131.731,255,2.013,-273.1,13.3,8.419,7.90,0
2026-09-15T19:42:39.149,131.831,255,2.012,-273.1,13.4,8.419,8.42,0
2026-09-15T19:42:39.249,131.931,255,2.013,-273.1,13.6,8.419,8.37,0
2026-09-15T19:42:39.349,132.031,255,2.013,-273.1,13.5,8.419,8.40,0
2026-09-15T19:42:39.449,132.131,255,2.013,-273.1,13.6,8.419,8.08,0
2026-09-15T19:42:39.549,132.231,255,2.013,-273.1,13.9,8.419,8.38,0
2026-09-15T19:42:39.650,132.332,255,2.013,-80.2,13.6,8.419,8.39,0
2026-09-15T19:42:39.750,132.432,255,2.016,-273.1,13.6,8.419,8.18,0
2026-09-15T19:42:39.851,132.533,255,2.013,-273.1,13.5,8.419,8.68,0
2026-09-15T19:42:39.951,132.633,255,2.014,-273.1,13.4,8.419,8.22,0
2026-09-15T19:42:40.051,132.733,255,2.013,-273.1,13.5,8.419,8.22,0
2026-09-15T19:42:40.154,132.836,255,2.013,-273.1,13.6,8.419,8.49,0
2026-09-15T19:42:40.254,132.936,255,2.013,-273.1,13.3,8.419,8.34,0
2026-09-15T19:42:40.352,133.034,255,2.014,-67.0,13.4,8.419,8.35,0
2026-09-15T19:42:40.452,133.134,255,2.013,-273.1,13.6,8.419,8.22,0
2026-09-15T19:42:40.551,133.233,255,2.014,-83.9,14.0,8.419,8.27,0
2026-09-15T19:42:40.652,133.334,255,2.013,-75.2,13.5,8.419,8.38,0
2026-09-15T19:42:40.752,133.434,255,2.012,-273.1,13.4,8.419,8.42,0
2026-09-15T19:42:40.851,133.533,255,2.013,-273.1,13.7,8.419,8.20,0
2026-09-15T19:42:40.951,133.633,255,2.013,-273.1,13.5,8.419,8.03,0
2026-09-15T19:42:41.051,133.733,255,2.012,-70.4,13.7,8.419,7.97,0
2026-09-15T19:42:41.152,133.834,255,2.013,-273.1,13.6,8.419,8.16,0
2026-09-15T19:42:41.253,133.935,255,2.013,-273.1,13.5,8.419,8.48,0
2026-09-15T19:42:41.353,134.035,255,2.013,-273.1,13.3,8.419,8.25,0
2026-09-15T19:42:41.454,134.136,255,2.013,-273.1,13.3,8.419,8.33,0
2026-09-15T19:42:41.554,134.236,255,2.013,-273.1,13.4,8.419,8.24,0
2026-09-15T19:42:41.655,134.337,255,2.013,-273.1,13.4,8.419,8.10,0
2026-09-15T19:42:41.754,134.436,255,2.013,-273.1,13.8,8.419,8.05,0
2026-09-15T19:42:41.854,134.536,255,2.013,-273.1,13.4,8.419,8.38,0
2026-09-15T19:42:41.954,134.636,255,2.013,-273.1,13.3,8.419,8.52,0
2026-09-15T19:42:42.054,134.736,255,2.013,-273.1,13.4,8.419,8.21,0
2026-09-15T19:42:42.155,134.837,255,2.013,-273.1,13.5,8.419,8.27,0
2026-09-15T19:42:42.256,134.938,255,2.013,-273.1,13.5,8.419,7.95,0
2026-09-15T19:42:42.356,135.038,255,2.013,-273.1,13.7,8.419,8.21,0
2026-09-15T19:42:42.456,135.138,255,2.013,-273.1,14.0,8.419,8.45,0
2026-09-15T19:42:42.557,135.239,255,2.014,-273.1,13.7,8.419,8.30,0
2026-09-15T19:42:42.657,135.339,255,2.013,-273.1,13.7,8.419,8.20,0
2026-09-15T19:42:42.758,135.440,255,2.013,-273.1,13.7,8.419,8.55,0
2026-09-15T19:42:42.860,135.542,255,2.014,-273.1,13.9,8.419,8.46,0
2026-09-15T19:42:42.957,135.639,255,2.013,-273.1,13.5,8.419,8.40,0
2026-09-15T19:42:43.057,135.739,255,2.013,-273.1,14.0,8.419,8.45,0
2026-09-15T19:42:43.157,135.839,255,2.013,-273.1,13.7,8.419,8.40,0
2026-09-15T19:42:43.257,135.939,255,2.013,-273.1,13.7,8.419,8.33,0
2026-09-15T19:42:43.357,136.039,255,2.013,-273.1,13.7,8.419,8.17,0
2026-09-15T19:42:43.457,136.139,255,2.013,-273.1,13.9,8.419,8.35,0
2026-09-15T19:42:43.557,136.239,255,2.014,-71.8,13.6,8.419,8.33,0
2026-09-15T19:42:43.657,136.339,255,2.013,-273.1,13.7,8.419,8.42,0
2026-09-15T19:42:43.758,136.440,255,2.014,-273.1,13.5,8.419,8.40,0
2026-09-15T19:42:43.858,136.540,255,2.013,-273.1,13.7,8.419,8.54,0
2026-09-15T19:42:43.958,136.640,255,2.013,-273.1,13.5,8.419,8.27,0
2026-09-15T19:42:44.058,136.740,255,2.013,-273.1,13.8,8.419,8.33,0
2026-09-15T19:42:44.160,136.842,255,2.013,-273.1,13.6,8.419,8.07,0
2026-09-15T19:42:44.262,136.944,255,2.013,-83.9,13.9,8.419,8.29,0
2026-09-15T19:42:44.361,137.044,255,2.014,-273.1,14.4,8.419,8.44,0
2026-09-15T19:42:44.461,137.143,255,2.014,-273.1,14.1,8.419,8.51,0
2026-09-15T19:42:44.561,137.243,255,2.013,-273.1,14.3,8.419,8.20,0
2026-09-15T19:42:44.662,137.344,255,2.014,-273.1,14.8,8.419,8.21,0
2026-09-15T19:42:44.763,137.445,255,2.013,-77.4,14.6,8.419,8.36,0
2026-09-15T19:42:44.863,137.545,255,2.014,-273.1,14.4,8.419,8.18,0
2026-09-15T19:42:44.963,137.645,255,2.014,-71.8,14.6,8.419,8.36,0
2026-09-15T19:42:45.066,137.748,255,2.013,-273.1,14.5,8.419,8.14,0
2026-09-15T19:42:45.166,137.848,255,2.013,-273.1,14.5,8.419,8.05,0
2026-09-15T19:42:45.265,137.947,255,2.013,-273.1,14.7,8.419,7.98,0
2026-09-15T19:42:45.365,138.047,255,2.014,-273.1,14.6,8.419,8.28,0
2026-09-15T19:42:45.465,138.147,255,2.013,-273.1,14.5,8.419,8.32,0
2026-09-15T19:42:45.566,138.248,255,2.013,-273.1,14.6,8.419,8.28,0
2026-09-15T19:42:45.666,138.348,255,2.014,-273.1,14.6,8.419,8.01,0
2026-09-15T19:42:45.766,138.448,255,2.014,-273.1,14.6,8.419,7.90,0
2026-09-15T19:42:45.866,138.548,255,2.013,-273.1,14.6,8.419,8.24,0
2026-09-15T19:42:45.966,138.648,255,2.013,-273.1,14.6,8.419,8.20,0
2026-09-15T19:42:46.066,138.748,255,2.014,-273.1,14.5,8.419,8.24,0
2026-09-15T19:42:46.166,138.848,255,2.014,-273.1,14.5,8.419,8.38,0
2026-09-15T19:42:46.268,138.950,255,2.014,-273.1,14.6,8.419,8.26,0
2026-09-15T19:42:46.370,139.052,255,2.013,-273.1,14.6,8.419,8.31,0
2026-09-15T19:42:46.467,139.149,255,2.014,-273.1,14.5,8.419,8.27,0
2026-09-15T19:42:46.567,139.249,255,2.013,-273.1,14.6,8.419,8.57,0
2026-09-15T19:42:46.667,139.349,255,2.014,-273.1,14.8,8.419,8.21,0
2026-09-15T19:42:46.767,139.449,255,2.014,-273.1,14.6,8.419,8.36,0
2026-09-15T19:42:46.867,139.549,255,2.013,-273.1,14.7,8.419,8.17,0
2026-09-15T19:42:46.967,139.649,255,2.014,-273.1,14.6,8.419,8.18,0
2026-09-15T19:42:47.068,139.750,255,2.013,-273.1,14.5,8.419,8.25,0
2026-09-15T19:42:47.168,139.850,255,2.013,-273.1,14.6,8.419,8.09,0
2026-09-15T19:42:47.268,139.950,255,2.013,-273.1,14.7,8.419,8.16,0
2026-09-15T19:42:47.368,140.050,255,2.014,-273.1,14.6,8.419,8.17,0
2026-09-15T19:42:47.469,140.151,255,2.013,-273.1,14.6,8.419,8.14,0
2026-09-15T19:42:47.572,140.254,255,2.013,-273.1,14.5,8.419,8.54,0
2026-09-15T19:42:47.670,140.352,255,2.014,-273.1,14.5,8.419,8.71,0
2026-09-15T19:42:47.770,140.452,255,2.013,-273.1,14.5,8.419,8.25,0
2026-09-15T19:42:47.871,140.553,255,2.013,-273.1,14.3,8.419,8.20,0
2026-09-15T19:42:47.971,140.653,255,2.013,-273.1,14.0,8.419,8.24,0
2026-09-15T19:42:48.071,140.753,255,2.013,-273.1,14.5,8.419,8.24,0
2026-09-15T19:42:48.171,140.853,255,2.013,-273.1,14.4,8.419,8.28,0
2026-09-15T19:42:48.271,140.953,255,2.014,-273.1,14.5,8.419,8.21,0
2026-09-15T19:42:48.371,141.053,255,2.013,-273.1,14.4,8.419,8.18,0
2026-09-15T19:42:48.471,141.153,255,2.013,-273.1,14.5,8.419,8.28,0
2026-09-15T19:42:48.573,141.255,255,2.013,-273.1,14.4,8.419,8.50,0
2026-09-15T19:42:48.671,141.353,255,2.013,-273.1,14.4,8.419,8.11,0
2026-09-15T19:42:48.771,141.453,255,2.014,-273.1,14.4,8.419,8.23,0
2026-09-15T19:42:48.871,141.553,255,2.014,-273.1,14.7,8.419,8.13,0
2026-09-15T19:42:48.972,141.654,255,2.013,-273.1,14.5,8.419,8.31,0
2026-09-15T19:42:49.072,141.754,255,2.013,-273.1,14.5,8.419,8.42,0
2026-09-15T19:42:49.172,141.854,255,2.014,-273.1,14.6,8.419,8.28,0
2026-09-15T19:42:49.272,141.954,255,2.014,-67.0,14.4,8.419,8.18,0
2026-09-15T19:42:49.372,142.054,255,2.014,-273.1,14.6,8.419,8.35,0
2026-09-15T19:42:49.472,142.154,255,2.014,-273.1,14.5,8.419,8.21,0
2026-09-15T19:42:49.573,142.256,255,2.014,-273.1,14.7,8.419,8.21,0
2026-09-15T19:42:49.672,142.354,255,2.014,-273.1,14.7,8.419,8.26,0
2026-09-15T19:42:49.773,142.455,255,2.013,-273.1,14.4,8.419,8.31,0
2026-09-15T19:42:49.873,142.555,255,2.014,-273.1,14.4,8.419,8.39,0
2026-09-15T19:42:49.973,142.655,255,2.013,-273.1,14.3,8.419,8.61,0
2026-09-15T19:42:50.073,142.755,255,2.014,-273.1,14.5,8.419,8.07,0
2026-09-15T19:42:50.174,142.856,255,2.014,-80.2,14.5,8.419,8.19,0
2026-09-15T19:42:50.274,142.956,255,2.014,-83.9,14.4,8.419,8.30,0
2026-09-15T19:42:50.374,143.056,255,2.014,-273.1,14.5,8.419,8.47,0
2026-09-15T19:42:50.474,143.156,255,2.014,-273.1,14.6,8.419,8.25,0
2026-09-15T19:42:50.579,143.261,255,2.013,-273.1,14.7,8.419,8.33,0
2026-09-15T19:42:50.674,143.356,255,2.013,-90.0,14.5,8.419,8.14,0
2026-09-15T19:42:50.774,143.456,255,2.014,-273.1,14.4,8.419,8.18,0
2026-09-15T19:42:50.873,143.556,255,2.015,-273.1,14.4,8.419,8.12,0
2026-09-15T19:42:50.975,143.657,255,2.014,-273.1,14.0,8.419,8.33,0
2026-09-15T19:42:51.075,143.757,255,2.014,-273.1,14.4,8.419,8.12,0
2026-09-15T19:42:51.175,143.857,255,2.014,-273.1,14.4,8.419,8.39,0
2026-09-15T19:42:51.275,143.957,255,2.014,-273.1,14.3,8.419,8.24,0
2026-09-15T19:42:51.375,144.057,255,2.013,-273.1,14.6,8.419,8.21,0
2026-09-15T19:42:51.475,144.157,255,2.014,-273.1,14.3,8.419,8.22,0
2026-09-15T19:42:51.575,144.257,255,2.013,-273.1,14.5,8.419,8.47,0
2026-09-15T19:42:51.675,144.357,255,2.014,-273.1,14.4,8.419,8.30,0
2026-09-15T19:42:51.777,144.459,255,2.013,-90.0,14.5,8.419,8.21,0
2026-09-15T19:42:51.876,144.558,255,2.014,-273.1,14.5,8.419,8.20,0
2026-09-15T19:42:51.978,144.660,255,2.015,-273.1,14.5,8.419,8.44,0
2026-09-15T19:42:52.076,144.758,255,2.014,-273.1,14.4,8.419,8.10,0
2026-09-15T19:42:52.176,144.858,255,2.015,-273.1,14.6,8.419,8.16,0
2026-09-15T19:42:52.276,144.958,255,2.013,-273.1,14.5,8.419,8.14,0
2026-09-15T19:42:52.376,145.058,255,2.014,-273.1,14.5,8.419,8.25,0
2026-09-15T19:42:52.476,145.158,255,2.013,-273.1,14.5,8.419,8.29,0
2026-09-15T19:42:52.576,145.258,255,2.016,-273.1,14.5,8.419,8.36,0
2026-09-15T19:42:52.676,145.358,255,2.015,-273.1,14.5,8.419,8.14,0
2026-09-15T19:42:52.776,145.458,255,2.013,-273.1,14.6,8.419,8.05,0
2026-09-15T19:42:52.877,145.559,255,2.014,-273.1,14.5,8.419,8.32,0
2026-09-15T19:42:52.978,145.660,255,2.016,-273.1,14.5,8.419,8.39,0
2026-09-15T19:42:53.076,145.758,255,2.018,-273.1,14.5,8.419,8.34,0
2026-09-15T19:42:53.176,145.858,255,2.064,-273.1,14.5,8.419,7.97,0
2026-09-15T19:42:53.276,145.958,255,2.011,-273.1,14.6,8.419,8.44,0
2026-09-15T19:42:53.376,146.058,255,2.011,-273.1,14.6,8.419,8.17,0
2026-09-15T19:42:53.475,146.157,255,2.012,-273.1,14.6,8.419,8.17,0
2026-09-15T19:42:53.576,146.258,255,2.013,-273.1,14.6,8.419,8.32,0
2026-09-15T19:42:53.676,146.358,255,2.012,-273.1,14.8,8.419,8.43,0
2026-09-15T19:42:53.776,146.458,255,2.013,-273.1,14.5,8.419,8.42,0
2026-09-15T19:42:53.877,146.559,255,2.012,-273.1,14.8,8.419,8.52,0
2026-09-15T19:42:53.976,146.658,255,2.011,-273.1,15.0,8.419,8.32,0
2026-09-15T19:42:54.076,146.758,255,2.012,-273.1,14.4,8.419,8.11,0
2026-09-15T19:42:54.176,146.858,255,2.013,-273.1,14.4,8.419,8.22,0
2026-09-15T19:42:54.276,146.958,255,2.012,-273.1,14.5,8.419,8.28,0
2026-09-15T19:42:54.376,147.058,255,2.012,-273.1,14.9,8.419,8.33,0
2026-09-15T19:42:54.476,147.158,255,2.012,-273.1,14.5,8.419,8.32,0
2026-09-15T19:42:54.576,147.258,255,2.012,-273.1,14.6,8.419,8.35,0
2026-09-15T19:42:54.677,147.359,255,2.012,-273.1,14.4,8.419,8.32,0
2026-09-15T19:42:54.776,147.458,255,2.013,-273.1,14.4,8.419,8.29,0
2026-09-15T19:42:54.876,147.558,255,2.013,-273.1,14.4,8.419,8.21,0
2026-09-15T19:42:54.976,147.658,255,2.012,-65.2,14.5,8.419,8.42,0
2026-09-15T19:42:55.079,147.761,255,2.011,-273.1,14.5,8.419,8.28,0
2026-09-15T19:42:55.177,147.859,255,2.012,-273.1,14.7,8.419,8.24,0
2026-09-15T19:42:55.278,147.960,255,2.012,-273.1,14.7,8.419,8.50,0
2026-09-15T19:42:55.379,148.061,255,2.012,-273.1,14.4,8.419,8.11,0
2026-09-15T19:42:55.479,148.161,255,2.012,-273.1,14.9,8.419,8.20,0
2026-09-15T19:42:55.578,148.260,255,2.013,-273.1,14.7,8.419,8.12,0
2026-09-15T19:42:55.678,148.360,255,2.012,-90.0,14.6,8.419,8.50,0
2026-09-15T19:42:55.780,148.462,255,2.012,-273.1,14.5,8.419,8.36,0
2026-09-15T19:42:55.880,148.562,255,2.013,-273.1,14.4,8.419,8.49,0
2026-09-15T19:42:55.980,148.662,255,2.013,-273.1,14.5,8.419,8.26,0
2026-09-15T19:42:56.081,148.764,255,2.014,-273.1,14.5,8.419,8.53,0
2026-09-15T19:42:56.182,148.864,255,2.012,-273.1,14.5,8.419,8.27,0
2026-09-15T19:42:56.280,148.962,255,2.013,-273.1,14.8,8.419,8.37,0
2026-09-15T19:42:56.379,149.061,255,2.013,-273.1,14.6,8.419,8.11,0
2026-09-15T19:42:56.481,149.163,255,2.012,-273.1,14.5,8.419,8.06,0
2026-09-15T19:42:56.581,149.263,255,2.012,-273.1,14.6,8.419,8.49,0
2026-09-15T19:42:56.681,149.363,255,2.012,-273.1,14.5,8.419,8.20,0
2026-09-15T19:42:56.782,149.464,255,2.012,-273.1,14.5,8.419,8.22,0
2026-09-15T19:42:56.882,149.564,255,2.012,-64.4,14.5,8.419,8.35,0
2026-09-15T19:42:56.982,149.664,255,2.013,-273.1,14.0,8.419,8.25,0
2026-09-15T19:42:57.082,149.764,255,2.012,-77.4,14.2,8.419,8.41,0
2026-09-15T19:42:57.183,149.865,255,2.013,-273.1,14.5,8.419,8.35,0
2026-09-15T19:42:57.283,149.965,255,2.013,-273.1,14.4,8.419,8.33,0
2026-09-15T19:42:57.384,150.066,255,2.013,-273.1,14.3,8.419,8.09,0
2026-09-15T19:42:57.484,150.166,255,2.012,-273.1,14.2,8.419,8.07,0
2026-09-15T19:42:57.584,150.266,255,2.013,-71.8,14.4,8.419,8.36,0
2026-09-15T19:42:57.683,150.366,255,2.012,-273.1,14.2,8.419,8.30,0
2026-09-15T19:42:57.784,150.466,255,2.012,-273.1,13.9,8.419,8.33,0
2026-09-15T19:42:57.884,150.566,255,2.013,-75.2,14.1,8.419,8.22,0
2026-09-15T19:42:57.984,150.666,255,2.013,-67.0,14.2,8.419,8.05,0
2026-09-15T19:42:58.084,150.767,255,2.012,-273.1,14.4,8.419,8.50,0
2026-09-15T19:42:58.184,150.867,255,2.012,-71.8,14.3,8.419,8.54,0
2026-09-15T19:42:58.284,150.966,255,2.013,-273.1,14.3,8.419,7.88,0
2026-09-15T19:42:58.385,151.067,255,2.013,-273.1,14.3,8.419,8.13,0
2026-09-15T19:42:58.485,151.167,255,2.012,-273.1,14.4,8.419,8.39,0
2026-09-15T19:42:58.585,151.267,255,2.012,-273.1,14.3,8.419,8.43,0
2026-09-15T19:42:58.688,151.370,255,2.012,-273.1,14.5,8.419,8.33,0
2026-09-15T19:42:58.785,151.467,255,2.012,-273.1,14.1,8.419,8.42,0
2026-09-15T19:42:58.885,151.567,255,0.000,-273.1,13.8,8.419,14.29,0
2026-09-15T19:42:58.985,151.667,255,0.000,-273.1,14.4,8.419,7.10,0
2026-09-15T19:42:59.085,151.767,255,0.000,-273.1,14.8,8.419,3.13,0
2026-09-15T19:42:59.185,151.867,255,-0.000,-273.1,14.8,8.419,1.32,0
2026-09-15T19:42:59.285,151.967,255,-0.000,-273.1,14.9,8.419,0.75,0
2026-09-15T19:42:59.385,152.067,255,-0.000,-273.1,15.0,8.419,0.29,0
2026-09-15T19:42:59.485,152.167,255,0.000,-273.1,15.0,8.419,0.23,0
2026-09-15T19:42:59.586,152.268,255,0.000,-273.1,15.0,8.419,0.14,0
2026-09-15T19:42:59.686,152.368,255,0.000,-273.1,15.0,8.419,0.61,0
2026-09-15T19:42:59.786,152.468,255,-0.000,-273.1,15.0,8.419,0.07,0
2026-09-15T19:42:59.886,152.568,255,0.000,-273.1,15.0,8.419,0.33,0
2026-09-15T19:42:59.986,152.668,255,0.000,-273.1,15.2,8.419,0.31,0
2026-09-15T19:43:00.086,152.768,255,0.000,-273.1,15.1,8.419,0.28,0
2026-09-15T19:43:00.186,152.868,255,0.000,-273.1,15.1,8.419,-0.02,0
2026-09-15T19:43:00.287,152.969,255,-0.000,-75.2,15.1,8.419,0.29,0
2026-09-15T19:43:00.387,153.069,255,0.000,-273.1,15.0,8.419,0.30,0
2026-09-15T19:43:00.487,153.169,255,-0.000,-273.1,15.1,8.419,0.18,0
2026-09-15T19:43:00.591,153.273,255,-0.000,-273.1,15.1,8.419,0.15,0
2026-09-15T19:43:00.687,153.369,255,0.000,-273.1,15.1,8.419,0.19,0
2026-09-15T19:43:00.787,153.469,255,0.000,-273.1,15.0,8.419,0.12,0
2026-09-15T19:43:00.887,153.569,255,0.000,-80.2,15.0,8.419,0.28,0
2026-09-15T19:43:00.987,153.669,255,0.000,-273.1,15.0,8.419,0.49,0
2026-09-15T19:43:01.091,153.773,0,-0.000,-273.1,15.2,8.419,0.29,0
2026-09-15T19:43:01.188,153.870,0,0.000,-273.1,15.0,8.419,0.23,0
2026-09-15T19:43:01.288,153.970,0,0.000,-273.1,15.2,8.419,0.15,0
2026-09-15T19:43:01.388,154.070,0,0.000,-273.1,15.1,8.419,0.29,0
2026-09-15T19:43:01.488,154.170,0,0.000,-273.1,15.1,8.419,0.23,0
2026-09-15T19:43:01.589,154.271,0,0.000,-90.0,15.1,8.419,0.39,0
2026-09-15T19:43:01.691,154.373,0,0.000,-273.1,15.0,8.419,0.12,0
2026-09-15T19:43:01.789,154.471,0,0.000,-273.1,15.1,8.419,0.32,0
2026-09-15T19:43:01.889,154.571,0,0.000,-273.1,15.2,8.419,0.29,0
2026-09-15T19:43:01.989,154.671,0,-0.000,-83.9,15.1,8.419,0.20,0
