timestamp,elapsed_s,pwm,current_A,t1_casing_C,t2_magnet_C,force_N,flux_mT,fault
2026-09-16T17:45:37.025,227.186,0,-0.000,-273.1,14.7,9.785,-0.25,0
2026-09-16T17:45:37.125,227.287,0,-0.000,-273.1,15.0,9.785,-0.27,0
2026-09-16T17:45:37.224,227.386,0,0.000,-273.1,14.9,9.785,-0.14,0
2026-09-16T17:45:37.324,227.485,0,-0.000,-273.1,15.0,9.785,-0.10,0
2026-09-16T17:45:37.424,227.586,0,0.000,-273.1,14.7,9.785,-0.10,0
2026-09-16T17:45:37.525,227.686,0,0.000,-273.1,15.1,9.785,-0.14,0
2026-09-16T17:45:37.627,227.788,0,0.000,-273.1,15.0,9.785,-0.20,0
2026-09-16T17:45:37.724,227.885,0,0.000,-273.1,15.2,9.785,-0.24,0
2026-09-16T17:45:37.824,227.985,0,0.000,-273.1,15.3,9.785,-0.31,0
2026-09-16T17:45:37.924,228.086,0,0.000,-273.1,15.4,9.785,-0.10,0
2026-09-16T17:45:38.025,228.186,0,0.000,-273.1,15.2,9.785,0.08,0
2026-09-16T17:45:38.125,228.286,0,0.000,-273.1,15.1,9.785,0.12,0
2026-09-16T17:45:38.225,228.387,0,0.000,-273.1,15.2,9.785,0.09,0
2026-09-16T17:45:38.325,228.486,0,0.000,-273.1,15.5,9.785,-0.13,0
2026-09-16T17:45:38.425,228.587,0,-0.000,-273.1,15.2,9.785,0.06,0
2026-09-16T17:45:38.525,0.073,0,0.000,-273.1,15.4,9.785,0.32,0
2026-09-16T17:45:38.625,0.173,0,0.000,-273.1,15.5,9.785,0.13,0
2026-09-16T17:45:38.726,0.273,0,0.000,-273.1,15.5,9.785,0.29,0
2026-09-16T17:45:38.827,0.374,0,0.000,-273.1,15.4,9.785,0.07,0
2026-09-16T17:45:38.927,0.475,0,0.000,-273.1,15.2,9.785,-0.05,0
2026-09-16T17:45:39.026,0.574,0,0.000,-273.1,15.5,9.785,0.03,0
2026-09-16T17:45:39.127,0.675,0,-0.000,-273.1,15.6,9.785,0.09,0
2026-09-16T17:45:39.226,0.773,0,0.000,-67.0,15.8,9.785,0.17,0
2026-09-16T17:45:39.326,0.874,0,0.000,-273.1,15.7,9.785,0.06,0
2026-09-16T17:45:39.427,0.974,0,0.000,-273.1,15.7,9.785,-0.14,0
2026-09-16T17:45:39.527,1.075,0,0.000,-273.1,15.7,9.785,-0.01,0
2026-09-16T17:45:39.627,1.175,0,-0.000,-273.1,15.6,9.785,0.10,0
2026-09-16T17:45:39.727,1.275,0,0.000,-273.1,15.6,9.785,0.08,0
2026-09-16T17:45:39.827,1.375,0,0.000,-273.1,15.6,9.785,0.03,0
2026-09-16T17:45:39.928,1.476,0,-0.000,-273.1,15.8,9.785,0.16,0
2026-09-16T17:45:40.028,1.575,0,0.000,-273.1,15.7,9.785,0.00,0
2026-09-16T17:45:40.128,1.676,0,0.000,-273.1,15.9,9.785,0.18,0
2026-09-16T17:45:40.228,1.776,0,-0.000,-273.1,15.7,9.785,0.03,0
2026-09-16T17:45:40.330,1.877,0,0.000,-273.1,15.7,9.785,0.28,0
2026-09-16T17:45:40.429,1.976,0,-0.000,-273.1,15.8,9.785,0.05,0
2026-09-16T17:45:40.529,2.076,0,0.000,-273.1,16.0,9.785,0.09,0
2026-09-16T17:45:40.629,2.176,0,0.000,-71.8,15.7,9.785,0.00,0
2026-09-16T17:45:40.730,2.277,0,0.000,-273.1,15.9,9.785,0.32,0
2026-09-16T17:45:40.830,2.378,0,0.000,-273.1,15.8,9.785,-0.02,0
2026-09-16T17:45:40.931,2.478,0,-0.000,-273.1,15.6,9.785,0.18,0
2026-09-16T17:45:41.031,2.579,0,0.000,-273.1,15.6,9.785,0.13,0
2026-09-16T17:45:41.130,2.678,0,-0.000,-273.1,15.8,9.785,0.08,0
2026-09-16T17:45:41.230,2.778,0,0.000,-273.1,15.7,9.785,0.36,0
2026-09-16T17:45:41.331,2.878,0,0.000,-273.1,15.8,9.785,0.42,0
2026-09-16T17:45:41.433,2.980,0,0.000,-80.2,15.8,9.785,0.10,0
2026-09-16T17:45:41.533,3.080,0,0.000,-273.1,15.8,9.785,0.15,0
2026-09-16T17:45:41.632,3.179,0,0.000,-273.1,15.8,9.785,0.20,0
2026-09-16T17:45:41.732,3.280,0,-0.000,-273.1,15.8,9.785,0.31,0
2026-09-16T17:45:41.833,3.380,0,-0.000,-273.1,16.0,9.785,0.05,0
2026-09-16T17:45:41.934,3.481,0,0.000,-75.2,15.6,9.785,0.23,0
2026-09-16T17:45:42.034,3.582,0,0.000,-273.1,15.7,9.785,0.24,0
2026-09-16T17:45:42.133,3.681,0,0.000,-273.1,15.8,9.785,0.36,0
2026-09-16T17:45:42.234,3.781,0,0.000,-273.1,15.9,9.785,0.16,0
2026-09-16T17:45:42.335,3.882,0,0.000,-273.1,15.8,9.785,-0.10,0
2026-09-16T17:45:42.434,3.982,0,-0.000,-75.2,16.0,9.785,0.21,0
2026-09-16T17:45:42.535,4.082,0,0.000,-273.1,15.8,9.785,0.25,0
2026-09-16T17:45:42.635,4.183,0,0.000,-75.2,15.7,9.785,0.21,0
2026-09-16T17:45:42.735,4.283,0,0.000,-273.1,15.9,9.785,0.25,0
2026-09-16T17:45:42.836,4.383,0,-0.000,-273.1,15.8,9.785,0.07,0
2026-09-16T17:45:42.936,4.484,0,-0.000,-273.1,15.8,9.785,0.38,0
2026-09-16T17:45:43.037,4.584,0,0.000,-273.1,15.7,9.785,0.22,0
2026-09-16T17:45:43.137,4.685,0,0.000,-273.1,15.5,9.785,0.14,0
2026-09-16T17:45:43.237,4.784,0,0.000,-273.1,15.6,9.785,0.02,0
2026-09-16T17:45:43.340,4.887,0,0.000,-273.1,15.8,9.785,0.21,0
2026-09-16T17:45:43.440,4.987,0,-0.000,-273.1,16.1,9.785,0.13,0
2026-09-16T17:45:43.538,5.086,0,0.000,-273.1,15.7,9.785,0.14,0
2026-09-16T17:45:43.638,5.186,0,0.000,-90.0,16.2,9.785,0.14,0
2026-09-16T17:45:43.738,5.286,0,0.000,-273.1,15.7,9.785,0.09,0
2026-09-16T17:45:43.839,5.387,0,0.000,-273.1,15.8,9.785,0.23,0
2026-09-16T17:45:43.940,5.487,0,0.000,-273.1,15.8,9.785,0.20,0
2026-09-16T17:45:44.040,5.588,0,0.000,-71.8,15.6,9.785,0.08,0
2026-09-16T17:45:44.140,5.688,0,0.000,-273.1,15.6,9.785,0.06,0
2026-09-16T17:45:44.240,5.788,0,-0.000,-273.1,15.8,9.785,0.03,0
2026-09-16T17:45:44.342,5.890,0,0.000,-273.1,15.8,9.785,0.13,0
2026-09-16T17:45:44.441,5.988,0,0.000,-273.1,15.7,9.785,0.03,0
2026-09-16T17:45:44.541,6.088,0,0.000,-273.1,15.8,9.785,0.13,0
2026-09-16T17:45:44.641,6.189,0,0.000,-273.1,15.9,9.785,0.20,0
2026-09-16T17:45:44.741,6.289,0,0.000,-273.1,15.8,9.785,0.58,0
2026-09-16T17:45:44.846,6.394,0,0.000,-273.1,15.8,9.785,0.22,0
2026-09-16T17:45:44.942,6.489,0,0.000,-273.1,15.7,9.785,0.17,0
2026-09-16T17:45:45.042,6.589,0,0.000,-273.1,15.9,9.785,0.21,0
2026-09-16T17:45:45.142,6.690,0,0.000,-273.1,15.8,9.785,-0.11,0
2026-09-16T17:45:45.242,6.790,0,0.000,-273.1,15.8,9.785,0.18,0
2026-09-16T17:45:45.344,6.892,0,0.000,-80.2,16.0,9.785,0.31,0
2026-09-16T17:45:45.442,6.990,0,0.000,-273.1,16.0,9.785,0.32,0
2026-09-16T17:45:45.542,7.089,0,0.000,-273.1,15.9,9.785,0.18,0
2026-09-16T17:45:45.642,7.190,0,0.000,-273.1,16.0,9.785,0.29,0
2026-09-16T17:45:45.742,7.290,0,0.000,-273.1,15.9,9.785,0.15,0
2026-09-16T17:45:45.842,7.389,0,0.000,-80.2,16.0,9.785,0.39,0
2026-09-16T17:45:45.942,7.489,0,0.000,-273.1,15.8,9.785,0.24,0
2026-09-16T17:45:46.042,7.589,0,0.000,-273.1,15.8,9.785,0.23,0
2026-09-16T17:45:46.144,7.692,0,0.000,-273.1,15.8,9.785,0.12,0
2026-09-16T17:45:46.242,7.790,0,0.000,-273.1,15.9,9.785,0.24,0
2026-09-16T17:45:46.342,7.890,0,-0.000,-273.1,15.8,9.785,0.25,0
2026-09-16T17:45:46.442,7.990,0,0.000,-273.1,15.7,9.785,0.10,0
2026-09-16T17:45:46.543,8.090,0,0.000,-273.1,15.6,9.785,0.20,0
2026-09-16T17:45:46.643,8.191,0,-0.000,-273.1,15.8,9.785,0.11,0
2026-09-16T17:45:46.744,8.292,0,0.000,-273.1,15.8,9.785,-0.03,0
2026-09-16T17:45:46.843,8.391,0,0.000,-273.1,15.6,9.785,-0.04,0
2026-09-16T17:45:46.944,8.492,0,0.000,-273.1,15.5,9.785,0.20,0
2026-09-16T17:45:47.043,8.591,0,0.000,-273.1,15.6,9.785,0.24,0
2026-09-16T17:45:47.143,0.052,0,0.000,-273.1,15.5,9.785,0.18,0
2026-09-16T17:45:47.243,0.152,0,0.000,-273.1,15.4,9.785,0.10,0
2026-09-16T17:45:47.343,0.252,0,0.000,-273.1,15.3,9.785,0.20,0
2026-09-16T17:45:47.443,0.352,0,0.000,-273.1,15.2,9.785,0.10,0
2026-09-16T17:45:47.544,0.454,0,0.000,-273.1,15.3,9.785,-0.05,0
2026-09-16T17:45:47.644,0.553,0,0.000,-273.1,15.3,9.785,-0.06,0
2026-09-16T17:45:47.744,0.653,0,0.000,-273.1,15.2,9.785,-0.01,0
2026-09-16T17:45:47.844,0.753,0,0.000,-273.1,15.2,9.785,0.23,0
2026-09-16T17:45:47.944,0.854,0,0.000,-273.1,15.3,9.785,0.23,0
2026-09-16T17:45:48.044,0.954,0,0.000,-273.1,15.2,9.785,0.03,0
2026-09-16T17:45:48.144,1.053,0,0.000,-273.1,15.0,9.785,0.18,0
2026-09-16T17:45:48.244,1.153,0,0.000,-273.1,15.0,9.785,0.14,0
2026-09-16T17:45:48.344,1.254,0,0.000,-273.1,15.0,9.785,0.19,0
2026-09-16T17:45:48.444,1.353,0,0.000,-273.1,14.9,9.785,0.14,0
2026-09-16T17:45:48.545,1.455,0,0.000,-273.1,15.1,9.785,0.03,0
2026-09-16T17:45:48.644,1.553,0,-0.000,-273.1,15.0,9.785,0.13,0
2026-09-16T17:45:48.745,1.654,0,0.000,-273.1,15.0,9.785,-0.01,0
2026-09-16T17:45:48.846,1.755,0,0.000,-273.1,14.9,9.785,0.13,0
2026-09-16T17:45:48.946,1.856,0,0.000,-273.1,15.1,9.785,0.10,0
2026-09-16T17:45:49.046,1.955,0,0.000,-273.1,15.0,9.785,0.24,0
2026-09-16T17:45:49.149,2.058,0,-0.000,-273.1,14.9,9.785,0.25,0
2026-09-16T17:45:49.246,2.156,0,0.000,-273.1,15.0,9.785,0.13,0
2026-09-16T17:45:49.347,2.256,0,-0.000,-273.1,15.0,9.785,0.25,0
2026-09-16T17:45:49.447,2.357,0,0.000,-273.1,15.0,9.785,0.02,0
2026-09-16T17:45:49.548,2.457,10,0.004,-273.1,14.9,9.785,0.04,0
2026-09-16T17:45:49.647,2.557,10,0.004,-273.1,14.9,9.785,0.12,0
2026-09-16T17:45:49.750,2.660,20,0.157,-273.1,15.2,9.785,0.40,0
2026-09-16T17:45:49.848,2.758,20,0.155,-67.0,15.0,9.785,0.62,0
2026-09-16T17:45:49.948,2.858,30,0.380,-273.1,15.0,9.785,1.57,0
2026-09-16T17:45:50.048,2.958,30,0.370,-273.1,15.0,9.785,2.15,0
2026-09-16T17:45:50.149,3.059,40,0.567,-273.1,15.0,9.785,2.44,0
2026-09-16T17:45:50.249,3.159,40,0.564,-273.1,14.8,9.785,3.15,0
2026-09-16T17:45:50.349,3.258,50,0.736,-273.1,14.6,9.785,3.50,0
2026-09-16T17:45:50.449,3.359,60,0.870,-273.1,14.4,9.785,3.62,0
2026-09-16T17:45:50.549,3.459,60,0.878,-273.1,14.5,9.785,4.03,0
2026-09-16T17:45:50.650,3.559,70,0.992,-273.1,14.5,9.785,4.50,0
2026-09-16T17:45:50.749,3.659,70,0.999,-273.1,14.4,9.785,5.16,0
2026-09-16T17:45:50.852,3.762,80,1.091,-273.1,14.4,9.785,5.64,0
2026-09-16T17:45:50.950,3.859,80,1.102,-273.1,14.5,9.785,5.34,0
2026-09-16T17:45:51.050,3.960,90,1.153,-273.1,14.3,9.785,5.68,0
2026-09-16T17:45:51.150,4.060,90,1.169,-273.1,14.2,9.785,6.09,0
2026-09-16T17:45:51.251,4.160,100,1.207,-273.1,14.3,9.785,5.60,0
2026-09-16T17:45:51.351,4.261,110,1.224,-273.1,14.4,9.785,5.42,0
2026-09-16T17:45:51.451,4.360,110,1.227,-273.1,14.6,9.785,5.90,0
2026-09-16T17:45:51.551,4.461,120,1.286,-273.1,14.5,9.785,5.90,0
2026-09-16T17:45:51.651,4.561,120,1.231,-273.1,14.6,9.785,6.11,0
2026-09-16T17:45:51.752,4.662,130,1.252,-273.1,14.4,9.785,7.40,0
2026-09-16T17:45:51.852,4.762,140,1.320,-273.1,14.2,9.785,5.44,0
2026-09-16T17:45:51.953,4.863,140,1.293,-273.1,14.3,9.785,6.34,0
2026-09-16T17:45:52.056,4.966,150,1.344,-273.1,14.4,9.785,6.35,0
2026-09-16T17:45:52.154,5.064,150,1.348,-273.1,14.3,9.785,6.43,0
2026-09-16T17:45:52.255,5.165,160,1.363,-273.1,14.5,9.785,6.79,0
2026-09-16T17:45:52.354,5.264,170,1.342,-273.1,14.4,9.785,6.64,0
2026-09-16T17:45:52.455,5.365,170,1.365,-273.1,13.9,9.785,6.70,0
2026-09-16T17:45:52.554,5.464,180,1.372,-273.1,14.3,9.785,6.27,0
2026-09-16T17:45:52.657,5.567,180,1.385,-273.1,14.2,9.785,6.52,0
2026-09-16T17:45:52.756,5.665,190,1.407,-273.1,14.3,9.785,6.68,0
2026-09-16T17:45:52.856,5.766,200,1.398,-273.1,14.4,9.785,6.11,0
2026-09-16T17:45:52.956,5.866,200,1.442,-273.1,14.3,9.785,6.32,0
2026-09-16T17:45:53.055,5.965,210,1.418,-273.1,14.4,9.785,6.81,0
2026-09-16T17:45:53.155,6.064,220,1.470,-273.1,14.4,9.785,5.97,0
2026-09-16T17:45:53.256,6.165,230,1.474,-273.1,14.5,9.785,6.14,0
2026-09-16T17:45:53.356,6.266,240,1.491,-273.1,14.3,9.785,6.48,0
2026-09-16T17:45:53.456,6.366,240,1.497,-273.1,14.3,9.785,6.54,0
2026-09-16T17:45:53.556,6.466,250,1.528,-273.1,14.6,9.785,6.61,0
2026-09-16T17:45:53.657,6.566,255,1.525,-273.1,14.5,9.785,7.02,0
2026-09-16T17:45:53.757,6.667,255,1.529,-273.1,14.4,9.785,7.23,0
2026-09-16T17:45:53.858,6.767,255,1.531,-273.1,14.5,9.785,7.04,0
2026-09-16T17:45:53.958,6.868,255,1.534,-273.1,14.2,9.785,7.01,0
2026-09-16T17:45:54.057,6.967,255,1.536,-273.1,14.4,9.785,7.06,0
2026-09-16T17:45:54.158,7.068,255,1.539,-273.1,14.6,9.785,6.84,0
2026-09-16T17:45:54.260,7.170,255,1.542,-273.1,14.6,9.785,7.08,0
2026-09-16T17:45:54.360,7.269,255,1.544,-273.1,14.5,9.785,6.98,0
2026-09-16T17:45:54.457,7.367,255,1.547,-273.1,14.7,9.785,6.97,0
2026-09-16T17:45:54.558,7.467,255,1.549,-273.1,12.6,9.785,7.20,0
2026-09-16T17:45:54.658,7.568,255,1.552,-273.1,14.6,9.785,7.25,0
2026-09-16T17:45:54.759,7.669,255,1.554,-273.1,14.7,9.785,7.00,0
2026-09-16T17:45:54.860,7.769,255,1.556,-273.1,14.5,9.785,7.13,0
2026-09-16T17:45:54.960,7.870,255,1.557,-273.1,14.7,9.785,7.15,0
2026-09-16T17:45:55.060,7.970,255,1.559,-273.1,14.5,9.785,7.03,0
2026-09-16T17:45:55.160,8.070,255,1.560,-273.1,14.5,9.785,6.96,0
2026-09-16T17:45:55.260,8.170,255,1.561,-273.1,14.6,9.785,7.13,0
2026-09-16T17:45:55.361,8.271,255,1.563,-273.1,14.6,9.785,6.94,0
2026-09-16T17:45:55.462,8.371,255,1.563,-273.1,14.7,9.785,7.14,0
2026-09-16T17:45:55.561,8.470,255,1.564,-273.1,14.5,9.785,6.96,0
2026-09-16T17:45:55.661,8.570,255,1.566,-273.1,14.8,9.785,7.23,0
2026-09-16T17:45:55.761,8.671,255,1.567,-273.1,14.9,9.785,7.13,0
2026-09-16T17:45:55.861,8.770,255,1.568,-273.1,14.8,9.785,6.91,0
2026-09-16T17:45:55.961,8.871,255,1.569,-273.1,14.8,9.785,7.36,0
2026-09-16T17:45:56.060,8.970,255,1.570,-273.1,15.1,9.785,7.01,0
2026-09-16T17:45:56.161,9.071,255,1.570,-273.1,15.0,9.785,7.19,0
2026-09-16T17:45:56.262,9.171,255,1.571,-273.1,14.9,9.785,7.33,0
2026-09-16T17:45:56.361,9.270,255,1.572,-273.1,15.1,9.785,7.12,0
2026-09-16T17:45:56.461,9.371,255,1.573,-273.1,15.1,9.785,7.21,0
2026-09-16T17:45:56.561,9.471,255,1.573,-273.1,15.2,9.785,7.23,0
2026-09-16T17:45:56.661,9.570,255,1.574,-273.1,15.0,9.785,7.21,0
2026-09-16T17:45:56.763,9.672,255,1.575,-273.1,15.0,9.785,7.10,0
2026-09-16T17:45:56.863,9.773,255,1.576,-273.1,15.0,9.785,7.03,0
2026-09-16T17:45:56.963,9.873,255,1.577,-273.1,14.8,9.785,7.23,0
2026-09-16T17:45:57.064,9.974,255,1.578,-273.1,14.8,9.785,7.09,0
2026-09-16T17:45:57.164,10.074,255,1.578,-273.1,15.0,9.785,7.27,0
2026-09-16T17:45:57.263,10.173,255,1.580,-273.1,15.1,9.785,7.23,0
2026-09-16T17:45:57.364,10.274,255,1.581,-273.1,15.1,9.785,7.31,0
2026-09-16T17:45:57.466,10.376,255,1.582,-273.1,15.0,9.785,7.13,0
2026-09-16T17:45:57.566,10.476,255,1.582,-273.1,15.0,9.785,7.37,0
2026-09-16T17:45:57.666,10.575,255,1.583,-273.1,15.0,9.785,7.37,0
2026-09-16T17:45:57.765,10.674,255,1.584,-273.1,15.1,9.785,7.16,0
2026-09-16T17:45:57.865,10.775,255,1.585,-273.1,15.1,9.785,6.92,0
2026-09-16T17:45:57.966,10.875,255,1.586,-273.1,14.9,9.785,7.14,0
2026-09-16T17:45:58.066,10.976,255,1.587,-273.1,15.3,9.785,7.16,0
2026-09-16T17:45:58.166,11.075,255,1.587,-273.1,15.1,9.785,7.38,0
2026-09-16T17:45:58.266,11.176,255,1.587,-273.1,15.0,9.785,7.23,0
2026-09-16T17:45:58.366,11.276,255,1.589,-273.1,15.0,9.785,7.09,0
2026-09-16T17:45:58.465,11.375,255,1.590,-273.1,15.4,9.785,7.35,0
2026-09-16T17:45:58.568,11.478,255,1.590,-273.1,15.1,9.785,7.48,0
2026-09-16T17:45:58.667,11.576,255,1.591,-273.1,15.3,9.785,7.27,0
2026-09-16T17:45:58.766,11.676,255,1.592,-273.1,15.1,9.785,7.28,0
2026-09-16T17:45:58.867,11.776,255,1.593,-273.1,15.4,9.785,7.14,0
2026-09-16T17:45:58.967,11.877,255,1.594,-273.1,15.5,9.785,7.02,0
2026-09-16T17:45:59.068,11.977,255,1.594,-273.1,15.3,9.785,7.17,0
2026-09-16T17:45:59.168,12.078,255,1.595,-273.1,15.3,9.785,7.39,0
2026-09-16T17:45:59.268,12.178,255,1.595,-273.1,15.2,9.785,7.28,0
2026-09-16T17:45:59.369,12.279,255,1.596,-273.1,15.2,9.785,7.25,0
2026-09-16T17:45:59.471,12.380,255,1.596,-273.1,15.2,9.785,6.98,0
2026-09-16T17:45:59.570,12.480,255,1.598,-273.1,15.1,9.785,7.25,0
2026-09-16T17:45:59.669,12.579,255,1.598,-273.1,15.2,9.785,7.14,0
2026-09-16T17:45:59.768,12.678,255,1.599,-273.1,15.3,9.785,7.13,0
2026-09-16T17:45:59.869,12.778,255,1.600,-273.1,15.5,9.785,7.21,0
2026-09-16T17:45:59.968,12.878,255,1.600,-273.1,15.2,9.785,7.05,0
2026-09-16T17:46:00.069,12.978,255,1.601,-273.1,15.4,9.785,7.17,0
2026-09-16T17:46:00.169,13.079,255,1.601,-273.1,15.3,9.785,7.23,0
2026-09-16T17:46:00.269,13.178,255,1.602,-273.1,15.4,9.785,7.21,0
2026-09-16T17:46:00.369,13.279,255,1.602,-273.1,15.1,9.785,7.13,0
2026-09-16T17:46:00.470,13.380,255,1.604,-273.1,15.5,9.785,7.38,0
2026-09-16T17:46:00.571,13.481,255,1.605,-273.1,15.1,9.785,7.34,0
2026-09-16T17:46:00.671,13.581,255,1.605,-273.1,15.3,9.785,7.34,0
2026-09-16T17:46:00.771,13.681,255,1.605,-273.1,15.1,9.785,7.17,0
2026-09-16T17:46:00.871,13.781,255,1.606,-273.1,15.3,9.785,7.18,0
2026-09-16T17:46:00.972,13.882,255,1.607,-273.1,15.4,9.785,7.21,0
2026-09-16T17:46:01.072,13.982,255,1.607,-273.1,15.3,9.785,7.42,0
2026-09-16T17:46:01.173,14.082,255,1.608,-273.1,15.5,9.785,7.35,0
2026-09-16T17:46:01.273,14.182,255,1.609,-273.1,15.4,9.785,7.22,0
2026-09-16T17:46:01.374,14.283,255,1.610,-273.1,15.3,9.785,7.41,0
2026-09-16T17:46:01.473,14.382,255,1.610,-273.1,15.3,9.785,7.22,0
2026-09-16T17:46:01.573,14.483,255,1.610,-273.1,15.3,9.785,7.16,0
2026-09-16T17:46:01.673,14.582,255,1.611,-273.1,15.2,9.785,7.40,0
2026-09-16T17:46:01.773,14.683,255,1.612,-273.1,15.3,9.785,7.34,0
2026-09-16T17:46:01.873,14.782,255,1.612,-273.1,15.2,9.785,7.37,0
2026-09-16T17:46:01.975,14.885,255,1.612,-273.1,15.2,9.785,7.28,0
2026-09-16T17:46:02.073,14.983,255,1.614,-273.1,15.2,9.785,7.57,0
2026-09-16T17:46:02.174,15.084,255,1.614,-273.1,15.3,9.785,7.21,0
2026-09-16T17:46:02.273,15.183,255,1.614,-273.1,15.1,9.785,7.27,0
2026-09-16T17:46:02.374,15.284,255,1.615,-273.1,15.3,9.785,7.39,0
2026-09-16T17:46:02.474,15.384,255,1.616,-69.2,15.2,9.785,7.13,0
2026-09-16T17:46:02.575,15.484,255,1.616,-273.1,15.2,9.785,7.42,0
2026-09-16T17:46:02.676,15.585,255,1.617,-273.1,15.4,9.785,7.31,0
2026-09-16T17:46:02.776,15.686,255,1.618,-273.1,15.3,9.785,7.25,0
2026-09-16T17:46:02.877,15.787,255,1.618,-273.1,15.4,9.785,7.10,0
2026-09-16T17:46:02.977,15.887,255,1.620,-273.1,15.1,9.785,7.16,0
2026-09-16T17:46:03.077,15.986,255,1.620,-273.1,15.3,9.785,7.28,0
2026-09-16T17:46:03.178,16.087,255,1.620,-273.1,15.5,9.785,7.27,0
2026-09-16T17:46:03.277,16.187,255,1.621,-273.1,15.3,9.785,7.59,0
2026-09-16T17:46:03.378,16.287,255,1.621,-273.1,15.3,9.785,7.48,0
2026-09-16T17:46:03.478,16.387,255,1.626,-273.1,15.3,9.785,7.62,0
2026-09-16T17:46:03.578,16.488,255,1.627,-273.1,15.1,9.785,7.19,0
2026-09-16T17:46:03.679,16.589,255,1.628,-273.1,15.5,9.785,7.25,0
2026-09-16T17:46:03.779,16.688,255,1.628,-273.1,15.3,9.785,7.34,0
2026-09-16T17:46:03.880,16.789,255,1.628,-273.1,15.2,9.785,7.45,0
2026-09-16T17:46:03.980,16.890,255,1.627,-273.1,15.1,9.785,7.39,0
2026-09-16T17:46:04.081,16.991,255,1.628,-273.1,15.2,9.785,7.20,0
2026-09-16T17:46:04.181,17.091,255,1.629,-273.1,15.3,9.785,7.45,0
2026-09-16T17:46:04.280,17.190,255,1.630,-273.1,15.2,9.785,7.47,0
2026-09-16T17:46:04.381,17.290,255,1.631,-273.1,15.3,9.785,7.16,0
2026-09-16T17:46:04.481,17.391,255,1.632,-273.1,15.2,9.785,7.42,0
2026-09-16T17:46:04.580,17.490,255,1.633,-80.2,15.4,9.785,7.28,0
2026-09-16T17:46:04.681,17.590,255,1.634,-273.1,15.2,9.785,7.40,0
2026-09-16T17:46:04.781,17.691,255,1.635,-273.1,15.2,9.785,7.43,0
2026-09-16T17:46:04.882,17.791,255,1.636,-273.1,15.2,9.785,7.38,0
2026-09-16T17:46:04.983,17.892,255,1.637,-273.1,15.5,9.785,7.39,0
2026-09-16T17:46:05.083,17.992,255,1.638,-273.1,15.2,9.785,7.42,0
2026-09-16T17:46:05.184,18.093,255,1.639,-273.1,15.2,9.785,7.51,0
2026-09-16T17:46:05.283,18.193,255,1.641,-273.1,15.2,9.785,7.62,0
2026-09-16T17:46:05.382,18.292,255,1.642,-273.1,15.1,9.785,7.70,0
2026-09-16T17:46:05.483,18.392,255,1.643,-273.1,15.2,9.785,7.40,0
2026-09-16T17:46:05.583,18.493,255,1.644,-273.1,15.4,9.785,7.36,0
2026-09-16T17:46:05.684,18.594,255,1.645,-273.1,15.3,9.785,7.43,0
2026-09-16T17:46:05.784,18.694,255,1.646,-77.4,15.1,9.785,7.61,0
2026-09-16T17:46:05.883,18.793,255,1.646,-273.1,15.2,9.785,7.56,0
2026-09-16T17:46:05.985,18.894,255,1.647,-69.2,15.2,9.785,7.56,0
2026-09-16T17:46:06.084,18.994,255,1.648,-273.1,15.2,9.785,7.54,0
2026-09-16T17:46:06.184,19.094,255,1.648,-273.1,15.1,9.785,7.58,0
2026-09-16T17:46:06.286,19.195,255,1.650,-273.1,15.1,9.785,7.53,0
2026-09-16T17:46:06.385,19.294,255,1.651,-273.1,15.1,9.785,7.30,0
2026-09-16T17:46:06.486,19.395,255,1.651,-273.1,15.2,9.785,7.44,0
2026-09-16T17:46:06.585,19.495,255,1.652,-273.1,15.0,9.785,7.46,0
2026-09-16T17:46:06.685,19.595,255,1.652,-273.1,15.0,9.785,7.58,0
2026-09-16T17:46:06.784,19.694,255,1.653,-273.1,15.0,9.785,7.58,0
2026-09-16T17:46:06.885,19.794,255,1.654,-273.1,14.9,9.785,7.38,0
2026-09-16T17:46:06.985,19.894,255,1.655,-273.1,14.6,9.785,7.66,0
2026-09-16T17:46:07.084,19.994,255,1.655,-273.1,14.6,9.785,7.38,0
2026-09-16T17:46:07.185,20.094,255,1.656,-273.1,14.5,9.785,7.39,0
2026-09-16T17:46:07.286,20.196,255,1.656,-273.1,14.5,9.785,7.53,0
2026-09-16T17:46:07.385,20.295,255,1.658,-273.1,14.8,9.785,7.59,0
2026-09-16T17:46:07.486,20.396,255,1.658,-273.1,14.6,9.785,7.61,0
2026-09-16T17:46:07.585,20.495,255,1.659,-273.1,14.5,9.785,7.49,0
2026-09-16T17:46:07.686,20.595,255,1.659,-273.1,14.5,9.785,7.65,0
2026-09-16T17:46:07.787,20.696,255,1.661,-273.1,14.6,9.785,7.54,0
2026-09-16T17:46:07.887,20.797,255,1.661,-273.1,14.8,9.785,7.55,0
2026-09-16T17:46:07.987,20.897,255,1.661,-273.1,14.7,9.785,7.65,0
2026-09-16T17:46:08.087,20.997,255,1.662,-273.1,14.6,9.785,7.39,0
2026-09-16T17:46:08.188,21.097,255,1.663,-273.1,14.7,9.785,7.48,0
2026-09-16T17:46:08.291,21.200,255,1.663,-273.1,14.6,9.785,7.47,0
2026-09-16T17:46:08.388,21.298,255,1.664,-273.1,14.6,9.785,7.54,0
2026-09-16T17:46:08.489,21.398,255,1.665,-273.1,14.9,9.785,7.49,0
2026-09-16T17:46:08.589,21.499,255,1.666,-273.1,14.7,9.785,7.65,0
2026-09-16T17:46:08.690,21.599,255,1.666,-273.1,14.8,9.785,7.52,0
2026-09-16T17:46:08.790,21.700,255,1.668,-273.1,14.8,9.785,7.51,0
2026-09-16T17:46:08.891,21.800,255,1.668,-273.1,14.9,9.785,7.60,0
2026-09-16T17:46:08.991,21.901,255,1.669,-273.1,14.8,9.785,7.49,0
2026-09-16T17:46:09.092,22.002,255,1.669,-273.1,14.9,9.785,7.53,0
2026-09-16T17:46:09.191,22.101,255,1.671,-273.1,15.1,9.785,7.73,0
2026-09-16T17:46:09.292,22.202,255,1.672,-273.1,14.8,9.785,7.79,0
2026-09-16T17:46:09.391,22.301,255,1.672,-273.1,14.7,9.785,7.68,0
2026-09-16T17:46:09.493,22.402,255,1.673,-273.1,14.7,9.785,7.93,0
2026-09-16T17:46:09.591,22.501,255,1.673,-273.1,14.7,9.785,7.65,0
2026-09-16T17:46:09.691,22.601,255,1.673,-273.1,14.6,9.785,7.76,0
2026-09-16T17:46:09.792,22.701,255,1.674,-273.1,14.7,9.785,7.35,0
2026-09-16T17:46:09.892,22.802,255,1.675,-273.1,14.5,9.785,7.66,0
2026-09-16T17:46:09.992,22.902,255,1.676,-273.1,14.5,9.785,7.68,0
2026-09-16T17:46:10.092,23.002,255,1.677,-90.0,14.5,9.785,7.49,0
2026-09-16T17:46:10.193,23.102,255,1.678,-273.1,14.6,9.785,7.75,0
2026-09-16T17:46:10.293,23.203,255,1.679,-273.1,14.6,9.785,7.54,0
2026-09-16T17:46:10.394,23.303,255,1.679,-273.1,14.6,9.785,7.77,0
2026-09-16T17:46:10.496,23.406,255,1.680,-273.1,14.6,9.785,7.61,0
2026-09-16T17:46:10.597,23.507,255,1.681,-273.1,14.6,9.785,7.68,0
2026-09-16T17:46:10.696,23.605,255,1.682,-273.1,15.0,9.785,7.70,0
2026-09-16T17:46:10.797,23.706,255,1.682,-273.1,15.0,9.785,7.75,0
2026-09-16T17:46:10.897,23.807,255,1.683,-273.1,15.2,9.785,7.58,0
2026-09-16T17:46:10.998,23.908,255,1.684,-273.1,15.1,9.785,7.79,0
2026-09-16T17:46:11.098,24.007,255,1.684,-273.1,15.0,9.785,7.88,0
2026-09-16T17:46:11.198,24.108,255,1.686,-273.1,15.0,9.785,7.72,0
2026-09-16T17:46:11.299,24.208,255,1.686,-273.1,15.0,9.785,7.90,0
2026-09-16T17:46:11.400,24.309,255,1.686,-273.1,15.1,9.785,7.81,0
2026-09-16T17:46:11.501,24.410,255,1.687,-73.4,15.3,9.785,7.60,0
2026-09-16T17:46:11.601,24.511,255,1.688,-273.1,15.2,9.785,7.84,0
2026-09-16T17:46:11.700,24.610,255,1.688,-70.4,15.1,9.785,7.90,0
2026-09-16T17:46:11.801,24.710,255,1.689,-273.1,15.1,9.785,7.83,0
2026-09-16T17:46:11.902,24.811,255,1.689,-273.1,15.1,9.785,7.80,0
2026-09-16T17:46:12.002,24.911,255,1.690,-273.1,15.0,9.785,7.72,0
2026-09-16T17:46:12.102,25.012,255,1.690,-273.1,15.3,9.785,7.78,0
2026-09-16T17:46:12.203,25.113,255,1.691,-80.2,15.2,9.785,7.55,0
2026-09-16T17:46:12.304,25.213,255,1.691,-273.1,15.3,9.785,7.90,0
2026-09-16T17:46:12.403,25.313,255,1.692,-71.8,15.1,9.785,7.65,0
2026-09-16T17:46:12.504,25.414,255,1.692,-273.1,15.2,9.785,7.71,0
2026-09-16T17:46:12.604,25.514,255,1.693,-273.1,15.3,9.785,7.79,0
2026-09-16T17:46:12.703,25.613,255,1.693,-273.1,15.1,9.785,7.91,0
2026-09-16T17:46:12.804,25.714,255,1.694,-273.1,15.2,9.785,7.66,0
2026-09-16T17:46:12.904,25.814,255,1.695,-273.1,15.1,9.785,7.75,0
2026-09-16T17:46:13.005,25.915,255,1.695,-273.1,15.4,9.785,7.80,0
2026-09-16T17:46:13.104,26.014,255,1.696,-273.1,15.1,9.785,7.81,0
2026-09-16T17:46:13.205,26.115,255,1.696,-273.1,14.9,9.785,7.68,0
2026-09-16T17:46:13.304,26.214,255,1.697,-273.1,15.0,9.785,7.81,0
2026-09-16T17:46:13.405,26.315,255,1.698,-273.1,15.0,9.785,7.84,0
2026-09-16T17:46:13.506,26.415,255,1.698,-273.1,15.1,9.785,7.66,0
2026-09-16T17:46:13.605,26.515,255,1.700,-273.1,15.0,9.785,7.38,0
2026-09-16T17:46:13.706,26.615,255,1.700,-273.1,15.1,9.785,7.95,0
2026-09-16T17:46:13.805,26.715,255,1.701,-273.1,15.0,9.785,7.65,0
2026-09-16T17:46:13.905,26.815,255,1.702,-273.1,14.9,9.785,7.84,0
2026-09-16T17:46:14.006,26.916,255,1.702,-273.1,14.9,9.785,7.64,0
2026-09-16T17:46:14.107,27.016,255,1.703,-273.1,15.0,9.785,7.93,0
2026-09-16T17:46:14.206,27.116,255,1.705,-273.1,14.9,9.785,7.68,0
2026-09-16T17:46:14.307,27.216,255,1.705,-273.1,14.8,9.785,7.55,0
2026-09-16T17:46:14.407,27.317,255,1.706,-273.1,14.9,9.785,7.91,0
2026-09-16T17:46:14.507,27.417,255,1.706,-273.1,14.9,9.785,7.81,0
2026-09-16T17:46:14.608,27.518,255,1.707,-273.1,15.0,9.785,7.98,0
2026-09-16T17:46:14.709,27.619,255,1.707,-273.1,15.2,9.785,7.80,0
2026-09-16T17:46:14.810,27.720,255,1.707,-273.1,15.2,9.785,7.92,0
2026-09-16T17:46:14.909,27.819,255,1.708,-273.1,14.9,9.785,7.76,0
2026-09-16T17:46:15.010,27.919,255,1.708,-273.1,15.1,9.785,7.89,0
2026-09-16T17:46:15.111,28.020,255,1.708,-273.1,15.0,9.785,7.76,0
2026-09-16T17:46:15.209,28.119,255,1.708,-273.1,14.9,9.785,7.79,0
2026-09-16T17:46:15.310,28.220,255,1.710,-273.1,14.8,9.785,7.79,0
2026-09-16T17:46:15.410,28.319,255,1.710,-273.1,14.9,9.785,7.91,0
2026-09-16T17:46:15.509,28.418,255,1.711,-273.1,14.5,9.785,7.55,0
2026-09-16T17:46:15.609,28.519,255,1.711,-273.1,14.6,9.785,7.70,0
2026-09-16T17:46:15.710,28.619,255,1.713,-273.1,14.7,9.785,7.76,0
2026-09-16T17:46:15.810,28.720,255,1.713,-273.1,14.5,9.785,7.69,0
2026-09-16T17:46:15.910,28.820,255,1.713,-273.1,14.6,9.785,7.80,0
2026-09-16T17:46:16.011,28.921,255,1.714,-273.1,14.6,9.785,7.97,0
2026-09-16T17:46:16.112,29.021,255,1.714,-273.1,14.9,9.785,7.97,0
2026-09-16T17:46:16.212,29.122,255,1.715,-273.1,15.0,9.785,7.75,0
2026-09-16T17:46:16.313,29.222,255,1.716,-273.1,14.6,9.785,7.59,0
2026-09-16T17:46:16.412,29.322,255,1.718,-273.1,14.7,9.785,7.73,0
2026-09-16T17:46:16.513,29.423,255,1.717,-273.1,14.7,9.785,7.92,0
2026-09-16T17:46:16.614,29.523,255,1.718,-90.0,14.9,9.785,7.76,0
2026-09-16T17:46:16.715,29.624,255,1.718,-273.1,15.0,9.785,7.62,0
2026-09-16T17:46:16.814,29.723,255,1.720,-273.1,14.9,9.785,7.72,0
2026-09-16T17:46:16.915,29.825,255,1.720,-273.1,14.8,9.785,8.07,0
2026-09-16T17:46:17.015,29.925,255,1.721,-273.1,14.9,9.785,7.64,0
2026-09-16T17:46:17.115,30.024,255,1.720,-273.1,14.8,9.785,7.73,0
2026-09-16T17:46:17.215,30.125,255,1.720,-273.1,15.0,9.785,7.61,0
2026-09-16T17:46:17.315,30.224,255,1.720,-273.1,14.6,9.785,8.03,0
2026-09-16T17:46:17.416,30.325,255,1.720,-273.1,14.7,9.785,7.86,0
2026-09-16T17:46:17.515,30.424,255,1.720,-273.1,14.8,9.785,8.10,0
2026-09-16T17:46:17.615,30.525,255,1.721,-273.1,14.6,9.785,7.73,0
2026-09-16T17:46:17.715,30.625,255,1.720,-273.1,14.6,9.785,7.95,0
2026-09-16T17:46:17.816,30.726,255,1.722,-273.1,14.4,9.785,7.65,0
2026-09-16T17:46:17.915,30.825,255,1.721,-273.1,14.4,9.785,7.87,0
2026-09-16T17:46:18.015,30.924,255,1.722,-273.1,14.3,9.785,7.91,0
2026-09-16T17:46:18.117,31.027,255,1.724,-273.1,14.2,9.785,7.85,0
2026-09-16T17:46:18.214,31.124,255,1.725,-73.4,14.2,9.785,8.17,0
2026-09-16T17:46:18.315,31.224,255,1.725,-273.1,14.5,9.785,8.29,0
2026-09-16T17:46:18.415,31.325,255,1.727,-273.1,14.3,9.785,8.17,0
2026-09-16T17:46:18.516,31.425,255,1.727,-273.1,14.3,9.785,7.68,0
2026-09-16T17:46:18.617,31.526,255,1.728,-273.1,14.7,9.785,7.95,0
2026-09-16T17:46:18.716,31.625,255,1.730,-273.1,14.3,9.785,7.73,0
2026-09-16T17:46:18.817,31.726,255,1.732,-273.1,14.2,9.785,7.97,0
2026-09-16T17:46:18.916,31.825,255,1.732,-273.1,14.2,9.785,7.86,0
2026-09-16T17:46:19.017,31.926,255,1.730,-273.1,14.4,9.785,8.10,0
2026-09-16T17:46:19.116,32.025,255,1.731,-273.1,14.2,9.785,7.92,0
2026-09-16T17:46:19.216,32.126,255,1.731,-273.1,14.3,9.785,7.91,0
2026-09-16T17:46:19.317,32.226,255,1.730,-273.1,14.3,9.785,8.12,0
2026-09-16T17:46:19.417,32.326,255,1.732,-273.1,14.3,9.785,7.68,0
2026-09-16T17:46:19.517,32.427,255,1.730,-273.1,14.2,9.785,8.05,0
2026-09-16T17:46:19.618,32.527,255,1.728,-273.1,14.2,9.785,7.86,0
2026-09-16T17:46:19.718,32.628,255,1.729,-273.1,14.3,9.785,7.81,0
2026-09-16T17:46:19.818,32.727,255,1.730,-273.1,14.4,9.785,7.94,0
2026-09-16T17:46:19.919,32.829,255,1.729,-273.1,14.4,9.785,7.71,0
2026-09-16T17:46:20.020,32.930,255,1.728,-273.1,14.5,9.785,8.07,0
2026-09-16T17:46:20.118,33.028,255,1.727,-273.1,14.6,9.785,7.75,0
2026-09-16T17:46:20.219,33.128,255,1.730,-273.1,14.5,9.785,7.92,0
2026-09-16T17:46:20.319,33.228,255,1.728,-273.1,14.6,9.785,7.80,0
2026-09-16T17:46:20.420,33.329,255,1.726,-273.1,14.5,9.785,7.81,0
2026-09-16T17:46:20.519,33.429,255,1.729,-273.1,14.6,9.785,7.99,0
2026-09-16T17:46:20.620,33.529,255,1.732,-273.1,14.5,9.785,7.77,0
2026-09-16T17:46:20.720,33.630,255,1.734,-273.1,14.6,9.785,8.01,0
2026-09-16T17:46:20.820,33.729,255,1.734,-273.1,14.5,9.785,7.91,0
2026-09-16T17:46:20.921,33.830,255,1.735,-273.1,14.7,9.785,7.76,0
2026-09-16T17:46:21.020,33.930,255,1.736,-273.1,14.7,9.785,7.55,0
2026-09-16T17:46:21.121,34.030,255,1.737,-273.1,14.6,9.785,7.75,0
2026-09-16T17:46:21.221,34.131,255,1.737,-273.1,14.6,9.785,7.87,0
2026-09-16T17:46:21.322,34.231,255,1.739,-273.1,14.7,9.785,7.92,0
2026-09-16T17:46:21.421,34.331,255,1.738,-273.1,14.8,9.785,7.86,0
2026-09-16T17:46:21.521,34.430,255,1.739,-90.0,14.7,9.785,8.15,0
2026-09-16T17:46:21.621,34.531,255,1.739,-273.1,14.8,9.785,7.93,0
2026-09-16T17:46:21.720,34.630,255,1.741,-273.1,14.8,9.785,8.03,0
2026-09-16T17:46:21.821,34.731,255,1.737,-273.1,14.8,9.785,7.83,0
2026-09-16T17:46:21.921,34.830,255,1.739,-273.1,15.0,9.785,7.81,0
2026-09-16T17:46:22.021,34.931,255,1.740,-273.1,14.7,9.785,8.04,0
2026-09-16T17:46:22.121,35.030,255,1.740,-90.0,15.1,9.785,7.79,0
2026-09-16T17:46:22.221,35.130,255,1.742,-77.4,15.0,9.785,7.88,0
2026-09-16T17:46:22.321,35.231,255,1.742,-273.1,15.1,9.785,7.92,0
2026-09-16T17:46:22.422,35.332,255,1.745,-273.1,15.1,9.785,7.97,0
2026-09-16T17:46:22.523,35.432,255,1.745,-273.1,14.8,9.785,8.02,0
2026-09-16T17:46:22.624,35.533,255,1.746,-273.1,15.1,9.785,7.80,0
2026-09-16T17:46:22.723,35.633,255,1.744,-71.8,15.0,9.785,8.05,0
2026-09-16T17:46:22.823,35.733,255,1.745,-273.1,15.1,9.785,8.12,0
2026-09-16T17:46:22.923,35.833,255,1.745,-90.0,14.9,9.785,7.98,0
2026-09-16T17:46:23.024,35.934,255,1.743,-273.1,15.0,9.785,7.87,0
2026-09-16T17:46:23.125,36.035,255,1.745,-273.1,14.9,9.785,8.03,0
2026-09-16T17:46:23.228,36.138,255,1.746,-273.1,14.8,9.785,7.65,0
2026-09-16T17:46:23.325,36.235,255,1.747,-273.1,14.9,9.785,7.51,0
2026-09-16T17:46:23.424,36.334,255,1.748,-273.1,15.1,9.785,8.03,0
2026-09-16T17:46:23.526,36.435,255,1.744,-273.1,15.0,9.785,7.82,0
2026-09-16T17:46:23.626,36.536,255,1.740,-273.1,14.7,9.785,7.83,0
2026-09-16T17:46:23.727,36.637,255,1.732,-273.1,14.6,9.785,8.01,0
2026-09-16T17:46:23.828,36.737,255,1.733,-273.1,14.9,9.785,7.80,0
2026-09-16T17:46:23.929,36.838,255,1.731,-273.1,14.7,9.785,7.75,0
2026-09-16T17:46:24.028,36.937,255,1.728,-273.1,14.8,9.785,7.80,0
2026-09-16T17:46:24.129,37.038,255,1.757,-273.1,14.7,9.785,7.79,0
2026-09-16T17:46:24.229,37.139,255,1.760,-273.1,14.5,9.785,7.85,0
2026-09-16T17:46:24.329,37.238,255,1.756,-273.1,14.9,9.785,7.87,0
2026-09-16T17:46:24.430,37.339,255,1.765,-273.1,14.7,9.785,7.83,0
2026-09-16T17:46:24.529,37.439,255,1.760,-273.1,14.8,9.785,8.06,0
2026-09-16T17:46:24.630,37.539,255,1.765,-273.1,14.9,9.785,7.96,0
2026-09-16T17:46:24.729,37.638,255,1.763,-273.1,14.9,9.785,7.93,0
2026-09-16T17:46:24.829,37.739,255,1.765,-273.1,14.9,9.785,7.76,0
2026-09-16T17:46:24.930,37.840,255,1.765,-273.1,15.1,9.785,7.98,0
2026-09-16T17:46:25.030,37.939,255,1.759,-273.1,14.9,9.785,7.99,0
2026-09-16T17:46:25.130,38.039,255,1.762,-273.1,14.8,9.785,8.12,0
2026-09-16T17:46:25.230,38.140,255,1.752,-273.1,14.7,9.785,7.95,0
2026-09-16T17:46:25.331,38.240,255,1.752,-273.1,14.8,9.785,8.01,0
2026-09-16T17:46:25.431,38.341,255,1.742,-273.1,14.9,9.785,7.93,0
2026-09-16T17:46:25.531,38.441,255,1.741,-273.1,14.9,9.785,8.00,0
2026-09-16T17:46:25.632,38.542,255,1.744,-273.1,14.7,9.785,7.98,0
2026-09-16T17:46:25.733,38.642,255,1.747,-273.1,14.7,9.785,7.90,0
2026-09-16T17:46:25.836,38.746,255,1.741,-273.1,14.7,9.785,7.97,0
2026-09-16T17:46:25.933,38.843,255,1.738,-273.1,14.7,9.785,7.89,0
2026-09-16T17:46:26.034,38.943,255,1.741,-273.1,14.9,9.785,7.87,0
2026-09-16T17:46:26.134,39.044,255,1.743,-273.1,14.7,9.785,8.05,0
2026-09-16T17:46:26.234,39.144,255,1.746,-273.1,12.7,9.785,7.81,0
2026-09-16T17:46:26.335,39.244,255,1.745,-273.1,14.7,9.785,7.94,0
2026-09-16T17:46:26.435,39.345,255,1.743,-273.1,14.7,9.785,7.73,0
2026-09-16T17:46:26.535,39.444,255,1.745,-273.1,15.1,9.785,8.14,0
2026-09-16T17:46:26.638,39.547,255,1.746,-273.1,14.6,9.785,8.19,0
2026-09-16T17:46:26.737,39.646,255,1.746,-273.1,14.7,9.785,7.76,0
2026-09-16T17:46:26.836,39.745,255,1.748,-273.1,15.1,9.785,7.83,0
2026-09-16T17:46:26.935,39.844,255,1.751,-71.8,15.2,9.785,8.09,0
2026-09-16T17:46:27.035,39.945,255,1.776,-273.1,15.1,9.785,7.80,0
2026-09-16T17:46:27.136,40.045,255,1.781,-273.1,15.0,9.785,7.92,0
2026-09-16T17:46:27.236,40.146,255,1.773,-273.1,14.9,9.785,8.06,0
2026-09-16T17:46:27.336,40.246,255,1.754,-273.1,14.8,9.785,7.99,0
2026-09-16T17:46:27.437,40.346,255,1.752,-273.1,14.9,9.785,8.03,0
2026-09-16T17:46:27.538,40.448,255,1.750,-75.2,15.0,9.785,7.87,0
2026-09-16T17:46:27.640,40.549,255,1.757,-273.1,15.0,9.785,7.84,0
2026-09-16T17:46:27.738,40.647,255,1.756,-273.1,14.9,9.785,7.87,0
2026-09-16T17:46:27.838,40.748,255,1.758,-273.1,14.9,9.785,8.09,0
2026-09-16T17:46:27.939,40.848,255,1.757,-273.1,14.8,9.785,8.13,0
2026-09-16T17:46:28.040,40.949,255,1.757,-273.1,14.7,9.785,8.03,0
2026-09-16T17:46:28.140,41.050,255,1.756,-83.9,14.7,9.785,8.00,0
2026-09-16T17:46:28.241,41.150,255,1.755,-273.1,14.7,9.785,8.31,0
2026-09-16T17:46:28.341,41.251,255,1.756,-273.1,14.6,9.785,8.08,0
2026-09-16T17:46:28.442,41.351,255,1.759,-273.1,14.6,9.785,8.02,0
2026-09-16T17:46:28.542,41.452,255,1.759,-273.1,14.7,9.785,8.22,0
2026-09-16T17:46:28.643,41.552,255,1.760,-273.1,14.5,9.785,7.90,0
2026-09-16T17:46:28.743,41.653,255,1.761,-273.1,14.0,9.785,7.90,0
2026-09-16T17:46:28.844,41.754,255,1.761,-273.1,14.5,9.785,8.03,0
2026-09-16T17:46:28.944,41.854,255,1.763,-273.1,13.2,9.785,7.94,0
2026-09-16T17:46:29.045,41.955,255,1.763,-273.1,14.4,9.785,8.05,0
2026-09-16T17:46:29.145,42.054,255,1.765,-273.1,14.3,9.785,7.92,0
2026-09-16T17:46:29.245,42.154,255,1.765,-273.1,14.4,9.785,7.94,0
2026-09-16T17:46:29.347,42.256,255,1.766,-273.1,14.2,9.785,7.87,0
2026-09-16T17:46:29.447,42.357,255,1.769,-273.1,14.3,9.785,7.94,0
2026-09-16T17:46:29.549,42.459,255,1.770,-273.1,14.3,9.785,8.06,0
2026-09-16T17:46:29.651,42.560,255,1.772,-273.1,14.2,9.785,7.89,0
2026-09-16T17:46:29.747,42.657,255,1.779,-273.1,14.5,9.785,8.21,0
2026-09-16T17:46:29.848,42.757,255,1.799,-273.1,14.4,9.785,7.95,0
2026-09-16T17:46:29.949,42.858,255,1.805,-273.1,14.2,9.785,8.12,0
2026-09-16T17:46:30.049,42.959,255,1.805,-273.1,14.4,9.785,8.31,0
2026-09-16T17:46:30.150,43.059,255,1.806,-77.4,14.4,9.785,8.20,0
2026-09-16T17:46:30.249,43.159,255,1.809,-273.1,14.4,9.785,8.25,0
2026-09-16T17:46:30.350,43.260,255,1.805,-77.4,14.3,9.785,8.21,0
2026-09-16T17:46:30.449,43.359,255,1.805,-273.1,14.2,9.785,8.20,0
2026-09-16T17:46:30.551,43.461,255,1.808,-273.1,14.2,9.785,8.13,0
2026-09-16T17:46:30.650,43.560,255,1.807,-90.0,14.2,9.785,8.29,0
2026-09-16T17:46:30.750,43.660,255,1.808,-273.1,14.3,9.785,8.29,0
2026-09-16T17:46:30.851,43.760,255,1.807,-273.1,14.5,9.785,8.05,0
2026-09-16T17:46:30.951,43.861,255,1.806,-273.1,14.3,9.785,8.17,0
2026-09-16T17:46:31.050,43.960,255,1.806,-273.1,14.4,9.785,8.11,0
2026-09-16T17:46:31.150,44.060,255,1.805,-273.1,14.4,9.785,8.28,0
2026-09-16T17:46:31.251,44.160,255,1.807,-273.1,14.5,9.785,8.21,0
2026-09-16T17:46:31.350,44.260,255,1.809,-80.2,14.5,9.785,8.21,0
2026-09-16T17:46:31.450,44.360,255,1.805,-273.1,14.7,9.785,8.25,0
2026-09-16T17:46:31.551,44.461,255,1.803,-273.1,14.4,9.785,8.11,0
2026-09-16T17:46:31.651,44.561,255,1.806,-273.1,14.7,9.785,8.42,0
2026-09-16T17:46:31.750,44.660,255,1.805,-273.1,14.7,9.785,8.26,0
2026-09-16T17:46:31.851,44.761,255,1.810,-273.1,14.9,9.785,8.26,0
2026-09-16T17:46:31.951,44.860,255,1.813,-273.1,14.8,9.785,8.22,0
2026-09-16T17:46:32.051,44.961,255,1.817,-70.4,15.0,9.785,8.14,0
2026-09-16T17:46:32.152,45.061,255,1.818,-273.1,14.5,9.785,8.47,0
2026-09-16T17:46:32.252,45.162,255,1.817,-273.1,14.6,9.785,8.40,0
2026-09-16T17:46:32.353,45.263,255,1.819,-273.1,14.7,9.785,8.29,0
2026-09-16T17:46:32.452,45.362,255,1.816,-273.1,14.8,9.785,8.22,0
2026-09-16T17:46:32.553,45.462,255,1.820,-273.1,14.7,9.785,7.97,0
2026-09-16T17:46:32.654,45.564,255,1.822,-273.1,14.6,9.785,8.07,0
2026-09-16T17:46:32.753,45.663,255,1.824,-273.1,14.8,9.785,8.28,0
2026-09-16T17:46:32.854,45.764,255,1.827,-273.1,14.7,9.785,8.11,0
2026-09-16T17:46:32.953,45.863,255,1.828,-69.2,14.9,9.785,8.26,0
2026-09-16T17:46:33.054,45.964,255,1.830,-273.1,14.9,9.785,8.16,0
2026-09-16T17:46:33.153,46.063,255,1.832,-273.1,14.9,9.785,8.45,0
2026-09-16T17:46:33.253,46.163,255,1.835,-273.1,15.0,9.785,8.20,0
2026-09-16T17:46:33.354,46.263,255,1.836,-273.1,14.9,9.785,8.29,0
2026-09-16T17:46:33.454,46.364,255,1.837,-273.1,14.8,9.785,8.20,0
2026-09-16T17:46:33.554,46.464,255,1.839,-273.1,14.9,9.785,8.34,0
2026-09-16T17:46:33.654,46.564,255,1.839,-273.1,15.0,9.785,8.18,0
2026-09-16T17:46:33.755,46.664,255,1.841,-273.1,14.9,9.785,8.56,0
2026-09-16T17:46:33.855,46.765,255,1.843,-273.1,14.8,9.785,8.35,0
2026-09-16T17:46:33.956,46.865,255,1.843,-273.1,14.8,9.785,8.41,0
2026-09-16T17:46:34.056,46.966,255,1.839,-73.4,15.0,9.785,8.17,0
2026-09-16T17:46:34.156,47.065,255,1.843,-273.1,15.0,9.785,8.44,0
2026-09-16T17:46:34.256,47.165,255,1.844,-273.1,15.2,9.785,8.12,0
2026-09-16T17:46:34.357,47.266,255,1.841,-273.1,15.0,9.785,8.50,0
2026-09-16T17:46:34.456,47.366,255,1.844,-273.1,15.2,9.785,8.34,0
2026-09-16T17:46:34.557,47.466,255,1.843,-273.1,15.1,9.785,8.14,0
2026-09-16T17:46:34.656,47.566,255,1.844,-273.1,15.3,9.785,8.20,0
2026-09-16T17:46:34.756,47.666,255,1.845,-273.1,15.3,9.785,8.30,0
2026-09-16T17:46:34.857,47.767,255,1.846,-273.1,15.4,9.785,8.34,0
2026-09-16T17:46:34.957,47.867,255,1.843,-273.1,15.2,9.785,8.15,0
2026-09-16T17:46:35.058,47.968,255,1.842,-273.1,15.1,9.785,8.13,0
2026-09-16T17:46:35.159,48.068,255,1.850,-273.1,15.2,9.785,8.08,0
2026-09-16T17:46:35.259,48.168,255,1.852,-273.1,15.0,9.785,8.23,0
2026-09-16T17:46:35.362,48.272,255,1.850,-273.1,15.2,9.785,8.38,0
2026-09-16T17:46:35.459,48.369,255,1.850,-273.1,15.0,9.785,8.28,0
2026-09-16T17:46:35.560,48.470,255,1.850,-273.1,15.0,9.785,8.40,0
2026-09-16T17:46:35.661,48.570,255,1.854,-273.1,15.0,9.785,8.36,0
2026-09-16T17:46:35.760,48.670,255,1.852,-273.1,15.2,9.785,8.36,0
2026-09-16T17:46:35.860,48.770,255,1.854,-273.1,15.3,9.785,8.44,0
2026-09-16T17:46:35.961,48.870,255,1.854,-273.1,15.0,9.785,8.29,0
2026-09-16T17:46:36.061,48.971,255,1.857,-273.1,15.1,9.785,8.50,0
2026-09-16T17:46:36.161,49.071,255,1.856,-273.1,15.1,9.785,8.57,0
2026-09-16T17:46:36.261,49.171,255,1.856,-273.1,15.2,9.785,8.17,0
2026-09-16T17:46:36.365,49.275,255,1.858,-273.1,15.1,9.785,8.35,0
2026-09-16T17:46:36.461,49.370,255,1.859,-273.1,15.3,9.785,8.51,0
2026-09-16T17:46:36.561,49.471,255,1.860,-273.1,15.4,9.785,8.38,0
2026-09-16T17:46:36.662,49.572,255,1.862,-273.1,15.4,9.785,8.55,0
2026-09-16T17:46:36.762,49.672,255,1.864,-273.1,15.3,9.785,8.32,0
2026-09-16T17:46:36.863,49.772,255,1.868,-273.1,15.3,9.785,8.39,0
2026-09-16T17:46:36.962,49.872,255,1.868,-273.1,15.2,9.785,8.43,0
2026-09-16T17:46:37.063,49.973,255,1.871,-273.1,15.4,9.785,8.40,0
2026-09-16T17:46:37.163,50.073,255,1.872,-273.1,15.3,9.785,8.50,0
2026-09-16T17:46:37.262,50.171,255,1.874,-273.1,15.7,9.785,8.36,0
2026-09-16T17:46:37.362,50.272,255,1.873,-273.1,15.5,9.785,8.53,0
2026-09-16T17:46:37.464,50.374,255,1.872,-273.1,15.3,9.785,8.40,0
2026-09-16T17:46:37.565,50.474,255,1.875,-90.0,15.6,9.785,8.29,0
2026-09-16T17:46:37.664,50.574,255,1.876,-273.1,15.3,9.785,8.40,0
2026-09-16T17:46:37.764,50.674,255,1.873,-273.1,15.3,9.785,8.51,0
2026-09-16T17:46:37.865,50.775,255,1.875,-273.1,15.4,9.785,8.38,0
2026-09-16T17:46:37.966,50.876,255,1.875,-273.1,15.0,9.785,8.58,0
2026-09-16T17:46:38.067,50.976,255,1.877,-273.1,15.2,9.785,8.48,0
2026-09-16T17:46:38.166,51.075,255,1.877,-273.1,15.1,9.785,8.59,0
2026-09-16T17:46:38.266,51.176,255,1.875,-273.1,15.4,9.785,8.60,0
2026-09-16T17:46:38.366,51.275,255,1.877,-273.1,15.6,9.785,8.42,0
2026-09-16T17:46:38.466,51.376,255,1.878,-71.8,15.5,9.785,8.47,0
2026-09-16T17:46:38.567,51.477,255,1.879,-273.1,15.5,9.785,8.32,0
2026-09-16T17:46:38.668,51.578,255,1.879,-273.1,15.0,9.785,8.30,0
2026-09-16T17:46:38.767,51.677,255,1.880,-273.1,15.5,9.785,8.25,0
2026-09-16T17:46:38.868,51.778,255,1.882,-273.1,15.4,9.785,8.68,0
2026-09-16T17:46:38.969,51.878,255,1.883,-273.1,15.4,9.785,8.32,0
2026-09-16T17:46:39.068,51.977,255,1.881,-273.1,15.2,9.785,8.90,0
2026-09-16T17:46:39.168,52.078,255,1.884,-273.1,15.3,9.785,8.54,0
2026-09-16T17:46:39.269,52.178,255,1.884,-273.1,15.5,9.785,8.40,0
2026-09-16T17:46:39.369,52.279,255,1.884,-273.1,15.3,9.785,8.62,0
2026-09-16T17:46:39.469,52.379,255,1.883,-273.1,15.4,9.785,8.35,0
2026-09-16T17:46:39.569,52.478,255,1.886,-273.1,15.5,9.785,8.51,0
2026-09-16T17:46:39.670,52.579,255,1.887,-273.1,15.1,9.785,8.48,0
2026-09-16T17:46:39.769,52.678,255,1.888,-273.1,15.5,9.785,8.54,0
2026-09-16T17:46:39.869,52.779,255,1.893,-273.1,15.3,9.785,8.39,0
2026-09-16T17:46:39.970,52.879,255,1.890,-273.1,15.3,9.785,8.56,0
2026-09-16T17:46:40.070,52.980,255,1.890,-273.1,15.3,9.785,8.76,0
2026-09-16T17:46:40.170,53.080,255,1.894,-273.1,15.5,9.785,8.40,0
2026-09-16T17:46:40.270,53.180,255,1.891,-273.1,15.4,9.785,8.57,0
2026-09-16T17:46:40.370,53.279,255,1.896,-273.1,15.2,9.785,8.59,0
2026-09-16T17:46:40.470,53.380,255,1.894,-273.1,15.4,9.785,8.77,0
2026-09-16T17:46:40.570,53.480,255,1.894,-273.1,15.2,9.785,8.29,0
2026-09-16T17:46:40.671,53.580,255,1.892,-73.4,15.4,9.785,8.54,0
2026-09-16T17:46:40.773,53.682,255,1.893,-273.1,15.0,9.785,8.54,0
2026-09-16T17:46:40.872,53.782,255,1.892,-273.1,15.1,9.785,8.65,0
2026-09-16T17:46:40.972,53.881,255,1.895,-273.1,15.2,9.785,8.57,0
2026-09-16T17:46:41.071,53.981,255,1.895,-273.1,15.2,9.785,8.51,0
2026-09-16T17:46:41.172,54.081,255,1.895,-273.1,15.4,9.785,8.54,0
2026-09-16T17:46:41.273,54.182,255,1.899,-273.1,15.3,9.785,8.46,0
2026-09-16T17:46:41.372,54.282,255,1.898,-273.1,15.2,9.785,8.58,0
2026-09-16T17:46:41.471,54.381,255,1.902,-273.1,15.3,9.785,8.51,0
2026-09-16T17:46:41.572,54.482,255,1.904,-273.1,15.2,9.785,8.57,0
2026-09-16T17:46:41.672,54.582,255,1.903,-273.1,15.2,9.785,8.43,0
2026-09-16T17:46:41.772,54.682,255,1.903,-273.1,15.1,9.785,8.37,0
2026-09-16T17:46:41.872,54.782,255,1.901,-273.1,14.9,9.785,8.53,0
2026-09-16T17:46:41.972,54.882,255,1.900,-273.1,15.2,9.785,8.54,0
2026-09-16T17:46:42.073,54.982,255,1.898,-273.1,15.1,9.785,8.63,0
2026-09-16T17:46:42.173,55.083,255,1.899,-273.1,15.3,9.785,8.72,0
2026-09-16T17:46:42.274,55.183,255,1.897,-273.1,15.2,9.785,8.50,0
2026-09-16T17:46:42.374,55.284,255,1.901,-273.1,15.2,9.785,8.81,0
2026-09-16T17:46:42.475,55.384,255,1.905,-273.1,15.3,9.785,8.57,0
2026-09-16T17:46:42.575,55.485,255,1.904,-273.1,15.3,9.785,8.44,0
2026-09-16T17:46:42.676,55.585,255,1.906,-273.1,15.4,9.785,8.42,0
2026-09-16T17:46:42.776,55.686,255,1.906,-273.1,15.4,9.785,8.57,0
2026-09-16T17:46:42.876,55.786,255,1.907,-273.1,15.5,9.785,8.54,0
2026-09-16T17:46:42.976,55.886,255,1.905,-273.1,15.3,9.785,8.50,0
2026-09-16T17:46:43.077,55.986,255,1.911,-273.1,15.3,9.785,8.54,0
2026-09-16T17:46:43.177,56.086,255,1.910,-273.1,16.6,9.785,8.71,0
2026-09-16T17:46:43.277,56.187,255,1.913,-273.1,15.2,9.785,8.51,0
2026-09-16T17:46:43.378,56.287,255,1.914,-273.1,15.4,9.785,8.47,0
2026-09-16T17:46:43.478,56.388,255,1.915,-273.1,15.3,9.785,8.61,0
2026-09-16T17:46:43.578,56.487,255,1.916,-273.1,15.3,9.785,8.47,0
2026-09-16T17:46:43.681,56.591,255,1.915,-273.1,15.3,9.785,8.65,0
2026-09-16T17:46:43.779,56.688,255,1.916,-273.1,15.3,9.785,8.66,0
2026-09-16T17:46:43.879,56.788,255,1.917,-273.1,15.3,9.785,8.73,0
2026-09-16T17:46:43.979,56.889,255,1.919,-273.1,16.0,9.785,8.42,0
2026-09-16T17:46:44.079,56.989,255,1.922,-273.1,15.2,9.785,8.52,0
2026-09-16T17:46:44.180,57.089,255,1.921,-69.2,15.2,9.785,8.83,0
2026-09-16T17:46:44.280,57.190,255,1.923,-273.1,15.5,9.785,8.40,0
2026-09-16T17:46:44.379,57.289,255,1.924,-273.1,15.2,9.785,8.42,0
2026-09-16T17:46:44.480,57.390,255,1.922,-273.1,15.2,9.785,8.48,0
2026-09-16T17:46:44.580,57.490,255,1.924,-273.1,15.1,9.785,8.58,0
2026-09-16T17:46:44.680,57.589,255,1.928,-273.1,15.2,9.785,8.54,0
2026-09-16T17:46:44.782,57.692,255,1.928,-273.1,15.2,9.785,8.69,0
2026-09-16T17:46:44.883,57.793,255,1.927,-273.1,15.4,9.785,8.73,0
2026-09-16T17:46:44.984,57.893,255,1.932,-273.1,15.3,9.785,8.80,0
2026-09-16T17:46:45.084,57.994,255,1.932,-273.1,15.4,9.785,8.46,0
2026-09-16T17:46:45.185,58.094,255,1.933,-273.1,15.5,9.785,8.55,0
2026-09-16T17:46:45.284,58.194,255,1.934,-273.1,15.4,9.785,8.68,0
2026-09-16T17:46:45.385,58.294,255,1.935,-273.1,15.4,9.785,8.83,0
2026-09-16T17:46:45.486,58.395,255,1.935,-273.1,15.4,9.785,8.85,0
2026-09-16T17:46:45.585,58.495,255,1.936,-273.1,15.2,9.785,8.60,0
2026-09-16T17:46:45.684,58.594,255,1.936,-273.1,15.1,9.785,8.61,0
2026-09-16T17:46:45.785,58.695,255,1.939,-273.1,15.2,9.785,8.93,0
2026-09-16T17:46:45.885,58.794,255,1.939,-273.1,15.2,9.785,8.67,0
2026-09-16T17:46:45.986,58.895,255,1.941,-273.1,15.2,9.785,8.57,0
2026-09-16T17:46:46.087,58.997,255,1.943,-273.1,15.3,9.785,8.59,0
2026-09-16T17:46:46.187,59.097,255,1.939,-273.1,15.1,9.785,9.00,0
2026-09-16T17:46:46.286,59.195,255,1.938,-273.1,15.2,9.785,9.04,0
2026-09-16T17:46:46.386,59.296,255,1.944,-273.1,15.2,9.785,8.66,0
2026-09-16T17:46:46.487,59.396,255,1.949,-71.8,15.2,9.785,8.73,0
2026-09-16T17:46:46.587,59.497,255,1.949,-273.1,15.2,9.785,8.51,0
2026-09-16T17:46:46.688,59.597,255,1.948,-273.1,15.4,9.785,8.66,0
2026-09-16T17:46:46.788,59.698,255,1.950,-273.1,15.3,9.785,8.94,0
2026-09-16T17:46:46.888,59.797,255,1.954,-71.8,15.4,9.785,8.73,0
2026-09-16T17:46:46.991,59.900,255,1.954,-80.2,15.1,9.785,8.63,0
2026-09-16T17:46:47.090,59.999,255,1.956,-273.1,15.3,9.785,8.41,0
2026-09-16T17:46:47.189,60.099,255,1.955,-273.1,15.3,9.785,8.63,0
2026-09-16T17:46:47.289,60.199,255,1.957,-273.1,15.3,9.785,8.87,0
2026-09-16T17:46:47.390,60.299,255,1.959,-273.1,15.4,9.785,8.95,0
2026-09-16T17:46:47.490,60.400,255,1.960,-273.1,15.3,9.785,8.62,0
2026-09-16T17:46:47.590,60.499,255,1.957,-273.1,15.3,9.785,8.71,0
2026-09-16T17:46:47.691,60.600,255,1.958,-273.1,15.3,9.785,8.99,0
2026-09-16T17:46:47.792,60.701,255,1.961,-273.1,15.3,9.785,9.03,0
2026-09-16T17:46:47.891,60.801,255,1.959,-273.1,15.3,9.785,8.73,0
2026-09-16T17:46:47.991,60.900,255,1.958,-71.8,15.2,9.785,8.68,0
2026-09-16T17:46:48.091,61.001,255,1.961,-273.1,15.2,9.785,9.01,0
2026-09-16T17:46:48.191,61.101,255,1.957,-273.1,15.0,9.785,9.00,0
2026-09-16T17:46:48.293,61.203,255,1.954,-273.1,15.3,9.785,8.98,0
2026-09-16T17:46:48.392,61.302,255,1.953,-273.1,15.0,9.785,8.95,0
2026-09-16T17:46:48.494,61.403,255,1.955,-273.1,15.0,9.785,8.84,0
2026-09-16T17:46:48.592,61.502,255,1.958,-273.1,15.1,9.785,8.88,0
2026-09-16T17:46:48.692,61.602,255,1.958,-273.1,15.2,9.785,8.91,0
2026-09-16T17:46:48.793,61.703,255,1.957,-273.1,15.1,9.785,8.68,0
2026-09-16T17:46:48.894,61.803,255,1.957,-273.1,15.2,9.785,8.87,0
2026-09-16T17:46:48.994,61.903,255,1.959,-273.1,15.2,9.785,8.73,0
2026-09-16T17:46:49.094,62.004,255,1.961,-273.1,15.2,9.785,8.84,0
2026-09-16T17:46:49.193,62.103,255,1.964,-273.1,15.0,9.785,8.71,0
2026-09-16T17:46:49.296,62.206,255,1.968,-273.1,15.0,9.785,8.60,0
2026-09-16T17:46:49.394,62.304,255,1.971,-273.1,15.2,9.785,8.67,0
2026-09-16T17:46:49.494,62.404,255,1.972,-273.1,15.1,9.785,8.73,0
2026-09-16T17:46:49.595,62.504,255,1.973,-273.1,15.2,9.785,8.88,0
2026-09-16T17:46:49.695,62.605,255,1.975,-273.1,15.1,9.785,8.99,0
2026-09-16T17:46:49.795,62.705,255,1.972,-273.1,15.3,9.785,8.65,0
2026-09-16T17:46:49.896,62.805,255,1.974,-273.1,15.1,9.785,8.46,0
2026-09-16T17:46:49.996,62.906,255,1.974,-273.1,15.0,9.785,8.68,0
2026-09-16T17:46:50.096,63.005,255,1.976,-273.1,14.9,9.785,8.71,0
2026-09-16T17:46:50.198,63.107,255,1.977,-273.1,15.0,9.785,8.83,0
2026-09-16T17:46:50.299,63.208,255,1.979,-273.1,15.0,9.785,8.89,0
2026-09-16T17:46:50.396,63.306,255,1.980,-273.1,15.0,9.785,8.69,0
2026-09-16T17:46:50.496,63.406,255,1.980,-273.1,14.9,9.785,8.78,0
2026-09-16T17:46:50.596,63.506,255,1.982,-273.1,14.9,9.785,8.91,0
2026-09-16T17:46:50.697,63.607,255,1.980,-273.1,14.7,9.785,8.61,0
2026-09-16T17:46:50.797,63.706,255,1.977,-273.1,14.5,9.785,8.81,0
2026-09-16T17:46:50.897,63.807,255,1.980,-273.1,14.9,9.785,8.72,0
2026-09-16T17:46:50.996,63.906,255,1.980,-273.1,14.6,9.785,8.88,0
2026-09-16T17:46:51.097,64.007,255,1.987,-273.1,14.6,9.785,8.80,0
2026-09-16T17:46:51.197,64.106,255,1.985,-273.1,14.4,9.785,8.83,0
2026-09-16T17:46:51.297,64.207,255,1.985,-273.1,14.3,9.785,8.64,0
2026-09-16T17:46:51.398,64.307,255,1.983,-273.1,14.4,9.785,8.90,0
2026-09-16T17:46:51.498,64.408,255,1.982,-273.1,14.5,9.785,9.06,0
2026-09-16T17:46:51.602,64.512,255,1.983,-273.1,14.7,9.785,8.82,0
2026-09-16T17:46:51.699,64.609,255,1.984,-273.1,14.5,9.785,8.85,0
2026-09-16T17:46:51.799,64.709,255,1.985,-273.1,12.3,9.785,8.71,0
2026-09-16T17:46:51.900,64.810,255,1.988,-273.1,14.7,9.785,9.04,0
2026-09-16T17:46:52.001,64.910,255,1.985,-273.1,14.8,9.785,9.03,0
2026-09-16T17:46:52.101,65.011,255,1.986,-273.1,14.9,9.785,8.89,0
2026-09-16T17:46:52.202,65.111,255,1.991,-73.4,14.8,9.785,8.71,0
2026-09-16T17:46:52.302,65.212,255,1.991,-273.1,15.3,9.785,9.22,0
2026-09-16T17:46:52.402,65.312,255,1.994,-273.1,15.2,9.785,8.77,0
2026-09-16T17:46:52.503,65.413,255,1.994,-273.1,14.9,9.785,9.15,0
2026-09-16T17:46:52.602,65.512,255,1.994,-273.1,14.8,9.785,8.62,0
2026-09-16T17:46:52.703,65.612,255,1.995,-273.1,14.9,9.785,9.09,0
2026-09-16T17:46:52.803,65.712,255,2.003,-273.1,14.9,9.785,8.87,0
2026-09-16T17:46:52.905,65.815,255,2.003,-70.4,14.8,9.785,9.06,0
2026-09-16T17:46:53.004,65.913,255,2.009,-273.1,15.0,9.785,8.87,0
2026-09-16T17:46:53.104,66.014,255,2.011,-273.1,14.9,9.785,9.33,0
2026-09-16T17:46:53.205,66.114,255,2.014,-273.1,14.8,9.785,8.76,0
2026-09-16T17:46:53.305,66.214,255,2.015,-273.1,15.1,9.785,9.01,0
2026-09-16T17:46:53.406,66.315,255,2.015,-273.1,15.0,9.785,8.93,0
2026-09-16T17:46:53.506,66.416,255,2.017,-273.1,15.0,9.785,8.92,0
2026-09-16T17:46:53.606,66.516,255,2.016,-273.1,15.0,9.785,9.03,0
2026-09-16T17:46:53.707,66.617,255,2.021,-273.1,15.0,9.785,8.88,0
2026-09-16T17:46:53.808,66.717,255,2.024,-273.1,15.0,9.785,9.19,0
2026-09-16T17:46:53.906,66.816,255,2.022,-273.1,14.8,9.785,9.11,0
2026-09-16T17:46:54.006,66.916,255,2.023,-273.1,14.7,9.785,9.31,0
2026-09-16T17:46:54.107,67.017,255,2.022,-273.1,14.8,9.785,9.11,0
2026-09-16T17:46:54.207,67.117,255,2.020,-273.1,14.9,9.785,9.22,0
2026-09-16T17:46:54.308,67.217,255,2.019,-273.1,14.9,9.785,9.05,0
2026-09-16T17:46:54.408,67.318,255,2.022,-273.1,14.9,9.785,9.01,0
2026-09-16T17:46:54.509,67.418,255,2.023,-273.1,14.9,9.785,9.04,0
2026-09-16T17:46:54.608,67.518,255,2.025,-273.1,14.8,9.785,9.18,0
2026-09-16T17:46:54.708,67.618,255,2.026,-75.2,15.0,9.785,9.13,0
2026-09-16T17:46:54.809,67.718,255,2.027,-273.1,14.8,9.785,8.95,0
2026-09-16T17:46:54.909,67.819,255,2.032,-273.1,14.8,9.785,9.39,0
2026-09-16T17:46:55.009,67.919,255,2.031,-273.1,14.7,9.785,9.17,0
2026-09-16T17:46:55.110,68.019,255,2.031,-273.1,14.9,9.785,9.03,0
2026-09-16T17:46:55.209,68.119,255,2.033,-273.1,14.7,9.785,9.06,0
2026-09-16T17:46:55.310,68.220,255,2.011,-273.1,14.8,9.785,9.37,0
2026-09-16T17:46:55.410,68.319,255,2.011,-273.1,14.4,9.785,9.14,0
2026-09-16T17:46:55.510,68.419,255,2.011,-273.1,14.6,9.785,9.07,0
2026-09-16T17:46:55.610,68.520,255,2.011,-273.1,14.6,9.785,9.28,0
2026-09-16T17:46:55.711,68.621,255,2.012,-273.1,14.5,9.785,8.85,0
2026-09-16T17:46:55.810,68.719,255,2.010,-75.2,14.4,9.785,9.12,0
2026-09-16T17:46:55.910,68.820,255,2.010,-273.1,14.3,9.785,8.96,0
2026-09-16T17:46:56.011,68.920,255,2.010,-273.1,14.5,9.785,9.18,0
2026-09-16T17:46:56.111,69.021,255,2.011,-273.1,14.5,9.785,8.89,0
2026-09-16T17:46:56.211,69.121,255,2.011,-273.1,14.6,9.785,9.14,0
2026-09-16T17:46:56.312,69.222,255,2.011,-273.1,14.4,9.785,8.96,0
2026-09-16T17:46:56.413,69.322,255,2.010,-273.1,14.7,9.785,9.16,0
2026-09-16T17:46:56.513,69.423,255,2.010,-273.1,14.4,9.785,9.05,0
2026-09-16T17:46:56.612,69.522,255,2.011,-273.1,14.4,9.785,9.02,0
2026-09-16T17:46:56.713,69.623,255,2.011,-273.1,14.5,9.785,9.01,0
2026-09-16T17:46:56.814,69.724,255,2.010,-273.1,14.5,9.785,9.13,0
2026-09-16T17:46:56.915,69.825,255,2.010,-273.1,14.8,9.785,9.20,0
2026-09-16T17:46:57.014,69.924,255,2.010,-273.1,15.3,9.785,9.11,0
2026-09-16T17:46:57.115,70.024,255,2.010,-273.1,14.5,9.785,9.22,0
2026-09-16T17:46:57.215,70.125,255,2.010,-273.1,14.6,9.785,9.10,0
2026-09-16T17:46:57.316,70.225,255,2.010,-273.1,14.7,9.785,9.33,0
2026-09-16T17:46:57.416,70.326,255,2.010,-273.1,14.7,9.785,9.17,0
2026-09-16T17:46:57.517,70.427,255,2.011,-273.1,14.8,9.785,9.11,0
2026-09-16T17:46:57.617,70.527,255,2.010,-273.1,15.0,9.785,9.05,0
2026-09-16T17:46:57.718,70.628,255,2.010,-273.1,15.0,9.785,9.05,0
2026-09-16T17:46:57.818,70.728,255,2.011,-273.1,15.0,9.785,8.98,0
2026-09-16T17:46:57.919,70.829,255,2.011,-273.1,15.0,9.785,9.08,0
2026-09-16T17:46:58.020,70.930,255,2.010,-273.1,15.0,9.785,9.17,0
2026-09-16T17:46:58.121,71.031,255,2.010,-273.1,15.6,9.785,9.04,0
2026-09-16T17:46:58.222,71.132,255,2.010,-273.1,15.2,9.785,9.06,0
2026-09-16T17:46:58.321,71.231,255,2.011,-273.1,15.2,9.785,9.14,0
2026-09-16T17:46:58.422,71.331,255,2.010,-273.1,15.3,9.785,8.99,0
2026-09-16T17:46:58.522,71.431,255,2.010,-273.1,15.1,9.785,8.85,0
2026-09-16T17:46:58.621,71.531,255,2.011,-273.1,14.8,9.785,9.17,0
2026-09-16T17:46:58.724,71.633,255,2.007,-273.1,14.9,9.785,9.00,0
2026-09-16T17:46:58.822,71.732,255,2.009,-69.2,15.0,9.785,8.92,0
2026-09-16T17:46:58.921,71.831,255,2.010,-273.1,15.0,9.785,8.98,0
2026-09-16T17:46:59.021,71.931,255,2.008,-273.1,14.9,9.785,9.01,0
2026-09-16T17:46:59.122,72.031,255,2.011,-273.1,15.0,9.785,9.26,0
2026-09-16T17:46:59.223,72.132,255,2.010,-273.1,14.9,9.785,9.08,0
2026-09-16T17:46:59.322,72.231,255,2.010,-73.4,14.9,9.785,9.03,0
2026-09-16T17:46:59.422,72.332,255,2.010,-273.1,14.9,9.785,8.96,0
2026-09-16T17:46:59.523,72.433,255,2.010,-273.1,14.9,9.785,9.15,0
2026-09-16T17:46:59.624,72.534,255,2.009,-273.1,15.0,9.785,9.06,0
2026-09-16T17:46:59.725,72.634,255,2.011,-273.1,15.2,9.785,9.15,0
2026-09-16T17:46:59.824,72.734,255,2.010,-273.1,14.9,9.785,9.03,0
2026-09-16T17:46:59.924,72.834,255,2.010,-273.1,14.7,9.785,9.18,0
2026-09-16T17:47:00.025,72.934,255,2.011,-273.1,14.9,9.785,9.07,0
2026-09-16T17:47:00.125,73.035,255,2.010,-273.1,14.9,9.785,8.94,0
2026-09-16T17:47:00.225,73.135,255,2.009,-273.1,14.8,9.785,8.96,0
2026-09-16T17:47:00.326,73.235,255,2.010,-273.1,15.0,9.785,9.27,0
2026-09-16T17:47:00.426,73.336,255,2.011,-273.1,15.1,9.785,9.33,0
2026-09-16T17:47:00.526,73.435,255,2.010,-273.1,14.8,9.785,9.10,0
2026-09-16T17:47:00.626,73.536,255,2.011,-273.1,15.2,9.785,9.20,0
2026-09-16T17:47:00.727,73.636,255,2.010,-273.1,14.8,9.785,9.13,0
2026-09-16T17:47:00.828,73.738,255,2.010,-90.0,15.0,9.785,9.19,0
2026-09-16T17:47:00.927,73.837,255,2.011,-273.1,14.9,9.785,9.00,0
2026-09-16T17:47:01.028,73.937,255,2.011,-69.2,14.9,9.785,8.95,0
2026-09-16T17:47:01.128,74.038,255,2.010,-273.1,14.8,9.785,9.10,0
2026-09-16T17:47:01.228,74.138,255,2.011,-273.1,15.0,9.785,9.10,0
2026-09-16T17:47:01.330,74.240,255,2.010,-273.1,15.3,9.785,9.18,0
2026-09-16T17:47:01.431,74.341,255,2.010,-73.4,15.4,9.785,8.81,0
2026-09-16T17:47:01.532,74.442,255,2.010,-273.1,15.5,9.785,9.20,0
2026-09-16T17:47:01.635,74.544,255,2.010,-273.1,15.3,9.785,9.06,0
2026-09-16T17:47:01.733,74.642,255,2.010,-273.1,15.3,9.785,9.14,0
2026-09-16T17:47:01.833,74.743,255,2.011,-273.1,15.3,9.785,9.12,0
2026-09-16T17:47:01.934,74.843,255,2.010,-273.1,15.5,9.785,8.85,0
2026-09-16T17:47:02.033,74.943,255,2.010,-273.1,15.2,9.785,8.63,0
2026-09-16T17:47:02.134,75.043,255,2.010,-273.1,15.2,9.785,8.81,0
2026-09-16T17:47:02.234,75.144,255,2.010,-273.1,15.3,9.785,8.92,0
2026-09-16T17:47:02.335,75.245,255,2.010,-273.1,15.2,9.785,8.91,0
2026-09-16T17:47:02.435,75.345,255,2.010,-273.1,15.2,9.785,8.99,0
2026-09-16T17:47:02.535,75.444,255,2.010,-75.2,15.2,9.785,9.10,0
2026-09-16T17:47:02.635,75.545,255,2.010,-80.2,15.2,9.785,9.05,0
2026-09-16T17:47:02.735,75.644,255,2.011,-273.1,15.0,9.785,8.87,0
2026-09-16T17:47:02.835,75.745,255,2.010,-273.1,15.0,9.785,9.03,0
2026-09-16T17:47:02.936,75.845,255,2.010,-71.8,15.1,9.785,8.96,0
2026-09-16T17:47:03.035,75.945,255,2.010,-273.1,15.0,9.785,8.94,0
2026-09-16T17:47:03.135,76.045,255,2.010,-273.1,15.0,9.785,8.98,0
2026-09-16T17:47:03.235,76.145,255,2.010,-273.1,15.1,9.785,9.04,0
2026-09-16T17:47:03.336,76.245,255,2.010,-273.1,15.0,9.785,9.23,0
2026-09-16T17:47:03.436,76.346,255,2.010,-273.1,14.9,9.785,8.95,0
2026-09-16T17:47:03.537,76.446,255,2.010,-273.1,15.0,9.785,9.03,0
2026-09-16T17:47:03.636,76.545,255,2.010,-273.1,14.9,9.785,9.28,0
2026-09-16T17:47:03.736,76.646,255,2.010,-273.1,14.9,9.785,9.10,0
2026-09-16T17:47:03.837,76.747,255,2.010,-273.1,15.0,9.785,9.10,0
2026-09-16T17:47:03.938,76.847,255,2.010,-273.1,14.9,9.785,9.13,0
2026-09-16T17:47:04.037,76.947,255,2.010,-273.1,14.9,9.785,9.37,0
2026-09-16T17:47:04.138,77.048,255,2.011,-273.1,14.7,9.785,8.95,0
2026-09-16T17:47:04.242,77.152,255,2.011,-273.1,14.8,9.785,9.06,0
2026-09-16T17:47:04.337,77.247,255,2.011,-273.1,14.6,9.785,9.02,0
2026-09-16T17:47:04.436,77.346,255,2.010,-273.1,14.7,9.785,9.04,0
2026-09-16T17:47:04.537,77.447,255,2.010,-273.1,14.6,9.785,9.13,0
2026-09-16T17:47:04.638,77.548,255,2.010,-273.1,14.5,9.785,9.20,0
2026-09-16T17:47:04.738,77.648,255,2.010,-273.1,14.8,9.785,8.98,0
2026-09-16T17:47:04.838,77.747,255,2.010,-273.1,14.5,9.785,9.05,0
2026-09-16T17:47:04.938,77.848,255,2.010,-273.1,14.4,9.785,9.06,0
2026-09-16T17:47:05.040,77.950,255,2.010,-273.1,14.7,9.785,9.12,0
2026-09-16T17:47:05.140,78.049,255,2.010,-273.1,14.7,9.785,9.25,0
2026-09-16T17:47:05.240,78.150,255,2.010,-273.1,14.6,9.785,8.95,0
2026-09-16T17:47:05.343,78.252,255,2.010,-273.1,14.1,9.785,9.06,0
2026-09-16T17:47:05.440,78.350,255,2.010,-273.1,14.4,9.785,9.13,0
2026-09-16T17:47:05.540,78.450,255,2.011,-273.1,14.5,9.785,8.88,0
2026-09-16T17:47:05.642,78.551,255,2.010,-273.1,14.7,9.785,9.12,0
2026-09-16T17:47:05.743,78.652,255,2.011,-273.1,14.6,9.785,9.28,0
2026-09-16T17:47:05.842,78.752,255,2.010,-273.1,14.9,9.785,8.82,0
2026-09-16T17:47:05.943,78.852,255,2.010,-273.1,15.0,9.785,9.08,0
2026-09-16T17:47:06.042,78.952,255,2.011,-273.1,14.6,9.785,9.02,0
2026-09-16T17:47:06.142,79.051,255,2.011,-273.1,14.4,9.785,8.76,0
2026-09-16T17:47:06.242,79.152,255,2.010,-273.1,14.6,9.785,8.88,0
2026-09-16T17:47:06.343,79.252,255,2.010,-273.1,14.5,9.785,9.11,0
2026-09-16T17:47:06.443,79.353,255,2.010,-273.1,14.5,9.785,9.14,0
2026-09-16T17:47:06.544,79.453,255,2.010,-273.1,14.5,9.785,8.86,0
2026-09-16T17:47:06.643,79.553,255,2.010,-273.1,14.3,9.785,9.19,0
2026-09-16T17:47:06.746,79.655,255,2.010,-273.1,14.3,9.785,9.00,0
2026-09-16T17:47:06.843,79.753,255,2.010,-273.1,14.3,9.785,8.97,0
2026-09-16T17:47:06.944,79.853,255,2.010,-273.1,14.5,9.785,9.06,0
2026-09-16T17:47:07.044,79.954,255,2.010,-273.1,14.4,9.785,8.98,0
2026-09-16T17:47:07.145,80.054,255,2.011,-273.1,14.5,9.785,9.14,0
2026-09-16T17:47:07.245,80.155,255,2.012,-273.1,14.6,9.785,8.89,0
2026-09-16T17:47:07.346,80.256,255,2.011,-273.1,14.4,9.785,9.05,0
2026-09-16T17:47:07.446,80.356,255,2.011,-273.1,14.7,9.785,8.84,0
2026-09-16T17:47:07.547,80.457,255,2.011,-273.1,14.6,9.785,8.97,0
2026-09-16T17:47:07.647,80.557,255,2.011,-273.1,14.7,9.785,8.75,0
2026-09-16T17:47:07.749,80.659,255,2.011,-273.1,14.5,9.785,9.00,0
2026-09-16T17:47:07.848,80.758,255,2.010,-273.1,14.6,9.785,8.95,0
2026-09-16T17:47:07.949,80.859,255,2.011,-273.1,14.8,9.785,9.20,0
2026-09-16T17:47:08.049,80.958,255,2.011,-273.1,14.8,9.785,9.10,0
2026-09-16T17:47:08.149,81.059,255,2.011,-273.1,14.4,9.785,8.95,0
2026-09-16T17:47:08.250,81.159,255,2.011,-273.1,14.7,9.785,8.87,0
2026-09-16T17:47:08.350,81.260,255,2.012,-273.1,14.8,9.785,8.99,0
2026-09-16T17:47:08.451,81.361,255,2.011,-273.1,14.8,9.785,8.88,0
2026-09-16T17:47:08.552,81.461,255,2.011,-273.1,14.8,9.785,9.07,0
2026-09-16T17:47:08.652,81.562,255,2.011,-273.1,14.7,9.785,9.10,0
2026-09-16T17:47:08.755,81.665,255,2.011,-273.1,14.9,9.785,8.86,0
2026-09-16T17:47:08.853,81.763,255,2.011,-273.1,15.0,9.785,8.84,0
2026-09-16T17:47:08.953,81.863,255,2.011,-273.1,14.9,9.785,9.07,0
2026-09-16T17:47:09.057,81.967,255,2.011,-273.1,15.0,9.785,9.26,0
2026-09-16T17:47:09.154,82.064,255,2.012,-273.1,14.8,9.785,9.16,0
2026-09-16T17:47:09.255,82.164,255,2.012,-273.1,14.9,9.785,9.14,0
2026-09-16T17:47:09.355,82.265,255,2.011,-273.1,15.1,9.785,8.83,0
2026-09-16T17:47:09.455,82.365,255,2.012,-273.1,14.9,9.785,9.32,0
2026-09-16T17:47:09.555,82.464,255,2.011,-273.1,14.8,9.785,9.05,0
2026-09-16T17:47:09.656,82.566,255,2.010,-273.1,14.8,9.785,9.10,0
2026-09-16T17:47:09.755,82.665,255,2.011,-273.1,14.8,9.785,9.03,0
2026-09-16T17:47:09.855,82.764,255,2.011,-273.1,14.6,9.785,8.98,0
2026-09-16T17:47:09.955,82.865,255,2.011,-273.1,14.8,9.785,8.89,0
2026-09-16T17:47:10.056,82.966,255,2.013,-273.1,14.6,9.785,9.08,0
2026-09-16T17:47:10.156,83.065,255,2.011,-273.1,14.8,9.785,9.12,0
2026-09-16T17:47:10.255,83.165,255,2.011,-273.1,14.5,9.785,9.05,0
2026-09-16T17:47:10.355,83.265,255,2.014,-273.1,14.4,9.785,8.92,0
2026-09-16T17:47:10.456,83.366,255,2.012,-273.1,14.5,9.785,9.08,0
2026-09-16T17:47:10.556,83.465,255,2.011,-273.1,14.5,9.785,9.21,0
2026-09-16T17:47:10.656,83.566,255,2.011,-273.1,14.7,9.785,9.23,0
2026-09-16T17:47:10.757,83.666,255,2.011,-273.1,14.7,9.785,8.97,0
2026-09-16T17:47:10.860,83.770,255,2.011,-273.1,14.6,9.785,9.14,0
2026-09-16T17:47:10.957,83.867,255,2.010,-273.1,14.8,9.785,8.99,0
2026-09-16T17:47:11.058,83.967,255,2.011,-273.1,14.6,9.785,9.05,0
2026-09-16T17:47:11.158,84.068,255,2.008,-273.1,14.6,9.785,8.85,0
2026-09-16T17:47:11.257,84.167,255,2.011,-273.1,14.6,9.785,9.18,0
2026-09-16T17:47:11.358,84.268,255,2.011,-273.1,14.5,9.785,9.11,0
2026-09-16T17:47:11.459,84.368,255,2.011,-273.1,14.6,9.785,9.06,0
2026-09-16T17:47:11.559,84.469,255,2.011,-273.1,14.7,9.785,9.25,0
2026-09-16T17:47:11.659,84.568,255,2.011,-273.1,14.4,9.785,9.10,0
2026-09-16T17:47:11.760,84.669,255,2.010,-273.1,14.6,9.785,9.14,0
2026-09-16T17:47:11.860,84.770,255,2.012,-273.1,14.5,9.785,8.94,0
2026-09-16T17:47:11.959,84.868,255,2.011,-273.1,14.3,9.785,9.05,0
2026-09-16T17:47:12.059,84.969,255,2.011,-273.1,14.4,9.785,8.99,0
2026-09-16T17:47:12.160,85.070,255,2.011,-273.1,14.5,9.785,9.05,0
2026-09-16T17:47:12.260,85.170,255,2.011,-273.1,14.4,9.785,9.17,0
2026-09-16T17:47:12.361,85.270,255,2.011,-273.1,14.7,9.785,8.84,0
2026-09-16T17:47:12.461,85.371,255,2.011,-273.1,14.6,9.785,9.13,0
2026-09-16T17:47:12.561,85.470,255,2.011,-273.1,14.5,9.785,9.00,0
2026-09-16T17:47:12.661,85.571,255,2.011,-273.1,14.7,9.785,8.93,0
2026-09-16T17:47:12.761,85.671,255,2.011,-273.1,14.5,9.785,9.34,0
2026-09-16T17:47:12.862,85.772,255,2.011,-273.1,14.5,9.785,9.10,0
2026-09-16T17:47:12.961,85.871,255,2.012,-273.1,14.2,9.785,9.07,0
2026-09-16T17:47:13.062,85.972,255,2.011,-273.1,14.5,9.785,8.92,0
2026-09-16T17:47:13.161,86.071,255,2.011,-273.1,14.5,9.785,9.01,0
2026-09-16T17:47:13.262,86.172,255,2.011,-273.1,14.1,9.785,9.05,0
2026-09-16T17:47:13.364,86.274,255,2.011,-273.1,14.5,9.785,9.09,0
2026-09-16T17:47:13.463,86.373,255,2.011,-273.1,14.3,9.785,9.06,0
2026-09-16T17:47:13.566,86.475,255,2.011,-273.1,14.4,9.785,8.93,0
2026-09-16T17:47:13.663,86.573,255,2.011,-273.1,14.4,9.785,9.34,0
2026-09-16T17:47:13.764,86.673,255,2.011,-273.1,14.3,9.785,8.85,0
2026-09-16T17:47:13.864,86.774,255,2.011,-273.1,14.3,9.785,8.96,0
2026-09-16T17:47:13.965,86.875,255,2.011,-273.1,14.5,9.785,9.33,0
2026-09-16T17:47:14.065,86.974,255,2.011,-273.1,14.4,9.785,8.95,0
2026-09-16T17:47:14.166,87.075,255,2.011,-273.1,14.4,9.785,8.91,0
2026-09-16T17:47:14.266,87.176,255,2.012,-273.1,14.6,9.785,8.99,0
2026-09-16T17:47:14.367,87.277,255,2.011,-273.1,14.4,9.785,9.24,0
2026-09-16T17:47:14.466,87.376,255,2.011,-273.1,14.5,9.785,9.26,0
2026-09-16T17:47:14.568,87.478,255,2.011,-273.1,14.4,9.785,8.96,0
2026-09-16T17:47:14.666,87.575,255,2.011,-273.1,14.6,9.785,9.03,0
2026-09-16T17:47:14.766,87.676,255,2.011,-66.1,14.2,9.785,9.15,0
2026-09-16T17:47:14.867,87.777,255,2.011,-273.1,14.3,9.785,9.10,0
2026-09-16T17:47:14.967,87.877,255,2.011,-80.2,14.1,9.785,9.13,0
2026-09-16T17:47:15.067,87.976,255,2.011,-273.1,13.9,9.785,9.02,0
2026-09-16T17:47:15.167,88.076,255,2.011,-273.1,14.2,9.785,9.27,0
2026-09-16T17:47:15.268,88.178,255,2.012,-273.1,14.1,9.785,8.99,0
2026-09-16T17:47:15.368,88.277,255,2.011,-273.1,14.0,9.785,8.90,0
2026-09-16T17:47:15.468,88.378,255,2.011,-273.1,14.3,9.785,8.95,0
2026-09-16T17:47:15.569,88.478,255,2.012,-273.1,14.2,9.785,9.34,0
2026-09-16T17:47:15.670,88.579,255,2.011,-273.1,14.1,9.785,9.05,0
2026-09-16T17:47:15.769,88.679,255,2.012,-273.1,13.9,9.785,8.83,0
2026-09-16T17:47:15.872,88.781,255,2.011,-273.1,14.2,9.785,9.14,0
2026-09-16T17:47:15.969,88.879,255,2.011,-273.1,14.2,9.785,9.22,0
2026-09-16T17:47:16.070,88.979,255,2.011,-273.1,14.1,9.785,8.85,0
2026-09-16T17:47:16.171,89.080,255,2.011,-273.1,14.5,9.785,8.98,0
2026-09-16T17:47:16.271,89.181,255,2.011,-273.1,14.2,9.785,8.96,0
2026-09-16T17:47:16.372,89.282,255,2.011,-273.1,14.4,9.785,9.34,0
2026-09-16T17:47:16.473,89.382,255,2.012,-273.1,14.4,9.785,9.02,0
2026-09-16T17:47:16.573,89.483,255,2.011,-273.1,14.5,9.785,8.98,0
2026-09-16T17:47:16.673,89.582,255,2.011,-273.1,14.3,9.785,9.26,0
2026-09-16T17:47:16.774,89.683,255,2.011,-273.1,14.4,9.785,9.11,0
2026-09-16T17:47:16.876,89.786,255,2.011,-273.1,14.4,9.785,9.06,0
2026-09-16T17:47:16.974,89.883,255,2.011,-273.1,14.3,9.785,9.02,0
2026-09-16T17:47:17.074,89.984,255,2.011,-273.1,14.4,9.785,8.94,0
2026-09-16T17:47:17.174,90.084,255,2.011,-273.1,14.4,9.785,9.19,0
2026-09-16T17:47:17.275,90.184,255,2.011,-273.1,14.4,9.785,9.00,0
2026-09-16T17:47:17.375,90.285,255,2.011,-273.1,14.4,9.785,9.08,0
2026-09-16T17:47:17.476,90.386,255,2.011,-273.1,14.4,9.785,8.94,0
2026-09-16T17:47:17.576,90.485,255,2.011,-273.1,14.5,9.785,9.15,0
2026-09-16T17:47:17.677,90.586,255,2.011,-273.1,14.4,9.785,9.14,0
2026-09-16T17:47:17.778,90.688,255,2.014,-273.1,14.4,9.785,9.12,0
2026-09-16T17:47:17.877,90.786,255,2.011,-273.1,14.5,9.785,9.05,0
2026-09-16T17:47:17.977,90.887,255,2.011,-273.1,14.4,9.785,9.02,0
2026-09-16T17:47:18.078,90.988,255,2.010,-273.1,14.4,9.785,9.05,0
2026-09-16T17:47:18.178,91.087,255,2.011,-273.1,14.4,9.785,9.17,0
2026-09-16T17:47:18.278,91.188,255,2.010,-273.1,14.5,9.785,8.96,0
2026-09-16T17:47:18.379,91.289,255,2.011,-273.1,14.4,9.785,8.84,0
2026-09-16T17:47:18.479,91.388,255,2.011,-273.1,14.3,9.785,9.03,0
2026-09-16T17:47:18.579,91.489,255,2.011,-273.1,14.5,9.785,8.99,0
2026-09-16T17:47:18.681,91.591,255,2.011,-273.1,14.5,9.785,9.05,0
2026-09-16T17:47:18.782,91.692,255,2.010,-273.1,14.5,9.785,9.11,0
2026-09-16T17:47:18.881,91.791,255,2.011,-273.1,14.5,9.785,8.94,0
2026-09-16T17:47:18.981,91.890,255,2.011,-273.1,14.6,9.785,9.06,0
2026-09-16T17:47:19.082,91.991,255,2.011,-273.1,14.7,9.785,9.24,0
2026-09-16T17:47:19.181,92.090,255,2.010,-73.4,14.6,9.785,9.14,0
2026-09-16T17:47:19.282,92.192,255,2.010,-273.1,14.4,9.785,9.21,0
2026-09-16T17:47:19.382,92.291,255,2.011,-273.1,14.2,9.785,9.37,0
2026-09-16T17:47:19.483,92.392,255,2.011,-273.1,14.6,9.785,9.26,0
2026-09-16T17:47:19.583,92.493,255,2.011,-273.1,14.7,9.785,8.96,0
2026-09-16T17:47:19.684,92.593,255,2.012,-273.1,14.4,9.785,9.25,0
2026-09-16T17:47:19.783,92.693,255,2.012,-273.1,14.6,9.785,9.04,0
2026-09-16T17:47:19.884,92.793,255,2.012,-273.1,14.6,9.785,9.17,0
2026-09-16T17:47:19.985,92.894,255,2.012,-273.1,14.6,9.785,9.06,0
2026-09-16T17:47:20.085,92.995,255,2.012,-273.1,14.5,9.785,8.94,0
2026-09-16T17:47:20.186,93.096,255,2.012,-273.1,14.7,9.785,9.06,0
2026-09-16T17:47:20.287,93.197,255,2.013,-273.1,15.0,9.785,9.02,0
2026-09-16T17:47:20.387,93.296,255,2.012,-273.1,14.9,9.785,9.09,0
2026-09-16T17:47:20.487,93.396,255,2.011,-273.1,14.6,9.785,8.90,0
2026-09-16T17:47:20.589,93.498,255,2.012,-273.1,14.7,9.785,8.97,0
2026-09-16T17:47:20.687,93.596,255,2.012,-273.1,14.6,9.785,8.89,0
2026-09-16T17:47:20.787,93.697,255,2.012,-273.1,14.5,9.785,9.22,0
2026-09-16T17:47:20.888,93.798,255,2.011,-273.1,14.9,9.785,9.03,0
2026-09-16T17:47:20.989,93.898,255,2.012,-273.1,14.9,9.785,9.16,0
2026-09-16T17:47:21.089,93.998,255,2.011,-71.8,14.8,9.785,9.39,0
2026-09-16T17:47:21.189,94.098,255,2.012,-273.1,14.7,9.785,8.82,0
2026-09-16T17:47:21.289,94.199,255,2.011,-273.1,14.8,9.785,9.06,0
2026-09-16T17:47:21.390,94.300,255,2.011,-273.1,14.7,9.785,8.92,0
2026-09-16T17:47:21.492,94.401,255,2.012,-273.1,14.9,9.785,9.07,0
2026-09-16T17:47:21.593,94.503,255,2.011,-273.1,15.2,9.785,9.17,0
2026-09-16T17:47:21.691,94.600,255,2.011,-273.1,14.7,9.785,9.03,0
2026-09-16T17:47:21.791,94.701,255,2.011,-273.1,14.7,9.785,9.09,0
2026-09-16T17:47:21.892,94.801,255,2.012,-273.1,15.0,9.785,8.81,0
2026-09-16T17:47:21.993,94.902,255,2.011,-273.1,14.8,9.785,9.18,0
2026-09-16T17:47:22.092,95.001,255,2.011,-273.1,14.9,9.785,9.13,0
2026-09-16T17:47:22.193,95.102,255,2.011,-273.1,14.8,9.785,9.06,0
2026-09-16T17:47:22.293,95.203,255,2.011,-273.1,15.0,9.785,9.01,0
2026-09-16T17:47:22.394,95.304,255,2.012,-273.1,14.8,9.785,9.17,0
2026-09-16T17:47:22.495,95.404,255,2.011,-273.1,14.8,9.785,9.32,0
2026-09-16T17:47:22.596,95.505,255,2.011,-83.9,14.7,9.785,9.21,0
2026-09-16T17:47:22.696,95.606,255,2.011,-273.1,14.8,9.785,8.96,0
2026-09-16T17:47:22.796,95.706,255,2.011,-273.1,14.6,9.785,9.13,0
2026-09-16T17:47:22.897,95.806,255,2.011,-273.1,14.6,9.785,9.06,0
2026-09-16T17:47:22.998,95.907,255,2.011,-273.1,14.6,9.785,9.10,0
2026-09-16T17:47:23.097,96.006,255,2.011,-273.1,14.8,9.785,9.07,0
2026-09-16T17:47:23.197,96.107,255,2.012,-90.0,15.0,9.785,8.96,0
2026-09-16T17:47:23.298,96.208,255,2.011,-273.1,15.0,9.785,9.05,0
2026-09-16T17:47:23.397,96.307,255,2.011,-83.9,15.2,9.785,9.22,0
2026-09-16T17:47:23.498,96.407,255,2.011,-273.1,14.9,9.785,9.01,0
2026-09-16T17:47:23.599,96.508,255,2.012,-273.1,14.8,9.785,9.12,0
2026-09-16T17:47:23.698,96.608,255,2.011,-273.1,14.9,9.785,9.21,0
2026-09-16T17:47:23.799,96.708,255,2.012,-273.1,14.9,9.785,8.91,0
2026-09-16T17:47:23.900,96.809,255,2.011,-273.1,15.1,9.785,8.90,0
2026-09-16T17:47:24.000,96.910,255,2.012,-273.1,14.7,9.785,9.23,0
2026-09-16T17:47:24.100,97.010,255,2.011,-273.1,14.8,9.785,9.28,0
2026-09-16T17:47:24.201,97.110,255,2.016,-273.1,14.8,9.785,8.80,0
2026-09-16T17:47:24.301,97.211,255,2.011,-273.1,14.5,9.785,9.04,0
2026-09-16T17:47:24.402,97.311,255,2.012,-273.1,14.8,9.785,9.06,0
2026-09-16T17:47:24.503,97.412,255,2.012,-273.1,14.8,9.785,9.14,0
2026-09-16T17:47:24.602,97.512,255,2.012,-273.1,14.8,9.785,8.98,0
2026-09-16T17:47:24.703,97.612,255,2.011,-273.1,14.6,9.785,9.02,0
2026-09-16T17:47:24.802,97.712,255,2.012,-273.1,14.7,9.785,9.03,0
2026-09-16T17:47:24.902,97.812,255,2.011,-273.1,14.8,9.785,8.96,0
2026-09-16T17:47:25.003,97.913,255,2.011,-71.8,14.8,9.785,9.11,0
2026-09-16T17:47:25.104,98.014,255,2.012,-273.1,14.5,9.785,9.25,0
2026-09-16T17:47:25.204,98.114,255,2.012,-273.1,14.8,9.785,9.05,0
2026-09-16T17:47:25.304,98.213,255,2.011,-273.1,14.5,9.785,9.06,0
2026-09-16T17:47:25.404,98.314,255,2.012,-273.1,14.5,9.785,9.03,0
2026-09-16T17:47:25.505,98.415,255,2.012,-273.1,14.7,9.785,9.02,0
2026-09-16T17:47:25.606,98.516,255,2.011,-273.1,14.7,9.785,9.12,0
2026-09-16T17:47:25.707,98.617,255,2.012,-273.1,14.6,9.785,9.43,0
2026-09-16T17:47:25.807,98.716,255,2.011,-273.1,14.8,9.785,9.06,0
2026-09-16T17:47:25.906,98.816,255,2.011,-273.1,14.7,9.785,9.07,0
2026-09-16T17:47:26.007,98.916,255,2.012,-273.1,14.7,9.785,9.10,0
2026-09-16T17:47:26.110,99.019,255,2.011,-273.1,14.7,9.785,9.09,0
2026-09-16T17:47:26.207,99.117,255,2.011,-273.1,14.4,9.785,9.03,0
2026-09-16T17:47:26.308,99.218,255,2.011,-273.1,14.7,9.785,9.29,0
2026-09-16T17:47:26.409,99.318,255,2.011,-273.1,14.9,9.785,9.28,0
2026-09-16T17:47:26.510,99.419,255,2.011,-273.1,14.4,9.785,9.18,0
2026-09-16T17:47:26.609,99.519,255,2.011,-273.1,14.7,9.785,9.13,0
2026-09-16T17:47:26.710,99.620,255,2.011,-273.1,14.5,9.785,8.89,0
2026-09-16T17:47:26.811,99.720,255,2.011,-273.1,14.4,9.785,9.06,0
2026-09-16T17:47:26.912,99.821,255,2.011,-273.1,14.5,9.785,9.17,0
2026-09-16T17:47:27.011,99.920,255,2.012,-273.1,14.4,9.785,9.11,0
2026-09-16T17:47:27.111,100.021,255,2.011,-273.1,14.5,9.785,9.10,0
2026-09-16T17:47:27.211,100.120,255,2.011,-90.0,14.6,9.785,9.01,0
2026-09-16T17:47:27.311,100.221,255,2.012,-273.1,14.6,9.785,9.16,0
2026-09-16T17:47:27.410,100.320,255,2.012,-273.1,14.8,9.785,9.08,0
2026-09-16T17:47:27.511,100.421,255,2.012,-273.1,15.4,9.785,9.03,0
2026-09-16T17:47:27.611,100.520,255,2.011,-273.1,14.7,9.785,8.98,0
2026-09-16T17:47:27.711,100.621,255,2.012,-273.1,14.7,9.785,8.89,0
2026-09-16T17:47:27.811,100.720,255,2.012,-273.1,14.7,9.785,9.04,0
2026-09-16T17:47:27.911,100.821,255,2.012,-273.1,14.8,9.785,9.08,0
2026-09-16T17:47:28.012,100.921,255,2.012,-273.1,14.8,9.785,9.27,0
2026-09-16T17:47:28.113,101.022,255,2.012,-273.1,14.5,9.785,9.22,0
2026-09-16T17:47:28.212,101.121,255,2.012,-273.1,14.9,9.785,9.05,0
2026-09-16T17:47:28.312,101.222,255,2.011,-273.1,14.8,9.785,9.22,0
2026-09-16T17:47:28.413,101.322,255,2.013,-70.4,14.7,9.785,9.07,0
2026-09-16T17:47:28.513,101.423,255,2.012,-273.1,14.7,9.785,9.16,0
2026-09-16T17:47:28.613,101.522,255,2.010,-273.1,14.8,9.785,9.17,0
2026-09-16T17:47:28.714,101.623,255,2.011,-273.1,14.7,9.785,8.98,0
2026-09-16T17:47:28.813,101.722,255,2.012,-273.1,14.8,9.785,8.89,0
2026-09-16T17:47:28.914,101.823,255,2.012,-273.1,14.8,9.785,9.07,0
2026-09-16T17:47:29.013,101.922,255,2.012,-273.1,14.7,9.785,9.06,0
2026-09-16T17:47:29.113,102.023,255,2.012,-273.1,14.9,9.785,9.15,0
2026-09-16T17:47:29.213,102.122,255,2.013,-273.1,14.8,9.785,9.17,0
2026-09-16T17:47:29.313,102.223,255,2.012,-273.1,14.6,9.785,9.09,0
2026-09-16T17:47:29.412,102.322,255,2.013,-273.1,14.7,9.785,9.08,0
2026-09-16T17:47:29.513,102.422,255,2.012,-273.1,14.5,9.785,9.09,0
2026-09-16T17:47:29.615,102.525,255,2.012,-83.9,14.5,9.785,9.09,0
2026-09-16T17:47:29.713,102.623,255,2.012,-273.1,14.5,9.785,9.13,0
2026-09-16T17:47:29.814,102.723,255,2.013,-273.1,14.5,9.785,9.15,0
2026-09-16T17:47:29.915,102.824,255,2.014,-273.1,14.6,9.785,9.15,0
2026-09-16T17:47:30.014,102.924,255,2.012,-273.1,14.7,9.785,9.25,0
2026-09-16T17:47:30.115,103.024,255,2.012,-273.1,14.7,9.785,9.10,0
2026-09-16T17:47:30.215,103.125,255,2.012,-273.1,14.5,9.785,8.98,0
2026-09-16T17:47:30.315,103.225,255,2.012,-273.1,14.6,9.785,9.29,0
2026-09-16T17:47:30.416,103.325,255,2.012,-273.1,14.5,9.785,9.10,0
2026-09-16T17:47:30.517,103.426,255,2.011,-273.1,14.6,9.785,9.11,0
2026-09-16T17:47:30.619,103.528,255,2.012,-273.1,14.6,9.785,9.09,0
2026-09-16T17:47:30.717,103.626,255,2.012,-273.1,14.6,9.785,9.04,0
2026-09-16T17:47:30.818,103.727,255,2.012,-273.1,14.6,9.785,9.13,0
2026-09-16T17:47:30.917,103.827,255,2.012,-273.1,14.4,9.785,8.96,0
2026-09-16T17:47:31.017,103.927,255,2.012,-273.1,14.6,9.785,8.91,0
2026-09-16T17:47:31.118,104.028,255,2.012,-273.1,14.6,9.785,9.07,0
2026-09-16T17:47:31.218,104.127,255,2.011,-273.1,14.6,9.785,9.19,0
2026-09-16T17:47:31.318,104.228,255,2.013,-273.1,14.5,9.785,9.16,0
2026-09-16T17:47:31.418,104.327,255,2.011,-273.1,14.3,9.785,9.24,0
2026-09-16T17:47:31.519,104.428,255,2.012,-273.1,14.5,9.785,9.14,0
2026-09-16T17:47:31.619,104.529,255,2.013,-273.1,14.5,9.785,9.24,0
2026-09-16T17:47:31.721,104.630,255,2.012,-273.1,14.6,9.785,9.16,0
2026-09-16T17:47:31.820,104.730,255,2.012,-273.1,14.6,9.785,9.15,0
2026-09-16T17:47:31.920,104.829,255,2.012,-273.1,14.4,9.785,8.98,0
2026-09-16T17:47:32.020,104.930,255,2.013,-273.1,14.6,9.785,9.06,0
2026-09-16T17:47:32.120,105.029,255,2.012,-273.1,14.3,9.785,8.96,0
2026-09-16T17:47:32.220,105.130,255,2.012,-273.1,14.3,9.785,9.03,0
2026-09-16T17:47:32.320,105.230,255,2.013,-69.2,14.4,9.785,9.09,0
2026-09-16T17:47:32.420,105.330,255,2.012,-273.1,14.3,9.785,8.99,0
2026-09-16T17:47:32.521,105.430,255,2.012,-273.1,14.5,9.785,9.17,0
2026-09-16T17:47:32.621,105.531,255,2.012,-273.1,14.5,9.785,9.19,0
2026-09-16T17:47:32.720,105.630,255,2.012,-273.1,14.3,9.785,9.05,0
2026-09-16T17:47:32.821,105.731,255,2.012,-273.1,14.4,9.785,9.20,0
2026-09-16T17:47:32.921,105.830,255,2.012,-273.1,14.1,9.785,9.32,0
2026-09-16T17:47:33.021,105.931,255,2.012,-273.1,14.0,9.785,9.09,0
2026-09-16T17:47:33.123,106.032,255,2.012,-273.1,14.1,9.785,9.00,0
2026-09-16T17:47:33.223,106.132,255,2.012,-273.1,14.0,9.785,9.12,0
2026-09-16T17:47:33.321,106.231,255,2.013,-273.1,14.1,9.785,9.24,0
2026-09-16T17:47:33.421,106.331,255,2.012,-273.1,14.0,9.785,8.96,0
2026-09-16T17:47:33.522,106.431,255,2.012,-273.1,14.3,9.785,9.14,0
2026-09-16T17:47:33.622,106.531,255,2.012,-273.1,13.9,9.785,9.09,0
2026-09-16T17:47:33.722,106.632,255,2.012,-273.1,13.9,9.785,9.05,0
2026-09-16T17:47:33.823,106.733,255,2.012,-273.1,14.2,9.785,8.88,0
2026-09-16T17:47:33.922,106.832,255,2.012,-273.1,14.0,9.785,9.20,0
2026-09-16T17:47:34.024,106.933,255,2.013,-273.1,14.1,9.785,9.10,0
2026-09-16T17:47:34.123,107.033,255,2.013,-273.1,14.0,9.785,9.18,0
2026-09-16T17:47:34.224,107.133,255,2.012,-273.1,14.0,9.785,9.19,0
2026-09-16T17:47:34.326,107.236,255,2.013,-273.1,14.1,9.785,9.29,0
2026-09-16T17:47:34.424,107.334,255,2.012,-273.1,14.1,9.785,9.21,0
2026-09-16T17:47:34.525,107.434,255,2.013,-273.1,14.0,9.785,9.20,0
2026-09-16T17:47:34.625,107.535,255,2.012,-273.1,14.3,9.785,9.02,0
2026-09-16T17:47:34.726,107.636,255,2.012,-273.1,14.2,9.785,9.08,0
2026-09-16T17:47:34.827,107.736,255,2.012,-273.1,14.2,9.785,9.10,0
2026-09-16T17:47:34.927,107.837,255,2.013,-273.1,14.4,9.785,8.82,0
2026-09-16T17:47:35.028,107.938,255,2.012,-273.1,14.5,9.785,9.09,0
2026-09-16T17:47:35.127,108.037,255,2.012,-273.1,14.1,9.785,9.22,0
2026-09-16T17:47:35.229,108.139,255,2.013,-77.4,14.3,9.785,8.88,0
2026-09-16T17:47:35.329,108.239,255,2.012,-273.1,14.3,9.785,8.97,0
2026-09-16T17:47:35.428,108.338,255,2.012,-273.1,14.2,9.785,8.96,0
2026-09-16T17:47:35.529,108.439,255,2.012,-273.1,14.4,9.785,9.08,0
2026-09-16T17:47:35.629,108.539,255,2.012,-273.1,14.3,9.785,9.17,0
2026-09-16T17:47:35.729,108.638,255,2.012,-80.2,14.2,9.785,9.03,0
2026-09-16T17:47:35.829,108.739,255,2.013,-273.1,14.1,9.785,8.91,0
2026-09-16T17:47:35.930,108.840,255,2.012,-273.1,14.3,9.785,9.03,0
2026-09-16T17:47:36.035,108.944,255,2.012,-273.1,14.2,9.785,8.99,0
2026-09-16T17:47:36.130,109.040,255,2.012,-273.1,14.2,9.785,9.05,0
2026-09-16T17:47:36.231,109.140,255,2.012,-273.1,14.2,9.785,8.81,0
2026-09-16T17:47:36.331,109.241,255,2.012,-273.1,14.2,9.785,9.20,0
2026-09-16T17:47:36.432,109.342,255,2.012,-273.1,14.3,9.785,9.09,0
2026-09-16T17:47:36.532,109.442,255,2.012,-273.1,14.5,9.785,8.95,0
2026-09-16T17:47:36.633,109.543,255,2.012,-273.1,14.5,9.785,8.88,0
2026-09-16T17:47:36.736,109.646,255,2.012,-273.1,14.5,9.785,9.02,0
2026-09-16T17:47:36.834,109.743,255,2.012,-273.1,14.4,9.785,9.19,0
2026-09-16T17:47:36.934,109.844,255,2.013,-273.1,14.4,9.785,8.83,0
2026-09-16T17:47:37.034,109.943,255,2.012,-273.1,14.2,9.785,9.06,0
2026-09-16T17:47:37.134,110.044,255,2.012,-273.1,14.5,9.785,9.11,0
2026-09-16T17:47:37.234,110.143,255,2.012,-273.1,14.2,9.785,9.12,0
2026-09-16T17:47:37.334,110.244,255,2.012,-273.1,14.3,9.785,8.98,0
2026-09-16T17:47:37.435,110.345,255,2.013,-273.1,14.4,9.785,8.93,0
2026-09-16T17:47:37.534,110.444,255,2.013,-273.1,14.0,9.785,8.99,0
2026-09-16T17:47:37.635,110.545,255,2.013,-273.1,14.2,9.785,9.13,0
2026-09-16T17:47:37.734,110.644,255,2.013,-273.1,14.0,9.785,9.09,0
2026-09-16T17:47:37.835,110.744,255,2.012,-273.1,14.0,9.785,9.28,0
2026-09-16T17:47:37.935,110.845,255,2.012,-273.1,14.0,9.785,9.17,0
2026-09-16T17:47:38.036,110.945,255,2.013,-273.1,13.9,9.785,9.14,0
2026-09-16T17:47:38.136,111.045,255,2.012,-273.1,14.1,9.785,8.91,0
2026-09-16T17:47:38.236,111.145,255,2.013,-273.1,13.9,9.785,8.91,0
2026-09-16T17:47:38.337,111.246,255,2.012,-273.1,14.1,9.785,8.94,0
2026-09-16T17:47:38.436,111.346,255,2.013,-90.0,13.9,9.785,8.96,0
2026-09-16T17:47:38.537,111.446,255,2.012,-273.1,14.0,9.785,8.85,0
2026-09-16T17:47:38.637,111.546,255,2.013,-73.4,14.0,9.785,9.24,0
2026-09-16T17:47:38.738,111.647,255,2.013,-273.1,13.9,9.785,9.13,0
2026-09-16T17:47:38.838,111.747,255,2.012,-273.1,14.1,9.785,9.15,0
2026-09-16T17:47:38.938,111.848,255,2.013,-273.1,14.0,9.785,9.24,0
2026-09-16T17:47:39.039,111.948,255,2.013,-273.1,14.1,9.785,9.05,0
2026-09-16T17:47:39.138,112.048,255,2.012,-273.1,14.1,9.785,9.22,0
2026-09-16T17:47:39.238,112.148,255,2.013,-273.1,14.1,9.785,9.13,0
2026-09-16T17:47:39.338,112.248,255,2.014,-273.1,13.9,9.785,9.20,0
2026-09-16T17:47:39.439,112.348,255,2.013,-273.1,13.9,9.785,9.02,0
2026-09-16T17:47:39.539,112.449,255,2.013,-273.1,14.2,9.785,9.12,0
2026-09-16T17:47:39.640,112.549,255,2.013,-273.1,13.8,9.785,9.18,0
2026-09-16T17:47:39.740,112.650,255,2.013,-273.1,14.2,9.785,9.19,0
2026-09-16T17:47:39.841,112.751,255,2.013,-273.1,13.8,9.785,9.11,0
2026-09-16T17:47:39.941,112.850,255,2.012,-273.1,13.9,9.785,8.95,0
2026-09-16T17:47:40.041,112.951,255,2.013,-273.1,14.0,9.785,9.43,0
2026-09-16T17:47:40.143,113.052,255,2.012,-273.1,14.1,9.785,8.96,0
2026-09-16T17:47:40.245,113.154,255,2.013,-71.8,14.0,9.785,9.12,0
2026-09-16T17:47:40.342,113.252,255,2.012,-273.1,13.9,9.785,9.11,0
2026-09-16T17:47:40.442,113.352,255,2.013,-273.1,14.1,9.785,8.80,0
2026-09-16T17:47:40.543,113.453,255,2.012,-273.1,13.9,9.785,9.08,0
2026-09-16T17:47:40.643,113.552,255,2.013,-90.0,13.7,9.785,9.20,0
2026-09-16T17:47:40.743,113.653,255,2.012,-80.2,13.9,9.785,9.12,0
2026-09-16T17:47:40.844,113.754,255,2.013,-273.1,14.1,9.785,9.15,0
2026-09-16T17:47:40.945,113.855,255,2.012,-273.1,14.2,9.785,9.05,0
2026-09-16T17:47:41.046,113.956,255,2.013,-273.1,14.2,9.785,8.92,0
2026-09-16T17:47:41.145,114.055,255,2.013,-273.1,14.3,9.785,9.03,0
2026-09-16T17:47:41.246,114.155,255,2.013,-273.1,14.2,9.785,9.09,0
2026-09-16T17:47:41.346,114.255,255,2.013,-273.1,14.0,9.785,9.26,0
2026-09-16T17:47:41.447,114.357,255,2.013,-273.1,13.9,9.785,9.20,0
2026-09-16T17:47:41.546,114.455,255,2.013,-273.1,13.8,9.785,9.02,0
2026-09-16T17:47:41.646,114.556,255,2.013,-273.1,14.0,9.785,9.13,0
2026-09-16T17:47:41.746,114.655,255,2.013,-273.1,13.9,9.785,9.12,0
2026-09-16T17:47:41.846,114.756,255,2.013,-273.1,14.0,9.785,9.07,0
2026-09-16T17:47:41.947,114.857,255,2.013,-273.1,13.7,9.785,9.09,0
2026-09-16T17:47:42.048,114.957,255,2.013,-273.1,14.0,9.785,9.07,0
2026-09-16T17:47:42.148,115.058,255,2.013,-273.1,14.0,9.785,9.17,0
2026-09-16T17:47:42.249,115.158,255,2.013,-273.1,13.9,9.785,9.04,0
2026-09-16T17:47:42.348,115.257,255,2.013,-80.2,14.2,9.785,9.07,0
2026-09-16T17:47:42.448,115.358,255,2.014,-273.1,13.7,9.785,9.12,0
2026-09-16T17:47:42.549,115.459,255,2.014,-273.1,13.9,9.785,9.28,0
2026-09-16T17:47:42.651,115.561,255,2.013,-273.1,14.0,9.785,9.14,0
2026-09-16T17:47:42.751,115.661,255,2.014,-273.1,14.1,9.785,9.07,0
2026-09-16T17:47:42.852,115.761,255,2.013,-73.4,14.1,9.785,9.03,0
2026-09-16T17:47:42.950,115.860,255,2.013,-273.1,14.1,9.785,9.09,0
2026-09-16T17:47:43.051,115.961,255,2.013,-273.1,14.2,9.785,9.28,0
2026-09-16T17:47:43.152,116.062,255,2.013,-273.1,14.1,9.785,9.25,0
2026-09-16T17:47:43.251,116.161,255,2.013,-273.1,13.8,9.785,9.01,0
2026-09-16T17:47:43.351,116.261,255,2.013,-273.1,13.9,9.785,9.25,0
2026-09-16T17:47:43.452,116.362,255,2.013,-273.1,14.0,9.785,9.17,0
2026-09-16T17:47:43.552,116.462,255,2.013,-273.1,13.8,9.785,9.09,0
2026-09-16T17:47:43.653,116.563,255,2.013,-273.1,14.0,9.785,8.74,0
2026-09-16T17:47:43.754,116.663,255,2.013,-273.1,14.2,9.785,9.21,0
2026-09-16T17:47:43.853,116.762,255,2.013,-273.1,13.9,9.785,9.18,0
2026-09-16T17:47:43.953,116.862,255,2.013,-273.1,14.0,9.785,9.10,0
2026-09-16T17:47:44.055,116.965,255,2.013,-273.1,14.1,9.785,9.17,0
2026-09-16T17:47:44.153,117.063,255,2.014,-273.1,13.7,9.785,8.96,0
2026-09-16T17:47:44.254,117.163,255,2.013,-273.1,13.9,9.785,9.06,0
2026-09-16T17:47:44.355,117.264,255,2.014,-273.1,13.9,9.785,9.12,0
2026-09-16T17:47:44.455,117.365,255,2.014,-273.1,14.2,9.785,9.07,0
2026-09-16T17:47:44.556,117.466,255,2.014,-273.1,14.1,9.785,9.24,0
2026-09-16T17:47:44.657,117.566,255,2.013,-273.1,14.4,9.785,9.10,0
2026-09-16T17:47:44.757,117.667,255,2.013,-273.1,14.4,9.785,9.11,0
2026-09-16T17:47:44.858,117.767,255,2.013,-273.1,14.4,9.785,8.95,0
2026-09-16T17:47:44.957,117.867,255,2.013,-273.1,14.2,9.785,9.16,0
2026-09-16T17:47:45.058,117.968,255,2.013,-273.1,14.3,9.785,9.21,0
2026-09-16T17:47:45.160,118.070,255,2.013,-273.1,14.5,9.785,9.10,0
2026-09-16T17:47:45.259,118.169,255,2.014,-273.1,14.4,9.785,9.02,0
2026-09-16T17:47:45.359,118.269,255,2.014,-80.2,14.4,9.785,9.07,0
2026-09-16T17:47:45.460,118.369,255,2.013,-273.1,14.5,9.785,9.07,0
2026-09-16T17:47:45.560,118.469,255,2.013,-273.1,14.4,9.785,9.09,0
2026-09-16T17:47:45.660,118.570,255,2.013,-273.1,14.3,9.785,8.97,0
2026-09-16T17:47:45.760,118.670,255,2.013,-273.1,14.3,9.785,9.16,0
2026-09-16T17:47:45.861,118.771,255,2.013,-273.1,14.2,9.785,9.09,0
2026-09-16T17:47:45.962,118.872,255,2.013,-273.1,14.5,9.785,9.14,0
2026-09-16T17:47:46.063,118.972,255,2.014,-273.1,14.6,9.785,9.06,0
2026-09-16T17:47:46.163,119.073,255,2.013,-273.1,14.9,9.785,8.83,0
2026-09-16T17:47:46.264,119.173,255,2.013,-273.1,14.6,9.785,9.19,0
2026-09-16T17:47:46.364,119.273,255,2.013,-273.1,14.6,9.785,9.00,0
2026-09-16T17:47:46.465,119.375,255,2.013,-273.1,14.6,9.785,8.95,0
2026-09-16T17:47:46.563,119.473,255,2.013,-273.1,14.6,9.785,9.10,0
2026-09-16T17:47:46.664,119.573,255,2.012,-273.1,14.8,9.785,8.78,0
2026-09-16T17:47:46.765,119.674,255,2.014,-273.1,14.5,9.785,9.15,0
2026-09-16T17:47:46.864,119.774,255,2.013,-273.1,14.7,9.785,9.21,0
2026-09-16T17:47:46.965,119.875,255,2.013,-273.1,14.6,9.785,9.21,0
2026-09-16T17:47:47.064,119.974,255,2.013,-273.1,14.6,9.785,9.27,0
2026-09-16T17:47:47.165,120.074,255,2.013,-90.0,14.6,9.785,9.24,0
2026-09-16T17:47:47.265,120.175,255,2.014,-273.1,14.4,9.785,9.18,0
2026-09-16T17:47:47.366,120.275,255,2.013,-273.1,14.5,9.785,9.20,0
2026-09-16T17:47:47.465,120.375,255,2.013,-273.1,14.2,9.785,9.11,0
2026-09-16T17:47:47.566,120.476,255,2.013,-273.1,13.9,9.785,9.29,0
2026-09-16T17:47:47.665,120.575,255,2.013,-273.1,13.9,9.785,9.18,0
2026-09-16T17:47:47.766,120.676,255,2.014,-68.1,14.0,9.785,8.89,0
2026-09-16T17:47:47.872,120.782,255,2.013,-273.1,14.1,9.785,8.89,0
2026-09-16T17:47:47.966,120.875,255,2.013,-273.1,14.2,9.785,9.02,0
2026-09-16T17:47:48.065,120.975,255,2.013,-273.1,13.9,9.785,9.06,0
2026-09-16T17:47:48.166,121.076,255,2.013,-273.1,14.1,9.785,9.28,0
2026-09-16T17:47:48.265,121.175,255,2.013,-273.1,13.8,9.785,9.23,0
2026-09-16T17:47:48.365,121.274,255,2.013,-273.1,13.9,9.785,8.94,0
2026-09-16T17:47:48.466,121.376,255,2.013,-273.1,13.8,9.785,9.06,0
2026-09-16T17:47:48.566,121.475,255,2.013,-273.1,13.7,9.785,9.23,0
2026-09-16T17:47:48.665,121.574,255,2.013,-273.1,13.7,9.785,9.12,0
2026-09-16T17:47:48.766,121.675,255,2.013,-273.1,13.9,9.785,9.19,0
2026-09-16T17:47:48.866,121.775,255,2.013,-273.1,14.0,9.785,9.06,0
2026-09-16T17:47:48.966,121.876,255,2.014,-90.0,13.6,9.785,9.06,0
2026-09-16T17:47:49.066,121.975,255,2.014,-273.1,13.6,9.785,9.27,0
2026-09-16T17:47:49.167,122.076,255,2.014,-273.1,13.6,9.785,9.05,0
2026-09-16T17:47:49.266,122.176,255,2.013,-273.1,13.7,9.785,8.91,0
2026-09-16T17:47:49.367,122.276,255,2.013,-273.1,13.9,9.785,9.21,0
2026-09-16T17:47:49.467,122.377,255,2.013,-273.1,13.7,9.785,9.29,0
2026-09-16T17:47:49.566,122.476,255,2.013,-273.1,13.8,9.785,9.09,0
2026-09-16T17:47:49.667,122.577,255,2.012,-273.1,13.7,9.785,9.20,0
2026-09-16T17:47:49.767,122.677,255,2.012,-273.1,13.8,9.785,9.15,0
2026-09-16T17:47:49.867,122.777,255,2.013,-273.1,13.9,9.785,9.29,0
2026-09-16T17:47:49.968,122.877,255,2.013,-273.1,13.7,9.785,9.06,0
2026-09-16T17:47:50.068,122.978,255,2.013,-273.1,13.6,9.785,9.19,0
2026-09-16T17:47:50.170,123.080,255,2.013,-273.1,13.7,9.785,8.89,0
2026-09-16T17:47:50.268,123.178,255,2.013,-73.4,13.8,9.785,9.06,0
2026-09-16T17:47:50.369,123.279,255,2.013,-273.1,13.3,9.785,9.13,0
2026-09-16T17:47:50.470,123.380,255,2.013,-273.1,13.7,9.785,9.06,0
2026-09-16T17:47:50.570,123.480,255,2.013,-273.1,13.8,9.785,9.18,0
2026-09-16T17:47:50.670,123.579,255,2.013,-273.1,13.9,9.785,8.92,0
2026-09-16T17:47:50.770,123.680,255,2.013,-273.1,13.9,9.785,9.33,0
2026-09-16T17:47:50.871,123.780,255,2.013,-273.1,13.6,9.785,9.35,0
2026-09-16T17:47:50.971,123.881,255,2.013,-273.1,13.8,9.785,9.39,0
2026-09-16T17:47:51.071,123.980,255,2.013,-273.1,13.8,9.785,8.98,0
2026-09-16T17:47:51.171,124.081,255,2.012,-273.1,13.7,9.785,8.80,0
2026-09-16T17:47:51.271,124.180,255,2.013,-273.1,13.9,9.785,9.32,0
2026-09-16T17:47:51.371,124.280,255,2.013,-273.1,13.7,9.785,9.02,0
2026-09-16T17:47:51.471,124.381,255,2.013,-273.1,14.0,9.785,9.09,0
2026-09-16T17:47:51.572,124.481,255,2.012,-273.1,14.1,9.785,9.15,0
2026-09-16T17:47:51.671,124.581,255,2.013,-273.1,14.2,9.785,9.16,0
2026-09-16T17:47:51.772,124.681,255,2.014,-273.1,14.1,9.785,9.05,0
2026-09-16T17:47:51.872,124.782,255,2.013,-273.1,13.9,9.785,8.95,0
2026-09-16T17:47:51.972,124.881,255,2.012,-273.1,14.2,9.785,8.76,0
2026-09-16T17:47:52.072,124.982,255,2.013,-273.1,14.0,9.785,9.01,0
2026-09-16T17:47:52.171,125.081,255,2.013,-273.1,14.2,9.785,8.99,0
2026-09-16T17:47:52.272,125.182,255,2.013,-80.2,14.1,9.785,9.10,0
2026-09-16T17:47:52.371,125.281,255,2.013,-273.1,14.2,9.785,9.19,0
2026-09-16T17:47:52.472,125.382,255,2.013,-273.1,14.7,9.785,9.20,0
2026-09-16T17:47:52.573,125.482,255,2.013,-273.1,14.0,9.785,9.28,0
2026-09-16T17:47:52.675,125.585,255,2.012,-83.9,14.2,9.785,8.85,0
2026-09-16T17:47:52.773,125.683,255,2.013,-273.1,14.3,9.785,9.00,0
2026-09-16T17:47:52.874,125.784,255,2.013,-273.1,14.2,9.785,9.36,0
2026-09-16T17:47:52.974,125.883,255,2.013,-273.1,14.4,9.785,9.39,0
2026-09-16T17:47:53.074,125.984,255,2.013,-80.2,14.1,9.785,8.89,0
2026-09-16T17:47:53.174,126.083,255,2.013,-83.9,14.5,9.785,9.06,0
2026-09-16T17:47:53.274,126.184,255,2.013,-273.1,14.4,9.785,8.96,0
2026-09-16T17:47:53.377,126.287,255,2.013,-273.1,14.5,9.785,9.13,0
2026-09-16T17:47:53.477,126.387,255,2.014,-273.1,14.3,9.785,9.07,0
2026-09-16T17:47:53.577,126.486,255,2.013,-273.1,14.4,9.785,8.92,0
2026-09-16T17:47:53.675,126.585,255,2.013,-273.1,14.2,9.785,9.20,0
2026-09-16T17:47:53.776,126.685,255,2.013,-273.1,14.5,9.785,9.03,0
2026-09-16T17:47:53.877,126.786,255,2.013,-73.4,14.2,9.785,9.10,0
2026-09-16T17:47:53.977,126.886,255,2.013,-273.1,14.4,9.785,9.05,0
2026-09-16T17:47:54.076,126.985,255,2.014,-90.0,14.4,9.785,9.35,0
2026-09-16T17:47:54.176,127.086,255,2.013,-273.1,14.4,9.785,9.20,0
2026-09-16T17:47:54.277,127.186,255,2.013,-273.1,14.4,9.785,9.24,0
2026-09-16T17:47:54.377,127.287,255,2.013,-273.1,14.5,9.785,9.14,0
2026-09-16T17:47:54.476,127.386,255,2.014,-273.1,14.5,9.785,8.89,0
2026-09-16T17:47:54.577,127.487,255,2.012,-71.8,14.5,9.785,8.94,0
2026-09-16T17:47:54.677,127.587,255,2.013,-273.1,14.5,9.785,8.85,0
2026-09-16T17:47:54.778,127.688,255,2.013,-273.1,14.4,9.785,9.15,0
2026-09-16T17:47:54.880,127.790,255,2.012,-273.1,14.6,9.785,9.06,0
2026-09-16T17:47:54.979,127.888,255,2.013,-273.1,14.5,9.785,9.26,0
2026-09-16T17:47:55.079,127.989,255,2.013,-273.1,14.5,9.785,8.92,0
2026-09-16T17:47:55.178,128.088,255,2.013,-273.1,14.7,9.785,9.43,0
2026-09-16T17:47:55.278,128.188,255,2.013,-273.1,14.5,9.785,9.24,0
2026-09-16T17:47:55.379,128.289,255,2.012,-273.1,14.6,9.785,9.31,0
2026-09-16T17:47:55.480,128.389,255,2.012,-273.1,14.7,9.785,9.21,0
2026-09-16T17:47:55.580,128.490,255,2.013,-273.1,14.5,9.785,9.13,0
2026-09-16T17:47:55.681,128.591,255,2.013,-273.1,14.5,9.785,9.22,0
2026-09-16T17:47:55.781,128.690,255,2.013,-273.1,14.8,9.785,9.25,0
2026-09-16T17:47:55.882,128.792,255,2.013,-273.1,14.4,9.785,9.05,0
2026-09-16T17:47:55.981,128.891,255,2.013,-273.1,14.5,9.785,9.15,0
2026-09-16T17:47:56.083,128.993,255,2.013,-273.1,14.6,9.785,9.44,0
2026-09-16T17:47:56.182,129.092,255,2.012,-273.1,14.7,9.785,9.29,0
2026-09-16T17:47:56.281,129.191,255,2.013,-273.1,14.6,9.785,9.14,0
2026-09-16T17:47:56.382,129.292,255,2.013,-273.1,14.5,9.785,8.95,0
2026-09-16T17:47:56.483,129.392,255,2.013,-273.1,14.6,9.785,9.16,0
2026-09-16T17:47:56.583,129.492,255,2.013,-273.1,14.5,9.785,9.17,0
2026-09-16T17:47:56.683,129.593,255,2.013,-273.1,14.8,9.785,9.09,0
2026-09-16T17:47:56.784,129.694,255,2.013,-273.1,14.5,9.785,9.02,0
2026-09-16T17:47:56.884,129.794,255,2.014,-273.1,14.7,9.785,8.88,0
2026-09-16T17:47:56.984,129.894,255,2.014,-273.1,14.6,9.785,9.25,0
2026-09-16T17:47:57.087,129.997,255,2.013,-69.2,14.5,9.785,9.00,0
2026-09-16T17:47:57.185,130.094,255,2.016,-273.1,14.6,9.785,9.27,0
2026-09-16T17:47:57.285,130.195,255,2.013,-273.1,14.5,9.785,9.05,0
2026-09-16T17:47:57.386,130.295,255,2.013,-273.1,14.9,9.785,9.13,0
2026-09-16T17:47:57.486,130.396,255,2.013,-273.1,14.5,9.785,9.28,0
2026-09-16T17:47:57.586,130.496,255,2.014,-273.1,14.7,9.785,9.09,0
2026-09-16T17:47:57.687,130.597,255,2.013,-273.1,14.5,9.785,9.07,0
2026-09-16T17:47:57.788,130.697,255,2.013,-273.1,14.4,9.785,9.20,0
2026-09-16T17:47:57.888,130.798,255,2.013,-273.1,14.3,9.785,9.09,0
2026-09-16T17:47:57.989,130.898,255,2.013,-273.1,14.3,9.785,9.34,0
2026-09-16T17:47:58.090,130.999,255,2.013,-273.1,14.2,9.785,9.01,0
2026-09-16T17:47:58.191,131.100,255,2.013,-273.1,14.4,9.785,9.07,0
2026-09-16T17:47:58.291,131.201,255,2.014,-273.1,14.3,9.785,9.03,0
2026-09-16T17:47:58.391,131.300,255,2.014,-273.1,14.3,9.785,9.05,0
2026-09-16T17:47:58.492,131.402,255,2.014,-273.1,14.1,9.785,9.36,0
2026-09-16T17:47:58.593,131.503,255,2.013,-273.1,14.2,9.785,9.20,0
2026-09-16T17:47:58.692,131.602,255,2.014,-273.1,14.2,9.785,9.03,0
2026-09-16T17:47:58.793,131.703,255,2.014,-273.1,13.9,9.785,9.28,0
2026-09-16T17:47:58.894,131.803,255,2.014,-273.1,13.9,9.785,9.01,0
2026-09-16T17:47:58.995,131.904,255,2.015,-273.1,13.8,9.785,9.22,0
2026-09-16T17:47:59.094,132.003,255,2.014,-273.1,14.1,9.785,9.22,0
2026-09-16T17:47:59.194,132.104,255,2.014,-273.1,14.0,9.785,9.29,0
2026-09-16T17:47:59.294,132.203,255,2.014,-273.1,14.0,9.785,9.05,0
2026-09-16T17:47:59.395,132.305,255,2.014,-273.1,14.0,9.785,9.24,0
2026-09-16T17:47:59.495,132.405,255,2.014,-273.1,13.8,9.785,9.16,0
2026-09-16T17:47:59.596,132.505,255,2.014,-273.1,14.0,9.785,9.27,0
2026-09-16T17:47:59.696,132.606,255,2.013,-273.1,13.9,9.785,9.40,0
2026-09-16T17:47:59.800,132.710,255,2.014,-273.1,13.9,9.785,9.22,0
2026-09-16T17:47:59.897,132.807,255,2.014,-273.1,13.9,9.785,9.17,0
2026-09-16T17:47:59.996,132.906,255,2.014,-273.1,14.1,9.785,9.26,0
2026-09-16T17:48:00.096,133.006,255,2.014,-273.1,14.1,9.785,9.07,0
2026-09-16T17:48:00.197,133.106,255,2.014,-273.1,14.1,9.785,9.26,0
2026-09-16T17:48:00.296,133.206,255,2.014,-273.1,14.1,9.785,9.11,0
2026-09-16T17:48:00.397,133.307,255,2.014,-273.1,14.2,9.785,9.22,0
2026-09-16T17:48:00.497,133.406,255,2.014,-273.1,14.4,9.785,9.20,0
2026-09-16T17:48:00.597,133.507,255,2.014,-273.1,14.3,9.785,9.13,0
2026-09-16T17:48:00.698,133.607,255,2.014,-273.1,14.1,9.785,9.12,0
2026-09-16T17:48:00.798,133.708,255,2.015,-273.1,14.1,9.785,9.28,0
2026-09-16T17:48:00.898,133.808,255,2.014,-273.1,14.1,9.785,9.33,0
2026-09-16T17:48:01.000,133.909,255,2.014,-273.1,14.1,9.785,9.35,0
2026-09-16T17:48:01.099,134.008,255,2.014,-273.1,14.1,9.785,8.97,0
2026-09-16T17:48:01.202,134.111,255,2.014,-273.1,14.2,9.785,9.21,0
2026-09-16T17:48:01.299,134.208,255,2.014,-273.1,14.3,9.785,9.13,0
2026-09-16T17:48:01.399,134.308,255,2.014,-273.1,14.3,9.785,9.43,0
2026-09-16T17:48:01.500,134.409,255,2.014,-273.1,14.4,9.785,9.32,0
2026-09-16T17:48:01.600,134.510,255,2.014,-273.1,14.2,9.785,9.32,0
2026-09-16T17:48:01.699,134.609,255,2.014,-273.1,14.4,9.785,9.17,0
2026-09-16T17:48:01.800,134.710,255,2.014,-273.1,14.4,9.785,9.20,0
2026-09-16T17:48:01.899,134.809,255,2.014,-273.1,14.5,9.785,9.12,0
2026-09-16T17:48:02.000,134.910,255,2.014,-273.1,14.4,9.785,9.13,0
2026-09-16T17:48:02.099,135.009,255,2.014,-273.1,14.4,9.785,9.18,0
2026-09-16T17:48:02.199,135.109,255,2.014,-273.1,14.6,9.785,9.14,0
2026-09-16T17:48:02.301,135.210,255,2.014,-273.1,14.7,9.785,9.14,0
2026-09-16T17:48:02.399,135.309,255,2.014,-273.1,14.4,9.785,9.33,0
2026-09-16T17:48:02.499,135.409,255,2.015,-273.1,14.8,9.785,9.22,0
2026-09-16T17:48:02.598,135.508,255,2.014,-273.1,14.7,9.785,9.07,0
2026-09-16T17:48:02.699,135.609,255,2.014,-273.1,15.2,9.785,9.51,0
2026-09-16T17:48:02.800,135.710,255,2.014,-273.1,14.6,9.785,9.22,0
2026-09-16T17:48:02.902,135.811,255,2.014,-273.1,14.6,9.785,9.17,0
2026-09-16T17:48:03.002,135.912,255,2.014,-273.1,14.7,9.785,9.28,0
2026-09-16T17:48:03.102,136.012,255,2.013,-273.1,14.6,9.785,9.17,0
2026-09-16T17:48:03.202,136.112,255,2.014,-273.1,14.5,9.785,8.98,0
2026-09-16T17:48:03.302,136.212,255,2.014,-273.1,14.6,9.785,9.33,0
2026-09-16T17:48:03.403,136.312,255,2.014,-273.1,14.7,9.785,9.54,0
2026-09-16T17:48:03.502,136.412,255,2.014,-273.1,14.5,9.785,9.41,0
2026-09-16T17:48:03.604,136.513,255,2.014,-273.1,14.7,9.785,9.15,0
2026-09-16T17:48:03.704,136.614,255,2.014,-273.1,14.4,9.785,9.00,0
2026-09-16T17:48:03.804,136.714,255,2.014,-273.1,14.6,9.785,9.28,0
2026-09-16T17:48:03.904,136.813,255,2.014,-273.1,14.6,9.785,9.29,0
2026-09-16T17:48:04.004,136.913,255,2.014,-273.1,14.7,9.785,9.26,0
2026-09-16T17:48:04.106,137.016,255,2.014,-273.1,14.8,9.785,9.15,0
2026-09-16T17:48:04.207,137.116,255,2.014,-273.1,14.6,9.785,9.37,0
2026-09-16T17:48:04.304,137.214,255,2.013,-273.1,14.7,9.785,9.46,0
2026-09-16T17:48:04.406,137.316,255,2.014,-273.1,14.5,9.785,9.22,0
2026-09-16T17:48:04.506,137.416,255,2.013,-273.1,14.7,9.785,9.14,0
2026-09-16T17:48:04.607,137.516,255,2.014,-273.1,14.6,9.785,8.99,0
2026-09-16T17:48:04.707,137.616,255,2.014,-273.1,14.5,9.785,9.22,0
2026-09-16T17:48:04.807,137.716,255,2.014,-273.1,14.6,9.785,9.06,0
2026-09-16T17:48:04.907,137.817,255,2.013,-273.1,14.6,9.785,9.15,0
2026-09-16T17:48:05.007,137.917,255,2.014,-273.1,14.7,9.785,9.21,0
2026-09-16T17:48:05.108,138.017,255,2.014,-273.1,14.7,9.785,9.31,0
2026-09-16T17:48:05.208,138.118,255,2.014,-273.1,14.5,9.785,9.06,0
2026-09-16T17:48:05.308,138.218,255,2.013,-273.1,14.6,9.785,9.28,0
2026-09-16T17:48:05.409,138.318,255,2.014,-273.1,14.5,9.785,9.21,0
2026-09-16T17:48:05.508,138.417,255,2.014,-273.1,14.7,9.785,9.24,0
2026-09-16T17:48:05.608,138.518,255,2.014,-273.1,14.7,9.785,9.18,0
2026-09-16T17:48:05.708,138.617,255,2.014,-273.1,14.7,9.785,9.11,0
2026-09-16T17:48:05.808,138.717,255,2.014,-273.1,14.7,9.785,8.84,0
2026-09-16T17:48:05.908,138.818,255,2.014,-273.1,14.8,9.785,9.02,0
2026-09-16T17:48:06.008,138.918,255,2.014,-273.1,14.6,9.785,9.15,0
2026-09-16T17:48:06.108,139.018,255,2.014,-273.1,14.8,9.785,9.21,0
2026-09-16T17:48:06.209,139.119,255,2.014,-77.4,14.6,9.785,9.10,0
2026-09-16T17:48:06.308,139.218,255,2.014,-273.1,14.4,9.785,9.19,0
2026-09-16T17:48:06.408,139.317,255,2.014,-273.1,14.5,9.785,9.06,0
2026-09-16T17:48:06.508,139.418,255,2.014,-273.1,14.5,9.785,9.43,0
2026-09-16T17:48:06.608,139.518,255,2.014,-273.1,14.5,9.785,9.33,0
2026-09-16T17:48:06.708,139.618,255,2.014,-273.1,14.6,9.785,9.30,0
2026-09-16T17:48:06.809,139.718,255,2.014,-273.1,14.5,9.785,9.06,0
2026-09-16T17:48:06.909,139.819,255,2.014,-273.1,14.4,9.785,9.10,0
2026-09-16T17:48:07.010,139.919,255,2.014,-73.4,14.5,9.785,8.96,0
2026-09-16T17:48:07.109,140.018,255,2.014,-273.1,14.4,9.785,9.08,0
2026-09-16T17:48:07.209,140.119,255,2.015,-273.1,14.4,9.785,9.37,0
2026-09-16T17:48:07.309,140.219,255,2.120,-66.1,14.3,9.785,8.84,0
2026-09-16T17:48:07.409,140.319,255,2.015,-273.1,14.2,9.785,9.56,0
2026-09-16T17:48:07.512,140.422,255,2.014,-273.1,14.1,9.785,9.48,0
2026-09-16T17:48:07.609,140.518,255,2.014,-273.1,14.1,9.785,9.31,0
2026-09-16T17:48:07.709,140.618,255,2.014,-273.1,14.0,9.785,9.54,0
2026-09-16T17:48:07.809,140.718,255,2.015,-273.1,13.8,9.785,9.25,0
2026-09-16T17:48:07.909,140.819,255,2.015,-273.1,13.9,9.785,9.32,0
2026-09-16T17:48:08.009,140.919,255,2.015,-273.1,13.7,9.785,9.25,0
2026-09-16T17:48:08.110,141.019,255,2.015,-273.1,13.9,9.785,9.26,0
2026-09-16T17:48:08.213,141.123,255,2.015,-273.1,13.7,9.785,9.19,0
2026-09-16T17:48:08.310,141.219,255,2.015,-273.1,13.8,9.785,9.18,0
2026-09-16T17:48:08.410,141.320,255,2.015,-273.1,13.8,9.785,9.47,0
2026-09-16T17:48:08.510,141.420,255,2.014,-273.1,13.7,9.785,9.36,0
2026-09-16T17:48:08.611,141.521,255,2.014,-273.1,13.6,9.785,9.31,0
2026-09-16T17:48:08.711,141.621,255,2.015,-273.1,13.6,9.785,9.61,0
2026-09-16T17:48:08.811,141.721,255,2.014,-75.2,13.7,9.785,9.27,0
2026-09-16T17:48:08.912,141.821,255,2.015,-273.1,13.6,9.785,9.26,0
2026-09-16T17:48:09.012,141.922,255,2.014,-273.1,13.7,9.785,9.00,0
2026-09-16T17:48:09.112,142.022,255,2.014,-273.1,13.5,9.785,9.50,0
2026-09-16T17:48:09.212,142.122,255,2.015,-273.1,13.7,9.785,9.45,0
2026-09-16T17:48:09.315,142.224,255,2.015,-273.1,14.1,9.785,9.69,0
2026-09-16T17:48:09.416,142.326,255,2.015,-64.4,14.0,9.785,9.43,0
2026-09-16T17:48:09.514,142.424,255,2.015,-273.1,13.9,9.785,9.68,0
2026-09-16T17:48:09.614,142.524,255,2.014,-273.1,14.2,9.785,9.55,0
2026-09-16T17:48:09.715,142.625,255,2.015,-273.1,14.0,9.785,9.51,0
2026-09-16T17:48:09.815,142.724,255,2.007,-273.1,14.0,9.785,9.15,0
2026-09-16T17:48:09.915,142.825,255,2.012,-273.1,14.1,9.785,9.28,0
2026-09-16T17:48:10.016,142.926,255,2.015,-273.1,14.0,9.785,9.27,0
2026-09-16T17:48:10.117,143.027,255,2.016,-273.1,13.9,9.785,9.28,0
2026-09-16T17:48:10.218,143.128,255,2.027,-273.1,14.3,9.785,9.21,0
2026-09-16T17:48:10.319,143.229,255,2.022,-273.1,14.6,9.785,9.49,0
2026-09-16T17:48:10.419,143.328,255,2.016,-273.1,14.4,9.785,9.99,0
2026-09-16T17:48:10.519,143.429,255,2.016,-273.1,14.2,9.785,10.84,0
2026-09-16T17:48:10.620,143.529,255,2.011,-273.1,14.2,9.785,12.46,0
2026-09-16T17:48:10.719,143.629,255,2.017,-273.1,13.7,9.785,15.02,0
2026-09-16T17:48:10.819,143.729,255,2.017,-273.1,13.6,9.785,16.39,0
2026-09-16T17:48:10.919,143.829,255,2.016,-273.1,13.3,9.785,17.81,0
2026-09-16T17:48:11.020,143.930,255,2.017,-77.4,13.5,9.785,18.41,0
2026-09-16T17:48:11.121,144.030,255,2.017,-273.1,13.4,9.785,19.05,0
2026-09-16T17:48:11.221,144.131,255,2.015,-273.1,13.5,9.785,18.74,0
2026-09-16T17:48:11.321,144.231,255,2.015,-273.1,13.6,9.785,18.34,0
2026-09-16T17:48:11.421,144.330,255,2.015,-273.1,13.5,9.785,17.64,0
2026-09-16T17:48:11.521,144.431,255,2.014,-273.1,13.3,9.785,16.89,0
2026-09-16T17:48:11.622,144.531,255,2.018,-67.0,13.5,9.785,16.93,0
2026-09-16T17:48:11.722,144.632,255,2.019,-273.1,13.6,9.785,17.18,0
2026-09-16T17:48:11.822,144.731,255,2.015,-273.1,13.2,9.785,17.69,0
2026-09-16T17:48:11.922,144.832,255,2.015,-273.1,13.2,9.785,18.25,0
2026-09-16T17:48:12.022,144.931,255,2.017,-273.1,13.1,9.785,18.58,0
2026-09-16T17:48:12.122,145.032,255,2.016,-273.1,12.9,9.785,18.78,0
2026-09-16T17:48:12.222,145.132,255,2.015,-273.1,12.9,9.785,18.71,0
2026-09-16T17:48:12.323,145.233,255,2.014,-273.1,13.0,9.785,18.79,0
2026-09-16T17:48:12.424,145.333,255,2.014,-70.4,13.4,9.785,18.71,0
2026-09-16T17:48:12.523,145.432,255,2.013,-273.1,13.1,9.785,18.82,0
2026-09-16T17:48:12.625,145.535,255,2.014,-83.9,13.0,9.785,19.10,0
2026-09-16T17:48:12.724,145.634,255,2.015,-273.1,12.7,9.785,19.79,0
2026-09-16T17:48:12.825,145.734,255,2.014,-273.1,13.1,9.785,20.05,0
2026-09-16T17:48:12.924,145.834,255,2.014,-273.1,13.1,9.785,20.04,0
2026-09-16T17:48:13.025,145.934,255,2.014,-273.1,13.0,9.785,20.23,0
2026-09-16T17:48:13.125,146.035,255,2.009,-273.1,13.1,9.785,19.66,0
2026-09-16T17:48:13.225,146.135,255,2.014,-65.2,12.8,9.785,18.84,0
2026-09-16T17:48:13.327,146.237,255,2.016,-273.1,13.3,9.785,18.40,0
2026-09-16T17:48:13.429,146.339,255,2.013,-273.1,13.4,9.785,18.08,0
2026-09-16T17:48:13.527,146.436,255,2.014,-273.1,13.0,9.785,17.44,0
2026-09-16T17:48:13.626,146.536,255,2.015,-273.1,13.3,9.785,17.25,0
2026-09-16T17:48:13.727,146.636,255,2.014,-273.1,13.6,9.785,17.35,0
2026-09-16T17:48:13.827,146.737,255,2.012,-273.1,13.5,9.785,17.15,0
2026-09-16T17:48:13.926,146.836,255,2.014,-273.1,13.4,9.785,16.62,0
2026-09-16T17:48:14.027,146.937,255,2.013,-273.1,13.3,9.785,16.69,0
2026-09-16T17:48:14.128,147.037,255,2.013,-273.1,13.2,9.785,16.85,0
2026-09-16T17:48:14.228,147.138,255,2.012,-273.1,13.4,9.785,16.90,0
2026-09-16T17:48:14.328,147.237,255,2.014,-273.1,13.6,9.785,17.00,0
2026-09-16T17:48:14.429,147.338,255,2.013,-273.1,13.2,9.785,17.20,0
2026-09-16T17:48:14.528,147.437,255,2.014,-273.1,13.5,9.785,17.02,0
2026-09-16T17:48:14.629,147.538,255,2.014,-273.1,12.9,9.785,16.73,0
2026-09-16T17:48:14.728,147.638,255,2.019,-273.1,13.2,9.785,13.63,0
2026-09-16T17:48:14.829,147.738,255,2.013,-273.1,13.8,9.785,11.45,0
2026-09-16T17:48:14.929,147.838,255,2.014,-273.1,13.9,9.785,8.97,0
2026-09-16T17:48:15.029,147.939,255,2.010,-273.1,14.2,9.785,7.33,0
2026-09-16T17:48:15.130,148.039,255,0.000,-273.1,13.8,9.785,8.61,0
2026-09-16T17:48:15.230,148.140,255,2.115,-273.1,14.7,9.785,1.82,0
2026-09-16T17:48:15.331,148.240,255,2.119,-273.1,14.6,9.785,3.42,0
2026-09-16T17:48:15.431,148.340,255,2.126,-273.1,14.6,9.785,4.87,0
2026-09-16T17:48:15.532,148.441,255,2.053,-273.1,14.2,9.785,7.31,0
2026-09-16T17:48:15.631,148.541,255,1.998,-80.2,13.9,9.785,9.64,0
2026-09-16T17:48:15.733,148.643,255,2.013,-273.1,13.9,9.785,12.99,0
2026-09-16T17:48:15.832,148.742,255,2.016,-273.1,13.4,9.785,17.69,0
2026-09-16T17:48:15.931,148.841,255,2.014,-273.1,12.9,9.785,20.77,0
2026-09-16T17:48:16.032,148.942,255,2.015,-273.1,12.5,9.785,23.23,0
2026-09-16T17:48:16.133,149.043,255,2.015,-273.1,12.4,9.785,26.54,0
2026-09-16T17:48:16.233,149.142,255,2.015,-273.1,11.7,9.785,29.36,0
2026-09-16T17:48:16.333,149.243,255,2.014,-273.1,12.2,9.785,29.11,0
2026-09-16T17:48:16.433,149.343,255,2.015,-273.1,12.4,9.785,25.81,0
2026-09-16T17:48:16.533,149.443,255,2.014,-273.1,12.6,9.785,22.45,0
2026-09-16T17:48:16.634,149.544,255,2.015,-273.1,12.9,9.785,20.40,0
2026-09-16T17:48:16.734,149.644,255,2.016,-273.1,13.1,9.785,18.23,0
2026-09-16T17:48:16.835,149.744,255,0.000,-273.1,12.7,9.785,13.94,0
2026-09-16T17:48:16.936,149.845,255,2.096,-273.1,13.9,9.785,8.20,0
2026-09-16T17:48:17.035,149.944,255,2.135,-273.1,14.0,9.785,7.06,0
2026-09-16T17:48:17.136,150.045,255,2.146,-273.1,14.0,9.785,6.48,0
2026-09-16T17:48:17.236,150.145,255,2.014,-273.1,13.9,9.785,6.88,0
2026-09-16T17:48:17.337,150.246,255,2.014,-273.1,14.2,9.785,6.26,0
2026-09-16T17:48:17.437,150.347,255,2.014,-273.1,14.1,9.785,6.03,0
2026-09-16T17:48:17.536,150.446,255,2.014,-273.1,13.8,9.785,6.10,0
2026-09-16T17:48:17.638,150.547,255,2.014,-273.1,14.1,9.785,6.01,0
2026-09-16T17:48:17.737,150.647,255,2.015,-273.1,13.9,9.785,5.65,0
2026-09-16T17:48:17.838,150.747,255,2.014,-273.1,14.0,9.785,5.83,0
2026-09-16T17:48:17.938,150.848,255,2.014,-273.1,14.1,9.785,5.77,0
2026-09-16T17:48:18.039,150.949,255,2.015,-273.1,14.1,9.785,5.83,0
2026-09-16T17:48:18.138,151.048,255,2.014,-273.1,14.0,9.785,5.93,0
2026-09-16T17:48:18.239,151.148,255,2.015,-273.1,13.9,9.785,5.47,0
2026-09-16T17:48:18.340,151.249,255,2.014,-273.1,13.9,9.785,5.43,0
2026-09-16T17:48:18.439,151.349,255,2.014,-273.1,13.9,9.785,5.76,0
2026-09-16T17:48:18.541,151.451,255,2.014,-273.1,13.9,9.785,5.78,0
2026-09-16T17:48:18.641,151.550,255,2.014,-273.1,13.9,9.785,5.67,0
2026-09-16T17:48:18.739,151.649,255,2.014,-273.1,13.7,9.785,5.48,0
2026-09-16T17:48:18.840,151.749,255,2.016,-273.1,13.7,9.785,5.70,0
2026-09-16T17:48:18.940,151.850,255,2.014,-273.1,13.8,9.785,6.26,0
2026-09-16T17:48:19.041,151.950,255,2.017,-273.1,13.6,9.785,5.33,0
2026-09-16T17:48:19.142,152.051,255,2.025,-273.1,13.9,9.785,4.92,0
2026-09-16T17:48:19.242,152.152,255,2.110,-273.1,14.4,9.785,1.85,0
2026-09-16T17:48:19.342,152.251,255,2.139,-273.1,14.1,9.785,3.11,0
2026-09-16T17:48:19.442,152.352,255,2.149,-273.1,13.9,9.785,5.40,0
2026-09-16T17:48:19.541,152.451,255,2.125,-273.1,13.6,9.785,9.89,0
2026-09-16T17:48:19.644,152.553,255,2.014,-273.1,13.5,9.785,11.63,0
2026-09-16T17:48:19.742,152.652,255,2.015,-273.1,13.3,9.785,14.22,0
2026-09-16T17:48:19.843,152.753,255,2.015,-273.1,13.1,9.785,16.50,0
2026-09-16T17:48:19.942,152.852,255,2.014,-273.1,13.2,9.785,18.53,0
2026-09-16T17:48:20.043,152.952,255,2.014,-273.1,12.7,9.785,20.24,0
2026-09-16T17:48:20.143,153.053,255,2.014,-273.1,12.9,9.785,21.79,0
2026-09-16T17:48:20.242,153.152,255,2.015,-273.1,12.7,9.785,22.95,0
2026-09-16T17:48:20.343,153.253,255,2.014,-273.1,12.5,9.785,22.95,0
2026-09-16T17:48:20.443,153.352,255,2.015,-273.1,12.6,9.785,22.80,0
2026-09-16T17:48:20.544,153.453,255,2.015,-273.1,12.7,9.785,22.30,0
2026-09-16T17:48:20.644,153.553,255,2.015,-69.2,12.8,9.785,21.00,0
2026-09-16T17:48:20.744,153.654,255,2.014,-273.1,12.9,9.785,19.62,0
2026-09-16T17:48:20.846,153.756,255,2.015,-273.1,13.0,9.785,19.44,0
2026-09-16T17:48:20.945,153.855,255,2.014,-273.1,13.0,9.785,19.30,0
2026-09-16T17:48:21.044,153.953,255,2.014,-273.1,13.1,9.785,19.04,0
2026-09-16T17:48:21.145,154.055,255,2.014,-273.1,13.1,9.785,18.61,0
2026-09-16T17:48:21.246,154.155,255,2.013,-71.8,13.2,9.785,18.45,0
2026-09-16T17:48:21.346,154.256,255,2.013,-273.1,13.1,9.785,18.09,0
2026-09-16T17:48:21.447,154.356,255,2.014,-273.1,13.3,9.785,17.54,0
2026-09-16T17:48:21.546,154.456,255,2.015,-273.1,13.7,9.785,12.83,0
2026-09-16T17:48:21.647,154.556,255,2.014,-273.1,14.0,9.785,8.03,0
2026-09-16T17:48:21.748,154.657,255,2.015,-273.1,14.2,9.785,5.16,0
2026-09-16T17:48:21.847,154.756,255,2.015,-273.1,14.5,9.785,3.96,0
2026-09-16T17:48:21.947,154.857,255,2.014,-273.1,14.4,9.785,3.58,0
2026-09-16T17:48:22.050,154.960,255,2.014,-273.1,14.4,9.785,5.01,0
2026-09-16T17:48:22.148,155.058,255,2.014,-273.1,13.9,9.785,8.49,0
2026-09-16T17:48:22.248,155.158,255,2.016,-273.1,13.7,9.785,11.22,0
2026-09-16T17:48:22.349,155.258,255,2.014,-273.1,13.6,9.785,15.69,0
2026-09-16T17:48:22.450,155.359,255,2.014,-273.1,13.2,9.785,17.97,0
2026-09-16T17:48:22.551,155.460,255,2.014,-273.1,12.8,9.785,18.85,0
2026-09-16T17:48:22.651,155.561,255,2.014,-273.1,12.7,9.785,19.22,0
2026-09-16T17:48:22.752,155.662,255,2.014,-273.1,13.3,9.785,18.94,0
2026-09-16T17:48:22.852,155.761,255,2.014,-273.1,12.7,9.785,19.77,0
2026-09-16T17:48:22.954,155.864,255,2.014,-273.1,12.5,9.785,20.31,0
2026-09-16T17:48:23.056,155.965,255,2.014,-273.1,12.7,9.785,19.93,0
2026-09-16T17:48:23.152,156.062,255,2.015,-273.1,13.1,9.785,18.49,0
2026-09-16T17:48:23.253,156.163,255,2.014,-273.1,13.0,9.785,17.27,0
2026-09-16T17:48:23.353,156.262,255,2.015,-273.1,13.1,9.785,16.92,0
2026-09-16T17:48:23.453,156.363,255,2.014,-273.1,13.0,9.785,16.62,0
2026-09-16T17:48:23.554,156.464,255,2.014,-273.1,12.9,9.785,16.58,0
2026-09-16T17:48:23.653,156.563,255,2.015,-273.1,13.0,9.785,17.56,0
2026-09-16T17:48:23.754,156.664,255,2.122,-273.1,13.1,9.785,17.95,0
2026-09-16T17:48:23.854,156.764,255,2.014,-273.1,13.0,9.785,18.40,0
2026-09-16T17:48:23.955,156.865,255,2.014,-273.1,12.9,9.785,18.40,0
2026-09-16T17:48:24.054,156.964,255,2.014,-273.1,12.8,9.785,18.37,0
2026-09-16T17:48:24.155,157.065,255,2.015,-273.1,12.7,9.785,18.48,0
2026-09-16T17:48:24.256,157.165,255,2.014,-273.1,12.8,9.785,18.54,0
2026-09-16T17:48:24.355,157.265,255,2.015,-273.1,13.1,9.785,18.45,0
2026-09-16T17:48:24.455,157.365,255,2.014,-273.1,12.9,9.785,18.47,0
2026-09-16T17:48:24.555,157.465,255,2.014,-273.1,13.1,9.785,18.52,0
2026-09-16T17:48:24.657,157.566,255,2.015,-273.1,13.1,9.785,18.63,0
2026-09-16T17:48:24.756,157.665,255,2.014,-273.1,13.0,9.785,18.32,0
2026-09-16T17:48:24.857,157.767,255,2.015,-273.1,13.1,9.785,18.43,0
2026-09-16T17:48:24.955,157.865,255,2.014,-273.1,13.2,9.785,18.56,0
2026-09-16T17:48:25.056,157.965,255,2.014,-73.4,13.2,9.785,18.55,0
2026-09-16T17:48:25.156,158.066,0,0.000,-273.1,13.2,9.785,17.65,0
2026-09-16T17:48:25.257,158.166,0,0.000,-273.1,14.1,9.785,9.21,0
2026-09-16T17:48:25.358,158.268,0,0.001,-273.1,14.3,9.785,4.29,0
2026-09-16T17:48:25.459,158.368,0,0.000,-273.1,14.4,9.785,1.92,0
2026-09-16T17:48:25.559,158.469,0,0.000,-273.1,14.5,9.785,0.90,0
2026-09-16T17:48:25.659,158.569,0,0.001,-273.1,14.7,9.785,0.60,0
2026-09-16T17:48:25.761,158.670,0,0.000,-273.1,14.7,9.785,0.60,0
2026-09-16T17:48:25.860,158.770,0,0.000,-273.1,14.4,9.785,0.38,0
2026-09-16T17:48:25.960,158.869,0,0.000,-273.1,14.6,9.785,0.22,0
2026-09-16T17:48:26.060,158.970,0,0.000,-273.1,14.6,9.785,0.17,0
2026-09-16T17:48:26.160,159.070,0,0.000,-273.1,14.7,9.785,0.20,0
2026-09-16T17:48:26.260,159.169,0,0.000,-71.8,14.7,9.785,0.33,0
2026-09-16T17:48:26.360,159.270,0,0.000,-273.1,14.7,9.785,0.16,0
2026-09-16T17:48:26.461,159.370,0,0.000,-273.1,14.7,9.785,0.23,0
2026-09-16T17:48:26.561,159.470,0,0.000,-273.1,14.5,9.785,0.21,0
2026-09-16T17:48:26.661,159.571,0,0.000,-273.1,14.8,9.785,0.17,0
2026-09-16T17:48:26.761,159.671,0,0.000,-273.1,14.8,9.785,0.02,0
2026-09-16T17:48:26.862,159.771,0,0.000,-71.8,14.8,9.785,0.18,0
2026-09-16T17:48:26.963,159.873,0,0.000,-273.1,15.0,9.785,0.19,0
2026-09-16T17:48:27.062,159.972,0,0.000,-273.1,14.8,9.785,0.44,0
2026-09-16T17:48:27.162,160.072,0,0.000,-273.1,14.7,9.785,0.27,0
2026-09-16T17:48:27.263,160.172,0,0.000,-273.1,14.7,9.785,0.24,0
2026-09-16T17:48:27.363,160.273,0,0.000,-273.1,14.9,9.785,0.25,0
2026-09-16T17:48:27.463,160.373,0,0.000,-273.1,14.9,9.785,0.20,0
2026-09-16T17:48:27.564,160.473,0,0.000,-273.1,14.8,9.785,0.31,0
2026-09-16T17:48:27.664,160.574,0,-0.000,-273.1,14.7,9.785,0.15,0
2026-09-16T17:48:27.765,160.674,0,0.000,-273.1,14.5,9.785,0.22,0
2026-09-16T17:48:27.865,160.775,0,0.000,-273.1,14.6,9.785,0.22,0
2026-09-16T17:48:27.968,160.877,0,0.000,-273.1,14.5,9.785,0.35,0
2026-09-16T17:48:28.066,160.976,0,0.000,-77.4,14.6,9.785,0.33,0
2026-09-16T17:48:28.167,161.076,0,0.001,-273.1,14.5,9.785,0.18,0
2026-09-16T17:48:28.268,161.178,0,0.000,-273.1,14.4,9.785,0.23,0
2026-09-16T17:48:28.367,161.277,0,0.000,-273.1,14.5,9.785,0.29,0
2026-09-16T17:48:28.468,161.377,0,0.000,-273.1,14.6,9.785,0.23,0
2026-09-16T17:48:28.567,161.477,0,0.000,-273.1,14.5,9.785,0.10,0
2026-09-16T17:48:28.668,161.577,0,0.000,-273.1,14.6,9.785,0.20,0
2026-09-16T17:48:28.767,161.677,0,0.000,-273.1,14.7,9.785,0.28,0
2026-09-16T17:48:28.867,161.777,0,0.000,-273.1,14.7,9.785,0.18,0
2026-09-16T17:48:28.968,161.877,0,0.000,-273.1,14.8,9.785,0.12,0
2026-09-16T17:48:29.069,161.979,0,0.000,-73.4,15.0,9.785,0.32,0
2026-09-16T17:48:29.167,162.077,0,0.000,-273.1,14.9,9.785,0.31,0
2026-09-16T17:48:29.269,162.178,0,0.000,-71.8,14.9,9.785,0.09,0
2026-09-16T17:48:29.368,162.277,0,0.000,-273.1,14.9,9.785,0.29,0
2026-09-16T17:48:29.468,162.378,0,0.000,-273.1,14.9,9.785,0.29,0
2026-09-16T17:48:29.569,162.478,0,0.000,-273.1,14.9,9.785,0.24,0
2026-09-16T17:48:29.668,162.578,0,0.000,-273.1,15.0,9.785,0.31,0
2026-09-16T17:48:29.768,162.678,0,0.000,-273.1,15.3,9.785,0.29,0
2026-09-16T17:48:29.868,162.778,0,0.000,-273.1,15.0,9.785,0.10,0
2026-09-16T17:48:29.969,162.879,0,0.000,-90.0,15.1,9.785,0.01,0
2026-09-16T17:48:30.069,162.979,0,0.000,-273.1,15.3,9.785,0.24,0
2026-09-16T17:48:30.170,163.079,0,0.000,-273.1,15.0,9.785,-0.01,0
2026-09-16T17:48:30.270,163.180,0,0.000,-273.1,15.0,9.785,0.24,0
2026-09-16T17:48:30.370,163.280,0,0.000,-273.1,14.9,9.785,0.24,0
2026-09-16T17:48:30.472,163.382,0,0.000,-273.1,14.8,9.785,0.22,0
2026-09-16T17:48:30.573,163.482,0,0.000,-273.1,14.7,9.785,0.15,0
2026-09-16T17:48:30.672,163.582,0,0.000,-273.1,14.9,9.785,0.20,0
2026-09-16T17:48:30.773,163.682,0,0.000,-273.1,14.8,9.785,0.46,0
2026-09-16T17:48:30.873,163.783,0,0.000,-71.8,14.9,9.785,0.13,0
2026-09-16T17:48:30.973,163.883,0,0.000,-73.4,14.7,9.785,0.17,0
2026-09-16T17:48:31.074,163.984,0,0.000,-273.1,14.6,9.785,0.20,0
2026-09-16T17:48:31.175,164.085,0,0.000,-273.1,14.7,9.785,0.35,0
2026-09-16T17:48:31.275,164.185,0,0.000,-273.1,14.5,9.785,0.19,0
2026-09-16T17:48:31.376,164.286,0,0.000,-273.1,14.4,9.785,0.19,0
2026-09-16T17:48:31.477,164.387,0,0.000,-273.1,14.4,9.785,0.08,0
2026-09-16T17:48:31.579,164.488,0,0.000,-273.1,14.0,9.785,0.08,0
2026-09-16T17:48:31.682,164.592,0,0.000,-80.2,14.2,9.785,0.06,0
2026-09-16T17:48:31.781,164.691,0,0.000,-273.1,14.1,9.785,0.18,0
2026-09-16T17:48:31.878,164.788,0,0.000,-273.1,14.2,9.785,0.11,0
2026-09-16T17:48:31.979,164.889,0,0.000,-273.1,14.2,9.785,0.28,0
2026-09-16T17:48:32.079,164.988,0,0.000,-273.1,14.3,9.785,0.05,0
2026-09-16T17:48:32.179,165.089,0,0.000,-273.1,14.3,9.785,0.12,0
2026-09-16T17:48:32.280,165.190,0,0.000,-273.1,14.6,9.785,0.21,0
2026-09-16T17:48:32.381,165.290,0,0.000,-273.1,14.5,9.785,0.18,0
2026-09-16T17:48:32.480,165.390,0,0.000,-273.1,14.5,9.785,0.13,0
2026-09-16T17:48:32.581,165.491,0,0.000,-273.1,14.4,9.785,0.11,0
2026-09-16T17:48:32.682,165.591,0,0.000,-273.1,14.4,9.785,0.31,0
2026-09-16T17:48:32.782,165.692,0,0.000,-273.1,14.4,9.785,-0.10,0
2026-09-16T17:48:32.884,165.793,0,0.000,-273.1,14.2,9.785,0.28,0
2026-09-16T17:48:32.983,165.892,0,0.000,-273.1,14.6,9.785,0.09,0
2026-09-16T17:48:33.083,165.993,0,0.000,-273.1,14.1,9.785,0.12,0
2026-09-16T17:48:33.182,166.092,0,0.000,-273.1,14.3,9.785,0.21,0
2026-09-16T17:48:33.283,166.192,0,0.000,-273.1,14.4,9.785,0.31,0
2026-09-16T17:48:33.383,166.293,0,0.000,-273.1,14.2,9.785,0.03,0
2026-09-16T17:48:33.483,166.393,0,0.000,-273.1,14.4,9.785,0.12,0
2026-09-16T17:48:33.582,166.492,0,0.000,-273.1,14.4,9.785,0.16,0
2026-09-16T17:48:33.684,166.593,0,0.000,-273.1,14.4,9.785,0.18,0
2026-09-16T17:48:33.783,166.693,0,-0.000,-273.1,14.9,9.785,0.24,0
2026-09-16T17:48:33.884,166.794,0,-0.000,-273.1,14.7,9.785,0.16,0
2026-09-16T17:48:33.984,166.894,0,-0.000,-273.1,14.8,9.785,0.14,0
2026-09-16T17:48:34.084,166.993,0,0.000,-273.1,14.7,9.785,0.09,0
2026-09-16T17:48:34.185,167.094,0,-0.000,-273.1,14.7,9.785,0.23,0
2026-09-16T17:48:34.284,167.193,0,-0.000,-273.1,14.8,9.785,0.35,0
2026-09-16T17:48:34.384,167.294,0,0.000,-273.1,14.7,9.785,0.18,0
2026-09-16T17:48:34.485,167.395,0,0.000,-273.1,14.7,9.785,0.19,0
2026-09-16T17:48:34.586,167.495,0,-0.000,-273.1,14.8,9.785,0.21,0
2026-09-16T17:48:34.685,167.594,0,-0.000,-273.1,15.0,9.785,-0.01,0
2026-09-16T17:48:34.785,167.695,0,-0.000,-273.1,14.7,9.785,0.14,0
2026-09-16T17:48:34.885,167.794,0,0.000,-273.1,14.9,9.785,0.20,0
2026-09-16T17:48:34.985,167.895,0,0.000,-273.1,14.8,9.785,0.08,0
2026-09-16T17:48:35.086,167.996,0,-0.000,-71.8,14.9,9.785,0.12,0
2026-09-16T17:48:35.186,168.096,0,0.000,-273.1,14.7,9.785,0.16,0
2026-09-16T17:48:35.287,168.197,0,-0.000,-273.1,14.7,9.785,0.17,0
2026-09-16T17:48:35.386,168.296,0,-0.000,-273.1,14.9,9.785,0.12,0
2026-09-16T17:48:35.486,168.396,0,0.000,-273.1,15.2,9.785,0.20,0
2026-09-16T17:48:35.586,168.495,0,-0.000,-273.1,15.0,9.785,0.17,0
2026-09-16T17:48:35.686,168.596,0,-0.000,-273.1,15.0,9.785,0.33,0
2026-09-16T17:48:35.787,168.697,0,0.000,-273.1,14.9,9.785,0.23,0
2026-09-16T17:48:35.886,168.796,0,-0.000,-273.1,15.0,9.785,0.24,0
2026-09-16T17:48:35.987,168.896,0,0.000,-273.1,15.0,9.785,0.20,0
2026-09-16T17:48:36.087,168.997,0,0.000,-273.1,14.9,9.785,0.01,0
2026-09-16T17:48:36.187,169.096,0,0.000,-273.1,15.0,9.785,0.31,0
2026-09-16T17:48:36.288,169.197,0,-0.000,-273.1,15.0,9.785,0.33,0
2026-09-16T17:48:36.390,169.299,0,0.000,-273.1,15.2,9.785,0.17,0
2026-09-16T17:48:36.487,169.397,0,-0.000,-273.1,15.4,9.785,0.20,0
2026-09-16T17:48:36.587,169.497,0,-0.000,-273.1,15.4,9.785,0.12,0
2026-09-16T17:48:36.688,169.598,0,0.000,-273.1,15.3,9.785,0.22,0
2026-09-16T17:48:36.789,169.698,0,0.000,-273.1,15.3,9.785,0.20,0
2026-09-16T17:48:36.888,169.798,0,0.000,-273.1,15.6,9.785,0.13,0
2026-09-16T17:48:36.988,169.897,0,0.000,-273.1,15.4,9.785,0.14,0
2026-09-16T17:48:37.089,169.998,0,-0.000,-273.1,15.5,9.785,0.29,0
2026-09-16T17:48:37.188,170.098,0,-0.000,-273.1,15.5,9.785,0.19,0
2026-09-16T17:48:37.288,170.197,0,0.000,-273.1,15.4,9.785,0.17,0
2026-09-16T17:48:37.388,170.298,0,0.000,-273.1,15.5,9.785,0.04,0
2026-09-16T17:48:37.489,170.398,0,-0.000,-273.1,15.5,9.785,0.23,0
2026-09-16T17:48:37.590,170.499,0,-0.000,-273.1,15.6,9.785,0.03,0
2026-09-16T17:48:37.690,170.600,0,0.000,-273.1,15.5,9.785,0.06,0
2026-09-16T17:48:37.789,170.698,0,-0.000,-273.1,15.5,9.785,0.23,0
2026-09-16T17:48:37.889,170.799,0,-0.000,-273.1,15.6,9.785,0.20,0
2026-09-16T17:48:37.989,170.898,0,-0.000,-273.1,15.6,9.785,0.19,0
2026-09-16T17:48:38.089,170.999,0,0.000,-273.1,15.3,9.785,0.16,0
2026-09-16T17:48:38.188,171.098,0,0.000,-273.1,15.4,9.785,0.23,0
2026-09-16T17:48:38.289,171.198,0,0.000,-273.1,15.4,9.785,0.20,0
2026-09-16T17:48:38.389,171.299,0,0.000,-71.8,15.7,9.785,0.18,0
2026-09-16T17:48:38.490,171.399,0,0.000,-273.1,15.6,9.785,0.28,0
2026-09-16T17:48:38.590,171.500,0,-0.000,-273.1,15.8,9.785,0.16,0
2026-09-16T17:48:38.690,171.600,0,-0.000,-273.1,15.5,9.785,0.16,0
2026-09-16T17:48:38.791,171.701,0,0.000,-75.2,15.6,9.785,0.07,0
2026-09-16T17:48:38.890,171.800,0,0.000,-273.1,15.3,9.785,0.05,0
2026-09-16T17:48:38.991,171.901,0,-0.000,-273.1,15.6,9.785,0.05,0
2026-09-16T17:48:39.090,172.000,0,-0.000,-273.1,15.3,9.785,0.20,0
2026-09-16T17:48:39.191,172.101,0,0.000,-273.1,15.3,9.785,0.14,0
2026-09-16T17:48:39.291,172.200,0,-0.000,-273.1,15.5,9.785,0.36,0
2026-09-16T17:48:39.391,172.301,0,0.000,-273.1,15.3,9.785,0.18,0
2026-09-16T17:48:39.492,172.402,0,0.000,-273.1,15.3,9.785,0.27,0
2026-09-16T17:48:39.592,172.502,0,-0.000,-273.1,15.3,9.785,0.30,0
2026-09-16T17:48:39.693,172.602,0,0.000,-273.1,15.4,9.785,0.24,0
2026-09-16T17:48:39.794,172.703,0,-0.000,-273.1,15.4,9.785,0.24,0
2026-09-16T17:48:39.895,172.804,0,-0.000,-273.1,15.3,9.785,0.24,0
2026-09-16T17:48:39.995,172.905,0,0.000,-273.1,15.3,9.785,0.23,0
2026-09-16T17:48:40.094,173.004,0,-0.000,-273.1,15.4,9.785,0.38,0
2026-09-16T17:48:40.193,173.103,0,0.000,-273.1,15.3,9.785,0.51,0
2026-09-16T17:48:40.294,173.204,0,0.000,-273.1,15.4,9.785,0.29,0
2026-09-16T17:48:40.394,173.304,0,-0.000,-273.1,15.3,9.785,0.10,0
2026-09-16T17:48:40.493,173.403,0,-0.000,-273.1,15.2,9.785,0.12,0
2026-09-16T17:48:40.594,173.504,0,-0.000,-273.1,15.2,9.785,0.12,0
2026-09-16T17:48:40.694,173.603,0,0.000,-273.1,15.0,9.785,0.21,0
2026-09-16T17:48:40.794,173.704,0,-0.000,-77.4,15.3,9.785,0.24,0
2026-09-16T17:48:40.894,173.804,0,-0.000,-273.1,15.0,9.785,0.20,0
2026-09-16T17:48:40.994,173.904,0,-0.000,-273.1,15.0,9.785,0.32,0
2026-09-16T17:48:41.093,174.003,0,0.000,-273.1,14.9,9.785,0.27,0
2026-09-16T17:48:41.194,174.104,0,0.000,-273.1,14.8,9.785,0.29,0
2026-09-16T17:48:41.295,174.204,0,-0.000,-273.1,14.9,9.785,0.14,0
2026-09-16T17:48:41.394,174.304,0,0.000,-273.1,14.7,9.785,0.27,0
2026-09-16T17:48:41.494,174.404,0,0.000,-273.1,14.8,9.785,0.35,0
2026-09-16T17:48:41.595,174.505,0,0.000,-273.1,14.8,9.785,0.31,0
2026-09-16T17:48:41.695,174.604,0,0.000,-273.1,14.6,9.785,0.14,0
2026-09-16T17:48:41.795,174.705,0,0.000,-273.1,14.7,9.785,0.20,0
2026-09-16T17:48:41.895,174.804,0,-0.000,-273.1,14.6,9.785,0.38,0
2026-09-16T17:48:41.995,174.905,0,0.000,-273.1,14.6,9.785,0.39,0
2026-09-16T17:48:42.097,175.006,0,-0.000,-273.1,14.7,9.785,0.18,0
2026-09-16T17:48:42.196,175.106,0,0.000,-273.1,14.8,9.785,0.09,0
2026-09-16T17:48:42.299,175.208,0,0.000,-273.1,14.8,9.785,0.28,0
2026-09-16T17:48:42.397,175.306,0,0.000,-273.1,14.7,9.785,0.23,0
2026-09-16T17:48:42.497,175.407,0,-0.000,-273.1,14.7,9.785,0.13,0
2026-09-16T17:48:42.598,175.508,0,-0.000,-273.1,14.8,9.785,0.23,0
2026-09-16T17:48:42.698,175.607,0,-0.000,-273.1,14.7,9.785,0.20,0
2026-09-16T17:48:42.798,175.708,0,-0.000,-273.1,14.8,9.785,0.21,0
2026-09-16T17:48:42.898,175.807,0,0.000,-273.1,14.4,9.785,0.30,0
2026-09-16T17:48:42.999,175.908,0,-0.000,-273.1,14.7,9.785,0.06,0
2026-09-16T17:48:43.098,176.008,0,0.000,-273.1,14.7,9.785,0.29,0
2026-09-16T17:48:43.198,176.107,0,0.000,-273.1,14.4,9.785,0.21,0
2026-09-16T17:48:43.300,176.209,0,-0.000,-273.1,14.4,9.785,0.39,0
2026-09-16T17:48:43.398,176.308,0,0.000,-273.1,14.3,9.785,0.48,0
2026-09-16T17:48:43.497,176.407,0,0.000,-273.1,14.4,9.785,0.17,0
2026-09-16T17:48:43.598,176.507,0,-0.000,-273.1,14.3,9.785,0.49,0
2026-09-16T17:48:43.698,176.607,0,-0.000,-273.1,14.6,9.785,0.17,0
2026-09-16T17:48:43.800,176.709,0,0.000,-80.2,14.6,9.785,0.18,0
2026-09-16T17:48:43.900,176.809,0,0.000,-273.1,14.9,9.785,0.25,0
2026-09-16T17:48:44.001,176.911,0,0.000,-273.1,14.6,9.785,0.20,0
2026-09-16T17:48:44.104,177.014,0,-0.000,-273.1,14.9,9.785,0.17,0
2026-09-16T17:48:44.202,177.112,0,0.000,-273.1,14.8,9.785,0.07,0
2026-09-16T17:48:44.302,177.211,0,0.000,-273.1,14.7,9.785,0.20,0
2026-09-16T17:48:44.402,177.312,0,0.000,-273.1,14.7,9.785,0.21,0
2026-09-16T17:48:44.502,177.412,0,-0.000,-273.1,14.6,9.785,0.32,0
2026-09-16T17:48:44.605,177.515,0,0.000,-273.1,14.8,9.785,0.10,0
2026-09-16T17:48:44.703,177.613,0,0.000,-68.1,14.6,9.785,0.21,0
2026-09-16T17:48:44.803,177.713,0,-0.000,-273.1,14.7,9.785,0.10,0
2026-09-16T17:48:44.903,177.813,0,-0.000,-273.1,14.6,9.785,0.23,0
