timestamp,elapsed_s,pwm,current_A,t1_casing_C,t2_magnet_C,force_N,flux_mT,fault
2026-10-09T16:46:32.464,1965.663,0,1.331,27.6,28.3,0.000,-0.19,0
2026-10-09T16:46:32.564,1965.764,0,1.331,27.4,28.3,0.000,-0.49,0
2026-10-09T16:46:32.664,1965.863,0,0.666,27.6,28.2,0.000,-0.14,0
2026-10-09T16:46:32.764,1965.964,0,0.819,27.6,28.4,0.000,-0.22,0
2026-10-09T16:46:32.864,1966.063,0,0.768,27.4,28.3,0.000,-0.38,0
2026-10-09T16:46:32.964,1966.164,0,0.768,27.3,28.3,0.000,-0.37,0
2026-10-09T16:46:33.065,1966.265,0,1.075,27.5,28.3,0.000,-0.43,0
2026-10-09T16:46:33.166,1966.365,0,0.819,27.3,28.4,0.000,-0.36,0
2026-10-09T16:46:33.265,1966.465,0,0.819,27.3,28.2,0.000,-0.57,0
2026-10-09T16:46:33.365,1966.564,0,0.819,27.5,28.3,0.000,-0.33,0
2026-10-09T16:46:33.465,1966.664,0,0.512,27.5,28.3,0.000,-0.17,0
2026-10-09T16:46:33.565,1966.764,0,0.666,27.5,28.4,0.000,-0.33,0
2026-10-09T16:46:33.665,1966.864,0,0.666,27.5,28.4,0.000,-0.41,0
2026-10-09T16:46:33.766,1966.965,0,1.126,27.4,28.3,0.000,-0.46,0
2026-10-09T16:46:33.867,1967.066,0,0.922,27.4,28.2,0.000,-0.26,0
2026-10-09T16:46:33.966,1967.166,0,0.614,27.6,28.3,0.000,-0.42,0
2026-10-09T16:46:34.067,1967.267,0,0.614,27.5,28.4,0.000,-0.37,0
2026-10-09T16:46:34.167,1967.367,0,0.717,27.4,28.4,0.000,-0.43,0
2026-10-09T16:46:34.266,1967.465,0,0.819,27.7,28.2,0.000,-0.32,0
2026-10-09T16:46:34.367,1967.566,0,1.075,27.5,28.3,0.000,-0.34,0
2026-10-09T16:46:34.471,1967.670,0,1.075,27.4,28.4,0.000,-0.24,0
2026-10-09T16:46:34.568,1967.767,0,0.922,27.5,28.3,0.000,-0.37,0
2026-10-09T16:46:34.668,1967.868,0,0.819,27.4,28.4,0.000,-0.32,0
2026-10-09T16:46:34.769,1967.969,0,1.280,27.4,28.2,0.000,-0.16,0
2026-10-09T16:46:34.869,1968.069,0,1.280,27.5,28.4,0.000,-0.40,0
2026-10-09T16:46:34.969,1968.168,0,1.024,27.4,28.3,0.000,-0.23,0
2026-10-09T16:46:35.070,1968.269,0,1.178,27.5,28.3,0.000,-0.30,0
2026-10-09T16:46:35.169,1968.369,0,0.922,27.5,28.4,0.000,-0.25,0
2026-10-09T16:46:35.270,1968.469,0,0.922,27.4,28.3,0.000,-0.21,0
2026-10-09T16:46:35.369,1968.569,0,0.768,27.4,28.3,0.000,-0.17,0
2026-10-09T16:46:35.471,1968.670,0,1.126,27.5,28.3,0.000,-0.38,0
2026-10-09T16:46:35.571,1968.770,0,1.280,27.4,28.2,0.000,-0.35,0
2026-10-09T16:46:35.670,1968.870,0,1.280,27.3,28.3,0.000,-0.16,0
2026-10-09T16:46:35.771,1968.971,0,1.075,27.4,28.3,0.000,-0.32,0
2026-10-09T16:46:35.871,1969.071,0,0.717,27.5,28.2,0.000,-0.38,0
2026-10-09T16:46:35.971,1969.171,0,0.717,27.4,28.4,0.000,-0.27,0
2026-10-09T16:46:36.071,1969.271,0,0.768,27.7,28.5,0.000,-0.38,0
2026-10-09T16:46:36.170,1969.370,0,0.922,27.5,28.4,0.000,-0.45,0
2026-10-09T16:46:36.271,1969.471,0,0.768,27.5,28.4,0.000,-0.40,0
2026-10-09T16:46:36.372,1969.571,0,0.768,27.5,28.3,0.000,-0.40,0
2026-10-09T16:46:36.472,1969.671,0,1.126,27.5,28.4,0.000,-0.49,0
2026-10-09T16:46:36.571,1969.771,0,1.075,27.6,28.3,0.000,-0.28,0
2026-10-09T16:46:36.671,1969.871,0,1.075,27.6,28.5,0.000,-0.35,0
2026-10-09T16:46:36.771,1969.971,0,1.075,27.6,28.4,0.000,-0.36,0
2026-10-09T16:46:36.871,1970.071,0,1.229,27.6,28.6,0.000,-0.38,0
2026-10-09T16:46:36.972,1970.172,0,1.382,27.7,28.5,0.000,-0.32,0
2026-10-09T16:46:37.072,1970.272,0,0.614,27.7,28.7,0.000,-0.35,0
2026-10-09T16:46:37.171,1970.370,0,0.614,27.8,28.7,0.000,-0.25,0
2026-10-09T16:46:37.271,1970.471,0,1.024,27.5,28.4,0.000,-0.36,0
2026-10-09T16:46:37.372,1970.572,0,0.973,27.7,28.5,0.000,-0.35,0
2026-10-09T16:46:37.473,1970.673,0,0.819,27.5,28.4,0.000,-0.47,0
2026-10-09T16:46:37.573,1970.772,0,0.819,27.6,28.4,0.000,-0.47,0
2026-10-09T16:46:37.673,1970.872,0,0.973,27.9,28.6,0.000,-0.51,0
2026-10-09T16:46:37.773,1970.972,0,0.717,27.9,28.5,0.000,-0.23,0
2026-10-09T16:46:37.873,1971.072,0,0.717,27.7,28.5,0.000,-0.29,0
2026-10-09T16:46:37.973,1971.173,0,0.614,27.6,28.4,0.000,-0.31,0
2026-10-09T16:46:38.074,1971.274,0,0.819,27.9,28.5,0.000,-0.40,0
2026-10-09T16:46:38.174,1971.373,0,1.075,27.7,28.4,0.000,-0.09,0
2026-10-09T16:46:38.273,1971.473,0,1.075,27.7,28.5,0.000,-0.58,0
2026-10-09T16:46:38.375,1971.574,0,0.768,28.0,28.4,0.000,-0.27,0
2026-10-09T16:46:38.482,1971.682,0,0.973,27.7,28.4,0.000,-0.22,0
2026-10-09T16:46:38.576,1971.776,0,0.922,27.6,28.4,0.000,-0.20,0
2026-10-09T16:46:38.677,1971.877,0,0.922,27.5,28.4,0.000,-0.21,0
2026-10-09T16:46:38.778,1971.978,0,0.973,27.5,28.2,0.000,-0.24,0
2026-10-09T16:46:38.879,1972.079,0,0.870,27.4,28.2,0.000,-0.21,0
2026-10-09T16:46:38.979,1972.178,0,0.666,27.4,28.3,0.000,-0.23,0
2026-10-09T16:46:39.078,1972.278,0,0.666,27.4,28.4,0.000,-0.45,0
2026-10-09T16:46:39.179,1972.378,0,1.178,27.5,28.4,0.000,-0.24,0
2026-10-09T16:46:39.278,1972.478,0,0.768,27.5,28.2,0.000,-0.44,0
2026-10-09T16:46:39.379,1972.579,0,0.870,27.5,28.4,0.000,-0.28,0
2026-10-09T16:46:39.480,1972.680,0,0.870,27.5,28.3,0.000,-0.30,0
2026-10-09T16:46:39.582,1972.781,0,1.126,27.4,28.3,0.000,-0.27,0
2026-10-09T16:46:39.682,1972.881,0,0.819,27.5,28.3,0.000,-0.26,0
2026-10-09T16:46:39.782,1972.981,0,0.973,27.5,28.2,0.000,-0.08,0
2026-10-09T16:46:39.881,1973.081,0,0.973,27.5,28.3,0.000,-0.50,0
2026-10-09T16:46:39.982,1973.181,0,1.126,27.4,28.4,0.000,-0.20,0
2026-10-09T16:46:40.083,1973.283,0,0.819,27.4,28.2,0.000,-0.16,0
2026-10-09T16:46:40.183,1973.383,0,0.922,27.5,28.3,0.000,-0.21,0
2026-10-09T16:46:40.284,1973.484,0,0.922,27.4,28.2,0.000,-0.57,0
2026-10-09T16:46:40.384,1973.584,0,0.768,27.5,28.3,0.000,-0.32,0
2026-10-09T16:46:40.483,1973.682,0,0.973,27.5,28.2,0.000,-0.34,0
2026-10-09T16:46:40.583,1973.782,0,0.922,27.5,28.3,0.000,-0.42,0
2026-10-09T16:46:40.683,1973.883,0,0.922,27.5,28.4,0.000,-0.33,0
2026-10-09T16:46:40.783,1973.983,0,0.922,27.5,28.1,0.000,-0.37,0
2026-10-09T16:46:40.883,1974.083,0,0.563,27.6,28.4,0.000,-0.32,0
2026-10-09T16:46:40.983,1974.182,0,0.563,27.5,28.4,0.000,-0.33,0
2026-10-09T16:46:41.083,1974.283,0,1.024,27.7,28.4,0.000,-0.45,0
2026-10-09T16:46:41.183,1974.382,0,0.717,27.8,28.4,0.000,-0.36,0
2026-10-09T16:46:41.284,1974.483,0,1.075,27.7,28.5,0.000,-0.46,0
2026-10-09T16:46:41.383,1974.582,0,1.075,27.7,28.4,0.000,-0.34,0
2026-10-09T16:46:41.483,1974.682,0,0.614,27.7,28.4,0.000,-0.21,0
2026-10-09T16:46:41.583,1974.782,0,0.870,27.7,28.6,0.000,-0.28,0
2026-10-09T16:46:41.683,1974.882,0,0.922,27.6,28.3,0.000,-0.13,0
2026-10-09T16:46:41.783,1974.982,0,0.922,27.7,28.5,0.000,-0.39,0
2026-10-09T16:46:41.883,1975.082,0,0.819,27.6,28.4,0.000,-0.51,0
2026-10-09T16:46:41.984,1975.184,0,1.024,27.5,28.4,0.000,-0.44,0
2026-10-09T16:46:42.083,1975.283,0,0.819,27.5,28.4,0.000,-0.38,0
2026-10-09T16:46:42.186,1975.386,0,0.819,27.6,28.4,0.000,-0.23,0
2026-10-09T16:46:42.282,1975.482,0,0.666,27.5,28.3,0.000,-0.19,0
2026-10-09T16:46:42.382,1975.582,0,0.870,27.6,28.4,0.000,-0.45,0
2026-10-09T16:46:42.483,1975.683,0,0.461,27.7,28.5,0.000,-0.43,0
2026-10-09T16:46:42.583,1975.783,0,0.461,27.7,28.6,0.000,-0.40,0
2026-10-09T16:46:42.685,1975.885,0,0.563,28.0,28.4,0.000,-0.33,0
2026-10-09T16:46:42.785,1975.985,0,0.922,27.6,28.4,0.000,-0.26,0
2026-10-09T16:46:42.885,1976.085,0,0.922,27.6,28.3,0.000,-0.40,0
2026-10-09T16:46:42.985,1976.185,0,0.922,27.6,28.4,0.000,-0.45,0
2026-10-09T16:46:43.085,1976.284,0,0.922,27.6,28.4,0.000,-0.31,0
2026-10-09T16:46:43.186,1976.386,0,0.666,27.6,28.4,0.000,-0.30,0
2026-10-09T16:46:43.286,1976.485,0,0.666,27.8,28.5,0.000,-0.14,0
2026-10-09T16:46:43.386,1976.585,0,0.870,27.6,28.4,0.000,-0.40,0
2026-10-09T16:46:43.486,1976.686,0,0.512,27.6,28.6,0.000,-0.17,0
2026-10-09T16:46:43.586,1976.785,0,1.229,27.7,28.4,0.000,-0.17,0
2026-10-09T16:46:43.687,1976.886,0,1.229,27.4,28.4,0.000,-0.30,0
2026-10-09T16:46:43.787,1976.987,0,0.870,27.5,28.4,0.000,-0.25,0
2026-10-09T16:46:43.886,1977.086,0,0.922,27.6,28.4,0.000,-0.35,0
2026-10-09T16:46:43.988,1977.188,0,1.024,27.6,28.4,0.000,-0.38,0
2026-10-09T16:46:44.087,1977.286,0,1.024,27.4,28.3,0.000,-0.31,0
2026-10-09T16:46:44.188,1977.387,0,1.024,27.8,28.4,0.000,-0.32,0
2026-10-09T16:46:44.288,1977.487,0,1.126,27.5,28.3,0.000,-0.35,0
2026-10-09T16:46:44.387,1977.587,0,1.075,27.3,28.1,0.000,-0.27,0
2026-10-09T16:46:44.487,1977.687,0,1.075,27.2,28.1,0.000,-0.32,0
2026-10-09T16:46:44.587,1977.787,0,0.922,27.3,28.2,0.000,-0.21,0
2026-10-09T16:46:44.687,1977.886,0,0.666,27.3,28.2,0.000,-0.31,0
2026-10-09T16:46:44.788,1977.987,0,0.717,27.2,28.3,0.000,-0.39,0
2026-10-09T16:46:44.889,1978.089,0,0.717,27.4,28.3,0.000,-0.38,0
2026-10-09T16:46:44.990,1978.190,0,0.870,27.4,28.2,0.000,-0.43,0
2026-10-09T16:46:45.090,1978.290,0,0.666,27.2,28.4,0.000,-0.27,0
2026-10-09T16:46:45.190,1978.390,0,0.819,27.2,28.2,0.000,-0.20,0
2026-10-09T16:46:45.290,1978.489,0,0.819,27.3,28.3,0.000,-0.33,0
2026-10-09T16:46:45.390,1978.589,0,1.024,27.2,28.1,0.000,-0.44,0
2026-10-09T16:46:45.490,1978.689,0,0.717,27.4,28.2,0.000,-0.36,0
2026-10-09T16:46:45.590,1978.789,0,0.717,27.1,28.4,0.000,-0.36,0
2026-10-09T16:46:45.690,1978.889,0,0.563,27.2,28.1,0.000,-0.48,0
2026-10-09T16:46:45.790,1978.989,0,1.229,27.2,28.0,0.000,-0.32,0
2026-10-09T16:46:45.890,1979.089,0,0.614,27.1,28.0,0.000,-0.22,0
2026-10-09T16:46:45.989,1979.189,0,0.614,27.1,28.4,0.000,-0.42,0
2026-10-09T16:46:46.089,1979.289,0,0.819,27.1,28.1,0.000,-0.35,0
2026-10-09T16:46:46.190,1979.389,105,0.922,29.2,28.4,0.000,2.52,0
2026-10-09T16:46:46.289,1979.489,105,2.214,27.2,28.1,0.000,5.72,0
2026-10-09T16:46:46.390,1979.589,105,2.214,26.2,27.7,0.000,6.89,0
2026-10-09T16:46:46.491,1979.690,105,2.603,28.0,27.8,0.000,7.58,0
2026-10-09T16:46:46.591,1979.790,105,2.603,28.2,27.7,0.000,7.34,0
2026-10-09T16:46:46.691,1979.890,105,2.605,26.1,27.5,0.000,7.81,0
2026-10-09T16:46:46.791,1979.990,105,2.605,27.8,27.5,0.000,7.58,0
2026-10-09T16:46:46.891,1980.090,105,2.604,27.8,27.9,0.000,8.31,0
2026-10-09T16:46:46.990,1980.190,105,2.603,29.0,27.8,0.000,7.72,0
2026-10-09T16:46:47.090,1980.290,105,2.603,28.9,27.9,0.000,7.47,0
2026-10-09T16:46:47.191,1980.391,105,2.603,27.8,27.6,0.000,7.39,0
2026-10-09T16:46:47.292,1980.492,105,2.602,26.4,27.6,0.000,7.82,0
2026-10-09T16:46:47.392,1980.592,105,2.602,26.6,27.8,0.000,7.62,0
2026-10-09T16:46:47.494,1980.694,105,2.602,28.1,27.6,0.000,7.56,0
2026-10-09T16:46:47.594,1980.794,105,2.602,27.9,27.8,0.000,7.81,0
2026-10-09T16:46:47.698,1980.898,105,2.602,27.9,27.5,0.000,7.81,0
2026-10-09T16:46:47.795,1980.994,105,2.603,25.9,27.4,0.000,7.55,0
2026-10-09T16:46:47.894,1981.094,105,2.603,28.1,27.5,0.000,7.62,0
2026-10-09T16:46:47.993,1981.193,105,2.601,26.6,27.7,0.000,7.73,0
2026-10-09T16:46:48.095,1981.294,105,2.600,26.6,27.5,0.000,7.62,0
2026-10-09T16:46:48.195,1981.394,105,2.597,26.5,27.7,0.000,7.64,0
2026-10-09T16:46:48.294,1981.494,105,2.597,27.9,27.5,0.000,7.55,0
2026-10-09T16:46:48.393,1981.593,105,2.597,27.9,27.7,0.000,7.62,0
2026-10-09T16:46:48.494,1981.694,105,2.594,26.3,27.7,0.000,7.29,0
2026-10-09T16:46:48.594,1981.793,105,2.595,28.1,27.7,0.000,7.50,0
2026-10-09T16:46:48.695,1981.895,105,2.595,26.2,27.6,0.000,7.57,0
2026-10-09T16:46:48.795,1981.994,105,2.596,28.0,27.5,0.000,7.48,0
2026-10-09T16:46:48.896,1982.096,105,2.596,28.5,28.0,0.000,7.28,0
2026-10-09T16:46:48.996,1982.195,105,2.597,26.1,27.6,0.000,7.32,0
2026-10-09T16:46:49.096,1982.295,105,2.597,27.8,27.6,0.000,7.45,0
2026-10-09T16:46:49.196,1982.395,105,2.596,27.7,27.5,0.000,7.76,0
2026-10-09T16:46:49.296,1982.495,105,2.596,26.6,27.7,0.000,7.36,0
2026-10-09T16:46:49.396,1982.595,105,2.594,28.4,27.6,0.000,7.54,0
2026-10-09T16:46:49.496,1982.696,105,2.594,26.2,27.7,0.000,7.50,0
2026-10-09T16:46:49.595,1982.795,105,2.593,26.3,27.5,0.000,7.34,0
2026-10-09T16:46:49.695,1982.895,105,2.594,27.5,27.7,0.000,7.36,0
2026-10-09T16:46:49.795,1982.995,105,2.594,27.5,27.5,0.000,7.45,0
2026-10-09T16:46:49.895,1983.094,105,2.593,27.6,27.8,0.000,7.54,0
2026-10-09T16:46:49.996,1983.195,105,2.595,26.0,27.3,0.000,7.25,0
2026-10-09T16:46:50.095,1983.295,105,2.594,27.8,27.7,0.000,7.66,0
2026-10-09T16:46:50.195,1983.395,105,2.594,27.9,27.5,0.000,7.50,0
2026-10-09T16:46:50.294,1983.494,105,2.594,28.0,27.6,0.000,7.21,0
2026-10-09T16:46:50.396,1983.595,105,2.595,28.0,28.0,0.000,7.37,0
2026-10-09T16:46:50.495,1983.695,105,2.595,27.9,27.7,0.000,7.34,0
2026-10-09T16:46:50.595,1983.795,105,2.595,28.3,27.8,0.000,7.55,0
2026-10-09T16:46:50.695,1983.895,105,2.591,26.9,28.0,0.000,7.59,0
2026-10-09T16:46:50.795,1983.994,105,2.594,28.6,27.7,0.000,7.36,0
2026-10-09T16:46:50.896,1984.096,105,2.596,26.8,27.9,0.000,7.53,0
2026-10-09T16:46:50.996,1984.196,105,2.596,28.5,27.9,0.000,7.57,0
2026-10-09T16:46:51.096,1984.295,105,2.593,28.5,27.7,0.000,7.49,0
2026-10-09T16:46:51.197,1984.396,105,2.593,28.4,27.7,0.000,7.57,0
2026-10-09T16:46:51.298,1984.497,105,2.591,26.6,27.8,0.000,7.46,0
2026-10-09T16:46:51.399,1984.598,105,2.591,25.9,27.6,0.000,7.58,0
2026-10-09T16:46:51.498,1984.697,105,2.593,28.0,27.9,0.000,7.36,0
2026-10-09T16:46:51.599,1984.799,105,2.591,27.9,27.8,0.000,7.35,0
2026-10-09T16:46:51.699,1984.899,105,2.588,26.6,27.8,0.000,7.40,0
2026-10-09T16:46:51.799,1984.999,105,2.588,28.4,28.1,0.000,7.29,0
2026-10-09T16:46:51.900,1985.099,105,2.592,26.3,27.9,0.000,7.48,0
2026-10-09T16:46:52.001,1985.200,105,2.590,28.1,27.6,0.000,7.54,0
2026-10-09T16:46:52.100,1985.300,105,2.591,26.8,27.8,0.000,7.22,0
2026-10-09T16:46:52.200,1985.400,105,2.591,28.4,28.0,0.000,7.68,0
2026-10-09T16:46:52.300,1985.500,105,2.587,28.6,27.9,0.000,7.46,0
2026-10-09T16:46:52.400,1985.600,105,2.591,28.5,27.8,0.000,7.29,0
2026-10-09T16:46:52.500,1985.700,105,2.591,28.9,28.2,0.000,7.37,0
2026-10-09T16:46:52.600,1985.799,105,2.590,28.5,28.0,0.000,7.41,0
2026-10-09T16:46:52.700,1985.900,105,2.589,28.4,27.9,0.000,7.49,0
2026-10-09T16:46:52.801,1986.001,105,2.588,28.5,27.8,0.000,7.40,0
2026-10-09T16:46:52.900,1986.100,105,2.588,29.0,27.8,0.000,7.42,0
2026-10-09T16:46:53.001,1986.201,105,2.591,28.4,27.8,0.000,7.57,0
2026-10-09T16:46:53.101,1986.300,105,2.586,28.9,27.8,0.000,7.58,0
2026-10-09T16:46:53.202,1986.401,105,2.584,26.8,28.0,0.000,7.39,0
2026-10-09T16:46:53.303,1986.502,105,2.584,26.6,27.8,0.000,7.35,0
2026-10-09T16:46:53.401,1986.601,105,2.591,28.5,27.8,0.000,7.34,0
2026-10-09T16:46:53.502,1986.702,105,2.587,28.3,28.1,0.000,7.31,0
2026-10-09T16:46:53.602,1986.801,105,2.586,28.4,28.2,0.000,7.38,0
2026-10-09T16:46:53.702,1986.902,105,2.586,26.8,27.9,0.000,7.24,0
2026-10-09T16:46:53.802,1987.002,105,2.584,28.4,28.1,0.000,7.50,0
2026-10-09T16:46:53.902,1987.102,105,2.588,28.6,28.2,0.000,7.44,0
2026-10-09T16:46:54.002,1987.201,105,2.584,28.3,27.7,0.000,7.35,0
2026-10-09T16:46:54.101,1987.301,105,2.584,28.1,27.6,0.000,7.41,0
2026-10-09T16:46:54.202,1987.402,105,2.585,28.6,28.0,0.000,7.51,0
2026-10-09T16:46:54.302,1987.502,105,2.585,26.4,27.7,0.000,7.64,0
2026-10-09T16:46:54.404,1987.603,105,2.585,28.1,27.7,0.000,7.39,0
2026-10-09T16:46:54.502,1987.701,105,2.585,27.5,27.6,0.000,7.32,0
2026-10-09T16:46:54.603,1987.802,105,2.583,25.8,27.4,0.000,7.49,0
2026-10-09T16:46:54.702,1987.902,105,2.586,27.5,27.8,0.000,7.31,0
2026-10-09T16:46:54.801,1988.001,105,2.586,25.9,27.5,0.000,7.30,0
2026-10-09T16:46:54.902,1988.101,105,2.586,26.0,27.5,0.000,7.55,0
2026-10-09T16:46:55.002,1988.201,105,2.585,25.7,27.5,0.000,7.23,0
2026-10-09T16:46:55.101,1988.301,105,2.586,25.7,27.4,0.000,7.36,0
2026-10-09T16:46:55.202,1988.402,105,2.586,25.7,27.4,0.000,7.42,0
2026-10-09T16:46:55.302,1988.501,105,2.586,26.0,27.4,0.000,7.30,0
2026-10-09T16:46:55.403,1988.602,105,2.586,27.2,27.3,0.000,7.52,0
2026-10-09T16:46:55.504,1988.704,105,2.584,27.5,27.9,0.000,7.53,0
2026-10-09T16:46:55.604,1988.803,105,2.584,25.6,27.3,0.000,7.43,0
2026-10-09T16:46:55.705,1988.904,105,2.585,25.7,27.3,0.000,7.62,0
2026-10-09T16:46:55.805,1989.004,105,2.584,25.7,27.4,0.000,7.35,0
2026-10-09T16:46:55.906,1989.105,105,2.584,25.8,27.5,0.000,7.48,0
2026-10-09T16:46:56.006,1989.205,105,2.584,27.2,27.3,0.000,7.05,0
2026-10-09T16:46:56.105,1989.305,105,2.587,27.6,27.6,0.000,7.36,0
2026-10-09T16:46:56.205,1989.405,105,2.581,27.5,27.6,0.000,7.41,0
2026-10-09T16:46:56.306,1989.506,105,2.584,25.6,27.4,0.000,7.40,0
2026-10-09T16:46:56.405,1989.605,105,2.584,27.5,27.5,0.000,7.44,0
2026-10-09T16:46:56.506,1989.706,105,2.582,26.1,27.3,0.000,7.45,0
2026-10-09T16:46:56.606,1989.806,105,2.584,27.5,27.7,0.000,7.47,0
2026-10-09T16:46:56.705,1989.905,105,2.582,26.5,27.8,0.000,7.38,0
2026-10-09T16:46:56.806,1990.006,105,2.582,26.2,27.5,0.000,7.53,0
2026-10-09T16:46:56.906,1990.106,105,2.580,27.7,27.5,0.000,7.10,0
2026-10-09T16:46:57.006,1990.206,105,2.586,28.1,27.7,0.000,7.34,0
2026-10-09T16:46:57.106,1990.306,105,2.586,26.5,27.3,0.000,7.49,0
2026-10-09T16:46:57.206,1990.406,105,2.580,27.8,27.5,0.000,7.43,0
2026-10-09T16:46:57.306,1990.506,105,2.579,28.1,27.5,0.000,7.42,0
2026-10-09T16:46:57.406,1990.606,105,2.579,26.2,27.7,0.000,7.26,0
2026-10-09T16:46:57.506,1990.706,105,2.579,26.4,27.5,0.000,7.39,0
2026-10-09T16:46:57.606,1990.805,105,2.579,27.8,27.8,0.000,7.32,0
2026-10-09T16:46:57.706,1990.905,105,2.580,28.0,27.5,0.000,7.43,0
2026-10-09T16:46:57.807,1991.006,105,2.578,28.4,27.7,0.000,7.45,0
2026-10-09T16:46:57.908,1991.108,105,2.578,28.2,27.6,0.000,7.21,0
2026-10-09T16:46:58.007,1991.206,105,2.581,26.2,27.7,0.000,7.23,0
2026-10-09T16:46:58.107,1991.306,105,2.578,28.1,27.7,0.000,7.34,0
2026-10-09T16:46:58.208,1991.407,105,2.582,26.4,27.5,0.000,7.33,0
2026-10-09T16:46:58.307,1991.507,105,2.582,26.4,27.6,0.000,7.34,0
2026-10-09T16:46:58.408,1991.608,105,2.576,28.0,27.6,0.000,7.47,0
2026-10-09T16:46:58.507,1991.707,105,2.580,28.2,27.8,0.000,7.57,0
2026-10-09T16:46:58.608,1991.808,105,2.578,28.1,27.5,0.000,7.36,0
2026-10-09T16:46:58.708,1991.907,105,2.578,28.6,27.8,0.000,7.27,0
2026-10-09T16:46:58.808,1992.007,105,2.578,26.4,27.7,0.000,7.08,0
2026-10-09T16:46:58.907,1992.106,105,2.576,26.4,27.8,0.000,7.24,0
2026-10-09T16:46:59.008,1992.207,105,2.573,28.0,27.6,0.000,7.31,0
2026-10-09T16:46:59.108,1992.308,105,2.573,26.9,27.7,0.000,7.29,0
2026-10-09T16:46:59.210,1992.409,105,2.577,26.7,27.6,0.000,7.46,0
2026-10-09T16:46:59.311,1992.510,105,2.571,27.8,27.4,0.000,7.17,0
2026-10-09T16:46:59.411,1992.611,105,2.575,27.9,27.5,0.000,7.43,0
2026-10-09T16:46:59.510,1992.710,105,2.575,27.9,26.9,0.000,7.57,0
2026-10-09T16:46:59.612,1992.811,105,2.575,28.3,27.9,0.000,7.83,0
2026-10-09T16:46:59.711,1992.910,105,2.576,28.3,27.5,0.000,7.34,0
2026-10-09T16:46:59.812,1993.012,105,2.576,27.8,27.9,0.000,7.40,0
2026-10-09T16:46:59.912,1993.112,105,2.571,26.2,27.4,0.000,7.39,0
2026-10-09T16:47:00.012,1993.211,105,2.577,26.3,27.8,0.000,7.64,0
2026-10-09T16:47:00.111,1993.311,105,2.573,28.1,27.8,0.000,7.20,0
2026-10-09T16:47:00.213,1993.412,105,2.573,27.8,27.5,0.000,7.38,0
2026-10-09T16:47:00.313,1993.513,105,2.575,28.3,27.6,0.000,6.99,0
2026-10-09T16:47:00.412,1993.611,105,2.571,27.7,27.5,0.000,7.50,0
2026-10-09T16:47:00.511,1993.711,105,2.569,27.5,27.7,0.000,7.25,0
2026-10-09T16:47:00.612,1993.811,105,2.569,25.7,27.5,0.000,7.46,0
2026-10-09T16:47:00.712,1993.912,105,2.569,27.5,27.4,0.000,7.23,0
2026-10-09T16:47:00.812,1994.011,105,2.571,27.6,27.7,0.000,7.55,0
2026-10-09T16:47:00.912,1994.111,105,2.568,27.4,27.4,0.000,7.23,0
2026-10-09T16:47:01.012,1994.212,105,2.568,27.6,27.4,0.000,7.50,0
2026-10-09T16:47:01.113,1994.312,105,2.567,27.7,27.4,0.000,7.03,0
2026-10-09T16:47:01.214,1994.413,105,2.565,27.4,27.2,0.000,7.13,0
2026-10-09T16:47:01.314,1994.513,105,2.567,25.7,27.5,0.000,7.26,0
2026-10-09T16:47:01.414,1994.613,105,2.567,27.7,27.6,0.000,7.16,0
2026-10-09T16:47:01.513,1994.713,105,2.562,28.1,27.7,0.000,7.06,0
2026-10-09T16:47:01.614,1994.814,105,2.567,25.9,27.5,0.000,7.33,0
2026-10-09T16:47:01.714,1994.913,105,2.563,27.8,27.7,0.000,7.55,0
2026-10-09T16:47:01.814,1995.014,105,2.563,27.5,27.3,0.000,7.19,0
2026-10-09T16:47:01.914,1995.114,105,2.572,27.8,27.9,0.000,7.14,0
2026-10-09T16:47:02.015,1995.215,105,2.566,27.5,27.7,0.000,7.36,0
2026-10-09T16:47:02.115,1995.314,105,2.566,27.7,27.5,0.000,7.47,0
2026-10-09T16:47:02.214,1995.414,105,2.564,28.7,28.0,0.000,7.45,0
2026-10-09T16:47:02.316,1995.515,105,2.567,27.8,27.5,0.000,7.32,0
2026-10-09T16:47:02.415,1995.614,105,2.569,28.5,27.7,0.000,7.42,0
2026-10-09T16:47:02.516,1995.715,105,2.569,28.3,27.7,0.000,7.33,0
2026-10-09T16:47:02.616,1995.815,105,2.567,26.8,27.7,0.000,6.94,0
2026-10-09T16:47:02.716,1995.915,105,2.569,26.7,27.7,0.000,7.41,0
2026-10-09T16:47:02.816,1996.015,105,2.569,26.8,28.0,0.000,7.31,0
2026-10-09T16:47:02.916,1996.116,105,2.569,26.2,27.6,0.000,7.42,0
2026-10-09T16:47:03.015,1996.215,105,2.568,26.6,27.7,0.000,7.11,0
2026-10-09T16:47:03.120,1996.320,105,2.564,26.5,27.9,0.000,7.42,0
2026-10-09T16:47:03.217,1996.416,105,2.566,28.7,28.0,0.000,7.43,0
2026-10-09T16:47:03.317,1996.516,105,2.566,27.1,27.8,0.000,7.32,0
2026-10-09T16:47:03.417,1996.616,105,2.563,26.9,27.9,0.000,7.45,0
2026-10-09T16:47:03.517,1996.716,105,2.564,28.2,27.6,0.000,7.47,0
2026-10-09T16:47:03.616,1996.816,105,2.563,26.7,27.9,0.000,7.30,0
2026-10-09T16:47:03.718,1996.917,105,2.563,26.3,27.6,0.000,7.26,0
2026-10-09T16:47:03.818,1997.017,105,2.564,28.4,28.0,0.000,7.17,0
2026-10-09T16:47:03.918,1997.117,105,2.564,28.4,28.0,0.000,7.34,0
2026-10-09T16:47:04.018,1997.217,105,2.564,28.6,28.2,0.000,7.28,0
2026-10-09T16:47:04.118,1997.318,105,2.564,28.9,28.0,0.000,7.28,0
2026-10-09T16:47:04.218,1997.418,105,2.568,28.5,28.0,0.000,7.36,0
2026-10-09T16:47:04.318,1997.518,105,2.562,28.4,27.9,0.000,7.35,0
2026-10-09T16:47:04.418,1997.617,105,2.562,28.2,27.7,0.000,7.38,0
2026-10-09T16:47:04.519,1997.719,105,2.561,28.3,27.5,0.000,7.27,0
2026-10-09T16:47:04.619,1997.819,105,2.558,28.4,27.6,0.000,7.31,0
2026-10-09T16:47:04.719,1997.919,105,2.560,26.4,27.8,0.000,7.49,0
2026-10-09T16:47:04.818,1998.018,105,2.560,27.9,27.5,0.000,7.29,0
2026-10-09T16:47:04.922,1998.121,105,2.560,26.9,27.7,0.000,7.21,0
2026-10-09T16:47:05.020,1998.219,105,2.562,26.6,27.7,0.000,7.35,0
2026-10-09T16:47:05.119,1998.319,105,2.561,26.7,27.8,0.000,7.39,0
2026-10-09T16:47:05.220,1998.420,105,2.561,28.7,27.8,0.000,7.31,0
2026-10-09T16:47:05.321,1998.521,105,2.563,28.2,27.6,0.000,7.19,0
2026-10-09T16:47:05.421,1998.621,105,2.560,26.2,27.6,0.000,7.33,0
2026-10-09T16:47:05.521,1998.721,105,2.564,28.3,28.0,0.000,7.31,0
2026-10-09T16:47:05.621,1998.820,105,2.564,26.3,27.6,0.000,7.44,0
2026-10-09T16:47:05.722,1998.921,105,2.560,27.7,27.6,0.000,7.49,0
2026-10-09T16:47:05.821,1999.021,105,2.560,27.7,27.5,0.000,7.17,0
2026-10-09T16:47:05.921,1999.121,105,2.560,26.9,27.9,0.000,7.04,0
2026-10-09T16:47:06.021,1999.221,105,2.560,26.3,27.9,0.000,7.35,0
2026-10-09T16:47:06.121,1999.321,105,2.556,27.5,27.3,0.000,7.40,0
2026-10-09T16:47:06.221,1999.421,105,2.559,27.2,27.3,0.000,7.17,0
2026-10-09T16:47:06.321,1999.520,105,2.558,25.6,27.5,0.000,7.08,0
2026-10-09T16:47:06.422,1999.621,105,2.558,25.7,27.5,0.000,7.00,0
2026-10-09T16:47:06.522,1999.722,105,2.560,25.5,27.2,0.000,7.45,0
2026-10-09T16:47:06.622,1999.821,105,2.561,27.4,27.2,0.000,7.57,0
2026-10-09T16:47:06.725,1999.924,105,2.560,27.5,27.6,0.000,7.17,0
2026-10-09T16:47:06.822,2000.022,105,2.560,27.2,27.4,0.000,7.29,0
2026-10-09T16:47:06.923,2000.123,105,2.562,27.3,27.2,0.000,7.39,0
2026-10-09T16:47:07.024,2000.224,105,2.558,27.7,27.5,0.000,7.21,0
2026-10-09T16:47:07.124,2000.324,105,2.558,27.4,27.5,0.000,7.50,0
2026-10-09T16:47:07.224,2000.424,105,2.561,25.7,27.4,0.000,7.28,0
2026-10-09T16:47:07.324,2000.524,105,2.557,25.6,27.5,0.000,7.16,0
2026-10-09T16:47:07.425,2000.625,105,2.560,26.4,27.6,0.000,7.35,0
2026-10-09T16:47:07.525,2000.725,105,2.560,25.8,27.5,0.000,7.23,0
2026-10-09T16:47:07.625,2000.824,105,2.559,27.3,27.3,0.000,7.44,0
2026-10-09T16:47:07.726,2000.926,105,2.555,27.6,27.3,0.000,7.18,0
2026-10-09T16:47:07.826,2001.026,105,2.554,25.8,27.3,0.000,7.19,0
2026-10-09T16:47:07.928,2001.127,105,2.554,27.5,27.8,0.000,7.51,0
2026-10-09T16:47:08.026,2001.226,105,2.555,27.6,27.6,0.000,7.31,0
2026-10-09T16:47:08.126,2001.326,105,2.554,25.7,27.4,0.000,7.34,0
2026-10-09T16:47:08.226,2001.426,105,2.552,27.4,27.5,0.000,7.41,0
2026-10-09T16:47:08.326,2001.526,105,2.552,27.3,27.6,0.000,7.19,0
2026-10-09T16:47:08.427,2001.627,105,2.553,25.5,27.5,0.000,7.44,0
2026-10-09T16:47:08.528,2001.728,105,2.550,27.4,27.5,0.000,7.10,0
2026-10-09T16:47:08.628,2001.827,105,2.547,27.4,27.6,0.000,7.29,0
2026-10-09T16:47:08.729,2001.929,105,2.547,25.6,27.3,0.000,7.27,0
2026-10-09T16:47:08.829,2002.029,105,2.552,27.2,27.3,0.000,7.29,0
2026-10-09T16:47:08.929,2002.129,105,2.548,25.6,27.5,0.000,7.51,0
2026-10-09T16:47:09.029,2002.229,105,2.547,27.2,27.7,0.000,7.47,0
2026-10-09T16:47:09.131,2002.331,105,2.547,27.4,27.2,0.000,7.20,0
2026-10-09T16:47:09.231,2002.431,105,2.546,27.1,27.1,0.000,7.14,0
2026-10-09T16:47:09.329,2002.528,105,2.549,27.7,27.6,0.000,7.47,0
2026-10-09T16:47:09.430,2002.629,105,2.546,25.6,27.3,0.000,7.19,0
2026-10-09T16:47:09.529,2002.729,105,2.546,27.2,27.1,0.000,7.37,0
2026-10-09T16:47:09.630,2002.830,105,2.545,27.3,27.2,0.000,7.13,0
2026-10-09T16:47:09.731,2002.930,105,2.545,25.6,27.3,0.000,7.15,0
2026-10-09T16:47:09.832,2003.032,105,2.545,27.2,27.3,0.000,7.31,0
2026-10-09T16:47:09.932,2003.131,105,2.546,27.1,27.3,0.000,7.21,0
2026-10-09T16:47:10.032,2003.231,105,2.541,27.3,27.2,0.000,7.09,0
2026-10-09T16:47:10.132,2003.331,105,2.544,25.8,27.4,0.000,7.35,0
2026-10-09T16:47:10.232,2003.431,105,2.544,25.8,27.3,0.000,7.44,0
2026-10-09T16:47:10.331,2003.531,105,2.545,25.9,27.5,0.000,7.28,0
2026-10-09T16:47:10.432,2003.632,105,2.546,25.6,27.1,0.000,7.23,0
2026-10-09T16:47:10.533,2003.733,105,2.545,25.8,27.3,0.000,7.09,0
2026-10-09T16:47:10.632,2003.831,105,2.545,25.8,27.4,0.000,7.24,0
2026-10-09T16:47:10.733,2003.932,105,2.543,27.3,27.5,0.000,7.17,0
2026-10-09T16:47:10.833,2004.033,105,2.545,27.5,27.1,0.000,7.08,0
2026-10-09T16:47:10.933,2004.133,105,2.545,26.1,27.5,0.000,7.49,0
2026-10-09T16:47:11.033,2004.233,105,2.545,26.2,27.5,0.000,7.20,0
2026-10-09T16:47:11.133,2004.333,105,2.544,27.6,28.0,0.000,7.51,0
2026-10-09T16:47:11.233,2004.433,105,2.545,27.9,27.4,0.000,7.03,0
2026-10-09T16:47:11.334,2004.533,105,2.543,28.3,27.5,0.000,7.38,0
2026-10-09T16:47:11.433,2004.632,105,2.543,25.8,27.4,0.000,7.20,0
2026-10-09T16:47:11.534,2004.733,105,2.544,26.4,27.5,0.000,7.38,0
2026-10-09T16:47:11.634,2004.834,105,2.544,26.3,27.7,0.000,7.49,0
2026-10-09T16:47:11.735,2004.935,105,2.543,28.1,27.5,0.000,7.31,0
2026-10-09T16:47:11.835,2005.035,105,2.543,26.0,27.5,0.000,7.33,0
2026-10-09T16:47:11.938,2005.138,105,2.543,28.1,27.6,0.000,7.21,0
2026-10-09T16:47:12.035,2005.235,105,2.543,28.0,27.5,0.000,7.42,0
2026-10-09T16:47:12.135,2005.335,105,2.543,28.4,27.7,0.000,7.38,0
2026-10-09T16:47:12.234,2005.434,105,2.543,26.0,27.5,0.000,7.28,0
2026-10-09T16:47:12.335,2005.534,105,2.544,28.5,27.5,0.000,7.25,0
2026-10-09T16:47:12.436,2005.635,105,2.542,26.0,27.3,0.000,7.57,0
2026-10-09T16:47:12.536,2005.736,105,2.542,27.9,27.6,0.000,7.32,0
2026-10-09T16:47:12.636,2005.836,105,2.543,28.0,27.5,0.000,7.46,0
2026-10-09T16:47:12.736,2005.936,105,2.541,28.4,27.5,0.000,7.09,0
2026-10-09T16:47:12.836,2006.035,105,2.542,28.1,27.6,0.000,7.36,0
2026-10-09T16:47:12.937,2006.136,105,2.542,28.2,27.4,0.000,7.46,0
2026-10-09T16:47:13.038,2006.237,105,2.539,27.9,27.6,0.000,7.16,0
2026-10-09T16:47:13.139,2006.338,105,2.541,28.1,27.6,0.000,7.27,0
2026-10-09T16:47:13.238,2006.438,105,2.542,28.1,27.6,0.000,7.19,0
2026-10-09T16:47:13.338,2006.537,105,2.542,26.2,27.5,0.000,7.36,0
2026-10-09T16:47:13.438,2006.638,105,2.541,26.1,27.4,0.000,7.29,0
2026-10-09T16:47:13.538,2006.738,105,2.540,28.2,27.4,0.000,7.34,0
2026-10-09T16:47:13.639,2006.839,105,2.540,26.1,27.3,0.000,7.62,0
2026-10-09T16:47:13.738,2006.938,105,2.540,27.9,27.5,0.000,7.27,0
2026-10-09T16:47:13.838,2007.037,105,2.541,28.2,27.4,0.000,7.80,0
2026-10-09T16:47:13.939,2007.138,105,2.542,25.9,27.4,0.000,7.31,0
2026-10-09T16:47:14.039,2007.239,105,2.540,26.2,27.3,0.000,7.41,0
2026-10-09T16:47:14.140,2007.339,105,2.540,27.8,27.3,0.000,7.24,0
2026-10-09T16:47:14.240,2007.439,105,2.540,28.0,27.7,0.000,7.41,0
2026-10-09T16:47:14.340,2007.539,105,2.540,27.8,27.3,0.000,7.54,0
2026-10-09T16:47:14.439,2007.639,105,2.537,26.4,27.6,0.000,7.18,0
2026-10-09T16:47:14.539,2007.738,105,2.537,27.7,27.5,0.000,7.21,0
2026-10-09T16:47:14.640,2007.840,105,2.542,27.9,27.4,0.000,7.19,0
2026-10-09T16:47:14.740,2007.939,105,2.538,27.8,27.4,0.000,7.37,0
2026-10-09T16:47:14.841,2008.041,105,2.538,28.1,27.5,0.000,7.43,0
2026-10-09T16:47:14.941,2008.140,105,2.541,26.0,27.5,0.000,7.35,0
2026-10-09T16:47:15.046,2008.246,105,2.536,26.6,27.6,0.000,7.28,0
2026-10-09T16:47:15.142,2008.342,105,2.538,27.9,27.3,0.000,7.42,0
2026-10-09T16:47:15.242,2008.441,105,2.538,26.5,27.5,0.000,7.02,0
2026-10-09T16:47:15.343,2008.543,105,2.536,28.0,27.3,0.000,7.27,0
2026-10-09T16:47:15.443,2008.642,105,2.536,27.8,27.4,0.000,7.35,0
2026-10-09T16:47:15.542,2008.742,105,2.536,27.8,27.5,0.000,7.42,0
2026-10-09T16:47:15.642,2008.842,105,2.536,27.5,27.3,0.000,7.25,0
2026-10-09T16:47:15.742,2008.942,105,2.539,25.6,27.4,0.000,7.36,0
2026-10-09T16:47:15.842,2009.042,105,2.537,27.5,27.7,0.000,7.49,0
2026-10-09T16:47:15.945,2009.144,105,2.536,27.2,27.3,0.000,7.35,0
2026-10-09T16:47:16.045,2009.245,105,2.536,27.7,27.6,0.000,7.30,0
2026-10-09T16:47:16.143,2009.342,105,2.537,27.4,27.2,0.000,7.24,0
2026-10-09T16:47:16.243,2009.443,105,2.537,27.2,27.3,0.000,7.14,0
2026-10-09T16:47:16.343,2009.542,105,2.536,27.1,27.6,0.000,7.17,0
2026-10-09T16:47:16.443,2009.643,105,2.536,27.5,27.2,0.000,7.10,0
2026-10-09T16:47:16.544,2009.743,105,2.535,27.5,27.5,0.000,7.03,0
2026-10-09T16:47:16.644,2009.843,105,2.538,25.9,27.4,0.000,7.21,0
2026-10-09T16:47:16.744,2009.944,105,2.536,25.7,27.2,0.000,7.19,0
2026-10-09T16:47:16.846,2010.045,105,2.536,27.6,27.7,0.000,7.20,0
2026-10-09T16:47:16.947,2010.146,105,2.538,26.0,27.5,0.000,7.01,0
2026-10-09T16:47:17.048,2010.248,105,2.538,26.0,27.4,0.000,7.39,0
2026-10-09T16:47:17.150,2010.349,105,2.536,28.5,27.5,0.000,7.45,0
2026-10-09T16:47:17.248,2010.447,105,2.536,27.9,27.7,0.000,7.22,0
2026-10-09T16:47:17.352,2010.552,105,2.534,27.7,27.5,0.000,6.82,0
2026-10-09T16:47:17.448,2010.647,105,2.538,27.8,27.5,0.000,7.43,0
2026-10-09T16:47:17.548,2010.747,105,2.538,27.7,27.4,0.000,7.11,0
2026-10-09T16:47:17.648,2010.847,105,2.535,25.5,27.1,0.000,7.16,0
2026-10-09T16:47:17.748,2010.948,105,2.538,27.4,27.3,0.000,7.27,0
2026-10-09T16:47:17.849,2011.049,105,2.535,25.9,27.1,0.000,7.22,0
2026-10-09T16:47:17.949,2011.149,105,2.535,27.3,27.2,0.000,7.18,0
2026-10-09T16:47:18.049,2011.248,105,2.537,27.4,27.4,0.000,7.34,0
2026-10-09T16:47:18.149,2011.348,105,2.536,27.3,27.4,0.000,7.30,0
2026-10-09T16:47:18.248,2011.448,105,2.536,27.4,27.1,0.000,7.30,0
2026-10-09T16:47:18.350,2011.550,105,2.536,27.1,27.5,0.000,7.15,0
2026-10-09T16:47:18.449,2011.649,105,2.540,25.6,27.4,0.000,7.32,0
2026-10-09T16:47:18.549,2011.749,105,2.535,27.5,27.4,0.000,7.20,0
2026-10-09T16:47:18.651,2011.851,105,2.533,25.7,27.3,0.000,7.54,0
2026-10-09T16:47:18.753,2011.953,105,2.533,25.6,27.1,0.000,7.25,0
2026-10-09T16:47:18.853,2012.052,105,2.533,25.7,27.3,0.000,7.26,0
2026-10-09T16:47:18.950,2012.150,105,2.533,25.6,27.5,0.000,7.33,0
2026-10-09T16:47:19.051,2012.251,105,2.534,25.6,27.1,0.000,7.17,0
2026-10-09T16:47:19.151,2012.351,105,2.534,27.5,27.3,0.000,7.08,0
2026-10-09T16:47:19.251,2012.451,105,2.533,27.7,27.4,0.000,7.36,0
2026-10-09T16:47:19.350,2012.550,105,2.534,25.8,27.4,0.000,7.35,0
2026-10-09T16:47:19.451,2012.651,105,2.531,27.5,27.8,0.000,7.42,0
2026-10-09T16:47:19.552,2012.752,105,2.531,25.7,27.4,0.000,7.32,0
2026-10-09T16:47:19.653,2012.852,105,2.532,27.5,27.4,0.000,7.19,0
2026-10-09T16:47:19.752,2012.952,105,2.531,25.7,27.2,0.000,7.04,0
2026-10-09T16:47:19.854,2013.053,105,2.530,27.4,27.3,0.000,7.16,0
2026-10-09T16:47:19.954,2013.153,105,2.530,25.7,27.5,0.000,7.12,0
2026-10-09T16:47:20.053,2013.253,105,2.533,27.5,27.1,0.000,7.60,0
2026-10-09T16:47:20.153,2013.353,105,2.531,28.1,27.6,0.000,7.12,0
2026-10-09T16:47:20.253,2013.453,105,2.531,26.6,27.5,0.000,7.12,0
2026-10-09T16:47:20.353,2013.553,105,2.531,28.1,27.5,0.000,7.53,0
2026-10-09T16:47:20.454,2013.654,105,2.528,26.7,27.6,0.000,7.24,0
2026-10-09T16:47:20.555,2013.754,105,2.529,28.0,27.8,0.000,7.35,0
2026-10-09T16:47:20.653,2013.852,105,2.529,26.3,27.6,0.000,7.12,0
2026-10-09T16:47:20.754,2013.953,105,2.528,28.2,27.5,0.000,7.30,0
2026-10-09T16:47:20.854,2014.053,105,2.529,28.5,27.7,0.000,7.01,0
2026-10-09T16:47:20.955,2014.154,105,2.527,28.6,28.0,0.000,7.35,0
2026-10-09T16:47:21.055,2014.255,105,2.527,28.5,27.9,0.000,7.00,0
2026-10-09T16:47:21.156,2014.355,105,2.531,28.1,27.6,0.000,7.37,0
2026-10-09T16:47:21.256,2014.455,105,2.529,26.4,27.7,0.000,7.44,0
2026-10-09T16:47:21.356,2014.555,105,2.529,26.6,27.7,0.000,7.08,0
2026-10-09T16:47:21.457,2014.656,105,2.529,26.6,27.6,0.000,7.39,0
2026-10-09T16:47:21.556,2014.756,105,2.530,26.3,27.6,0.000,7.21,0
2026-10-09T16:47:21.657,2014.857,105,2.528,28.0,27.5,0.000,7.06,0
2026-10-09T16:47:21.757,2014.956,105,2.525,26.3,27.5,0.000,7.37,0
2026-10-09T16:47:21.858,2015.057,105,2.525,26.6,27.6,0.000,7.41,0
2026-10-09T16:47:21.957,2015.157,105,2.527,28.1,27.5,0.000,7.36,0
2026-10-09T16:47:22.059,2015.258,105,2.529,28.4,27.4,0.000,6.99,0
2026-10-09T16:47:22.158,2015.358,105,2.532,28.2,27.5,0.000,7.28,0
2026-10-09T16:47:22.259,2015.459,105,2.532,27.7,27.4,0.000,7.27,0
2026-10-09T16:47:22.359,2015.558,105,2.526,28.4,27.7,0.000,7.28,0
2026-10-09T16:47:22.459,2015.659,105,2.524,28.1,27.8,0.000,7.14,0
2026-10-09T16:47:22.560,2015.760,105,2.525,28.0,27.5,0.000,7.36,0
2026-10-09T16:47:22.660,2015.859,105,2.525,28.7,28.0,0.000,7.12,0
2026-10-09T16:47:22.759,2015.959,105,2.527,26.2,27.5,0.000,6.93,0
2026-10-09T16:47:22.861,2016.060,105,2.526,27.0,27.7,0.000,7.30,0
2026-10-09T16:47:22.961,2016.160,105,2.526,26.9,27.7,0.000,7.24,0
2026-10-09T16:47:23.061,2016.260,105,2.524,28.2,27.8,0.000,7.46,0
2026-10-09T16:47:23.160,2016.360,105,2.526,28.5,27.7,0.000,7.20,0
2026-10-09T16:47:23.261,2016.461,105,2.525,26.6,27.7,0.000,7.14,0
2026-10-09T16:47:23.363,2016.562,105,2.525,28.6,27.5,0.000,7.13,0
2026-10-09T16:47:23.463,2016.662,105,2.526,26.3,27.7,0.000,7.10,0
2026-10-09T16:47:23.563,2016.763,105,2.525,26.2,27.6,0.000,7.17,0
2026-10-09T16:47:23.663,2016.863,105,2.523,26.4,27.4,0.000,7.32,0
2026-10-09T16:47:23.762,2016.962,105,2.523,26.5,27.8,0.000,7.13,0
2026-10-09T16:47:23.863,2017.062,105,2.523,28.1,27.5,0.000,7.05,0
2026-10-09T16:47:23.962,2017.162,105,2.523,26.4,27.7,0.000,7.16,0
2026-10-09T16:47:24.063,2017.262,105,2.521,28.0,27.4,0.000,7.20,0
2026-10-09T16:47:24.163,2017.362,105,2.521,28.2,27.7,0.000,6.99,0
2026-10-09T16:47:24.263,2017.462,105,2.524,26.6,27.5,0.000,7.54,0
2026-10-09T16:47:24.364,2017.563,105,2.520,26.1,27.4,0.000,7.27,0
2026-10-09T16:47:24.463,2017.663,105,2.523,26.1,27.5,0.000,7.21,0
2026-10-09T16:47:24.564,2017.763,105,2.523,26.6,27.5,0.000,7.54,0
2026-10-09T16:47:24.663,2017.863,105,2.520,28.0,27.3,0.000,7.15,0
2026-10-09T16:47:24.763,2017.962,105,2.522,27.6,27.8,0.000,6.73,0
2026-10-09T16:47:24.864,2018.063,105,2.519,26.3,27.7,0.000,7.34,0
2026-10-09T16:47:24.964,2018.163,105,2.519,26.5,27.7,0.000,7.22,0
2026-10-09T16:47:25.064,2018.263,105,2.521,27.8,27.3,0.000,7.19,0
2026-10-09T16:47:25.163,2018.363,105,2.520,26.4,27.5,0.000,7.28,0
2026-10-09T16:47:25.264,2018.463,105,2.520,27.9,27.4,0.000,7.16,0
2026-10-09T16:47:25.364,2018.563,105,2.520,26.1,27.5,0.000,7.36,0
2026-10-09T16:47:25.465,2018.664,105,2.518,27.1,27.1,0.000,7.36,0
2026-10-09T16:47:25.564,2018.763,105,2.518,25.5,27.2,0.000,7.16,0
2026-10-09T16:47:25.668,2018.868,105,2.518,27.2,27.4,0.000,7.23,0
2026-10-09T16:47:25.764,2018.963,105,2.518,25.6,27.2,0.000,7.27,0
2026-10-09T16:47:25.863,2019.063,105,2.520,27.0,27.1,0.000,7.21,0
2026-10-09T16:47:25.965,2019.164,105,2.519,27.5,27.1,0.000,6.92,0
2026-10-09T16:47:26.064,2019.264,105,2.519,27.4,27.3,0.000,7.23,0
2026-10-09T16:47:26.165,2019.364,105,2.517,25.3,27.2,0.000,7.38,0
2026-10-09T16:47:26.265,2019.464,105,2.518,27.2,27.1,0.000,7.25,0
2026-10-09T16:47:26.365,2019.564,105,2.517,27.3,27.5,0.000,7.40,0
2026-10-09T16:47:26.465,2019.665,105,2.517,27.2,27.4,0.000,7.13,0
2026-10-09T16:47:26.565,2019.764,105,2.518,25.5,27.3,0.000,7.30,0
2026-10-09T16:47:26.665,2019.864,105,2.516,27.8,27.5,0.000,7.38,0
2026-10-09T16:47:26.765,2019.964,105,2.517,26.1,27.4,0.000,7.23,0
2026-10-09T16:47:26.867,2020.067,105,2.517,26.2,27.3,0.000,7.20,0
2026-10-09T16:47:26.964,2020.164,105,2.517,26.3,27.4,0.000,7.45,0
2026-10-09T16:47:27.065,2020.265,105,2.515,26.7,27.7,0.000,7.12,0
2026-10-09T16:47:27.166,2020.365,105,2.518,25.9,27.5,0.000,7.24,0
2026-10-09T16:47:27.267,2020.466,105,2.518,25.7,27.2,0.000,7.20,0
2026-10-09T16:47:27.366,2020.566,105,2.517,26.4,27.5,0.000,7.11,0
2026-10-09T16:47:27.467,2020.666,105,2.515,27.6,27.3,0.000,7.48,0
2026-10-09T16:47:27.568,2020.767,105,2.512,27.2,27.2,0.000,7.34,0
2026-10-09T16:47:27.667,2020.867,105,2.512,26.0,27.3,0.000,7.34,0
2026-10-09T16:47:27.767,2020.967,105,2.515,26.2,27.2,0.000,7.06,0
2026-10-09T16:47:27.868,2021.067,105,2.514,27.6,27.2,0.000,6.83,0
2026-10-09T16:47:27.968,2021.168,105,2.514,27.5,27.2,0.000,6.88,0
2026-10-09T16:47:28.068,2021.267,105,2.514,26.0,27.5,0.000,7.24,0
2026-10-09T16:47:28.169,2021.368,105,2.514,28.0,27.6,0.000,7.10,0
2026-10-09T16:47:28.268,2021.468,105,2.512,28.4,27.8,0.000,7.26,0
2026-10-09T16:47:28.368,2021.568,105,2.512,27.9,27.3,0.000,7.31,0
2026-10-09T16:47:28.469,2021.669,105,2.514,27.9,27.2,0.000,7.26,0
2026-10-09T16:47:28.570,2021.770,105,2.515,27.7,27.5,0.000,7.25,0
2026-10-09T16:47:28.671,2021.871,105,2.512,27.6,27.2,0.000,7.19,0
2026-10-09T16:47:28.771,2021.971,105,2.512,26.0,27.3,0.000,7.10,0
2026-10-09T16:47:28.873,2022.073,105,2.510,26.0,27.4,0.000,7.24,0
2026-10-09T16:47:28.974,2022.173,105,2.514,27.5,27.7,0.000,7.13,0
2026-10-09T16:47:29.071,2022.270,105,2.513,28.0,27.4,0.000,6.95,0
2026-10-09T16:47:29.172,2022.372,105,2.513,25.5,27.2,0.000,7.22,0
2026-10-09T16:47:29.272,2022.472,105,2.512,26.5,27.5,0.000,7.25,0
2026-10-09T16:47:29.372,2022.571,105,2.515,28.3,27.6,0.000,6.95,0
2026-10-09T16:47:29.472,2022.672,105,2.511,27.9,27.6,0.000,7.26,0
2026-10-09T16:47:29.572,2022.771,105,2.511,27.9,27.5,0.000,7.34,0
2026-10-09T16:47:29.673,2022.873,105,2.513,26.4,27.6,0.000,7.14,0
2026-10-09T16:47:29.774,2022.973,105,2.512,27.7,27.4,0.000,7.27,0
2026-10-09T16:47:29.875,2023.074,105,2.511,27.4,27.4,0.000,7.32,0
2026-10-09T16:47:29.975,2023.174,105,2.511,27.7,27.5,0.000,7.30,0
2026-10-09T16:47:30.074,2023.274,105,2.514,28.2,27.7,0.000,7.19,0
2026-10-09T16:47:30.175,2023.374,105,2.514,26.5,27.5,0.000,7.09,0
2026-10-09T16:47:30.275,2023.474,105,2.512,27.4,27.2,0.000,7.35,0
2026-10-09T16:47:30.375,2023.574,105,2.512,28.0,27.2,0.000,7.39,0
2026-10-09T16:47:30.474,2023.674,105,2.514,27.8,27.3,0.000,7.08,0
2026-10-09T16:47:30.576,2023.775,105,2.511,28.1,27.6,0.000,7.27,0
2026-10-09T16:47:30.678,2023.877,105,2.511,28.2,27.5,0.000,7.28,0
2026-10-09T16:47:30.774,2023.973,105,2.512,27.8,27.5,0.000,7.17,0
2026-10-09T16:47:30.874,2024.074,105,2.513,27.7,27.4,0.000,7.12,0
2026-10-09T16:47:30.974,2024.174,105,2.511,28.0,27.4,0.000,7.19,0
2026-10-09T16:47:31.074,2024.273,105,2.511,28.0,27.6,0.000,7.41,0
2026-10-09T16:47:31.175,2024.374,105,2.514,27.5,27.4,0.000,7.51,0
2026-10-09T16:47:31.275,2024.474,105,2.515,27.7,27.8,0.000,7.23,0
2026-10-09T16:47:31.374,2024.573,105,2.513,27.9,27.4,0.000,7.04,0
2026-10-09T16:47:31.475,2024.675,105,2.513,27.7,27.3,0.000,7.12,0
2026-10-09T16:47:31.576,2024.775,105,2.513,27.2,27.1,0.000,7.20,0
2026-10-09T16:47:31.677,2024.876,105,2.514,27.7,27.5,0.000,7.12,0
2026-10-09T16:47:31.776,2024.976,105,2.511,25.7,27.3,0.000,7.15,0
2026-10-09T16:47:31.876,2025.075,105,2.511,28.0,27.6,0.000,7.16,0
2026-10-09T16:47:31.976,2025.176,105,2.510,27.4,27.1,0.000,7.11,0
2026-10-09T16:47:32.076,2025.276,105,2.514,27.7,27.5,0.000,7.07,0
2026-10-09T16:47:32.177,2025.376,105,2.512,27.5,27.2,0.000,7.23,0
2026-10-09T16:47:32.278,2025.477,105,2.512,28.0,27.6,0.000,7.32,0
2026-10-09T16:47:32.379,2025.578,105,2.515,27.8,27.3,0.000,7.25,0
2026-10-09T16:47:32.479,2025.678,105,2.515,27.9,27.4,0.000,7.33,0
2026-10-09T16:47:32.579,2025.779,105,2.514,28.4,27.3,0.000,7.18,0
2026-10-09T16:47:32.680,2025.880,105,2.514,28.1,27.4,0.000,6.98,0
2026-10-09T16:47:32.781,2025.981,105,2.515,26.2,27.3,0.000,7.14,0
2026-10-09T16:47:32.881,2026.081,105,2.516,26.6,27.5,0.000,7.39,0
2026-10-09T16:47:32.981,2026.180,105,2.513,25.9,27.3,0.000,7.10,0
2026-10-09T16:47:33.081,2026.281,105,2.513,27.5,27.6,0.000,7.35,0
2026-10-09T16:47:33.183,2026.382,105,2.517,28.1,27.6,0.000,7.09,0
2026-10-09T16:47:33.282,2026.481,105,2.512,26.4,27.4,0.000,7.23,0
2026-10-09T16:47:33.383,2026.582,105,2.515,25.9,27.5,0.000,7.06,0
2026-10-09T16:47:33.482,2026.682,105,2.515,28.4,27.6,0.000,7.27,0
2026-10-09T16:47:33.582,2026.781,105,2.515,27.9,27.2,0.000,7.04,0
2026-10-09T16:47:33.683,2026.883,105,2.510,27.8,27.3,0.000,6.97,0
2026-10-09T16:47:33.787,2026.986,105,2.510,28.0,27.4,0.000,7.50,0
2026-10-09T16:47:33.883,2027.083,105,2.515,25.6,27.0,0.000,7.17,0
2026-10-09T16:47:33.983,2027.182,105,2.512,28.1,27.7,0.000,7.13,0
2026-10-09T16:47:34.084,2027.283,105,2.513,28.2,27.4,0.000,7.42,0
2026-10-09T16:47:34.183,2027.383,105,2.513,28.1,27.6,0.000,7.14,0
2026-10-09T16:47:34.283,2027.483,105,2.511,27.7,27.1,0.000,7.12,0
2026-10-09T16:47:34.383,2027.582,105,2.510,27.5,27.1,0.000,7.31,0
2026-10-09T16:47:34.483,2027.683,105,2.513,27.9,27.2,0.000,7.14,0
2026-10-09T16:47:34.584,2027.784,105,2.513,27.8,27.5,0.000,7.10,0
2026-10-09T16:47:34.684,2027.884,105,2.509,27.9,27.7,0.000,7.19,0
2026-10-09T16:47:34.784,2027.983,105,2.512,27.1,27.1,0.000,7.30,0
2026-10-09T16:47:34.885,2028.084,105,2.513,27.9,27.5,0.000,7.16,0
2026-10-09T16:47:34.985,2028.185,105,2.513,27.9,27.4,0.000,7.05,0
2026-10-09T16:47:35.085,2028.285,105,2.512,26.2,27.4,0.000,7.31,0
2026-10-09T16:47:35.185,2028.384,105,2.510,25.4,27.2,0.000,7.40,0
2026-10-09T16:47:35.286,2028.485,105,2.513,26.0,27.5,0.000,6.92,0
2026-10-09T16:47:35.386,2028.586,105,2.513,28.3,27.9,0.000,7.14,0
2026-10-09T16:47:35.487,2028.686,105,2.515,26.1,27.3,0.000,7.21,0
2026-10-09T16:47:35.589,2028.788,105,2.512,27.9,27.4,0.000,7.23,0
2026-10-09T16:47:35.688,2028.887,105,2.510,28.5,27.5,0.000,7.07,0
2026-10-09T16:47:35.788,2028.988,105,2.510,26.8,27.7,0.000,7.16,0
2026-10-09T16:47:35.889,2029.089,105,2.512,27.6,27.4,0.000,7.43,0
2026-10-09T16:47:35.988,2029.188,105,2.514,27.9,27.1,0.000,7.24,0
2026-10-09T16:47:36.090,2029.289,105,2.514,28.4,27.5,0.000,7.22,0
2026-10-09T16:47:36.189,2029.389,105,2.514,27.8,27.5,0.000,7.25,0
2026-10-09T16:47:36.289,2029.489,105,2.516,28.0,27.5,0.000,7.05,0
2026-10-09T16:47:36.389,2029.589,105,2.513,27.7,27.3,0.000,7.41,0
2026-10-09T16:47:36.491,2029.691,105,2.513,27.9,27.2,0.000,7.29,0
2026-10-09T16:47:36.592,2029.791,105,2.513,27.6,27.5,0.000,7.26,0
2026-10-09T16:47:36.689,2029.889,105,2.513,27.3,27.4,0.000,6.97,0
2026-10-09T16:47:36.790,2029.989,105,2.513,25.9,27.2,0.000,7.23,0
2026-10-09T16:47:36.890,2030.089,105,2.513,27.4,27.5,0.000,7.23,0
2026-10-09T16:47:36.991,2030.190,105,2.515,27.4,27.3,0.000,7.18,0
2026-10-09T16:47:37.092,2030.291,105,2.514,27.9,27.3,0.000,7.28,0
2026-10-09T16:47:37.192,2030.391,105,2.513,27.1,27.0,0.000,7.17,0
2026-10-09T16:47:37.291,2030.491,105,2.513,27.1,27.4,0.000,7.21,0
2026-10-09T16:47:37.391,2030.590,105,2.507,27.1,27.2,0.000,7.43,0
2026-10-09T16:47:37.492,2030.691,105,2.509,27.2,27.0,0.000,7.27,0
2026-10-09T16:47:37.593,2030.792,105,2.507,27.2,26.9,0.000,7.33,0
2026-10-09T16:47:37.693,2030.892,105,2.507,27.0,27.3,0.000,7.22,0
2026-10-09T16:47:37.792,2030.992,105,2.508,27.3,27.2,0.000,7.40,0
2026-10-09T16:47:37.892,2031.092,105,2.507,25.6,27.4,0.000,7.33,0
2026-10-09T16:47:37.995,2031.195,105,2.507,27.8,27.2,0.000,7.29,0
2026-10-09T16:47:38.092,2031.292,105,2.507,25.5,27.2,0.000,7.21,0
2026-10-09T16:47:38.192,2031.391,105,2.507,27.7,27.5,0.000,7.18,0
2026-10-09T16:47:38.292,2031.492,105,2.508,25.5,27.2,0.000,7.23,0
2026-10-09T16:47:38.392,2031.591,105,2.502,26.0,27.4,0.000,7.25,0
2026-10-09T16:47:38.492,2031.692,105,2.502,26.0,27.5,0.000,7.05,0
2026-10-09T16:47:38.593,2031.793,105,2.506,25.7,27.2,0.000,7.05,0
2026-10-09T16:47:38.693,2031.893,105,2.506,27.7,27.7,0.000,7.05,0
2026-10-09T16:47:38.793,2031.993,105,2.506,27.7,27.2,0.000,7.30,0
2026-10-09T16:47:38.893,2032.092,105,2.503,27.9,27.6,0.000,7.34,0
2026-10-09T16:47:38.993,2032.193,105,2.503,27.9,27.3,0.000,7.01,0
2026-10-09T16:47:39.095,2032.294,105,2.508,27.8,27.5,0.000,7.10,0
2026-10-09T16:47:39.194,2032.394,105,2.508,27.5,27.2,0.000,7.42,0
2026-10-09T16:47:39.294,2032.494,105,2.506,27.9,27.2,0.000,7.28,0
2026-10-09T16:47:39.394,2032.593,105,2.503,26.0,27.4,0.000,7.34,0
2026-10-09T16:47:39.495,2032.694,105,2.509,26.4,27.3,0.000,7.38,0
2026-10-09T16:47:39.594,2032.794,105,2.509,26.5,27.5,0.000,7.15,0
2026-10-09T16:47:39.695,2032.895,105,2.507,27.8,27.4,0.000,7.05,0
2026-10-09T16:47:39.794,2032.994,105,2.504,26.2,27.5,0.000,7.25,0
2026-10-09T16:47:39.895,2033.095,105,2.501,27.9,27.7,0.000,7.08,0
2026-10-09T16:47:39.996,2033.196,105,2.501,26.4,27.6,0.000,7.24,0
2026-10-09T16:47:40.096,2033.295,105,2.505,26.2,27.7,0.000,7.57,0
2026-10-09T16:47:40.197,2033.396,105,2.505,27.7,27.2,0.000,7.18,0
2026-10-09T16:47:40.297,2033.496,105,2.506,28.0,27.8,0.000,7.12,0
2026-10-09T16:47:40.398,2033.597,105,2.506,28.1,27.4,0.000,7.10,0
2026-10-09T16:47:40.499,2033.698,105,2.505,26.1,27.4,0.000,7.36,0
2026-10-09T16:47:40.599,2033.798,105,2.504,28.1,27.5,0.000,7.19,0
2026-10-09T16:47:40.699,2033.899,105,2.506,27.5,27.5,0.000,7.25,0
2026-10-09T16:47:40.800,2034.000,105,2.506,27.2,27.4,0.000,7.24,0
2026-10-09T16:47:40.902,2034.102,105,2.508,27.5,27.2,0.000,7.28,0
2026-10-09T16:47:41.000,2034.200,105,2.507,28.1,27.9,0.000,7.14,0
2026-10-09T16:47:41.099,2034.299,105,2.507,27.8,27.7,0.000,7.20,0
2026-10-09T16:47:41.200,2034.399,105,2.507,26.1,27.1,0.000,7.40,0
2026-10-09T16:47:41.299,2034.499,105,2.505,27.7,26.6,0.000,7.11,0
2026-10-09T16:47:41.400,2034.599,105,2.508,27.8,27.3,0.000,7.24,0
2026-10-09T16:47:41.500,2034.699,105,2.508,27.6,27.2,0.000,7.35,0
2026-10-09T16:47:41.600,2034.800,105,2.501,27.9,27.5,0.000,7.46,0
2026-10-09T16:47:41.702,2034.902,105,2.506,26.5,27.5,0.000,7.11,0
2026-10-09T16:47:41.801,2035.001,105,2.508,26.2,27.6,0.000,7.36,0
2026-10-09T16:47:41.901,2035.101,105,2.508,27.9,27.7,0.000,7.08,0
2026-10-09T16:47:42.001,2035.200,105,2.507,26.5,27.5,0.000,7.09,0
2026-10-09T16:47:42.101,2035.300,105,2.509,28.4,27.5,0.000,7.42,0
2026-10-09T16:47:42.202,2035.401,105,2.511,26.2,27.5,0.000,7.32,0
2026-10-09T16:47:42.302,2035.502,105,2.511,27.8,27.4,0.000,7.10,0
2026-10-09T16:47:42.402,2035.601,105,2.511,26.6,27.6,0.000,7.13,0
2026-10-09T16:47:42.502,2035.701,105,2.504,28.2,27.6,0.000,7.26,0
2026-10-09T16:47:42.603,2035.802,105,2.506,28.2,27.8,0.000,7.13,0
2026-10-09T16:47:42.702,2035.902,105,2.506,28.1,27.5,0.000,7.36,0
2026-10-09T16:47:42.803,2036.003,105,2.504,27.8,27.6,0.000,7.02,0
2026-10-09T16:47:42.903,2036.103,105,2.507,26.1,27.2,0.000,6.88,0
2026-10-09T16:47:43.003,2036.202,105,2.506,28.0,27.5,0.000,7.25,0
2026-10-09T16:47:43.103,2036.303,105,2.506,28.0,27.4,0.000,7.40,0
2026-10-09T16:47:43.203,2036.402,105,2.508,26.6,27.6,0.000,7.11,0
2026-10-09T16:47:43.304,2036.503,105,2.509,25.9,27.4,0.000,7.34,0
2026-10-09T16:47:43.404,2036.604,105,2.506,27.9,27.5,0.000,7.35,0
2026-10-09T16:47:43.505,2036.705,105,2.506,28.3,27.4,0.000,6.97,0
2026-10-09T16:47:43.606,2036.806,105,2.506,27.6,27.4,0.000,7.08,0
2026-10-09T16:47:43.707,2036.906,105,2.505,26.0,27.3,0.000,7.21,0
2026-10-09T16:47:43.807,2037.006,105,2.505,26.3,27.4,0.000,7.21,0
2026-10-09T16:47:43.906,2037.106,105,2.505,28.0,27.4,0.000,7.48,0
2026-10-09T16:47:44.007,2037.207,105,2.508,26.3,27.4,0.000,7.23,0
2026-10-09T16:47:44.107,2037.307,105,2.508,27.8,27.5,0.000,7.06,0
2026-10-09T16:47:44.206,2037.405,105,2.508,27.6,27.2,0.000,7.19,0
2026-10-09T16:47:44.309,2037.508,105,2.507,27.7,27.5,0.000,7.35,0
2026-10-09T16:47:44.406,2037.606,105,2.509,28.3,27.5,0.000,7.08,0
2026-10-09T16:47:44.507,2037.707,105,2.509,28.2,27.5,0.000,7.12,0
2026-10-09T16:47:44.607,2037.806,105,2.509,28.1,27.5,0.000,7.09,0
2026-10-09T16:47:44.707,2037.906,105,2.505,26.1,27.4,0.000,7.08,0
2026-10-09T16:47:44.807,2038.006,105,2.508,26.4,27.5,0.000,7.25,0
2026-10-09T16:47:44.908,2038.108,105,2.509,27.7,27.3,0.000,7.46,0
2026-10-09T16:47:45.008,2038.208,105,2.509,27.9,27.6,0.000,7.32,0
2026-10-09T16:47:45.108,2038.307,105,2.508,26.0,27.5,0.000,7.32,0
2026-10-09T16:47:45.208,2038.407,105,2.508,25.8,27.3,0.000,7.36,0
2026-10-09T16:47:45.308,2038.508,105,2.512,27.3,27.5,0.000,7.32,0
2026-10-09T16:47:45.408,2038.608,105,2.512,25.6,27.2,0.000,7.13,0
2026-10-09T16:47:45.507,2038.707,105,2.511,25.4,27.2,0.000,7.34,0
2026-10-09T16:47:45.609,2038.808,105,2.510,27.1,27.0,0.000,7.17,0
2026-10-09T16:47:45.709,2038.908,105,2.507,26.9,27.0,0.000,7.38,0
2026-10-09T16:47:45.810,2039.009,105,2.507,27.3,27.2,0.000,7.40,0
2026-10-09T16:47:45.909,2039.108,105,2.509,25.4,26.9,0.000,7.24,0
2026-10-09T16:47:46.009,2039.208,105,2.511,25.5,27.1,0.000,7.40,0
2026-10-09T16:47:46.109,2039.309,105,2.508,26.9,26.8,0.000,7.51,0
2026-10-09T16:47:46.210,2039.410,105,2.508,27.1,27.2,0.000,7.21,0
2026-10-09T16:47:46.311,2039.510,105,2.504,25.8,27.5,0.000,7.09,0
2026-10-09T16:47:46.410,2039.610,105,2.507,25.4,27.1,0.000,7.10,0
2026-10-09T16:47:46.511,2039.711,105,2.508,25.4,27.0,0.000,7.37,0
2026-10-09T16:47:46.611,2039.810,105,2.508,25.6,27.3,0.000,7.10,0
2026-10-09T16:47:46.710,2039.910,105,2.507,27.4,27.1,0.000,7.38,0
2026-10-09T16:47:46.811,2040.011,105,2.507,25.3,27.1,0.000,7.41,0
2026-10-09T16:47:46.913,2040.112,105,2.507,27.2,27.1,0.000,7.24,0
2026-10-09T16:47:47.010,2040.210,105,2.510,27.1,26.9,0.000,6.99,0
2026-10-09T16:47:47.111,2040.310,105,2.507,27.3,27.0,0.000,7.08,0
2026-10-09T16:47:47.212,2040.411,105,2.508,27.1,27.2,0.000,7.24,0
2026-10-09T16:47:47.311,2040.511,105,2.508,27.6,27.1,0.000,7.38,0
2026-10-09T16:47:47.412,2040.612,105,2.509,27.1,26.6,0.000,7.29,0
2026-10-09T16:47:47.512,2040.712,105,2.508,28.0,27.1,0.000,7.22,0
2026-10-09T16:47:47.612,2040.812,105,2.507,27.5,26.9,0.000,7.42,0
2026-10-09T16:47:47.712,2040.912,105,2.507,27.3,27.1,0.000,7.42,0
2026-10-09T16:47:47.812,2041.012,105,2.504,26.0,27.5,0.000,7.08,0
2026-10-09T16:47:47.912,2041.112,105,2.502,28.1,27.2,0.000,6.91,0
2026-10-09T16:47:48.012,2041.211,105,2.502,25.9,27.2,0.000,7.13,0
2026-10-09T16:47:48.113,2041.312,105,2.502,27.7,27.5,0.000,7.12,0
2026-10-09T16:47:48.213,2041.413,105,2.503,26.1,27.6,0.000,7.15,0
2026-10-09T16:47:48.315,2041.515,105,2.499,27.4,27.1,0.000,7.15,0
2026-10-09T16:47:48.415,2041.615,105,2.500,25.8,27.4,0.000,7.12,0
2026-10-09T16:47:48.515,2041.714,105,2.500,26.4,27.4,0.000,7.02,0
2026-10-09T16:47:48.614,2041.814,105,2.501,25.8,27.2,0.000,6.99,0
2026-10-09T16:47:48.716,2041.915,105,2.505,26.5,27.5,0.000,7.09,0
2026-10-09T16:47:48.815,2042.015,105,2.497,25.6,27.1,0.000,7.14,0
2026-10-09T16:47:48.916,2042.116,105,2.497,27.6,27.2,0.000,7.20,0
2026-10-09T16:47:49.016,2042.216,105,2.502,28.2,27.2,0.000,7.19,0
2026-10-09T16:47:49.117,2042.317,105,2.501,26.9,26.9,0.000,7.47,0
2026-10-09T16:47:49.219,2042.418,105,2.500,25.3,27.1,0.000,7.20,0
2026-10-09T16:47:49.319,2042.518,105,2.500,25.5,27.2,0.000,7.28,0
2026-10-09T16:47:49.418,2042.618,105,2.501,27.5,27.3,0.000,7.43,0
2026-10-09T16:47:49.518,2042.718,105,2.501,26.0,27.3,0.000,7.13,0
2026-10-09T16:47:49.619,2042.818,105,2.501,25.4,27.2,0.000,7.14,0
2026-10-09T16:47:49.721,2042.921,105,2.498,26.0,27.2,0.000,7.19,0
2026-10-09T16:47:49.822,2043.021,105,2.498,25.6,27.2,0.000,7.33,0
2026-10-09T16:47:49.918,2043.118,105,2.502,25.9,27.1,0.000,7.20,0
2026-10-09T16:47:50.019,2043.219,105,2.502,26.4,27.4,0.000,7.32,0
2026-10-09T16:47:50.119,2043.318,105,2.501,27.4,27.1,0.000,7.15,0
2026-10-09T16:47:50.220,2043.420,105,2.499,25.4,27.3,0.000,7.14,0
2026-10-09T16:47:50.320,2043.520,105,2.498,26.0,27.3,0.000,7.23,0
2026-10-09T16:47:50.420,2043.620,105,2.498,25.8,27.2,0.000,7.14,0
2026-10-09T16:47:50.520,2043.720,105,2.500,28.0,27.3,0.000,7.08,0
2026-10-09T16:47:50.621,2043.820,105,2.499,25.7,27.2,0.000,6.98,0
2026-10-09T16:47:50.722,2043.922,105,2.503,27.8,27.2,0.000,7.24,0
2026-10-09T16:47:50.822,2044.022,105,2.503,25.5,27.1,0.000,7.22,0
2026-10-09T16:47:50.921,2044.121,105,2.497,27.3,27.0,0.000,7.25,0
2026-10-09T16:47:51.021,2044.221,105,2.500,27.7,27.2,0.000,7.28,0
2026-10-09T16:47:51.121,2044.320,105,2.498,27.8,27.7,0.000,7.08,0
2026-10-09T16:47:51.223,2044.423,105,2.498,26.0,27.2,0.000,7.05,0
2026-10-09T16:47:51.323,2044.522,105,2.497,27.9,27.4,0.000,7.17,0
2026-10-09T16:47:51.427,2044.627,105,2.496,27.8,27.3,0.000,7.00,0
2026-10-09T16:47:51.522,2044.722,105,2.499,27.6,27.3,0.000,7.30,0
2026-10-09T16:47:51.622,2044.821,105,2.499,27.6,26.7,0.000,7.23,0
2026-10-09T16:47:51.722,2044.922,105,2.499,26.0,27.0,0.000,7.01,0
2026-10-09T16:47:51.822,2045.022,105,2.494,25.8,27.2,0.000,7.27,0
2026-10-09T16:47:51.923,2045.123,105,2.497,28.0,27.4,0.000,7.17,0
2026-10-09T16:47:52.024,2045.224,105,2.497,27.7,27.1,0.000,6.95,0
2026-10-09T16:47:52.124,2045.324,105,2.496,26.0,27.2,0.000,7.12,0
2026-10-09T16:47:52.225,2045.425,105,2.497,27.8,27.5,0.000,7.45,0
2026-10-09T16:47:52.325,2045.524,105,2.497,26.2,27.5,0.000,7.34,0
2026-10-09T16:47:52.426,2045.626,105,2.495,27.5,27.5,0.000,6.83,0
2026-10-09T16:47:52.527,2045.727,105,2.494,27.4,26.6,0.000,7.19,0
2026-10-09T16:47:52.627,2045.827,105,2.497,27.7,27.3,0.000,6.93,0
2026-10-09T16:47:52.728,2045.928,105,2.497,26.0,27.3,0.000,7.05,0
2026-10-09T16:47:52.829,2046.029,105,2.495,25.3,27.0,0.000,7.39,0
2026-10-09T16:47:52.930,2046.130,105,2.494,25.6,27.3,0.000,7.10,0
2026-10-09T16:47:53.032,2046.231,105,2.495,27.0,26.8,0.000,6.98,0
2026-10-09T16:47:53.132,2046.332,105,2.495,27.0,27.3,0.000,7.32,0
2026-10-09T16:47:53.230,2046.430,105,2.497,27.1,27.3,0.000,7.16,0
2026-10-09T16:47:53.330,2046.529,105,2.494,25.6,27.1,0.000,7.29,0
2026-10-09T16:47:53.432,2046.631,105,2.493,25.5,26.8,0.000,7.34,0
2026-10-09T16:47:53.532,2046.731,105,2.493,27.1,26.9,0.000,7.25,0
2026-10-09T16:47:53.631,2046.831,105,2.492,25.7,27.3,0.000,7.04,0
2026-10-09T16:47:53.731,2046.931,105,2.495,25.5,27.2,0.000,7.19,0
2026-10-09T16:47:53.833,2047.032,105,2.494,27.0,27.0,0.000,7.48,0
2026-10-09T16:47:53.932,2047.132,105,2.494,27.5,27.3,0.000,7.21,0
2026-10-09T16:47:54.032,2047.231,105,2.495,27.3,27.3,0.000,7.24,0
2026-10-09T16:47:54.133,2047.333,105,2.496,27.2,27.2,0.000,7.16,0
2026-10-09T16:47:54.233,2047.433,105,2.497,27.1,27.3,0.000,7.24,0
2026-10-09T16:47:54.334,2047.534,105,2.497,27.0,27.0,0.000,7.08,0
2026-10-09T16:47:54.438,2047.638,105,2.498,25.3,27.1,0.000,7.28,0
2026-10-09T16:47:54.535,2047.735,105,2.493,27.3,27.3,0.000,7.06,0
2026-10-09T16:47:54.636,2047.836,105,2.493,25.3,27.1,0.000,7.37,0
2026-10-09T16:47:54.736,2047.936,105,2.493,27.1,27.1,0.000,7.20,0
2026-10-09T16:47:54.837,2048.037,105,2.492,25.4,27.3,0.000,7.34,0
2026-10-09T16:47:54.938,2048.137,105,2.498,27.6,27.1,0.000,7.11,0
2026-10-09T16:47:55.039,2048.238,105,2.496,26.2,27.4,0.000,7.10,0
2026-10-09T16:47:55.140,2048.340,105,2.496,27.4,27.3,0.000,7.20,0
2026-10-09T16:47:55.240,2048.439,105,2.492,26.8,27.4,0.000,7.04,0
2026-10-09T16:47:55.339,2048.539,105,2.492,27.2,27.1,0.000,6.98,0
2026-10-09T16:47:55.439,2048.639,105,2.492,27.5,27.4,0.000,7.09,0
2026-10-09T16:47:55.540,2048.740,105,2.490,25.4,27.1,0.000,7.05,0
2026-10-09T16:47:55.639,2048.839,105,2.497,27.3,27.1,0.000,7.17,0
2026-10-09T16:47:55.739,2048.938,105,2.492,25.6,27.2,0.000,7.24,0
2026-10-09T16:47:55.839,2049.039,105,2.492,26.9,27.0,0.000,7.17,0
2026-10-09T16:47:55.940,2049.140,105,2.493,25.6,27.2,0.000,7.38,0
2026-10-09T16:47:56.040,2049.240,105,2.495,27.1,27.1,0.000,7.30,0
2026-10-09T16:47:56.140,2049.340,105,2.491,27.0,27.0,0.000,7.47,0
2026-10-09T16:47:56.240,2049.440,105,2.491,27.0,27.0,0.000,7.27,0
2026-10-09T16:47:56.340,2049.540,105,2.489,26.9,27.0,0.000,7.16,0
2026-10-09T16:47:56.440,2049.639,105,2.493,27.0,27.2,0.000,7.14,0
2026-10-09T16:47:56.540,2049.740,105,2.487,25.4,27.1,0.000,7.38,0
2026-10-09T16:47:56.640,2049.840,105,2.487,27.3,27.3,0.000,7.35,0
2026-10-09T16:47:56.739,2049.939,105,2.487,25.5,27.2,0.000,7.19,0
2026-10-09T16:47:56.840,2050.040,105,2.492,27.1,27.4,0.000,7.20,0
2026-10-09T16:47:56.940,2050.140,105,2.487,27.7,27.2,0.000,6.86,0
2026-10-09T16:47:57.041,2050.241,105,2.487,27.6,27.0,0.000,7.03,0
2026-10-09T16:47:57.141,2050.341,105,2.489,27.7,27.5,0.000,7.17,0
2026-10-09T16:47:57.242,2050.442,105,2.487,27.6,27.0,0.000,7.27,0
2026-10-09T16:47:57.342,2050.541,105,2.490,25.8,27.2,0.000,7.42,0
2026-10-09T16:47:57.443,2050.643,105,2.490,27.3,27.3,0.000,7.36,0
2026-10-09T16:47:57.544,2050.744,105,2.489,27.2,27.2,0.000,7.25,0
2026-10-09T16:47:57.646,2050.846,105,2.489,27.4,27.4,0.000,7.27,0
2026-10-09T16:47:57.743,2050.942,105,2.490,27.5,27.2,0.000,7.47,0
2026-10-09T16:47:57.844,2051.043,105,2.490,25.6,27.2,0.000,7.26,0
2026-10-09T16:47:57.945,2051.144,105,2.491,27.2,27.2,0.000,7.32,0
2026-10-09T16:47:58.044,2051.243,105,2.489,25.5,27.1,0.000,7.27,0
2026-10-09T16:47:58.145,2051.344,105,2.489,25.5,27.1,0.000,7.30,0
2026-10-09T16:47:58.246,2051.445,105,2.492,26.9,27.0,0.000,7.23,0
2026-10-09T16:47:58.347,2051.546,105,2.495,25.4,27.1,0.000,7.06,0
2026-10-09T16:47:58.446,2051.646,105,2.486,27.0,27.2,0.000,6.99,0
2026-10-09T16:47:58.546,2051.746,105,2.486,27.4,27.5,0.000,6.90,0
2026-10-09T16:47:58.646,2051.846,105,2.488,27.8,27.2,0.000,7.31,0
2026-10-09T16:47:58.746,2051.945,105,2.492,27.7,27.5,0.000,7.24,0
2026-10-09T16:47:58.847,2052.047,105,2.489,25.6,27.2,0.000,7.25,0
2026-10-09T16:47:58.949,2052.149,105,2.489,27.3,27.3,0.000,7.28,0
2026-10-09T16:47:59.049,2052.248,105,2.493,27.0,27.2,0.000,7.27,0
2026-10-09T16:47:59.147,2052.347,105,2.486,25.6,27.2,0.000,7.40,0
2026-10-09T16:47:59.248,2052.447,105,2.489,27.3,27.0,0.000,7.23,0
2026-10-09T16:47:59.348,2052.548,105,2.489,26.9,26.9,0.000,7.13,0
2026-10-09T16:47:59.449,2052.649,105,2.489,27.3,27.3,0.000,7.21,0
2026-10-09T16:47:59.548,2052.748,105,2.488,25.8,27.2,0.000,7.15,0
2026-10-09T16:47:59.649,2052.849,105,2.487,25.6,27.1,0.000,7.12,0
2026-10-09T16:47:59.749,2052.949,105,2.487,27.4,27.2,0.000,7.25,0
2026-10-09T16:47:59.849,2053.049,105,2.487,27.9,27.1,0.000,7.45,0
2026-10-09T16:47:59.949,2053.148,105,2.485,27.5,27.4,0.000,7.26,0
2026-10-09T16:48:00.049,2053.248,105,2.488,27.5,27.1,0.000,7.18,0
2026-10-09T16:48:00.150,2053.350,105,2.488,27.6,27.1,0.000,7.21,0
2026-10-09T16:48:00.250,2053.449,105,2.489,27.6,27.3,0.000,7.31,0
2026-10-09T16:48:00.351,2053.551,105,2.487,27.9,27.1,0.000,7.46,0
2026-10-09T16:48:00.456,2053.655,105,2.490,27.5,27.2,0.000,7.21,0
2026-10-09T16:48:00.552,2053.752,105,2.490,25.6,27.0,0.000,7.20,0
2026-10-09T16:48:00.652,2053.851,105,2.492,25.7,27.3,0.000,7.57,0
2026-10-09T16:48:00.752,2053.952,105,2.489,27.2,27.0,0.000,6.95,0
2026-10-09T16:48:00.853,2054.053,105,2.486,25.4,27.1,0.000,7.24,0
2026-10-09T16:48:00.953,2054.152,105,2.486,26.0,27.3,0.000,7.24,0
2026-10-09T16:48:01.054,2054.253,105,2.484,27.4,27.5,0.000,7.24,0
2026-10-09T16:48:01.154,2054.354,105,2.488,27.0,27.3,0.000,7.23,0
2026-10-09T16:48:01.255,2054.455,105,2.488,25.3,26.7,0.000,7.11,0
2026-10-09T16:48:01.355,2054.555,105,2.488,27.1,27.3,0.000,7.28,0
2026-10-09T16:48:01.455,2054.654,105,2.489,25.7,26.8,0.000,7.35,0
2026-10-09T16:48:01.555,2054.754,105,2.485,27.8,27.1,0.000,7.29,0
2026-10-09T16:48:01.656,2054.855,105,2.485,27.5,27.3,0.000,7.35,0
2026-10-09T16:48:01.756,2054.956,105,2.486,26.0,27.1,0.000,7.05,0
2026-10-09T16:48:01.858,2055.057,105,2.483,27.8,27.1,0.000,7.04,0
2026-10-09T16:48:01.957,2055.156,105,2.483,27.0,27.2,0.000,7.24,0
2026-10-09T16:48:02.058,2055.257,105,2.483,25.3,27.1,0.000,7.37,0
2026-10-09T16:48:02.159,2055.358,105,2.483,25.3,27.1,0.000,6.98,0
2026-10-09T16:48:02.258,2055.458,105,2.480,25.3,27.0,0.000,7.41,0
2026-10-09T16:48:02.359,2055.559,105,2.480,27.0,27.0,0.000,7.45,0
2026-10-09T16:48:02.461,2055.660,105,2.480,27.0,26.9,0.000,7.13,0
2026-10-09T16:48:02.561,2055.760,105,2.486,25.3,27.2,0.000,7.34,0
2026-10-09T16:48:02.660,2055.860,105,2.483,27.1,27.0,0.000,7.48,0
2026-10-09T16:48:02.760,2055.959,105,2.486,25.3,27.2,0.000,7.38,0
2026-10-09T16:48:02.859,2056.059,105,2.486,25.5,27.3,0.000,7.35,0
2026-10-09T16:48:02.960,2056.159,105,2.479,25.5,27.3,0.000,7.33,0
2026-10-09T16:48:03.061,2056.260,105,2.481,26.8,26.8,0.000,7.30,0
2026-10-09T16:48:03.162,2056.361,105,2.482,27.0,27.0,0.000,7.71,0
2026-10-09T16:48:03.262,2056.461,105,2.482,25.3,27.0,0.000,7.31,0
2026-10-09T16:48:03.361,2056.560,105,2.487,27.3,27.1,0.000,7.25,0
2026-10-09T16:48:03.462,2056.661,105,2.482,26.9,27.3,0.000,7.34,0
2026-10-09T16:48:03.561,2056.761,105,2.479,27.5,27.5,0.000,7.45,0
2026-10-09T16:48:03.662,2056.862,105,2.479,27.4,27.3,0.000,7.32,0
2026-10-09T16:48:03.761,2056.960,105,2.482,25.3,27.0,0.000,7.20,0
2026-10-09T16:48:03.862,2057.061,105,2.482,27.8,27.7,0.000,7.27,0
2026-10-09T16:48:03.962,2057.161,105,2.482,26.0,27.2,0.000,7.34,0
2026-10-09T16:48:04.062,2057.261,105,2.481,27.4,27.1,0.000,7.21,0
2026-10-09T16:48:04.163,2057.362,105,2.481,25.8,27.3,0.000,7.21,0
2026-10-09T16:48:04.263,2057.462,105,2.480,27.7,27.3,0.000,7.38,0
2026-10-09T16:48:04.363,2057.562,105,2.480,28.1,27.2,0.000,7.10,0
2026-10-09T16:48:04.463,2057.662,105,2.476,27.6,27.1,0.000,7.22,0
2026-10-09T16:48:04.563,2057.763,105,2.477,25.9,27.3,0.000,7.12,0
2026-10-09T16:48:04.663,2057.863,105,2.476,27.9,27.5,0.000,7.35,0
2026-10-09T16:48:04.764,2057.963,105,2.476,27.9,27.4,0.000,7.28,0
2026-10-09T16:48:04.863,2058.062,105,2.480,27.8,27.5,0.000,7.36,0
2026-10-09T16:48:04.968,2058.168,105,2.482,26.0,27.3,0.000,7.08,0
2026-10-09T16:48:05.063,2058.263,105,2.484,26.3,27.5,0.000,7.17,0
2026-10-09T16:48:05.164,2058.363,105,2.484,26.5,27.2,0.000,7.02,0
2026-10-09T16:48:05.264,2058.464,105,2.477,26.0,27.2,0.000,7.31,0
2026-10-09T16:48:05.364,2058.563,105,2.479,26.2,27.6,0.000,7.23,0
2026-10-09T16:48:05.464,2058.664,105,2.478,28.0,27.5,0.000,7.17,0
2026-10-09T16:48:05.566,2058.765,105,2.478,26.1,27.3,0.000,7.32,0
2026-10-09T16:48:05.667,2058.866,105,2.477,26.3,27.4,0.000,7.06,0
2026-10-09T16:48:05.767,2058.966,105,2.480,25.9,27.2,0.000,7.19,0
2026-10-09T16:48:05.866,2059.066,105,2.477,27.7,27.2,0.000,7.05,0
2026-10-09T16:48:05.968,2059.168,105,2.477,26.2,27.3,0.000,7.27,0
2026-10-09T16:48:06.067,2059.266,105,2.475,26.2,27.3,0.000,7.17,0
2026-10-09T16:48:06.167,2059.367,105,2.481,27.2,27.1,0.000,7.05,0
2026-10-09T16:48:06.268,2059.468,105,2.476,27.1,27.0,0.000,7.09,0
2026-10-09T16:48:06.371,2059.570,105,2.476,25.3,26.8,0.000,7.16,0
2026-10-09T16:48:06.467,2059.667,105,2.476,27.8,27.3,0.000,7.17,0
2026-10-09T16:48:06.568,2059.768,105,2.474,26.1,27.2,0.000,7.15,0
2026-10-09T16:48:06.668,2059.867,105,2.474,25.9,27.2,0.000,7.23,0
2026-10-09T16:48:06.768,2059.967,105,2.472,27.7,27.1,0.000,7.22,0
2026-10-09T16:48:06.869,2060.068,105,2.475,27.3,27.2,0.000,7.34,0
2026-10-09T16:48:06.968,2060.168,105,2.474,26.0,27.3,0.000,7.44,0
2026-10-09T16:48:07.070,2060.269,105,2.474,28.0,27.1,0.000,7.20,0
2026-10-09T16:48:07.170,2060.369,105,2.472,27.6,27.0,0.000,7.18,0
2026-10-09T16:48:07.271,2060.470,105,2.474,27.8,27.2,0.000,7.27,0
2026-10-09T16:48:07.370,2060.570,105,2.472,27.8,27.1,0.000,7.50,0
2026-10-09T16:48:07.472,2060.671,105,2.472,25.7,27.1,0.000,7.36,0
2026-10-09T16:48:07.571,2060.771,105,2.478,27.5,27.5,0.000,7.26,0
2026-10-09T16:48:07.672,2060.872,105,2.474,28.2,27.6,0.000,7.49,0
2026-10-09T16:48:07.773,2060.972,105,2.472,28.1,27.5,0.000,7.23,0
2026-10-09T16:48:07.873,2061.072,105,2.472,28.3,27.4,0.000,7.46,0
2026-10-09T16:48:07.973,2061.173,105,2.476,26.1,27.2,0.000,7.00,0
2026-10-09T16:48:08.074,2061.273,105,2.476,27.8,27.3,0.000,7.38,0
2026-10-09T16:48:08.173,2061.373,105,2.475,27.5,27.1,0.000,7.46,0
2026-10-09T16:48:08.274,2061.473,105,2.475,27.5,27.1,0.000,7.28,0
2026-10-09T16:48:08.373,2061.573,105,2.477,26.1,27.3,0.000,7.31,0
2026-10-09T16:48:08.474,2061.674,105,2.470,25.7,27.2,0.000,7.33,0
2026-10-09T16:48:08.574,2061.773,105,2.476,26.1,27.2,0.000,7.20,0
2026-10-09T16:48:08.675,2061.874,105,2.476,25.8,27.4,0.000,7.28,0
2026-10-09T16:48:08.774,2061.974,105,2.473,25.8,27.2,0.000,7.10,0
2026-10-09T16:48:08.875,2062.075,105,2.473,25.7,27.2,0.000,7.19,0
2026-10-09T16:48:08.975,2062.175,105,2.477,27.8,27.1,0.000,7.40,0
2026-10-09T16:48:09.076,2062.276,105,2.477,25.9,27.1,0.000,7.10,0
2026-10-09T16:48:09.177,2062.377,105,2.474,27.8,27.4,0.000,7.24,0
2026-10-09T16:48:09.279,2062.478,105,2.471,27.5,27.2,0.000,7.32,0
2026-10-09T16:48:09.379,2062.578,105,2.471,27.6,27.4,0.000,7.23,0
2026-10-09T16:48:09.478,2062.678,105,2.471,27.7,27.5,0.000,7.14,0
2026-10-09T16:48:09.579,2062.779,105,2.469,26.2,27.4,0.000,7.36,0
2026-10-09T16:48:09.678,2062.878,105,2.473,26.2,27.4,0.000,7.28,0
2026-10-09T16:48:09.778,2062.978,105,2.473,27.4,27.0,0.000,7.23,0
2026-10-09T16:48:09.880,2063.079,105,2.472,27.8,27.5,0.000,7.38,0
2026-10-09T16:48:09.980,2063.179,105,2.472,25.9,27.2,0.000,7.17,0
2026-10-09T16:48:10.080,2063.279,105,2.472,25.8,27.1,0.000,7.31,0
2026-10-09T16:48:10.180,2063.379,105,2.472,28.0,27.6,0.000,6.94,0
2026-10-09T16:48:10.279,2063.479,105,2.472,26.2,27.2,0.000,6.95,0
2026-10-09T16:48:10.379,2063.579,105,2.470,27.5,27.1,0.000,7.08,0
2026-10-09T16:48:10.481,2063.680,105,2.469,27.5,27.0,0.000,7.32,0
2026-10-09T16:48:10.581,2063.780,105,2.469,26.1,27.6,0.000,7.30,0
2026-10-09T16:48:10.682,2063.881,105,2.469,27.7,27.1,0.000,7.25,0
2026-10-09T16:48:10.780,2063.979,105,2.472,27.8,27.2,0.000,7.15,0
2026-10-09T16:48:10.885,2064.084,105,2.469,26.1,27.3,0.000,7.25,0
2026-10-09T16:48:10.980,2064.179,105,2.469,25.9,27.2,0.000,7.38,0
2026-10-09T16:48:11.080,2064.280,105,2.471,26.2,27.3,0.000,7.23,0
2026-10-09T16:48:11.180,2064.380,105,2.471,27.7,27.2,0.000,7.24,0
2026-10-09T16:48:11.281,2064.480,105,2.473,25.9,27.4,0.000,7.09,0
2026-10-09T16:48:11.382,2064.582,105,2.473,27.6,27.1,0.000,7.35,0
2026-10-09T16:48:11.484,2064.683,105,2.472,26.1,27.2,0.000,6.90,0
2026-10-09T16:48:11.584,2064.783,105,2.472,26.0,27.3,0.000,7.40,0
2026-10-09T16:48:11.684,2064.884,105,2.468,25.9,27.3,0.000,7.28,0
2026-10-09T16:48:11.784,2064.984,105,2.468,27.8,27.1,0.000,7.12,0
2026-10-09T16:48:11.884,2065.084,105,2.469,27.7,27.2,0.000,7.18,0
2026-10-09T16:48:11.986,2065.185,105,2.469,26.0,27.4,0.000,7.41,0
2026-10-09T16:48:12.086,2065.286,105,2.469,28.0,27.5,0.000,7.10,0
2026-10-09T16:48:12.186,2065.386,105,2.469,25.7,26.9,0.000,7.25,0
2026-10-09T16:48:12.286,2065.486,105,2.471,27.5,27.2,0.000,7.30,0
2026-10-09T16:48:12.386,2065.585,105,2.467,27.5,27.4,0.000,7.15,0
2026-10-09T16:48:12.487,2065.686,105,2.467,25.9,27.2,0.000,7.29,0
2026-10-09T16:48:12.586,2065.786,105,2.470,27.2,27.0,0.000,7.25,0
2026-10-09T16:48:12.687,2065.887,105,2.466,26.4,27.3,0.000,7.12,0
2026-10-09T16:48:12.788,2065.988,105,2.470,27.5,27.2,0.000,7.37,0
2026-10-09T16:48:12.888,2066.087,105,2.470,26.3,27.3,0.000,7.15,0
2026-10-09T16:48:12.989,2066.188,105,2.470,27.8,27.2,0.000,7.24,0
2026-10-09T16:48:13.088,2066.288,105,2.468,27.5,27.5,0.000,7.19,0
2026-10-09T16:48:13.189,2066.388,105,2.470,26.1,27.3,0.000,7.12,0
2026-10-09T16:48:13.289,2066.489,105,2.470,28.0,27.1,0.000,7.12,0
2026-10-09T16:48:13.389,2066.588,105,2.472,27.6,27.1,0.000,7.40,0
2026-10-09T16:48:13.489,2066.689,105,2.470,26.6,27.2,0.000,7.27,0
2026-10-09T16:48:13.593,2066.792,105,2.466,25.9,27.1,0.000,7.30,0
2026-10-09T16:48:13.690,2066.889,105,2.466,26.3,27.1,0.000,7.15,0
2026-10-09T16:48:13.789,2066.989,105,2.466,27.7,27.1,0.000,7.25,0
2026-10-09T16:48:13.890,2067.090,105,2.468,26.4,27.5,0.000,7.09,0
2026-10-09T16:48:13.990,2067.190,105,2.471,27.9,26.8,0.000,7.11,0
2026-10-09T16:48:14.090,2067.290,105,2.471,26.1,27.2,0.000,7.23,0
2026-10-09T16:48:14.191,2067.390,105,2.468,27.7,27.1,0.000,7.45,0
2026-10-09T16:48:14.292,2067.491,105,2.468,25.8,27.2,0.000,7.23,0
2026-10-09T16:48:14.392,2067.591,105,2.464,26.0,27.3,0.000,7.04,0
2026-10-09T16:48:14.491,2067.691,105,2.464,26.2,27.3,0.000,7.05,0
2026-10-09T16:48:14.592,2067.791,105,2.467,25.6,27.2,0.000,7.04,0
2026-10-09T16:48:14.691,2067.891,105,2.465,25.8,27.4,0.000,7.08,0
2026-10-09T16:48:14.791,2067.990,105,2.468,27.6,27.4,0.000,7.38,0
2026-10-09T16:48:14.892,2068.092,105,2.468,27.5,27.4,0.000,7.10,0
2026-10-09T16:48:14.992,2068.191,105,2.468,27.6,27.3,0.000,7.27,0
2026-10-09T16:48:15.094,2068.294,105,2.465,27.9,27.2,0.000,7.24,0
2026-10-09T16:48:15.192,2068.391,105,2.465,27.7,27.2,0.000,7.10,0
2026-10-09T16:48:15.293,2068.493,105,2.463,26.2,27.2,0.000,7.32,0
2026-10-09T16:48:15.393,2068.593,105,2.465,25.6,27.2,0.000,7.40,0
2026-10-09T16:48:15.494,2068.693,105,2.463,27.6,27.4,0.000,7.31,0
2026-10-09T16:48:15.595,2068.794,105,2.463,27.5,27.2,0.000,7.00,0
2026-10-09T16:48:15.695,2068.894,105,2.464,25.6,27.2,0.000,7.29,0
2026-10-09T16:48:15.795,2068.994,105,2.464,25.8,27.2,0.000,7.21,0
2026-10-09T16:48:15.894,2069.094,105,2.462,27.6,27.5,0.000,7.21,0
2026-10-09T16:48:15.994,2069.194,105,2.462,27.1,27.1,0.000,7.14,0
2026-10-09T16:48:16.094,2069.293,105,2.464,27.0,26.9,0.000,7.38,0
2026-10-09T16:48:16.195,2069.394,105,2.462,27.1,26.8,0.000,7.38,0
2026-10-09T16:48:16.296,2069.495,105,2.464,27.4,27.1,0.000,7.12,0
2026-10-09T16:48:16.397,2069.597,105,2.464,25.3,26.8,0.000,7.36,0
2026-10-09T16:48:16.498,2069.697,105,2.465,25.4,27.1,0.000,7.06,0
2026-10-09T16:48:16.596,2069.796,105,2.461,27.6,27.4,0.000,7.19,0
2026-10-09T16:48:16.696,2069.896,105,2.461,27.0,27.3,0.000,7.39,0
2026-10-09T16:48:16.797,2069.996,105,2.461,27.5,27.1,0.000,7.01,0
2026-10-09T16:48:16.898,2070.098,105,2.459,27.5,27.4,0.000,7.18,0
2026-10-09T16:48:16.998,2070.198,105,2.463,27.2,27.0,0.000,7.19,0
2026-10-09T16:48:17.098,2070.298,105,2.461,27.2,26.8,0.000,7.18,0
2026-10-09T16:48:17.198,2070.397,105,2.461,27.2,27.2,0.000,7.05,0
2026-10-09T16:48:17.297,2070.496,105,2.459,27.0,27.0,0.000,7.19,0
2026-10-09T16:48:17.398,2070.598,105,2.464,27.0,27.2,0.000,7.38,0
2026-10-09T16:48:17.498,2070.698,105,2.461,25.5,27.3,0.000,7.12,0
2026-10-09T16:48:17.598,2070.798,105,2.461,27.3,27.3,0.000,7.25,0
2026-10-09T16:48:17.698,2070.898,105,2.460,25.5,27.0,0.000,7.38,0
2026-10-09T16:48:17.799,2070.998,0,2.331,26.4,27.4,0.000,4.72,0
2026-10-09T16:48:17.898,2071.098,0,2.331,26.8,27.7,0.000,1.85,0
2026-10-09T16:48:17.998,2071.197,0,0.307,26.8,27.6,0.000,0.68,0
2026-10-09T16:48:18.099,2071.299,0,1.178,26.8,27.7,0.000,0.07,0
2026-10-09T16:48:18.199,2071.399,0,1.638,27.0,27.9,0.000,-0.02,0
2026-10-09T16:48:18.299,2071.498,0,1.638,27.1,27.9,0.000,-0.02,0
2026-10-09T16:48:18.400,2071.600,0,1.382,26.9,27.9,0.000,-0.27,0
2026-10-09T16:48:18.500,2071.699,0,1.485,26.9,27.9,0.000,-0.23,0
2026-10-09T16:48:18.601,2071.800,0,1.894,27.0,27.9,0.000,-0.04,0
2026-10-09T16:48:18.700,2071.900,0,1.894,26.9,27.9,0.000,-0.34,0
2026-10-09T16:48:18.801,2072.000,0,1.587,27.2,27.8,0.000,-0.18,0
2026-10-09T16:48:18.902,2072.101,0,2.150,26.6,27.7,0.000,-0.23,0
2026-10-09T16:48:19.005,2072.204,0,2.201,26.8,27.8,0.000,-0.12,0
2026-10-09T16:48:19.103,2072.302,0,2.201,27.0,27.7,0.000,-0.23,0
2026-10-09T16:48:19.207,2072.407,0,1.946,26.8,27.7,0.000,-0.14,0
2026-10-09T16:48:19.304,2072.504,0,2.457,26.8,27.7,0.000,-0.19,0
2026-10-09T16:48:19.403,2072.603,0,1.434,26.9,27.7,0.000,-0.40,0
2026-10-09T16:48:19.504,2072.704,0,1.434,26.8,27.9,0.000,-0.38,0
2026-10-09T16:48:19.604,2072.803,0,2.048,26.9,27.7,0.000,-0.19,0
2026-10-09T16:48:19.705,2072.904,0,2.304,27.0,27.8,0.000,-0.20,0
2026-10-09T16:48:19.804,2073.004,0,2.201,26.8,27.8,0.000,-0.09,0
2026-10-09T16:48:19.905,2073.104,0,2.201,26.8,27.7,0.000,-0.08,0
2026-10-09T16:48:20.004,2073.204,0,2.201,26.9,27.9,0.000,-0.28,0
2026-10-09T16:48:20.104,2073.303,0,2.355,26.9,27.7,0.000,-0.27,0
2026-10-09T16:48:20.205,2073.405,0,2.816,26.8,27.8,0.000,-0.13,0
2026-10-09T16:48:20.305,2073.505,0,2.816,26.8,27.9,0.000,0.03,0
2026-10-09T16:48:20.406,2073.605,0,2.099,26.8,27.6,0.000,-0.21,0
2026-10-09T16:48:20.505,2073.705,0,1.843,26.8,27.6,0.000,-0.39,0
2026-10-09T16:48:20.606,2073.805,0,1.843,26.8,27.8,0.000,-0.21,0
2026-10-09T16:48:20.710,2073.909,0,2.150,27.0,27.8,0.000,-0.32,0
2026-10-09T16:48:20.804,2074.004,0,1.894,26.9,27.7,0.000,-0.18,0
2026-10-09T16:48:20.905,2074.105,0,1.997,26.9,27.9,0.000,-0.29,0
2026-10-09T16:48:21.005,2074.205,0,1.997,27.0,27.9,0.000,-0.08,0
2026-10-09T16:48:21.105,2074.305,0,1.280,26.8,27.8,0.000,0.01,0
2026-10-09T16:48:21.205,2074.405,0,0.973,27.0,27.7,0.000,-0.21,0
2026-10-09T16:48:21.305,2074.504,0,1.485,26.8,27.9,0.000,-0.42,0
2026-10-09T16:48:21.406,2074.605,0,1.485,26.9,27.9,0.000,-0.39,0
2026-10-09T16:48:21.505,2074.705,0,1.741,26.9,27.7,0.000,-0.36,0
2026-10-09T16:48:21.605,2074.805,0,2.355,27.0,27.9,0.000,-0.23,0
2026-10-09T16:48:21.705,2074.905,0,1.792,26.9,28.0,0.000,-0.17,0
2026-10-09T16:48:21.805,2075.004,0,1.792,26.7,27.8,0.000,-0.18,0
2026-10-09T16:48:21.908,2075.107,0,2.201,26.8,27.6,0.000,-0.32,0
2026-10-09T16:48:22.006,2075.206,0,1.843,26.7,27.8,0.000,-0.31,0
2026-10-09T16:48:22.107,2075.307,0,1.843,27.0,27.8,0.000,-0.29,0
2026-10-09T16:48:22.207,2075.406,0,1.843,26.9,27.7,0.000,-0.21,0
2026-10-09T16:48:22.307,2075.506,0,1.946,26.8,27.7,0.000,0.02,0
2026-10-09T16:48:22.408,2075.607,0,1.843,27.0,27.7,0.000,0.00,0
2026-10-09T16:48:22.509,2075.708,0,1.792,26.8,27.6,0.000,-0.40,0
2026-10-09T16:48:22.610,2075.810,0,1.792,27.0,27.7,0.000,-0.36,0
2026-10-09T16:48:22.710,2075.909,0,1.689,27.0,27.8,0.000,-0.18,0
2026-10-09T16:48:22.810,2076.010,0,1.382,27.0,27.7,0.000,-0.43,0
2026-10-09T16:48:22.910,2076.110,0,1.741,26.8,27.8,0.000,-0.43,0
2026-10-09T16:48:23.010,2076.210,0,1.741,26.8,28.0,0.000,-0.08,0
2026-10-09T16:48:23.110,2076.310,0,1.690,26.8,27.7,0.000,-0.23,0
2026-10-09T16:48:23.211,2076.411,0,1.997,26.8,27.7,0.000,-0.29,0
2026-10-09T16:48:23.312,2076.511,0,1.997,26.9,27.7,0.000,-0.18,0
2026-10-09T16:48:23.410,2076.609,0,1.536,26.8,27.7,0.000,-0.45,0
2026-10-09T16:48:23.511,2076.710,0,1.843,26.8,27.7,0.000,-0.22,0
2026-10-09T16:48:23.612,2076.811,0,1.894,26.8,27.7,0.000,-0.11,0
2026-10-09T16:48:23.713,2076.912,0,1.894,26.9,27.7,0.000,-0.06,0
2026-10-09T16:48:23.814,2077.013,0,1.331,26.9,27.7,0.000,-0.21,0
2026-10-09T16:48:23.915,2077.114,0,1.792,27.0,27.9,0.000,-0.26,0
2026-10-09T16:48:24.015,2077.214,0,1.331,26.8,27.8,0.000,-0.01,0
2026-10-09T16:48:24.116,2077.315,0,1.331,26.8,27.8,0.000,-0.23,0
2026-10-09T16:48:24.217,2077.416,0,1.382,26.8,27.7,0.000,-0.27,0
2026-10-09T16:48:24.316,2077.516,0,1.434,26.9,27.8,0.000,-0.22,0
2026-10-09T16:48:24.418,2077.617,0,1.843,26.9,27.8,0.000,-0.29,0
2026-10-09T16:48:24.519,2077.718,0,1.843,26.8,27.8,0.000,-0.08,0
2026-10-09T16:48:24.619,2077.818,0,1.638,27.0,27.8,0.000,-0.23,0
2026-10-09T16:48:24.719,2077.919,0,1.382,26.7,27.7,0.000,-0.18,0
2026-10-09T16:48:24.820,2078.020,0,1.741,26.8,27.7,0.000,-0.17,0
2026-10-09T16:48:24.922,2078.121,0,1.741,26.8,27.7,0.000,-0.06,0
2026-10-09T16:48:25.022,2078.222,0,1.434,26.8,27.7,0.000,-0.20,0
2026-10-09T16:48:25.122,2078.322,0,1.792,26.9,27.7,0.000,-0.28,0
2026-10-09T16:48:25.222,2078.421,0,1.382,26.7,27.7,0.000,-0.25,0
2026-10-09T16:48:25.322,2078.522,0,1.382,26.8,27.7,0.000,-0.31,0
2026-10-09T16:48:25.422,2078.621,0,1.894,26.8,27.7,0.000,-0.08,0
2026-10-09T16:48:25.523,2078.722,0,1.280,26.8,27.7,0.000,-0.26,0
2026-10-09T16:48:25.622,2078.822,0,1.280,26.8,27.9,0.000,-0.38,0
2026-10-09T16:48:25.724,2078.924,0,1.280,26.8,27.8,0.000,-0.31,0
2026-10-09T16:48:25.824,2079.024,0,1.434,26.9,27.8,0.000,-0.17,0
2026-10-09T16:48:25.924,2079.123,0,1.485,26.8,27.8,0.000,-0.29,0
2026-10-09T16:48:26.024,2079.224,0,1.690,26.9,27.7,0.000,-0.40,0
2026-10-09T16:48:26.123,2079.323,0,1.690,26.9,27.9,0.000,-0.39,0
2026-10-09T16:48:26.225,2079.424,0,1.434,26.8,27.6,0.000,-0.10,0
2026-10-09T16:48:26.324,2079.524,0,1.434,26.8,27.7,0.000,-0.22,0
2026-10-09T16:48:26.424,2079.623,0,1.434,26.9,27.8,0.000,-0.29,0
2026-10-09T16:48:26.523,2079.723,0,1.382,26.9,27.7,0.000,-0.41,0
2026-10-09T16:48:26.624,2079.824,0,1.638,27.1,27.9,0.000,-0.38,0
2026-10-09T16:48:26.725,2079.925,0,1.075,26.9,27.9,0.000,-0.25,0
2026-10-09T16:48:26.825,2080.025,0,1.075,27.0,27.8,0.000,-0.37,0
2026-10-09T16:48:26.925,2080.125,0,1.382,26.8,27.8,0.000,-0.38,0
2026-10-09T16:48:27.025,2080.225,0,1.485,26.9,27.8,0.000,-0.21,0
2026-10-09T16:48:27.125,2080.324,0,1.280,26.9,27.9,0.000,-0.10,0
2026-10-09T16:48:27.225,2080.424,0,1.280,26.9,28.0,0.000,-0.21,0
2026-10-09T16:48:27.324,2080.524,0,1.331,26.9,27.7,0.000,-0.25,0
2026-10-09T16:48:27.425,2080.625,0,1.485,27.0,28.0,0.000,-0.32,0
2026-10-09T16:48:27.528,2080.728,0,1.536,26.8,27.8,0.000,-0.10,0
2026-10-09T16:48:27.626,2080.825,0,1.536,26.9,27.7,0.000,-0.25,0
2026-10-09T16:48:27.730,2080.929,0,1.587,27.0,27.9,0.000,-0.17,0
2026-10-09T16:48:27.827,2081.027,0,1.536,27.0,28.0,0.000,-0.21,0
2026-10-09T16:48:27.928,2081.128,0,1.382,26.9,27.7,0.000,-0.12,0
2026-10-09T16:48:28.028,2081.228,0,1.382,26.9,27.8,0.000,-0.24,0
2026-10-09T16:48:28.128,2081.327,0,1.382,26.9,27.9,0.000,-0.02,0
2026-10-09T16:48:28.229,2081.428,0,1.331,26.7,27.7,0.000,-0.35,0
2026-10-09T16:48:28.328,2081.528,0,1.690,26.6,28.0,0.000,-0.03,0
2026-10-09T16:48:28.430,2081.629,0,1.690,26.7,27.8,0.000,-0.10,0
2026-10-09T16:48:28.531,2081.730,0,1.485,26.7,27.8,0.000,-0.02,0
2026-10-09T16:48:28.632,2081.831,0,1.485,27.0,27.8,0.000,-0.02,0
2026-10-09T16:48:28.733,2081.932,0,1.690,26.7,27.9,0.000,-0.29,0
2026-10-09T16:48:28.833,2082.032,0,1.690,26.9,27.7,0.000,-0.14,0
2026-10-09T16:48:28.933,2082.132,0,1.382,26.7,27.8,0.000,-0.18,0
2026-10-09T16:48:29.035,2082.234,0,1.229,26.8,27.8,0.000,-0.21,0
2026-10-09T16:48:29.135,2082.334,0,1.382,26.9,27.8,0.000,-0.15,0
2026-10-09T16:48:29.233,2082.433,0,1.382,26.7,27.7,0.000,0.00,0
2026-10-09T16:48:29.334,2082.534,0,0.870,26.7,27.8,0.000,-0.26,0
2026-10-09T16:48:29.435,2082.635,0,0.819,26.7,27.7,0.000,-0.28,0
2026-10-09T16:48:29.536,2082.736,0,0.819,26.7,27.7,0.000,-0.36,0
2026-10-09T16:48:29.636,2082.835,0,1.331,26.7,27.7,0.000,-0.42,0
2026-10-09T16:48:29.735,2082.935,0,1.229,26.8,27.7,0.000,-0.27,0
2026-10-09T16:48:29.836,2083.036,0,1.843,26.6,27.9,0.000,-0.33,0
2026-10-09T16:48:29.937,2083.137,0,1.843,26.7,27.9,0.000,-0.05,0
2026-10-09T16:48:30.037,2083.237,0,1.690,26.8,27.8,0.000,-0.18,0
2026-10-09T16:48:30.137,2083.337,0,0.922,26.7,27.8,0.000,-0.10,0
2026-10-09T16:48:30.237,2083.437,0,1.382,26.7,27.8,0.000,-0.16,0
2026-10-09T16:48:30.339,2083.538,0,1.382,26.7,27.9,0.000,0.03,0
2026-10-09T16:48:30.440,2083.639,0,1.587,26.8,27.9,0.000,-0.20,0
2026-10-09T16:48:30.540,2083.739,0,1.126,26.7,27.7,0.000,-0.26,0
2026-10-09T16:48:30.640,2083.840,0,1.382,26.8,27.6,0.000,-0.04,0
2026-10-09T16:48:30.741,2083.941,0,1.382,26.6,27.6,0.000,-0.36,0
2026-10-09T16:48:30.844,2084.043,0,1.229,26.6,27.7,0.000,-0.11,0
2026-10-09T16:48:30.943,2084.142,0,1.587,26.7,27.7,0.000,-0.31,0
2026-10-09T16:48:31.047,2084.247,0,1.024,26.6,27.6,0.000,-0.10,0
2026-10-09T16:48:31.144,2084.343,0,1.024,26.9,27.7,0.000,-0.13,0
2026-10-09T16:48:31.244,2084.443,0,1.126,26.8,27.8,0.000,-0.25,0
2026-10-09T16:48:31.343,2084.543,0,1.280,26.8,27.7,0.000,0.11,0
2026-10-09T16:48:31.444,2084.644,0,1.382,26.8,27.6,0.000,-0.03,0
2026-10-09T16:48:31.543,2084.743,0,1.382,26.8,27.8,0.000,-0.28,0
2026-10-09T16:48:31.644,2084.843,0,1.843,26.8,27.8,0.000,-0.22,0
2026-10-09T16:48:31.745,2084.944,0,1.536,26.6,27.7,0.000,-0.05,0
2026-10-09T16:48:31.845,2085.045,0,1.280,26.8,28.1,0.000,-0.18,0
2026-10-09T16:48:31.945,2085.145,0,1.280,26.8,27.7,0.000,-0.29,0
2026-10-09T16:48:32.045,2085.245,0,1.434,26.6,27.7,0.000,-0.44,0
2026-10-09T16:48:32.146,2085.345,0,1.536,26.8,27.8,0.000,-0.17,0
2026-10-09T16:48:32.246,2085.446,0,1.382,26.7,27.7,0.000,-0.18,0
2026-10-09T16:48:32.345,2085.545,0,1.382,26.6,27.6,0.000,-0.14,0
2026-10-09T16:48:32.449,2085.649,0,1.331,26.5,27.9,0.000,-0.09,0
2026-10-09T16:48:32.546,2085.745,0,1.280,26.7,27.8,0.000,-0.24,0
2026-10-09T16:48:32.645,2085.845,0,1.280,26.7,27.7,0.000,-0.08,0
2026-10-09T16:48:32.745,2085.945,0,1.229,26.8,27.6,0.000,-0.07,0
2026-10-09T16:48:32.846,2086.045,0,1.229,26.7,27.8,0.000,-0.24,0
2026-10-09T16:48:32.946,2086.145,0,0.768,26.7,27.8,0.000,-0.10,0
2026-10-09T16:48:33.046,2086.245,0,0.768,26.8,27.7,0.000,-0.17,0
2026-10-09T16:48:33.146,2086.345,0,1.229,26.8,27.8,0.000,-0.01,0
2026-10-09T16:48:33.246,2086.445,0,1.280,26.7,27.8,0.000,-0.17,0
2026-10-09T16:48:33.346,2086.545,0,1.485,26.8,27.7,0.000,-0.14,0
2026-10-09T16:48:33.445,2086.645,0,1.485,26.8,27.7,0.000,-0.21,0
2026-10-09T16:48:33.545,2086.745,0,1.485,27.0,27.8,0.000,-0.29,0
2026-10-09T16:48:33.645,2086.845,0,1.280,26.8,27.8,0.000,-0.05,0
2026-10-09T16:48:33.747,2086.946,0,1.024,26.8,27.7,0.000,-0.38,0
2026-10-09T16:48:33.847,2087.046,0,1.024,26.9,28.0,0.000,-0.29,0
2026-10-09T16:48:33.947,2087.146,0,1.126,27.0,27.8,0.000,-0.23,0
2026-10-09T16:48:34.047,2087.247,0,1.178,27.0,27.7,0.000,-0.27,0
2026-10-09T16:48:34.147,2087.347,0,1.178,27.0,27.8,0.000,-0.27,0
2026-10-09T16:48:34.248,2087.448,0,1.178,26.9,27.9,0.000,-0.16,0
2026-10-09T16:48:34.348,2087.548,0,1.638,27.0,27.9,0.000,-0.16,0
2026-10-09T16:48:34.449,2087.648,0,1.229,26.7,27.9,0.000,-0.17,0
2026-10-09T16:48:34.550,2087.750,0,1.280,26.9,27.8,0.000,-0.12,0
2026-10-09T16:48:34.648,2087.847,0,1.280,27.0,27.8,0.000,-0.35,0
2026-10-09T16:48:34.749,2087.948,0,1.331,26.8,27.8,0.000,-0.18,0
2026-10-09T16:48:34.849,2088.048,0,1.280,26.9,27.9,0.000,-0.16,0
2026-10-09T16:48:34.949,2088.148,0,1.280,26.9,27.9,0.000,-0.23,0
2026-10-09T16:48:35.048,2088.248,0,1.485,27.0,27.8,0.000,-0.31,0
2026-10-09T16:48:35.149,2088.348,0,1.331,26.8,28.0,0.000,-0.27,0
2026-10-09T16:48:35.251,2088.450,0,1.485,26.9,27.8,0.000,-0.44,0
2026-10-09T16:48:35.350,2088.550,0,1.485,26.8,27.8,0.000,-0.25,0
2026-10-09T16:48:35.450,2088.650,0,1.024,26.9,27.8,0.000,-0.19,0
2026-10-09T16:48:35.551,2088.751,0,1.382,26.8,27.7,0.000,-0.07,0
2026-10-09T16:48:35.652,2088.852,0,1.382,26.9,27.8,0.000,-0.31,0
2026-10-09T16:48:35.752,2088.951,0,1.382,27.0,27.8,0.000,-0.37,0
2026-10-09T16:48:35.854,2089.054,0,1.178,27.1,27.7,0.000,-0.40,0
2026-10-09T16:48:35.955,2089.155,0,0.768,26.8,27.8,0.000,-0.06,0
2026-10-09T16:48:36.052,2089.252,0,1.280,26.9,27.8,0.000,-0.25,0
2026-10-09T16:48:36.152,2089.351,0,1.280,27.0,27.9,0.000,-0.09,0
2026-10-09T16:48:36.253,2089.452,0,0.870,26.8,27.8,0.000,-0.13,0
2026-10-09T16:48:36.353,2089.552,0,1.331,27.0,27.7,0.000,-0.25,0
2026-10-09T16:48:36.452,2089.652,0,1.690,26.8,28.0,0.000,-0.24,0
2026-10-09T16:48:36.553,2089.752,0,1.690,26.9,27.9,0.000,-0.06,0
2026-10-09T16:48:36.653,2089.852,0,1.485,26.8,27.7,0.000,-0.16,0
2026-10-09T16:48:36.752,2089.952,0,1.485,26.8,27.8,0.000,-0.26,0
2026-10-09T16:48:36.853,2090.053,0,0.870,26.9,27.9,0.000,-0.43,0
2026-10-09T16:48:36.955,2090.155,0,0.870,26.9,27.9,0.000,-0.13,0
2026-10-09T16:48:37.055,2090.255,0,1.178,26.9,27.9,0.000,-0.30,0
2026-10-09T16:48:37.156,2090.356,0,1.280,26.9,27.8,0.000,-0.23,0
2026-10-09T16:48:37.257,2090.456,0,1.024,26.9,27.8,0.000,-0.18,0
2026-10-09T16:48:37.356,2090.556,0,1.024,26.8,27.7,0.000,-0.17,0
2026-10-09T16:48:37.456,2090.656,0,1.280,26.8,27.9,0.000,-0.37,0
2026-10-09T16:48:37.557,2090.756,0,1.178,26.9,27.7,0.000,-0.10,0
2026-10-09T16:48:37.657,2090.857,0,1.178,26.8,27.8,0.000,-0.28,0
2026-10-09T16:48:37.759,2090.958,0,1.178,26.8,27.8,0.000,-0.21,0
2026-10-09T16:48:37.858,2091.058,0,1.331,26.7,27.9,0.000,-0.18,0
2026-10-09T16:48:37.959,2091.158,0,1.280,27.0,27.7,0.000,-0.14,0
2026-10-09T16:48:38.059,2091.259,0,1.280,26.9,27.7,0.000,-0.27,0
2026-10-09T16:48:38.160,2091.360,0,1.434,26.8,27.8,0.000,-0.25,0
2026-10-09T16:48:38.260,2091.459,0,1.434,26.7,27.7,0.000,-0.19,0
2026-10-09T16:48:38.359,2091.559,0,1.024,26.8,27.8,0.000,-0.13,0
2026-10-09T16:48:38.458,2091.658,0,1.024,26.9,27.8,0.000,-0.13,0
2026-10-09T16:48:38.559,2091.759,0,1.126,26.9,27.7,0.000,-0.14,0
2026-10-09T16:48:38.659,2091.859,0,1.126,26.7,27.9,0.000,-0.19,0
2026-10-09T16:48:38.759,2091.959,0,1.434,26.9,27.8,0.000,-0.15,0
2026-10-09T16:48:38.859,2092.059,0,1.434,27.0,27.8,0.000,-0.25,0
2026-10-09T16:48:38.960,2092.159,0,0.666,26.8,27.7,0.000,-0.08,0
2026-10-09T16:48:39.060,2092.259,0,1.229,26.8,27.7,0.000,-0.21,0
2026-10-09T16:48:39.160,2092.359,0,1.229,27.1,27.7,0.000,-0.22,0
2026-10-09T16:48:39.261,2092.461,0,1.229,26.8,27.7,0.000,-0.12,0
2026-10-09T16:48:39.359,2092.558,0,1.638,26.6,27.8,0.000,-0.17,0
2026-10-09T16:48:39.460,2092.659,0,0.973,26.7,27.8,0.000,-0.18,0
2026-10-09T16:48:39.560,2092.759,0,1.229,26.7,27.7,0.000,-0.31,0
2026-10-09T16:48:39.659,2092.859,0,1.229,26.8,27.7,0.000,-0.43,0
2026-10-09T16:48:39.759,2092.959,0,0.922,26.6,27.7,0.000,-0.21,0
2026-10-09T16:48:39.859,2093.059,0,1.280,26.7,27.6,0.000,-0.39,0
2026-10-09T16:48:39.959,2093.159,0,1.075,26.5,27.6,0.000,-0.23,0
2026-10-09T16:48:40.064,2093.264,0,1.075,26.6,27.8,0.000,-0.31,0
2026-10-09T16:48:40.161,2093.360,0,1.485,26.6,27.7,0.000,-0.30,0
2026-10-09T16:48:40.261,2093.461,0,1.331,26.6,27.6,0.000,0.06,0
2026-10-09T16:48:40.362,2093.561,0,1.331,26.7,27.7,0.000,-0.10,0
2026-10-09T16:48:40.463,2093.662,0,1.485,26.8,27.8,0.000,-0.05,0
2026-10-09T16:48:40.563,2093.763,0,1.536,27.0,27.7,0.000,-0.18,0
2026-10-09T16:48:40.663,2093.863,0,1.331,26.7,27.7,0.000,-0.19,0
2026-10-09T16:48:40.763,2093.962,0,1.331,26.6,27.7,0.000,-0.25,0
2026-10-09T16:48:40.863,2094.063,0,1.331,26.6,27.7,0.000,-0.18,0
2026-10-09T16:48:40.963,2094.162,0,0.922,26.7,27.8,0.000,-0.29,0
2026-10-09T16:48:41.064,2094.263,0,1.331,26.9,27.7,0.000,-0.21,0
2026-10-09T16:48:41.165,2094.365,0,1.331,26.8,27.7,0.000,-0.32,0
2026-10-09T16:48:41.265,2094.465,0,1.126,26.6,27.7,0.000,-0.41,0
2026-10-09T16:48:41.367,2094.567,0,1.280,26.6,27.6,0.000,-0.18,0
2026-10-09T16:48:41.466,2094.665,0,0.973,26.7,27.7,0.000,-0.34,0
2026-10-09T16:48:41.566,2094.766,0,0.973,26.8,27.8,0.000,-0.19,0
2026-10-09T16:48:41.666,2094.865,0,1.229,26.7,27.6,0.000,-0.22,0
2026-10-09T16:48:41.767,2094.967,0,1.280,26.8,27.8,0.000,-0.31,0
2026-10-09T16:48:41.867,2095.066,0,1.434,26.7,27.6,0.000,-0.20,0
2026-10-09T16:48:41.968,2095.167,0,1.434,26.7,27.7,0.000,-0.35,0
2026-10-09T16:48:42.069,2095.269,0,0.973,26.7,27.7,0.000,-0.21,0
2026-10-09T16:48:42.168,2095.368,0,0.819,26.7,27.7,0.000,-0.28,0
2026-10-09T16:48:42.272,2095.471,0,1.587,26.7,27.9,0.000,-0.27,0
2026-10-09T16:48:42.369,2095.568,0,1.587,26.6,27.6,0.000,-0.08,0
2026-10-09T16:48:42.468,2095.668,0,1.178,26.6,27.9,0.000,-0.33,0
2026-10-09T16:48:42.568,2095.767,0,1.075,26.6,27.8,0.000,-0.11,0
2026-10-09T16:48:42.668,2095.867,0,1.536,26.6,27.7,0.000,-0.16,0
2026-10-09T16:48:42.769,2095.969,0,1.536,26.6,27.7,0.000,-0.12,0
2026-10-09T16:48:42.869,2096.069,0,0.922,26.7,27.7,0.000,-0.10,0
2026-10-09T16:48:42.969,2096.168,0,1.382,26.6,27.6,0.000,-0.13,0
2026-10-09T16:48:43.070,2096.269,0,1.382,26.8,27.7,0.000,-0.24,0
2026-10-09T16:48:43.171,2096.371,0,1.280,26.7,27.7,0.000,-0.09,0
2026-10-09T16:48:43.271,2096.471,0,1.126,26.6,27.7,0.000,-0.26,0
2026-10-09T16:48:43.371,2096.570,0,1.229,26.6,27.7,0.000,-0.25,0
2026-10-09T16:48:43.472,2096.671,0,1.229,26.7,27.7,0.000,-0.35,0
2026-10-09T16:48:43.573,2096.772,0,1.126,26.7,27.7,0.000,-0.18,0
2026-10-09T16:48:43.675,2096.875,0,1.126,27.0,27.9,0.000,-0.10,0
2026-10-09T16:48:43.774,2096.974,0,1.382,26.7,27.7,0.000,-0.18,0
2026-10-09T16:48:43.873,2097.073,0,1.382,26.7,27.7,0.000,-0.21,0
2026-10-09T16:48:43.973,2097.173,0,1.229,26.6,27.7,0.000,-0.16,0
2026-10-09T16:48:44.073,2097.272,0,1.024,26.7,27.8,0.000,-0.26,0
2026-10-09T16:48:44.174,2097.373,0,1.280,26.7,27.7,0.000,-0.34,0
2026-10-09T16:48:44.274,2097.474,0,1.280,26.6,27.7,0.000,-0.24,0
2026-10-09T16:48:44.374,2097.573,0,1.536,26.6,27.5,0.000,-0.33,0
2026-10-09T16:48:44.475,2097.674,0,1.075,26.7,27.7,0.000,-0.34,0
2026-10-09T16:48:44.576,2097.775,0,1.126,26.7,27.7,0.000,-0.30,0
2026-10-09T16:48:44.677,2097.877,0,1.126,26.8,27.7,0.000,-0.23,0
2026-10-09T16:48:44.777,2097.977,0,1.382,26.9,28.0,0.000,-0.16,0
2026-10-09T16:48:44.877,2098.077,0,1.178,26.8,27.7,0.000,-0.08,0
2026-10-09T16:48:44.978,2098.178,0,1.382,26.6,27.7,0.000,-0.23,0
2026-10-09T16:48:45.077,2098.277,0,1.382,26.6,27.7,0.000,-0.16,0
2026-10-09T16:48:45.177,2098.377,0,1.075,26.7,27.7,0.000,-0.24,0
2026-10-09T16:48:45.277,2098.477,0,1.485,26.6,27.6,0.000,-0.28,0
2026-10-09T16:48:45.377,2098.577,0,1.485,26.7,27.6,0.000,-0.21,0
2026-10-09T16:48:45.477,2098.676,0,1.485,26.7,27.7,0.000,-0.32,0
2026-10-09T16:48:45.578,2098.777,0,1.126,26.6,27.7,0.000,-0.06,0
2026-10-09T16:48:45.679,2098.878,0,1.331,26.7,27.7,0.000,-0.24,0
2026-10-09T16:48:45.778,2098.978,0,0.973,26.6,27.6,0.000,-0.20,0
2026-10-09T16:48:45.878,2099.078,0,0.973,26.5,27.7,0.000,-0.30,0
2026-10-09T16:48:45.978,2099.177,0,1.075,26.7,27.6,0.000,-0.22,0
2026-10-09T16:48:46.078,2099.278,0,1.485,26.6,27.6,0.000,-0.05,0
2026-10-09T16:48:46.179,2099.379,0,1.485,26.5,27.7,0.000,-0.18,0
2026-10-09T16:48:46.280,2099.480,0,1.382,26.6,27.7,0.000,-0.07,0
2026-10-09T16:48:46.379,2099.578,0,1.587,26.6,27.5,0.000,-0.20,0
2026-10-09T16:48:46.480,2099.680,0,1.024,26.6,27.7,0.000,-0.07,0
2026-10-09T16:48:46.580,2099.779,0,1.024,26.5,27.8,0.000,-0.24,0
2026-10-09T16:48:46.678,2099.878,0,1.434,26.6,27.7,0.000,-0.16,0
2026-10-09T16:48:46.779,2099.979,0,1.331,26.5,27.6,0.000,-0.23,0
2026-10-09T16:48:46.879,2100.079,0,1.485,26.6,27.7,0.000,-0.14,0
2026-10-09T16:48:46.979,2100.178,0,1.485,26.7,27.8,0.000,-0.26,0
2026-10-09T16:48:47.079,2100.279,0,1.741,26.5,27.7,0.000,-0.16,0
2026-10-09T16:48:47.180,2100.380,0,1.331,26.7,27.6,0.000,-0.12,0
2026-10-09T16:48:47.282,2100.481,0,1.024,26.6,27.6,0.000,-0.39,0
2026-10-09T16:48:47.382,2100.581,0,1.024,26.5,27.8,0.000,-0.29,0
2026-10-09T16:48:47.482,2100.681,0,0.768,26.7,27.6,0.000,-0.23,0
2026-10-09T16:48:47.582,2100.781,0,1.126,26.8,27.8,0.000,-0.21,0
2026-10-09T16:48:47.682,2100.881,0,1.792,26.8,27.8,0.000,-0.31,0
2026-10-09T16:48:47.781,2100.981,0,1.792,26.6,27.7,0.000,-0.19,0
2026-10-09T16:48:47.882,2101.081,0,1.229,26.5,27.7,0.000,-0.23,0
2026-10-09T16:48:47.986,2101.185,0,0.973,26.8,27.8,0.000,-0.14,0
2026-10-09T16:48:48.083,2101.283,0,1.280,26.7,27.6,0.000,-0.25,0
2026-10-09T16:48:48.184,2101.384,0,1.280,26.6,27.6,0.000,-0.04,0
2026-10-09T16:48:48.284,2101.483,0,1.331,26.5,27.7,0.000,-0.17,0
2026-10-09T16:48:48.384,2101.583,0,0.922,26.6,27.7,0.000,-0.10,0
2026-10-09T16:48:48.484,2101.684,0,1.229,26.6,27.8,0.000,-0.21,0
2026-10-09T16:48:48.586,2101.785,0,1.229,26.6,27.7,0.000,-0.25,0
2026-10-09T16:48:48.684,2101.884,0,1.075,26.6,27.6,0.000,-0.06,0
2026-10-09T16:48:48.785,2101.985,0,1.126,26.6,27.7,0.000,-0.17,0
2026-10-09T16:48:48.886,2102.086,0,1.126,26.4,27.8,0.000,-0.20,0
2026-10-09T16:48:48.986,2102.186,0,1.434,26.5,27.7,0.000,-0.32,0
2026-10-09T16:48:49.086,2102.285,0,1.178,26.6,27.7,0.000,-0.31,0
2026-10-09T16:48:49.186,2102.385,0,1.485,26.6,27.6,0.000,0.00,0
2026-10-09T16:48:49.287,2102.486,0,1.485,26.6,27.7,0.000,-0.04,0
2026-10-09T16:48:49.387,2102.587,0,1.382,26.6,27.8,0.000,-0.15,0
2026-10-09T16:48:49.485,2102.685,0,1.434,26.7,27.8,0.000,-0.24,0
2026-10-09T16:48:49.586,2102.786,0,1.178,26.7,27.7,0.000,-0.02,0
2026-10-09T16:48:49.687,2102.887,0,1.178,26.6,27.7,0.000,-0.48,0
2026-10-09T16:48:49.787,2102.986,0,1.229,26.7,27.7,0.000,-0.12,0
2026-10-09T16:48:49.887,2103.087,0,0.717,26.6,27.7,0.000,-0.21,0
2026-10-09T16:48:49.987,2103.187,0,1.587,26.7,27.7,0.000,-0.33,0
2026-10-09T16:48:50.087,2103.287,0,1.587,26.7,27.7,0.000,-0.29,0
2026-10-09T16:48:50.188,2103.387,0,1.382,26.5,27.6,0.000,-0.28,0
2026-10-09T16:48:50.288,2103.487,0,1.946,26.7,27.7,0.000,-0.38,0
2026-10-09T16:48:50.387,2103.587,0,1.229,26.6,27.7,0.000,-0.21,0
2026-10-09T16:48:50.487,2103.687,0,1.229,26.8,27.7,0.000,-0.13,0
2026-10-09T16:48:50.587,2103.787,0,1.229,26.6,27.8,0.000,-0.36,0
2026-10-09T16:48:50.687,2103.887,0,1.024,26.7,27.6,0.000,-0.11,0
2026-10-09T16:48:50.787,2103.987,0,1.331,26.9,27.7,0.000,-0.19,0
2026-10-09T16:48:50.887,2104.087,0,1.331,26.7,27.7,0.000,-0.16,0
2026-10-09T16:48:50.987,2104.187,0,0.922,26.7,27.7,0.000,-0.25,0
2026-10-09T16:48:51.089,2104.288,0,0.922,26.7,27.8,0.000,-0.42,0
2026-10-09T16:48:51.189,2104.389,0,0.922,26.7,27.7,0.000,0.00,0
2026-10-09T16:48:51.287,2104.487,0,1.280,26.7,27.7,0.000,-0.28,0
2026-10-09T16:48:51.388,2104.588,0,1.075,26.6,27.8,0.000,-0.16,0
2026-10-09T16:48:51.490,2104.689,0,1.126,26.6,27.7,0.000,-0.36,0
2026-10-09T16:48:51.590,2104.790,0,1.126,26.5,27.6,0.000,-0.37,0
2026-10-09T16:48:51.691,2104.891,0,0.973,26.4,27.7,0.000,-0.26,0
2026-10-09T16:48:51.792,2104.992,0,1.075,26.7,27.7,0.000,-0.23,0
2026-10-09T16:48:51.893,2105.093,0,0.973,26.8,27.7,0.000,-0.22,0
2026-10-09T16:48:51.995,2105.194,0,0.973,26.6,27.9,0.000,-0.18,0
2026-10-09T16:48:52.095,2105.294,0,1.382,26.5,27.5,0.000,-0.29,0
2026-10-09T16:48:52.195,2105.394,0,0.870,26.7,27.6,0.000,-0.44,0
2026-10-09T16:48:52.294,2105.494,0,1.178,26.7,27.6,0.000,-0.44,0
2026-10-09T16:48:52.395,2105.595,0,1.178,26.8,27.5,0.000,-0.29,0
2026-10-09T16:48:52.495,2105.695,0,1.741,26.6,27.6,0.000,-0.24,0
2026-10-09T16:48:52.598,2105.797,0,1.178,26.7,27.7,0.000,-0.11,0
2026-10-09T16:48:52.696,2105.895,0,1.178,26.6,27.5,0.000,-0.03,0
2026-10-09T16:48:52.795,2105.994,0,1.178,26.6,27.7,0.000,-0.20,0
2026-10-09T16:48:52.896,2106.096,0,0.768,26.8,27.7,0.000,-0.49,0
2026-10-09T16:48:52.996,2106.195,0,1.331,26.6,27.7,0.000,-0.23,0
2026-10-09T16:48:53.095,2106.295,0,1.434,26.7,27.7,0.000,-0.25,0
2026-10-09T16:48:53.196,2106.396,0,1.434,26.6,27.6,0.000,-0.39,0
2026-10-09T16:48:53.296,2106.496,0,1.075,26.8,27.8,0.000,-0.18,0
2026-10-09T16:48:53.398,2106.597,0,0.819,26.6,27.8,0.000,-0.34,0
2026-10-09T16:48:53.497,2106.697,0,1.485,26.7,27.9,0.000,-0.50,0
2026-10-09T16:48:53.598,2106.798,0,1.485,26.8,27.7,0.000,-0.38,0
2026-10-09T16:48:53.700,2106.899,0,1.587,26.7,27.7,0.000,-0.46,0
2026-10-09T16:48:53.799,2106.999,0,1.024,26.6,27.6,0.000,-0.44,0
2026-10-09T16:48:53.900,2107.100,0,1.229,26.6,27.7,0.000,-0.38,0
2026-10-09T16:48:54.002,2107.201,0,1.229,26.6,27.6,0.000,-0.31,0
2026-10-09T16:48:54.102,2107.301,0,0.870,26.5,27.7,0.000,-0.32,0
2026-10-09T16:48:54.201,2107.401,0,1.229,26.5,27.7,0.000,-0.38,0
2026-10-09T16:48:54.302,2107.501,0,1.229,26.7,27.7,0.000,-0.25,0
2026-10-09T16:48:54.401,2107.601,0,1.331,26.8,27.7,0.000,-0.36,0
2026-10-09T16:48:54.502,2107.702,0,1.536,26.7,27.7,0.000,-0.27,0
2026-10-09T16:48:54.602,2107.802,0,0.870,26.7,27.6,0.000,-0.28,0
2026-10-09T16:48:54.702,2107.902,0,0.870,26.8,27.7,0.000,-0.20,0
2026-10-09T16:48:54.802,2108.002,0,1.536,26.8,27.7,0.000,-0.31,0
2026-10-09T16:48:54.903,2108.103,0,1.229,26.9,27.9,0.000,-0.47,0
2026-10-09T16:48:55.003,2108.203,0,1.280,26.7,27.7,0.000,-0.45,0
2026-10-09T16:48:55.104,2108.304,0,1.280,26.7,27.7,0.000,-0.17,0
2026-10-09T16:48:55.206,2108.405,0,0.870,26.4,27.7,0.000,-0.30,0
2026-10-09T16:48:55.306,2108.505,0,1.126,26.7,27.7,0.000,-0.57,0
2026-10-09T16:48:55.406,2108.606,0,1.178,26.5,27.6,0.000,-0.67,0
2026-10-09T16:48:55.506,2108.706,0,1.178,26.7,27.7,0.000,-0.43,0
2026-10-09T16:48:55.608,2108.807,0,1.280,26.6,27.7,0.000,-0.29,0
2026-10-09T16:48:55.708,2108.907,0,0.666,26.7,27.7,0.000,-0.28,0
2026-10-09T16:48:55.808,2109.007,0,0.973,26.5,27.7,0.000,-0.17,0
2026-10-09T16:48:55.908,2109.108,0,0.973,26.7,27.7,0.000,-0.39,0
2026-10-09T16:48:56.008,2109.208,0,1.126,26.6,27.6,0.000,-0.33,0
2026-10-09T16:48:56.107,2109.307,0,1.024,26.7,27.5,0.000,-0.38,0
2026-10-09T16:48:56.209,2109.408,0,0.922,26.7,27.6,0.000,-0.29,0
2026-10-09T16:48:56.309,2109.509,0,0.922,26.5,27.6,0.000,-0.40,0
2026-10-09T16:48:56.409,2109.609,0,1.536,26.6,27.5,0.000,-0.50,0
2026-10-09T16:48:56.509,2109.709,0,1.434,26.5,27.6,0.000,-0.38,0
2026-10-09T16:48:56.609,2109.809,0,1.126,26.8,27.7,0.000,-0.18,0
2026-10-09T16:48:56.710,2109.909,0,1.126,26.6,27.7,0.000,-0.29,0
2026-10-09T16:48:56.809,2110.009,0,0.717,26.8,27.6,0.000,-0.38,0
2026-10-09T16:48:56.909,2110.108,0,1.178,26.7,27.9,0.000,-0.23,0
2026-10-09T16:48:57.010,2110.210,0,1.178,26.6,27.7,0.000,-0.35,0
2026-10-09T16:48:57.110,2110.310,0,1.331,26.6,27.6,0.000,-0.44,0
2026-10-09T16:48:57.210,2110.409,0,0.922,26.8,27.6,0.000,-0.17,0
2026-10-09T16:48:57.311,2110.511,0,0.819,26.6,27.7,0.000,-0.38,0
2026-10-09T16:48:57.411,2110.611,0,0.819,26.6,27.9,0.000,-0.29,0
2026-10-09T16:48:57.511,2110.711,0,1.229,26.6,27.6,0.000,-0.44,0
2026-10-09T16:48:57.611,2110.811,0,1.536,26.6,27.7,0.000,-0.25,0
2026-10-09T16:48:57.711,2110.911,0,1.178,26.5,27.6,0.000,-0.43,0
2026-10-09T16:48:57.811,2111.010,0,1.178,26.5,27.7,0.000,-0.21,0
2026-10-09T16:48:57.911,2111.111,0,0.922,26.8,27.6,0.000,-0.30,0
2026-10-09T16:48:58.011,2111.211,0,1.792,26.6,27.6,0.000,-0.36,0
2026-10-09T16:48:58.111,2111.310,0,1.075,26.7,27.6,0.000,-0.31,0
2026-10-09T16:48:58.211,2111.410,0,1.075,26.7,27.8,0.000,-0.29,0
2026-10-09T16:48:58.311,2111.510,0,1.178,26.6,27.7,0.000,-0.36,0
2026-10-09T16:48:58.411,2111.610,0,1.229,26.6,27.7,0.000,-0.20,0
2026-10-09T16:48:58.511,2111.710,0,1.280,26.6,27.8,0.000,-0.14,0
2026-10-09T16:48:58.612,2111.811,0,1.280,26.6,27.7,0.000,-0.42,0
2026-10-09T16:48:58.710,2111.910,0,1.075,26.6,27.8,0.000,-0.20,0
2026-10-09T16:48:58.809,2112.009,0,1.178,26.8,27.6,0.000,-0.46,0
2026-10-09T16:48:58.910,2112.110,0,1.382,26.8,27.8,0.000,-0.38,0
2026-10-09T16:48:59.011,2112.210,0,1.382,26.8,27.7,0.000,-0.32,0
2026-10-09T16:48:59.110,2112.310,0,1.331,26.9,27.7,0.000,-0.23,0
2026-10-09T16:48:59.210,2112.410,0,1.126,26.8,27.8,0.000,-0.35,0
2026-10-09T16:48:59.310,2112.510,0,1.126,26.7,27.7,0.000,-0.25,0
2026-10-09T16:48:59.410,2112.610,0,1.434,26.7,27.9,0.000,-0.26,0
2026-10-09T16:48:59.510,2112.710,0,1.382,26.9,27.9,0.000,-0.25,0
2026-10-09T16:48:59.610,2112.810,0,1.690,26.6,27.8,0.000,-0.39,0
2026-10-09T16:48:59.711,2112.911,0,1.690,26.8,27.9,0.000,-0.12,0
2026-10-09T16:48:59.812,2113.012,0,1.178,26.8,27.8,0.000,-0.19,0
2026-10-09T16:48:59.911,2113.111,0,1.126,26.8,27.8,0.000,-0.04,0
2026-10-09T16:49:00.012,2113.212,0,0.973,27.0,27.7,0.000,-0.28,0
2026-10-09T16:49:00.112,2113.312,0,0.973,26.8,28.0,0.000,-0.44,0
2026-10-09T16:49:00.212,2113.411,0,1.024,26.8,27.8,0.000,-0.23,0
2026-10-09T16:49:00.313,2113.513,0,1.178,26.8,27.7,0.000,-0.37,0
2026-10-09T16:49:00.414,2113.614,0,1.024,26.7,27.7,0.000,-0.23,0
2026-10-09T16:49:00.515,2113.714,0,1.024,26.7,27.7,0.000,-0.39,0
2026-10-09T16:49:00.614,2113.813,0,1.536,26.9,27.9,0.000,-0.37,0
2026-10-09T16:49:00.715,2113.914,0,0.973,26.8,27.7,0.000,-0.23,0
2026-10-09T16:49:00.816,2114.015,0,0.870,26.8,27.9,0.000,-0.37,0
2026-10-09T16:49:00.916,2114.115,0,0.870,26.8,27.7,0.000,-0.29,0
2026-10-09T16:49:01.015,2114.215,0,1.229,26.6,27.8,0.000,-0.29,0
2026-10-09T16:49:01.115,2114.315,0,1.024,26.7,27.9,0.000,-0.19,0
2026-10-09T16:49:01.220,2114.420,0,1.178,27.0,27.8,0.000,-0.17,0
2026-10-09T16:49:01.317,2114.516,0,1.178,26.7,27.7,0.000,-0.11,0
2026-10-09T16:49:01.418,2114.617,0,1.331,26.6,27.6,0.000,-0.03,0
2026-10-09T16:49:01.518,2114.718,0,1.075,26.7,27.6,0.000,-0.19,0
2026-10-09T16:49:01.618,2114.818,0,1.536,26.7,27.6,0.000,-0.24,0
2026-10-09T16:49:01.718,2114.918,0,1.536,26.8,27.7,0.000,-0.43,0
2026-10-09T16:49:01.819,2115.019,0,1.178,26.7,27.6,0.000,-0.17,0
2026-10-09T16:49:01.920,2115.120,0,1.075,26.7,27.6,0.000,-0.30,0
2026-10-09T16:49:02.022,2115.221,0,0.717,26.6,27.9,0.000,-0.33,0
2026-10-09T16:49:02.121,2115.321,0,0.717,26.6,27.7,0.000,-0.37,0
2026-10-09T16:49:02.222,2115.421,0,0.666,26.5,27.8,0.000,-0.34,0
2026-10-09T16:49:02.322,2115.521,0,0.819,26.8,27.7,0.000,-0.40,0
2026-10-09T16:49:02.422,2115.621,0,0.819,26.8,27.8,0.000,-0.23,0
2026-10-09T16:49:02.522,2115.722,0,0.922,26.7,27.7,0.000,-0.12,0
2026-10-09T16:49:02.624,2115.823,0,1.126,26.8,27.8,0.000,-0.17,0
2026-10-09T16:49:02.721,2115.921,0,1.075,26.8,27.7,0.000,-0.18,0
2026-10-09T16:49:02.822,2116.021,0,1.075,26.8,27.9,0.000,-0.11,0
2026-10-09T16:49:02.923,2116.122,0,1.280,26.7,27.8,0.000,-0.27,0
2026-10-09T16:49:03.021,2116.221,0,1.126,26.8,27.9,0.000,-0.42,0
2026-10-09T16:49:03.122,2116.321,0,0.973,26.8,27.7,0.000,-0.36,0
2026-10-09T16:49:03.223,2116.423,0,0.973,26.8,27.8,0.000,-0.29,0
2026-10-09T16:49:03.323,2116.522,0,1.024,26.9,27.7,0.000,-0.43,0
2026-10-09T16:49:03.423,2116.623,0,1.075,26.8,27.8,0.000,-0.31,0
2026-10-09T16:49:03.523,2116.722,0,1.434,26.9,27.8,0.000,-0.24,0
2026-10-09T16:49:03.624,2116.823,0,1.434,26.7,27.8,0.000,-0.21,0
2026-10-09T16:49:03.725,2116.925,0,1.280,26.7,27.7,0.000,-0.34,0
2026-10-09T16:49:03.825,2117.024,0,0.922,27.0,27.7,0.000,-0.20,0
2026-10-09T16:49:03.926,2117.125,0,1.075,26.6,27.7,0.000,-0.41,0
2026-10-09T16:49:04.027,2117.227,0,1.075,26.7,27.7,0.000,-0.29,0
2026-10-09T16:49:04.127,2117.327,0,1.178,26.6,27.7,0.000,-0.34,0
2026-10-09T16:49:04.227,2117.427,0,1.280,26.6,27.7,0.000,-0.31,0
2026-10-09T16:49:04.327,2117.526,0,1.126,26.9,27.8,0.000,-0.14,0
2026-10-09T16:49:04.428,2117.628,0,1.126,26.6,27.7,0.000,-0.23,0
2026-10-09T16:49:04.528,2117.728,0,1.280,26.7,27.7,0.000,-0.24,0
2026-10-09T16:49:04.628,2117.827,0,0.768,26.7,27.7,0.000,-0.25,0
2026-10-09T16:49:04.728,2117.928,0,0.922,26.6,27.6,0.000,-0.34,0
2026-10-09T16:49:04.828,2118.027,0,0.922,26.5,27.7,0.000,-0.13,0
2026-10-09T16:49:04.928,2118.127,0,1.485,26.8,27.8,0.000,-0.24,0
2026-10-09T16:49:05.029,2118.228,0,1.382,26.8,27.7,0.000,-0.19,0
2026-10-09T16:49:05.130,2118.329,0,1.382,26.6,27.9,0.000,-0.26,0
2026-10-09T16:49:05.231,2118.431,0,1.024,26.6,27.8,0.000,-0.35,0
2026-10-09T16:49:05.330,2118.530,0,1.126,26.6,27.7,0.000,-0.42,0
2026-10-09T16:49:05.431,2118.631,0,1.280,26.6,27.7,0.000,-0.35,0
2026-10-09T16:49:05.532,2118.732,0,1.280,26.6,27.7,0.000,-0.27,0
2026-10-09T16:49:05.632,2118.831,0,1.075,26.6,27.7,0.000,-0.18,0
2026-10-09T16:49:05.732,2118.932,0,1.280,26.6,27.7,0.000,-0.17,0
2026-10-09T16:49:05.832,2119.032,0,1.126,26.8,27.7,0.000,-0.13,0
2026-10-09T16:49:05.932,2119.131,0,1.126,26.7,27.8,0.000,-0.06,0
2026-10-09T16:49:06.033,2119.232,0,1.331,26.6,27.7,0.000,-0.20,0
2026-10-09T16:49:06.135,2119.335,0,0.870,26.5,27.8,0.000,-0.40,0
2026-10-09T16:49:06.236,2119.435,0,1.178,26.6,27.8,0.000,-0.06,0
2026-10-09T16:49:06.334,2119.533,0,1.178,26.7,27.7,0.000,-0.22,0
2026-10-09T16:49:06.434,2119.634,0,1.280,26.6,27.8,0.000,-0.16,0
2026-10-09T16:49:06.535,2119.735,0,1.792,26.4,27.7,0.000,-0.31,0
2026-10-09T16:49:06.635,2119.835,0,1.229,26.7,27.5,0.000,-0.10,0
2026-10-09T16:49:06.735,2119.935,0,1.229,26.5,27.7,0.000,-0.25,0
2026-10-09T16:49:06.835,2120.034,0,0.870,26.7,27.7,0.000,-0.08,0
2026-10-09T16:49:06.936,2120.135,0,1.741,26.7,27.7,0.000,-0.33,0
2026-10-09T16:49:07.037,2120.236,0,1.126,26.7,27.6,0.000,-0.34,0
2026-10-09T16:49:07.137,2120.337,0,1.126,26.6,27.7,0.000,-0.17,0
2026-10-09T16:49:07.237,2120.437,0,1.382,26.6,27.6,0.000,-0.32,0
2026-10-09T16:49:07.337,2120.537,0,1.178,26.6,27.9,0.000,-0.25,0
2026-10-09T16:49:07.437,2120.637,0,1.536,26.6,27.7,0.000,-0.35,0
2026-10-09T16:49:07.537,2120.737,0,1.536,26.6,27.8,0.000,-0.22,0
2026-10-09T16:49:07.637,2120.837,0,1.126,26.8,27.7,0.000,-0.17,0
2026-10-09T16:49:07.737,2120.937,0,1.536,26.8,27.7,0.000,-0.16,0
2026-10-09T16:49:07.837,2121.037,0,1.536,26.6,27.9,0.000,-0.30,0
2026-10-09T16:49:07.937,2121.137,0,1.587,26.9,27.7,0.000,-0.17,0
2026-10-09T16:49:08.037,2121.237,0,0.614,26.6,27.8,0.000,-0.28,0
2026-10-09T16:49:08.136,2121.336,0,0.666,26.7,27.7,0.000,-0.30,0
2026-10-09T16:49:08.237,2121.436,0,0.666,26.9,27.7,0.000,-0.35,0
2026-10-09T16:49:08.337,2121.536,0,1.434,26.8,27.8,0.000,-0.12,0
2026-10-09T16:49:08.438,2121.637,0,1.331,26.8,27.8,0.000,-0.34,0
2026-10-09T16:49:08.538,2121.737,0,1.331,26.6,28.0,0.000,-0.30,0
2026-10-09T16:49:08.638,2121.837,0,1.331,26.8,27.8,0.000,-0.29,0
2026-10-09T16:49:08.738,2121.938,0,1.126,26.7,27.8,0.000,-0.18,0
2026-10-09T16:49:08.839,2122.039,0,0.922,26.6,27.9,0.000,-0.40,0
2026-10-09T16:49:08.939,2122.139,0,0.973,26.6,27.8,0.000,-0.40,0
2026-10-09T16:49:09.039,2122.238,0,0.973,26.8,27.8,0.000,-0.36,0
2026-10-09T16:49:09.140,2122.339,0,1.434,26.9,27.7,0.000,-0.34,0
2026-10-09T16:49:09.241,2122.440,0,0.819,26.7,27.8,0.000,-0.20,0
2026-10-09T16:49:09.343,2122.542,0,1.229,26.7,27.8,0.000,-0.42,0
2026-10-09T16:49:09.442,2122.642,0,1.229,26.8,27.9,0.000,-0.25,0
2026-10-09T16:49:09.542,2122.742,0,0.870,26.6,27.8,0.000,-0.30,0
2026-10-09T16:49:09.643,2122.843,0,1.434,26.6,27.7,0.000,-0.27,0
2026-10-09T16:49:09.745,2122.944,0,0.973,26.7,27.6,0.000,-0.37,0
2026-10-09T16:49:09.844,2123.044,0,0.973,26.8,27.8,0.000,-0.34,0
2026-10-09T16:49:09.945,2123.145,0,1.075,26.7,27.7,0.000,-0.42,0
2026-10-09T16:49:10.045,2123.245,0,1.075,26.8,27.9,0.000,-0.29,0
2026-10-09T16:49:10.145,2123.345,0,1.229,26.6,27.7,0.000,-0.28,0
2026-10-09T16:49:10.245,2123.444,0,1.229,26.6,27.8,0.000,-0.26,0
2026-10-09T16:49:10.345,2123.544,0,0.922,27.0,27.8,0.000,-0.31,0
2026-10-09T16:49:10.446,2123.645,0,0.973,26.8,27.8,0.000,-0.18,0
2026-10-09T16:49:10.546,2123.746,0,0.973,26.7,27.7,0.000,-0.19,0
2026-10-09T16:49:10.648,2123.847,0,1.075,26.7,27.7,0.000,-0.20,0
2026-10-09T16:49:10.748,2123.947,0,1.382,26.6,27.7,0.000,-0.38,0
2026-10-09T16:49:10.849,2124.048,0,1.229,26.6,27.7,0.000,-0.31,0
2026-10-09T16:49:10.948,2124.148,0,1.229,26.5,27.8,0.000,-0.21,0
2026-10-09T16:49:11.049,2124.249,0,1.382,26.5,27.6,0.000,-0.17,0
2026-10-09T16:49:11.149,2124.349,0,1.229,26.5,27.7,0.000,-0.41,0
2026-10-09T16:49:11.249,2124.448,0,0.973,26.7,27.7,0.000,-0.23,0
2026-10-09T16:49:11.348,2124.548,0,0.973,26.7,27.7,0.000,-0.38,0
2026-10-09T16:49:11.449,2124.649,0,1.229,26.7,27.7,0.000,-0.18,0
2026-10-09T16:49:11.550,2124.749,0,1.024,26.8,27.7,0.000,-0.20,0
2026-10-09T16:49:11.649,2124.849,0,1.075,26.7,27.7,0.000,-0.24,0
2026-10-09T16:49:11.749,2124.948,0,1.075,26.6,27.8,0.000,-0.39,0
2026-10-09T16:49:11.849,2125.049,0,1.229,26.8,27.8,0.000,-0.17,0
2026-10-09T16:49:11.949,2125.148,0,0.717,26.6,27.7,0.000,-0.14,0
2026-10-09T16:49:12.049,2125.248,0,1.024,26.7,27.8,0.000,-0.24,0
2026-10-09T16:49:12.149,2125.349,0,1.024,26.9,27.8,0.000,-0.14,0
2026-10-09T16:49:12.250,2125.450,0,1.178,26.8,27.9,0.000,-0.29,0
2026-10-09T16:49:12.349,2125.548,0,1.075,26.8,27.6,0.000,-0.13,0
2026-10-09T16:49:12.453,2125.653,0,1.331,26.6,27.8,0.000,-0.23,0
2026-10-09T16:49:12.550,2125.750,0,1.331,26.7,27.7,0.000,-0.16,0
2026-10-09T16:49:12.651,2125.850,0,0.717,26.8,28.0,0.000,-0.24,0
2026-10-09T16:49:12.751,2125.950,0,1.229,26.6,27.6,0.000,-0.20,0
2026-10-09T16:49:12.850,2126.050,0,1.126,26.7,27.7,0.000,-0.44,0
2026-10-09T16:49:12.952,2126.151,0,1.126,26.7,27.7,0.000,-0.42,0
2026-10-09T16:49:13.051,2126.251,0,1.229,26.7,27.9,0.000,-0.26,0
2026-10-09T16:49:13.152,2126.352,0,1.229,26.7,27.7,0.000,-0.31,0
2026-10-09T16:49:13.252,2126.451,0,1.229,26.8,27.8,0.000,-0.23,0
2026-10-09T16:49:13.351,2126.551,0,1.126,26.8,27.7,0.000,-0.24,0
2026-10-09T16:49:13.452,2126.652,0,1.178,26.7,27.7,0.000,-0.20,0
2026-10-09T16:49:13.553,2126.753,0,1.536,26.8,27.7,0.000,-0.06,0
2026-10-09T16:49:13.654,2126.854,0,1.536,26.9,27.9,0.000,-0.27,0
2026-10-09T16:49:13.754,2126.953,0,0.870,26.6,27.7,0.000,-0.35,0
2026-10-09T16:49:13.853,2127.053,0,1.126,27.0,27.9,0.000,-0.36,0
2026-10-09T16:49:13.954,2127.153,0,0.819,26.7,27.8,0.000,-0.28,0
2026-10-09T16:49:14.054,2127.253,0,0.819,26.7,27.7,0.000,-0.17,0
2026-10-09T16:49:14.153,2127.353,0,0.922,26.7,27.7,0.000,-0.27,0
2026-10-09T16:49:14.255,2127.454,0,1.126,26.7,27.7,0.000,-0.31,0
2026-10-09T16:49:14.355,2127.554,0,1.126,26.9,28.1,0.000,-0.11,0
2026-10-09T16:49:14.457,2127.656,0,1.126,26.9,27.8,0.000,-0.29,0
2026-10-09T16:49:14.558,2127.758,0,1.587,26.7,27.8,0.000,-0.27,0
2026-10-09T16:49:14.655,2127.854,0,1.382,26.8,27.7,0.000,-0.12,0
2026-10-09T16:49:14.755,2127.954,0,1.178,26.6,27.7,0.000,-0.20,0
2026-10-09T16:49:14.856,2128.056,0,1.178,26.6,27.7,0.000,-0.05,0
2026-10-09T16:49:14.955,2128.155,0,1.229,26.7,27.7,0.000,-0.19,0
2026-10-09T16:49:15.056,2128.256,0,1.382,26.9,27.8,0.000,-0.36,0
2026-10-09T16:49:15.157,2128.357,0,1.382,26.7,27.7,0.000,-0.33,0
2026-10-09T16:49:15.259,2128.458,0,1.382,26.6,27.7,0.000,-0.43,0
2026-10-09T16:49:15.358,2128.558,0,1.280,26.8,27.8,0.000,-0.25,0
2026-10-09T16:49:15.459,2128.659,0,1.075,26.8,27.7,0.000,-0.58,0
2026-10-09T16:49:15.560,2128.760,0,1.434,26.7,27.7,0.000,-0.46,0
2026-10-09T16:49:15.661,2128.861,0,1.434,26.7,27.8,0.000,-0.34,0
2026-10-09T16:49:15.762,2128.962,0,1.024,26.6,27.6,0.000,-0.25,0
2026-10-09T16:49:15.863,2129.063,0,1.126,26.6,27.6,0.000,-0.40,0
2026-10-09T16:49:15.964,2129.164,0,1.126,26.9,27.8,0.000,-0.35,0
2026-10-09T16:49:16.064,2129.264,0,1.024,26.7,27.7,0.000,-0.16,0
2026-10-09T16:49:16.164,2129.363,0,0.922,26.6,27.7,0.000,-0.25,0
2026-10-09T16:49:16.263,2129.463,0,0.717,26.7,27.8,0.000,-0.16,0
2026-10-09T16:49:16.364,2129.563,0,0.717,26.6,27.7,0.000,-0.08,0
2026-10-09T16:49:16.464,2129.664,0,1.741,26.8,27.7,0.000,-0.19,0
2026-10-09T16:49:16.564,2129.763,0,0.819,26.7,27.8,0.000,-0.11,0
2026-10-09T16:49:16.665,2129.865,0,1.280,26.8,27.7,0.000,-0.19,0
2026-10-09T16:49:16.765,2129.965,0,1.280,26.6,27.7,0.000,-0.25,0
2026-10-09T16:49:16.865,2130.065,0,1.280,26.7,27.7,0.000,-0.12,0
2026-10-09T16:49:16.965,2130.164,0,1.024,26.7,27.6,0.000,-0.47,0
2026-10-09T16:49:17.065,2130.264,0,0.973,26.7,27.8,0.000,-0.45,0
2026-10-09T16:49:17.165,2130.364,0,0.973,26.5,27.7,0.000,-0.28,0
2026-10-09T16:49:17.265,2130.464,0,0.614,26.6,27.7,0.000,-0.12,0
2026-10-09T16:49:17.365,2130.565,0,1.382,26.6,27.8,0.000,-0.28,0
2026-10-09T16:49:17.470,2130.669,0,1.280,26.8,27.7,0.000,-0.24,0
2026-10-09T16:49:17.566,2130.765,0,1.280,26.7,27.7,0.000,-0.17,0
2026-10-09T16:49:17.665,2130.864,0,0.870,26.6,27.7,0.000,-0.17,0
2026-10-09T16:49:17.766,2130.966,0,0.819,26.6,27.8,0.000,-0.12,0
2026-10-09T16:49:17.866,2131.066,0,1.075,26.7,27.7,0.000,-0.30,0
2026-10-09T16:49:17.967,2131.166,0,1.075,26.8,27.9,0.000,-0.33,0
2026-10-09T16:49:18.066,2131.265,0,1.229,26.9,27.8,0.000,-0.33,0
2026-10-09T16:49:18.166,2131.365,0,0.819,26.6,27.8,0.000,-0.27,0
2026-10-09T16:49:18.266,2131.465,0,0.614,26.6,27.9,0.000,-0.21,0
2026-10-09T16:49:18.366,2131.565,0,0.614,26.8,27.7,0.000,-0.23,0
2026-10-09T16:49:18.466,2131.666,0,1.434,26.8,27.6,0.000,-0.12,0
2026-10-09T16:49:18.566,2131.766,0,0.768,26.7,27.7,0.000,-0.17,0
2026-10-09T16:49:18.668,2131.867,0,0.768,26.7,27.7,0.000,-0.43,0
2026-10-09T16:49:18.766,2131.966,0,1.075,26.7,27.7,0.000,-0.35,0
2026-10-09T16:49:18.868,2132.068,0,1.075,26.6,27.8,0.000,-0.25,0
2026-10-09T16:49:18.968,2132.167,0,0.870,26.7,27.6,0.000,-0.21,0
2026-10-09T16:49:19.067,2132.266,0,0.870,26.4,27.9,0.000,-0.27,0
2026-10-09T16:49:19.167,2132.366,0,0.922,26.5,27.7,0.000,-0.08,0
2026-10-09T16:49:19.267,2132.466,0,0.973,26.5,27.7,0.000,-0.33,0
2026-10-09T16:49:19.367,2132.566,0,1.229,26.5,27.6,0.000,-0.38,0
2026-10-09T16:49:19.466,2132.666,0,1.229,26.4,27.8,0.000,-0.26,0
2026-10-09T16:49:19.567,2132.766,0,0.870,26.5,27.6,0.000,-0.28,0
2026-10-09T16:49:19.667,2132.866,0,1.126,26.4,27.8,0.000,-0.20,0
2026-10-09T16:49:19.767,2132.966,0,1.178,26.5,27.6,0.000,-0.24,0
2026-10-09T16:49:19.867,2133.066,0,1.178,26.5,27.8,0.000,-0.30,0
2026-10-09T16:49:19.966,2133.166,0,0.922,26.7,27.8,0.000,-0.22,0
2026-10-09T16:49:20.066,2133.266,0,0.973,26.5,27.7,0.000,-0.27,0
2026-10-09T16:49:20.167,2133.367,0,1.126,26.5,27.7,0.000,-0.20,0
2026-10-09T16:49:20.267,2133.467,0,1.126,26.4,27.7,0.000,-0.20,0
2026-10-09T16:49:20.368,2133.568,0,1.382,26.4,27.6,0.000,-0.38,0
2026-10-09T16:49:20.469,2133.668,0,1.434,26.4,27.7,0.000,-0.28,0
2026-10-09T16:49:20.569,2133.768,0,0.666,26.3,27.8,0.000,-0.32,0
2026-10-09T16:49:20.672,2133.871,0,0.666,26.6,27.6,0.000,-0.16,0
2026-10-09T16:49:20.768,2133.968,0,1.178,26.4,27.5,0.000,-0.33,0
2026-10-09T16:49:20.868,2134.068,0,1.229,26.6,27.6,0.000,-0.09,0
2026-10-09T16:49:20.969,2134.169,0,1.229,26.4,27.6,0.000,-0.43,0
2026-10-09T16:49:21.070,2134.270,0,0.666,26.3,27.5,0.000,-0.38,0
2026-10-09T16:49:21.171,2134.370,0,1.382,26.6,27.7,0.000,-0.29,0
2026-10-09T16:49:21.272,2134.472,0,0.973,26.6,27.6,0.000,-0.21,0
2026-10-09T16:49:21.373,2134.572,0,0.973,26.5,27.6,0.000,-0.45,0
2026-10-09T16:49:21.474,2134.674,0,1.280,26.4,27.7,0.000,-0.24,0
2026-10-09T16:49:21.575,2134.775,0,0.666,26.7,28.0,0.000,-0.31,0
2026-10-09T16:49:21.675,2134.874,0,1.382,26.6,27.7,0.000,-0.27,0
2026-10-09T16:49:21.776,2134.975,0,1.382,26.5,27.7,0.000,-0.26,0
2026-10-09T16:49:21.875,2135.075,0,0.922,26.6,27.7,0.000,-0.17,0
2026-10-09T16:49:21.977,2135.177,0,1.075,26.7,27.7,0.000,-0.34,0
2026-10-09T16:49:22.077,2135.276,0,1.178,26.5,27.8,0.000,-0.44,0
2026-10-09T16:49:22.176,2135.375,0,1.178,26.6,28.0,0.000,-0.06,0
2026-10-09T16:49:22.277,2135.477,0,0.717,26.6,27.8,0.000,-0.14,0
2026-10-09T16:49:22.377,2135.576,0,1.126,26.6,27.7,0.000,-0.22,0
2026-10-09T16:49:22.477,2135.676,0,1.126,26.6,27.7,0.000,-0.28,0
2026-10-09T16:49:22.578,2135.777,0,1.126,26.6,27.7,0.000,-0.38,0
2026-10-09T16:49:22.679,2135.878,0,1.126,26.6,27.8,0.000,-0.23,0
2026-10-09T16:49:22.779,2135.978,0,1.075,26.6,27.7,0.000,-0.18,0
2026-10-09T16:49:22.879,2136.078,0,1.178,26.5,27.7,0.000,-0.47,0
2026-10-09T16:49:22.978,2136.177,0,1.178,26.6,27.7,0.000,-0.29,0
2026-10-09T16:49:23.079,2136.278,0,0.922,26.6,27.7,0.000,-0.26,0
2026-10-09T16:49:23.180,2136.380,0,1.280,26.7,27.7,0.000,-0.19,0
2026-10-09T16:49:23.280,2136.479,0,0.870,26.6,27.7,0.000,-0.19,0
2026-10-09T16:49:23.384,2136.584,0,0.870,26.6,27.7,0.000,-0.27,0
2026-10-09T16:49:23.481,2136.680,0,1.126,26.6,27.7,0.000,-0.35,0
2026-10-09T16:49:23.582,2136.781,0,1.485,26.6,27.9,0.000,-0.29,0
2026-10-09T16:49:23.681,2136.881,0,1.075,26.7,27.6,0.000,-0.18,0
2026-10-09T16:49:23.781,2136.980,0,1.075,26.6,27.6,0.000,-0.38,0
2026-10-09T16:49:23.882,2137.082,0,0.614,26.6,27.7,0.000,-0.31,0
2026-10-09T16:49:23.982,2137.182,0,1.331,26.7,27.5,0.000,-0.20,0
2026-10-09T16:49:24.082,2137.282,0,1.331,26.6,27.7,0.000,-0.35,0
2026-10-09T16:49:24.183,2137.383,0,1.382,26.6,27.8,0.000,-0.20,0
2026-10-09T16:49:24.284,2137.484,0,0.870,26.8,27.8,0.000,-0.35,0
2026-10-09T16:49:24.385,2137.585,0,0.870,26.7,27.9,0.000,-0.38,0
2026-10-09T16:49:24.485,2137.685,0,0.870,26.9,27.8,0.000,-0.24,0
2026-10-09T16:49:24.585,2137.785,0,0.819,26.6,27.6,0.000,-0.29,0
2026-10-09T16:49:24.685,2137.885,0,1.382,26.7,27.8,0.000,-0.15,0
2026-10-09T16:49:24.786,2137.986,0,0.973,26.6,27.7,0.000,-0.30,0
2026-10-09T16:49:24.889,2138.089,0,0.973,26.8,27.7,0.000,-0.26,0
2026-10-09T16:49:24.987,2138.186,0,0.870,26.7,27.7,0.000,-0.16,0
2026-10-09T16:49:25.088,2138.288,0,1.178,26.6,27.8,0.000,-0.27,0
2026-10-09T16:49:25.188,2138.388,0,1.075,26.8,27.7,0.000,-0.23,0
2026-10-09T16:49:25.288,2138.487,0,1.075,26.8,27.8,0.000,-0.25,0
2026-10-09T16:49:25.389,2138.588,0,1.434,26.7,27.8,0.000,-0.05,0
2026-10-09T16:49:25.489,2138.688,0,0.614,26.8,27.8,0.000,-0.31,0
2026-10-09T16:49:25.589,2138.788,0,1.126,27.0,27.6,0.000,-0.28,0
2026-10-09T16:49:25.689,2138.888,0,1.126,26.6,27.9,0.000,-0.13,0
2026-10-09T16:49:25.788,2138.988,0,1.075,26.6,27.6,0.000,-0.20,0
2026-10-09T16:49:25.888,2139.088,0,0.973,26.4,27.9,0.000,-0.34,0
2026-10-09T16:49:25.988,2139.188,0,1.075,26.7,27.7,0.000,-0.28,0
2026-10-09T16:49:26.089,2139.288,0,1.075,26.6,27.7,0.000,-0.12,0
2026-10-09T16:49:26.189,2139.388,0,0.973,26.5,27.8,0.000,-0.32,0
2026-10-09T16:49:26.289,2139.489,0,1.126,26.5,27.6,0.000,-0.49,0
2026-10-09T16:49:26.389,2139.589,0,1.075,26.6,27.5,0.000,-0.34,0
2026-10-09T16:49:26.489,2139.689,0,1.075,26.5,27.6,0.000,-0.32,0
2026-10-09T16:49:26.589,2139.789,0,1.178,26.4,27.7,0.000,-0.39,0
2026-10-09T16:49:26.689,2139.889,0,0.666,26.4,27.7,0.000,-0.36,0
2026-10-09T16:49:26.791,2139.991,0,0.666,26.5,27.7,0.000,-0.23,0
2026-10-09T16:49:26.891,2140.091,0,1.382,26.5,27.7,0.000,-0.18,0
2026-10-09T16:49:26.990,2140.189,0,0.922,26.6,27.7,0.000,-0.28,0
2026-10-09T16:49:27.090,2140.290,0,1.126,26.4,27.6,0.000,-0.26,0
2026-10-09T16:49:27.190,2140.389,0,1.126,26.6,27.8,0.000,-0.20,0
2026-10-09T16:49:27.290,2140.490,0,0.870,26.6,27.8,0.000,-0.38,0
2026-10-09T16:49:27.390,2140.590,0,0.768,26.5,27.7,0.000,-0.32,0
2026-10-09T16:49:27.490,2140.689,0,1.690,26.6,27.7,0.000,-0.23,0
2026-10-09T16:49:27.590,2140.790,0,1.690,26.6,27.8,0.000,-0.21,0
2026-10-09T16:49:27.690,2140.890,0,1.229,26.6,27.7,0.000,-0.13,0
2026-10-09T16:49:27.790,2140.990,0,1.024,26.4,27.7,0.000,-0.32,0
2026-10-09T16:49:27.890,2141.089,0,0.870,26.7,27.7,0.000,-0.47,0
2026-10-09T16:49:27.990,2141.190,0,0.870,26.3,27.5,0.000,-0.42,0
2026-10-09T16:49:28.090,2141.290,0,0.870,26.6,27.9,0.000,-0.15,0
2026-10-09T16:49:28.190,2141.390,0,1.024,26.7,27.7,0.000,-0.31,0
2026-10-09T16:49:28.290,2141.490,0,0.819,26.7,27.7,0.000,-0.19,0
2026-10-09T16:49:28.390,2141.590,0,0.819,26.4,27.6,0.000,-0.30,0
2026-10-09T16:49:28.490,2141.689,0,1.126,26.6,27.7,0.000,-0.51,0
2026-10-09T16:49:28.590,2141.789,0,1.024,26.6,27.6,0.000,-0.36,0
2026-10-09T16:49:28.694,2141.893,0,0.973,26.6,27.6,0.000,-0.21,0
2026-10-09T16:49:28.791,2141.990,0,0.973,26.5,27.6,0.000,-0.23,0
2026-10-09T16:49:28.892,2142.091,0,0.973,26.5,27.5,0.000,-0.27,0
2026-10-09T16:49:28.992,2142.191,0,0.922,26.6,27.9,0.000,-0.24,0
2026-10-09T16:49:29.093,2142.292,0,0.922,26.5,27.8,0.000,-0.37,0
2026-10-09T16:49:29.193,2142.392,0,0.973,26.5,27.6,0.000,-0.29,0
2026-10-09T16:49:29.293,2142.492,0,1.126,26.8,27.7,0.000,-0.10,0
2026-10-09T16:49:29.392,2142.592,0,1.229,26.6,27.7,0.000,-0.27,0
2026-10-09T16:49:29.492,2142.692,0,1.229,26.5,27.5,0.000,-0.27,0
2026-10-09T16:49:29.592,2142.791,0,0.819,26.6,27.6,0.000,-0.35,0
2026-10-09T16:49:29.692,2142.891,0,0.870,26.6,27.6,0.000,-0.25,0
2026-10-09T16:49:29.793,2142.992,0,1.229,26.7,27.7,0.000,-0.04,0
2026-10-09T16:49:29.892,2143.092,0,1.229,26.6,27.7,0.000,-0.20,0
2026-10-09T16:49:29.992,2143.192,0,0.922,26.5,27.7,0.000,-0.49,0
2026-10-09T16:49:30.092,2143.292,0,1.075,26.5,27.8,0.000,-0.21,0
2026-10-09T16:49:30.193,2143.392,0,0.768,26.6,27.7,0.000,-0.09,0
2026-10-09T16:49:30.292,2143.492,0,0.768,26.7,27.6,0.000,-0.32,0
2026-10-09T16:49:30.395,2143.594,0,0.870,26.6,27.7,0.000,-0.25,0
2026-10-09T16:49:30.494,2143.694,0,1.434,26.7,27.7,0.000,-0.36,0
2026-10-09T16:49:30.593,2143.792,0,0.973,26.6,27.7,0.000,-0.29,0
2026-10-09T16:49:30.693,2143.893,0,0.973,26.6,27.7,0.000,-0.08,0
2026-10-09T16:49:30.795,2143.994,0,0.973,26.5,27.9,0.000,-0.32,0
2026-10-09T16:49:30.895,2144.094,0,1.075,26.6,27.7,0.000,-0.35,0
2026-10-09T16:49:30.995,2144.194,0,1.075,26.5,27.7,0.000,-0.13,0
2026-10-09T16:49:31.094,2144.294,0,1.075,26.6,27.9,0.000,-0.04,0
2026-10-09T16:49:31.194,2144.393,0,1.280,26.8,27.7,0.000,-0.23,0
2026-10-09T16:49:31.294,2144.494,0,0.973,26.7,27.7,0.000,-0.49,0
2026-10-09T16:49:31.394,2144.594,0,0.973,26.5,27.7,0.000,-0.12,0
2026-10-09T16:49:31.493,2144.693,0,1.126,26.7,27.7,0.000,-0.18,0
2026-10-09T16:49:31.594,2144.793,0,1.280,26.7,27.7,0.000,-0.24,0
2026-10-09T16:49:31.694,2144.893,0,0.819,26.7,27.7,0.000,-0.16,0
2026-10-09T16:49:31.795,2144.994,0,0.819,26.7,27.8,0.000,-0.27,0
2026-10-09T16:49:31.896,2145.095,0,0.973,26.7,27.7,0.000,-0.29,0
2026-10-09T16:49:31.995,2145.195,0,1.075,26.7,27.6,0.000,-0.48,0
2026-10-09T16:49:32.096,2145.296,0,1.075,26.8,27.8,0.000,-0.30,0
2026-10-09T16:49:32.196,2145.396,0,1.075,26.9,27.7,0.000,-0.31,0
2026-10-09T16:49:32.295,2145.495,0,0.717,26.6,27.9,0.000,-0.19,0
2026-10-09T16:49:32.396,2145.595,0,1.024,26.6,27.7,0.000,-0.23,0
2026-10-09T16:49:32.495,2145.695,0,1.382,26.7,27.7,0.000,-0.34,0
2026-10-09T16:49:32.596,2145.796,0,1.382,26.6,27.7,0.000,-0.29,0
2026-10-09T16:49:32.696,2145.895,0,1.024,26.6,27.7,0.000,-0.62,0
2026-10-09T16:49:32.795,2145.995,0,1.382,27.1,27.7,0.000,-0.30,0
2026-10-09T16:49:32.896,2146.095,0,0.922,27.0,27.8,0.000,-0.38,0
2026-10-09T16:49:32.996,2146.195,0,0.922,26.8,27.9,0.000,-0.23,0
2026-10-09T16:49:33.097,2146.296,0,0.768,27.0,28.0,0.000,-0.46,0
2026-10-09T16:49:33.198,2146.397,0,1.229,26.7,27.7,0.000,-0.36,0
2026-10-09T16:49:33.298,2146.497,0,0.819,26.8,27.7,0.000,-0.30,0
2026-10-09T16:49:33.397,2146.597,0,0.819,26.7,27.8,0.000,-0.23,0
2026-10-09T16:49:33.498,2146.698,0,1.280,26.7,27.7,0.000,-0.24,0
2026-10-09T16:49:33.602,2146.802,0,0.870,26.6,28.0,0.000,-0.23,0
2026-10-09T16:49:33.699,2146.898,0,0.870,26.8,27.8,0.000,-0.30,0
2026-10-09T16:49:33.799,2146.999,0,0.870,26.7,27.8,0.000,-0.29,0
2026-10-09T16:49:33.900,2147.100,0,1.229,26.8,27.8,0.000,-0.27,0
2026-10-09T16:49:34.000,2147.200,0,1.126,26.8,27.9,0.000,-0.25,0
2026-10-09T16:49:34.100,2147.299,0,1.126,26.7,27.8,0.000,-0.34,0
2026-10-09T16:49:34.200,2147.399,0,1.075,26.8,27.8,0.000,-0.09,0
2026-10-09T16:49:34.299,2147.499,0,0.973,26.8,27.8,0.000,-0.21,0
2026-10-09T16:49:34.401,2147.600,0,0.768,26.6,27.8,0.000,-0.26,0
2026-10-09T16:49:34.501,2147.701,0,0.768,26.7,27.8,0.000,-0.24,0
2026-10-09T16:49:34.602,2147.801,0,0.819,26.9,27.7,0.000,-0.42,0
2026-10-09T16:49:34.702,2147.901,0,0.922,26.7,27.7,0.000,-0.34,0
2026-10-09T16:49:34.802,2148.001,0,1.331,26.8,27.9,0.000,-0.31,0
2026-10-09T16:49:34.901,2148.101,0,1.331,26.7,27.7,0.000,-0.18,0
2026-10-09T16:49:35.002,2148.202,0,0.819,26.9,28.1,0.000,-0.28,0
2026-10-09T16:49:35.103,2148.302,0,0.922,27.0,27.9,0.000,-0.32,0
2026-10-09T16:49:35.202,2148.401,0,0.870,26.8,27.9,0.000,-0.43,0
2026-10-09T16:49:35.302,2148.502,0,0.870,26.7,27.7,0.000,-0.15,0
2026-10-09T16:49:35.403,2148.603,0,0.563,26.7,27.8,0.000,-0.11,0
2026-10-09T16:49:35.504,2148.704,0,1.331,26.7,28.0,0.000,-0.32,0
2026-10-09T16:49:35.605,2148.805,0,0.973,26.9,27.8,0.000,-0.30,0
2026-10-09T16:49:35.705,2148.905,0,0.973,26.8,27.9,0.000,-0.31,0
2026-10-09T16:49:35.805,2149.004,0,0.563,26.6,27.8,0.000,-0.27,0
2026-10-09T16:49:35.905,2149.104,0,1.331,26.9,27.9,0.000,-0.33,0
2026-10-09T16:49:36.004,2149.204,0,1.075,26.6,27.7,0.000,-0.29,0
2026-10-09T16:49:36.106,2149.305,0,1.075,26.7,27.7,0.000,-0.32,0
2026-10-09T16:49:36.205,2149.405,0,0.819,26.9,27.8,0.000,-0.36,0
2026-10-09T16:49:36.306,2149.505,0,1.126,26.7,27.8,0.000,-0.38,0
2026-10-09T16:49:36.405,2149.605,0,1.126,26.7,27.8,0.000,-0.16,0
2026-10-09T16:49:36.506,2149.705,0,0.870,26.8,27.8,0.000,-0.02,0
2026-10-09T16:49:36.607,2149.806,0,1.178,26.9,27.9,0.000,-0.25,0
2026-10-09T16:49:36.706,2149.906,0,0.768,26.7,27.9,0.000,-0.15,0
2026-10-09T16:49:36.809,2150.009,0,0.768,26.6,27.9,0.000,-0.35,0
2026-10-09T16:49:36.908,2150.108,0,0.819,26.7,27.7,0.000,-0.42,0
2026-10-09T16:49:37.013,2150.213,0,1.126,26.8,27.7,0.000,-0.16,0
2026-10-09T16:49:37.110,2150.310,0,1.382,26.7,27.7,0.000,-0.23,0
2026-10-09T16:49:37.211,2150.410,0,1.382,26.6,27.8,0.000,-0.14,0
2026-10-09T16:49:37.311,2150.511,0,1.075,26.7,27.8,0.000,-0.38,0
2026-10-09T16:49:37.412,2150.611,0,1.382,26.9,28.1,0.000,-0.23,0
2026-10-09T16:49:37.511,2150.711,0,1.229,26.7,27.9,0.000,-0.06,0
2026-10-09T16:49:37.613,2150.812,0,1.229,26.8,27.8,0.000,-0.28,0
2026-10-09T16:49:37.713,2150.913,0,0.973,26.6,27.8,0.000,-0.25,0
2026-10-09T16:49:37.813,2151.013,0,0.819,26.6,27.9,0.000,-0.38,0
2026-10-09T16:49:37.912,2151.111,0,0.819,26.8,27.6,0.000,-0.15,0
2026-10-09T16:49:38.013,2151.212,0,0.819,26.8,27.8,0.000,-0.20,0
2026-10-09T16:49:38.112,2151.312,0,0.768,26.8,27.8,0.000,-0.38,0
2026-10-09T16:49:38.213,2151.412,0,0.614,26.6,27.7,0.000,-0.24,0
2026-10-09T16:49:38.313,2151.512,0,0.819,26.8,28.1,0.000,-0.35,0
2026-10-09T16:49:38.412,2151.612,0,0.819,27.0,27.9,0.000,-0.31,0
2026-10-09T16:49:38.515,2151.714,0,1.075,26.8,27.7,0.000,-0.18,0
2026-10-09T16:49:38.613,2151.813,0,1.075,26.8,27.7,0.000,-0.25,0
2026-10-09T16:49:38.717,2151.917,0,1.280,26.7,27.7,0.000,-0.45,0
2026-10-09T16:49:38.813,2152.012,0,1.280,26.7,27.6,0.000,-0.41,0
2026-10-09T16:49:38.912,2152.112,0,0.666,26.8,27.7,0.000,-0.09,0
2026-10-09T16:49:39.013,2152.213,0,1.024,26.8,28.0,0.000,-0.35,0
2026-10-09T16:49:39.114,2152.314,0,1.024,26.7,27.7,0.000,-0.27,0
2026-10-09T16:49:39.215,2152.415,0,0.717,26.6,27.9,0.000,-0.31,0
2026-10-09T16:49:39.316,2152.516,0,1.280,26.8,27.8,0.000,-0.25,0
2026-10-09T16:49:39.417,2152.617,0,1.229,26.6,27.7,0.000,-0.43,0
2026-10-09T16:49:39.517,2152.716,0,1.229,26.8,27.8,0.000,-0.40,0
2026-10-09T16:49:39.616,2152.816,0,1.024,26.6,27.8,0.000,-0.21,0
2026-10-09T16:49:39.719,2152.919,0,1.024,26.8,27.7,0.000,-0.17,0
2026-10-09T16:49:39.818,2153.017,0,0.717,26.6,27.8,0.000,-0.43,0
2026-10-09T16:49:39.919,2153.118,0,0.717,27.0,27.8,0.000,-0.18,0
2026-10-09T16:49:40.019,2153.218,0,1.178,26.7,27.8,0.000,-0.32,0
2026-10-09T16:49:40.118,2153.318,0,1.024,26.6,27.7,0.000,-0.33,0
2026-10-09T16:49:40.218,2153.418,0,1.126,26.6,27.8,0.000,-0.31,0
2026-10-09T16:49:40.319,2153.518,0,1.126,26.7,27.8,0.000,-0.37,0
2026-10-09T16:49:40.418,2153.618,0,1.280,26.8,27.8,0.000,-0.31,0
2026-10-09T16:49:40.518,2153.718,0,0.819,26.7,27.9,0.000,-0.28,0
2026-10-09T16:49:40.620,2153.819,0,1.178,26.8,27.8,0.000,-0.21,0
2026-10-09T16:49:40.720,2153.919,0,1.178,26.8,27.8,0.000,-0.18,0
2026-10-09T16:49:40.819,2154.019,0,0.819,26.7,27.8,0.000,-0.28,0
2026-10-09T16:49:40.921,2154.120,0,0.870,26.6,27.8,0.000,-0.31,0
2026-10-09T16:49:41.021,2154.220,0,1.178,26.7,27.7,0.000,-0.17,0
2026-10-09T16:49:41.121,2154.321,0,1.178,26.5,27.7,0.000,-0.29,0
2026-10-09T16:49:41.220,2154.420,0,0.973,26.7,27.8,0.000,-0.19,0
2026-10-09T16:49:41.322,2154.522,0,0.922,26.7,27.8,0.000,-0.28,0
2026-10-09T16:49:41.420,2154.620,0,0.768,26.7,27.8,0.000,-0.27,0
2026-10-09T16:49:41.520,2154.719,0,0.768,26.7,27.6,0.000,-0.24,0
2026-10-09T16:49:41.621,2154.821,0,1.382,26.7,27.8,0.000,-0.32,0
2026-10-09T16:49:41.721,2154.920,0,1.126,26.5,27.7,0.000,-0.18,0
2026-10-09T16:49:41.820,2155.020,0,1.126,26.5,27.7,0.000,-0.15,0
2026-10-09T16:49:41.922,2155.121,0,0.666,26.5,27.7,0.000,-0.13,0
2026-10-09T16:49:42.022,2155.221,0,1.126,26.6,27.7,0.000,-0.28,0
2026-10-09T16:49:42.122,2155.321,0,1.229,26.5,27.8,0.000,-0.26,0
2026-10-09T16:49:42.221,2155.421,0,1.229,26.5,27.8,0.000,-0.33,0
2026-10-09T16:49:42.322,2155.521,0,0.973,26.7,27.7,0.000,-0.16,0
2026-10-09T16:49:42.422,2155.622,0,1.178,26.7,27.9,0.000,-0.09,0
2026-10-09T16:49:42.523,2155.722,0,0.819,26.5,27.6,0.000,-0.23,0
2026-10-09T16:49:42.623,2155.822,0,0.819,26.6,27.6,0.000,-0.29,0
2026-10-09T16:49:42.723,2155.922,0,1.075,26.6,27.7,0.000,-0.23,0
2026-10-09T16:49:42.822,2156.022,0,0.819,26.6,27.7,0.000,-0.47,0
2026-10-09T16:49:42.922,2156.122,0,1.126,26.5,27.7,0.000,-0.38,0
2026-10-09T16:49:43.023,2156.222,0,1.126,26.5,27.8,0.000,-0.26,0
2026-10-09T16:49:43.124,2156.323,0,0.973,26.6,27.7,0.000,-0.31,0
2026-10-09T16:49:43.223,2156.423,0,1.024,26.4,27.7,0.000,-0.20,0
2026-10-09T16:49:43.323,2156.522,0,1.075,26.5,27.7,0.000,-0.06,0
2026-10-09T16:49:43.424,2156.623,0,1.075,26.4,27.5,0.000,-0.24,0
2026-10-09T16:49:43.524,2156.723,0,0.922,26.6,27.6,0.000,-0.13,0
2026-10-09T16:49:43.623,2156.823,0,0.922,26.4,27.6,0.000,-0.17,0
2026-10-09T16:49:43.723,2156.923,0,1.178,26.5,27.6,0.000,-0.13,0
2026-10-09T16:49:43.823,2157.023,0,1.178,26.5,27.7,0.000,-0.34,0
2026-10-09T16:49:43.924,2157.124,0,0.717,26.5,27.6,0.000,-0.20,0
2026-10-09T16:49:44.024,2157.224,0,1.126,26.4,27.7,0.000,-0.17,0
2026-10-09T16:49:44.124,2157.324,0,1.126,26.5,27.7,0.000,-0.35,0
2026-10-09T16:49:44.224,2157.424,0,1.126,26.6,27.9,0.000,-0.26,0
2026-10-09T16:49:44.327,2157.526,0,0.717,26.5,27.8,0.000,-0.28,0
2026-10-09T16:49:44.428,2157.627,0,1.280,26.6,28.0,0.000,-0.44,0
2026-10-09T16:49:44.523,2157.723,0,1.280,26.8,27.6,0.000,-0.49,0
2026-10-09T16:49:44.624,2157.824,0,1.178,26.7,27.7,0.000,-0.36,0
2026-10-09T16:49:44.724,2157.924,0,0.768,26.6,27.5,0.000,-0.28,0
2026-10-09T16:49:44.825,2158.025,0,1.280,26.6,27.6,0.000,-0.28,0
2026-10-09T16:49:44.925,2158.125,0,1.280,26.6,27.5,0.000,-0.17,0
2026-10-09T16:49:45.025,2158.224,0,0.973,26.6,27.7,0.000,-0.21,0
2026-10-09T16:49:45.126,2158.326,0,1.178,26.8,27.7,0.000,-0.21,0
2026-10-09T16:49:45.226,2158.426,0,0.973,26.6,27.7,0.000,-0.35,0
2026-10-09T16:49:45.326,2158.525,0,0.973,26.4,27.7,0.000,-0.31,0
2026-10-09T16:49:45.427,2158.626,0,0.768,26.5,27.7,0.000,-0.11,0
2026-10-09T16:49:45.528,2158.728,0,1.229,26.6,27.5,0.000,-0.23,0
2026-10-09T16:49:45.628,2158.827,0,0.973,26.5,27.5,0.000,-0.36,0
2026-10-09T16:49:45.728,2158.928,0,0.973,26.5,27.9,0.000,-0.21,0
2026-10-09T16:49:45.828,2159.027,0,1.485,26.5,27.7,0.000,-0.23,0
2026-10-09T16:49:45.928,2159.128,0,0.973,26.4,27.7,0.000,-0.17,0
2026-10-09T16:49:46.028,2159.227,0,1.024,26.5,27.5,0.000,-0.32,0
2026-10-09T16:49:46.128,2159.328,0,1.024,26.4,27.6,0.000,-0.11,0
2026-10-09T16:49:46.228,2159.427,0,1.126,26.8,27.7,0.000,-0.13,0
2026-10-09T16:49:46.328,2159.528,0,0.768,26.6,27.7,0.000,-0.28,0
2026-10-09T16:49:46.428,2159.627,0,0.768,26.6,27.6,0.000,-0.35,0
2026-10-09T16:49:46.529,2159.728,0,1.331,26.6,27.7,0.000,-0.33,0
2026-10-09T16:49:46.629,2159.828,0,0.768,26.6,27.7,0.000,-0.28,0
2026-10-09T16:49:46.728,2159.928,0,0.973,26.7,27.7,0.000,-0.14,0
2026-10-09T16:49:46.828,2160.027,0,0.973,26.6,27.5,0.000,-0.23,0
2026-10-09T16:49:46.929,2160.129,0,0.666,26.5,27.7,0.000,-0.36,0
2026-10-09T16:49:47.030,2160.229,0,1.075,26.5,27.7,0.000,-0.24,0
2026-10-09T16:49:47.131,2160.330,0,0.973,26.7,27.6,0.000,-0.38,0
2026-10-09T16:49:47.231,2160.431,0,0.973,26.6,27.7,0.000,-0.03,0
2026-10-09T16:49:47.331,2160.530,0,0.768,26.5,27.7,0.000,-0.10,0
2026-10-09T16:49:47.432,2160.632,0,0.666,26.4,27.6,0.000,-0.45,0
2026-10-09T16:49:47.532,2160.731,0,1.229,26.8,27.8,0.000,-0.26,0
2026-10-09T16:49:47.634,2160.833,0,1.229,26.6,27.6,0.000,-0.25,0
2026-10-09T16:49:47.732,2160.932,0,1.536,26.6,27.7,0.000,-0.32,0
2026-10-09T16:49:47.834,2161.034,0,1.536,26.6,27.7,0.000,-0.26,0
2026-10-09T16:49:47.933,2161.132,0,0.614,26.7,27.7,0.000,-0.21,0
2026-10-09T16:49:48.032,2161.232,0,0.614,26.4,27.7,0.000,-0.24,0
2026-10-09T16:49:48.132,2161.331,0,1.075,26.6,27.7,0.000,-0.14,0
2026-10-09T16:49:48.233,2161.432,0,1.126,26.6,27.8,0.000,-0.16,0
2026-10-09T16:49:48.334,2161.534,0,0.922,26.3,27.7,0.000,-0.24,0
2026-10-09T16:49:48.434,2161.633,0,0.922,26.7,27.6,0.000,-0.09,0
2026-10-09T16:49:48.535,2161.734,0,0.768,26.7,27.7,0.000,-0.27,0
2026-10-09T16:49:48.634,2161.834,0,1.280,26.4,27.7,0.000,-0.32,0
2026-10-09T16:49:48.734,2161.933,0,0.973,26.6,27.7,0.000,-0.21,0
2026-10-09T16:49:48.834,2162.034,0,0.973,26.6,27.6,0.000,-0.16,0
2026-10-09T16:49:48.936,2162.135,0,1.126,26.5,27.8,0.000,-0.36,0
2026-10-09T16:49:49.035,2162.235,0,1.331,26.5,27.6,0.000,-0.19,0
2026-10-09T16:49:49.135,2162.335,0,1.331,26.6,27.6,0.000,-0.08,0
2026-10-09T16:49:49.235,2162.435,0,0.819,26.6,27.6,0.000,-0.23,0
2026-10-09T16:49:49.335,2162.534,0,0.870,26.6,27.7,0.000,-0.30,0
2026-10-09T16:49:49.436,2162.636,0,1.126,26.6,27.6,0.000,-0.31,0
2026-10-09T16:49:49.536,2162.735,0,1.126,26.5,27.7,0.000,-0.32,0
2026-10-09T16:49:49.639,2162.839,0,0.922,26.7,27.9,0.000,-0.21,0
2026-10-09T16:49:49.737,2162.937,0,1.178,26.6,27.6,0.000,-0.21,0
2026-10-09T16:49:49.836,2163.036,0,0.973,26.6,27.6,0.000,-0.22,0
2026-10-09T16:49:49.937,2163.136,0,0.973,26.6,27.7,0.000,-0.21,0
2026-10-09T16:49:50.038,2163.237,0,1.280,26.8,27.6,0.000,-0.43,0
2026-10-09T16:49:50.137,2163.337,0,1.178,26.6,27.6,0.000,-0.15,0
2026-10-09T16:49:50.237,2163.437,0,1.126,26.6,27.8,0.000,-0.17,0
2026-10-09T16:49:50.337,2163.536,0,1.126,26.5,27.7,0.000,-0.07,0
2026-10-09T16:49:50.438,2163.637,0,0.870,26.4,27.8,0.000,-0.31,0
2026-10-09T16:49:50.539,2163.738,0,0.922,26.5,27.6,0.000,-0.10,0
2026-10-09T16:49:50.640,2163.839,0,0.666,26.5,27.7,0.000,-0.28,0
2026-10-09T16:49:50.741,2163.940,0,0.666,26.4,27.8,0.000,-0.29,0
2026-10-09T16:49:50.842,2164.042,0,1.280,26.5,27.5,0.000,-0.25,0
2026-10-09T16:49:50.942,2164.141,0,0.922,26.6,27.7,0.000,-0.35,0
2026-10-09T16:49:51.043,2164.242,0,1.024,26.4,27.7,0.000,-0.36,0
2026-10-09T16:49:51.143,2164.343,0,1.024,26.6,27.6,0.000,-0.24,0
2026-10-09T16:49:51.247,2164.447,0,1.024,26.5,27.7,0.000,-0.42,0
2026-10-09T16:49:51.344,2164.543,0,0.922,26.5,27.8,0.000,-0.39,0
2026-10-09T16:49:51.444,2164.644,0,0.922,26.5,27.7,0.000,-0.56,0
2026-10-09T16:49:51.544,2164.744,0,0.922,26.5,27.6,0.000,-0.37,0
2026-10-09T16:49:51.644,2164.843,0,1.331,26.6,27.6,0.000,-0.28,0
2026-10-09T16:49:51.744,2164.943,0,1.229,26.6,27.7,0.000,-0.41,0
2026-10-09T16:49:51.845,2165.044,0,1.229,26.6,27.6,0.000,-0.40,0
2026-10-09T16:49:51.946,2165.146,0,1.126,26.7,27.9,0.000,-0.39,0
2026-10-09T16:49:52.046,2165.245,0,1.331,26.5,27.7,0.000,-0.23,0
2026-10-09T16:49:52.146,2165.345,0,1.280,26.4,27.6,0.000,-0.29,0
2026-10-09T16:49:52.247,2165.446,0,1.280,26.5,27.6,0.000,-0.29,0
2026-10-09T16:49:52.347,2165.546,0,0.870,26.5,27.6,0.000,-0.20,0
2026-10-09T16:49:52.447,2165.647,0,0.922,26.5,27.5,0.000,-0.21,0
2026-10-09T16:49:52.547,2165.746,0,1.280,26.6,27.7,0.000,-0.03,0
2026-10-09T16:49:52.650,2165.849,0,1.280,26.5,27.9,0.000,-0.27,0
2026-10-09T16:49:52.747,2165.947,0,1.126,26.6,27.8,0.000,-0.34,0
2026-10-09T16:49:52.847,2166.046,0,1.126,26.6,27.7,0.000,-0.14,0
2026-10-09T16:49:52.946,2166.146,0,0.922,26.6,27.6,0.000,-0.21,0
2026-10-09T16:49:53.047,2166.247,0,0.922,26.6,27.6,0.000,-0.24,0
2026-10-09T16:49:53.146,2166.346,0,1.024,26.7,27.7,0.000,-0.16,0
2026-10-09T16:49:53.247,2166.447,0,1.382,26.6,27.7,0.000,-0.32,0
2026-10-09T16:49:53.347,2166.547,0,0.922,26.6,27.7,0.000,-0.27,0
2026-10-09T16:49:53.447,2166.646,0,0.922,26.6,27.7,0.000,-0.31,0
2026-10-09T16:49:53.546,2166.746,0,0.768,26.7,27.7,0.000,-0.13,0
2026-10-09T16:49:53.647,2166.846,0,0.870,26.6,27.7,0.000,-0.43,0
2026-10-09T16:49:53.746,2166.946,0,0.666,26.7,27.8,0.000,-0.33,0
2026-10-09T16:49:53.847,2167.047,0,0.666,26.6,27.8,0.000,-0.16,0
2026-10-09T16:49:53.947,2167.146,0,0.922,26.6,27.8,0.000,-0.16,0
2026-10-09T16:49:54.047,2167.246,0,1.075,26.7,27.6,0.000,-0.10,0
2026-10-09T16:49:54.148,2167.347,0,1.075,26.7,27.8,0.000,-0.21,0
2026-10-09T16:49:54.247,2167.447,0,1.280,26.5,27.7,0.000,-0.43,0
2026-10-09T16:49:54.348,2167.548,0,0.819,26.5,27.7,0.000,-0.24,0
2026-10-09T16:49:54.449,2167.649,0,1.075,26.5,27.7,0.000,-0.21,0
2026-10-09T16:49:54.549,2167.748,0,1.075,26.6,27.7,0.000,-0.34,0
2026-10-09T16:49:54.651,2167.850,0,1.331,26.8,27.6,0.000,-0.36,0
2026-10-09T16:49:54.752,2167.951,0,0.819,26.7,27.8,0.000,-0.29,0
2026-10-09T16:49:54.849,2168.049,0,0.819,26.7,27.6,0.000,-0.23,0
2026-10-09T16:49:54.949,2168.148,0,0.819,26.7,27.7,0.000,-0.38,0
2026-10-09T16:49:55.049,2168.249,0,1.024,26.8,27.7,0.000,-0.25,0
2026-10-09T16:49:55.150,2168.349,0,1.126,26.8,27.8,0.000,-0.08,0
2026-10-09T16:49:55.250,2168.450,0,0.922,26.7,27.7,0.000,-0.18,0
2026-10-09T16:49:55.351,2168.550,0,0.922,26.7,27.7,0.000,-0.36,0
2026-10-09T16:49:55.451,2168.651,0,0.870,26.7,27.6,0.000,-0.36,0
2026-10-09T16:49:55.551,2168.751,0,0.973,26.7,27.7,0.000,-0.12,0
2026-10-09T16:49:55.652,2168.851,0,0.819,26.6,27.7,0.000,-0.34,0
2026-10-09T16:49:55.751,2168.951,0,0.819,27.0,27.9,0.000,-0.21,0
2026-10-09T16:49:55.852,2169.051,0,1.075,26.9,27.8,0.000,-0.08,0
2026-10-09T16:49:55.952,2169.151,0,1.280,26.9,27.9,0.000,-0.04,0
2026-10-09T16:49:56.053,2169.252,0,0.922,26.7,27.9,0.000,-0.27,0
2026-10-09T16:49:56.152,2169.352,0,0.922,26.9,27.8,0.000,-0.17,0
2026-10-09T16:49:56.251,2169.451,0,1.331,27.0,27.7,0.000,-0.17,0
2026-10-09T16:49:56.352,2169.552,0,0.819,26.8,27.7,0.000,-0.23,0
2026-10-09T16:49:56.453,2169.652,0,1.024,26.9,27.9,0.000,-0.08,0
2026-10-09T16:49:56.552,2169.752,0,1.024,26.9,27.8,0.000,-0.28,0
2026-10-09T16:49:56.653,2169.853,0,0.922,26.6,27.9,0.000,-0.51,0
2026-10-09T16:49:56.753,2169.952,0,0.973,26.8,27.7,0.000,-0.21,0
2026-10-09T16:49:56.853,2170.052,0,0.973,26.6,28.0,0.000,-0.20,0
2026-10-09T16:49:56.954,2170.153,0,0.973,26.7,27.9,0.000,-0.18,0
2026-10-09T16:49:57.055,2170.255,0,1.229,27.0,27.8,0.000,-0.13,0
2026-10-09T16:49:57.156,2170.355,0,0.768,26.8,27.8,0.000,-0.33,0
2026-10-09T16:49:57.253,2170.453,0,0.768,26.8,27.8,0.000,-0.23,0
2026-10-09T16:49:57.354,2170.554,0,0.666,26.7,27.8,0.000,-0.34,0
2026-10-09T16:49:57.454,2170.654,0,0.973,26.8,27.8,0.000,-0.35,0
2026-10-09T16:49:57.554,2170.754,0,1.178,26.8,27.7,0.000,-0.11,0
2026-10-09T16:49:57.654,2170.853,0,1.178,26.6,27.9,0.000,-0.28,0
2026-10-09T16:49:57.753,2170.953,0,1.382,26.6,27.7,0.000,-0.10,0
2026-10-09T16:49:57.855,2171.054,0,1.434,26.7,27.9,0.000,-0.24,0
2026-10-09T16:49:57.954,2171.154,0,1.331,26.5,27.8,0.000,-0.12,0
2026-10-09T16:49:58.055,2171.255,0,1.331,26.8,27.7,0.000,0.04,0
2026-10-09T16:49:58.155,2171.354,0,0.922,26.5,27.7,0.000,-0.26,0
2026-10-09T16:49:58.254,2171.454,0,0.819,26.6,27.7,0.000,-0.03,0
2026-10-09T16:49:58.355,2171.555,0,1.178,26.6,27.7,0.000,-0.21,0
2026-10-09T16:49:58.455,2171.655,0,1.178,26.7,27.6,0.000,-0.04,0
2026-10-09T16:49:58.555,2171.755,0,0.768,26.5,27.7,0.000,-0.42,0
2026-10-09T16:49:58.655,2171.855,0,0.922,26.5,27.6,0.000,-0.29,0
2026-10-09T16:49:58.755,2171.954,0,1.075,26.5,27.9,0.000,-0.36,0
2026-10-09T16:49:58.855,2172.054,0,1.075,26.6,27.6,0.000,-0.31,0
2026-10-09T16:49:58.955,2172.154,0,0.666,26.5,27.8,0.000,-0.22,0
2026-10-09T16:49:59.056,2172.256,0,0.870,26.6,27.7,0.000,-0.28,0
2026-10-09T16:49:59.155,2172.355,0,0.870,26.5,27.7,0.000,-0.37,0
2026-10-09T16:49:59.255,2172.455,0,0.922,26.4,27.6,0.000,-0.25,0
2026-10-09T16:49:59.356,2172.555,0,0.768,26.5,27.7,0.000,-0.15,0
2026-10-09T16:49:59.456,2172.655,0,0.819,26.7,27.6,0.000,-0.22,0
2026-10-09T16:49:59.556,2172.756,0,0.819,26.4,27.6,0.000,-0.34,0
2026-10-09T16:49:59.655,2172.855,0,1.126,26.6,27.7,0.000,-0.23,0
2026-10-09T16:49:59.757,2172.956,0,0.870,26.4,27.6,0.000,-0.13,0
2026-10-09T16:49:59.857,2173.056,0,1.024,26.5,27.7,0.000,-0.32,0
2026-10-09T16:49:59.957,2173.156,0,1.024,26.5,27.7,0.000,-0.06,0
2026-10-09T16:50:00.058,2173.257,0,1.075,26.5,27.6,0.000,-0.24,0
2026-10-09T16:50:00.162,2173.361,0,1.178,26.6,27.5,0.000,-0.28,0
2026-10-09T16:50:00.258,2173.457,0,0.768,26.6,27.7,0.000,-0.27,0
2026-10-09T16:50:00.358,2173.557,0,0.768,26.6,27.6,0.000,-0.35,0
2026-10-09T16:50:00.457,2173.657,0,0.922,26.4,27.5,0.000,-0.14,0
2026-10-09T16:50:00.559,2173.758,0,0.614,26.5,27.7,0.000,-0.38,0
2026-10-09T16:50:00.658,2173.858,0,1.024,26.7,27.7,0.000,-0.17,0
2026-10-09T16:50:00.759,2173.959,0,1.024,26.4,27.7,0.000,-0.23,0
2026-10-09T16:50:00.860,2174.059,0,0.870,26.5,27.7,0.000,-0.31,0
2026-10-09T16:50:00.959,2174.159,0,0.922,26.6,27.7,0.000,-0.28,0
2026-10-09T16:50:01.060,2174.260,0,1.126,26.4,27.6,0.000,-0.38,0
2026-10-09T16:50:01.159,2174.359,0,1.126,26.6,27.6,0.000,-0.14,0
2026-10-09T16:50:01.261,2174.460,0,1.178,26.4,27.6,0.000,-0.11,0
2026-10-09T16:50:01.361,2174.560,0,0.768,26.5,27.7,0.000,-0.27,0
2026-10-09T16:50:01.461,2174.661,0,1.024,26.4,27.7,0.000,-0.36,0
2026-10-09T16:50:01.562,2174.762,0,1.024,26.6,27.5,0.000,-0.47,0
