timestamp,elapsed_s,pwm,current_A,t1_casing_C,t2_magnet_C,force_N,flux_mT,fault
2026-10-09T16:50:21.726,2194.925,0,1.229,26.5,27.7,0.000,-0.25,0
2026-10-09T16:50:21.821,2195.020,0,0.922,26.5,27.5,0.000,-0.06,0
2026-10-09T16:50:21.920,2195.120,0,1.382,26.7,27.7,0.000,-0.48,0
2026-10-09T16:50:22.020,2195.220,0,1.382,26.6,27.7,0.000,-0.09,0
2026-10-09T16:50:22.121,2195.321,0,1.024,26.6,27.7,0.000,-0.12,0
2026-10-09T16:50:22.222,2195.421,0,0.922,26.4,27.7,0.000,-0.27,0
2026-10-09T16:50:22.322,2195.521,0,0.870,26.6,27.6,0.000,-0.35,0
2026-10-09T16:50:22.422,2195.621,0,0.870,26.7,27.6,0.000,-0.07,0
2026-10-09T16:50:22.522,2195.721,0,0.870,26.7,27.7,0.000,-0.36,0
2026-10-09T16:50:22.621,2195.821,0,1.178,26.5,27.6,0.000,-0.20,0
2026-10-09T16:50:22.722,2195.922,0,1.178,26.5,27.7,0.000,-0.33,0
2026-10-09T16:50:22.823,2196.022,0,1.280,26.6,27.8,0.000,-0.39,0
2026-10-09T16:50:22.924,2196.123,0,0.666,26.5,27.5,0.000,-0.13,0
2026-10-09T16:50:23.024,2196.224,0,1.229,26.6,27.6,0.000,-0.07,0
2026-10-09T16:50:23.124,2196.323,0,1.229,26.6,27.5,0.000,-0.38,0
2026-10-09T16:50:23.224,2196.423,0,1.229,26.5,27.6,0.000,-0.27,0
2026-10-09T16:50:23.325,2196.524,0,1.024,26.6,27.9,0.000,-0.17,0
2026-10-09T16:50:23.425,2196.625,0,0.768,26.4,27.7,0.000,-0.16,0
2026-10-09T16:50:23.525,2196.725,0,0.768,26.5,27.7,0.000,-0.08,0
2026-10-09T16:50:23.623,2196.823,0,0.973,26.6,27.6,0.000,-0.27,0
2026-10-09T16:50:23.724,2196.923,0,0.922,26.6,27.7,0.000,-0.28,0
2026-10-09T16:50:23.825,2197.024,0,1.229,26.6,27.5,0.000,-0.08,0
2026-10-09T16:50:23.924,2197.124,0,1.229,26.6,27.8,0.000,-0.34,0
2026-10-09T16:50:24.025,2197.224,0,1.075,26.6,27.6,0.000,-0.20,0
2026-10-09T16:50:24.124,2197.324,0,1.024,26.6,27.9,0.000,-0.24,0
2026-10-09T16:50:24.225,2197.424,0,1.024,26.6,27.7,0.000,-0.21,0
2026-10-09T16:50:24.325,2197.525,0,1.024,26.6,27.7,0.000,-0.25,0
2026-10-09T16:50:24.426,2197.625,0,0.819,26.6,27.6,0.000,-0.21,0
2026-10-09T16:50:24.525,2197.725,0,1.075,26.7,27.7,0.000,-0.43,0
2026-10-09T16:50:24.625,2197.825,0,0.922,26.8,27.6,0.000,-0.42,0
2026-10-09T16:50:24.726,2197.926,0,0.922,26.6,27.8,0.000,-0.39,0
2026-10-09T16:50:24.826,2198.025,0,0.870,26.6,27.6,0.000,-0.20,0
2026-10-09T16:50:24.927,2198.126,0,1.229,26.7,27.8,0.000,-0.46,0
2026-10-09T16:50:25.028,2198.228,0,1.229,26.6,27.7,0.000,-0.34,0
2026-10-09T16:50:25.126,2198.325,0,0.768,26.6,27.8,0.000,-0.26,0
2026-10-09T16:50:25.227,2198.427,0,1.126,26.6,27.8,0.000,-0.13,0
2026-10-09T16:50:25.328,2198.528,0,0.819,26.6,27.7,0.000,-0.42,0
2026-10-09T16:50:25.428,2198.628,0,0.819,26.6,27.7,0.000,-0.21,0
2026-10-09T16:50:25.529,2198.729,0,0.614,26.6,27.7,0.000,-0.29,0
2026-10-09T16:50:25.630,2198.829,0,1.126,26.7,27.7,0.000,-0.13,0
2026-10-09T16:50:25.730,2198.929,0,1.178,26.6,27.8,0.000,-0.41,0
2026-10-09T16:50:25.830,2199.029,0,1.178,26.6,27.7,0.000,-0.17,0
2026-10-09T16:50:25.930,2199.130,0,0.922,26.6,27.7,0.000,-0.32,0
2026-10-09T16:50:26.030,2199.230,0,0.666,26.6,27.6,0.000,-0.39,0
2026-10-09T16:50:26.130,2199.330,0,0.717,26.6,27.6,0.000,-0.13,0
2026-10-09T16:50:26.230,2199.430,0,0.717,26.6,27.7,0.000,-0.39,0
2026-10-09T16:50:26.331,2199.531,0,0.666,26.6,27.7,0.000,-0.18,0
2026-10-09T16:50:26.431,2199.630,0,1.075,26.6,27.7,0.000,-0.43,0
2026-10-09T16:50:26.531,2199.730,0,0.973,26.6,27.6,0.000,-0.39,0
2026-10-09T16:50:26.631,2199.830,0,0.973,26.8,27.7,0.000,-0.34,0
2026-10-09T16:50:26.731,2199.930,0,0.973,27.0,27.9,0.000,-0.25,0
2026-10-09T16:50:26.831,2200.031,0,1.126,26.7,27.7,0.000,-0.24,0
2026-10-09T16:50:26.931,2200.130,0,0.614,26.6,27.7,0.000,-0.24,0
2026-10-09T16:50:27.032,2200.232,0,0.614,26.7,27.7,0.000,-0.21,0
2026-10-09T16:50:27.132,2200.331,0,0.563,26.9,27.8,0.000,-0.46,0
2026-10-09T16:50:27.232,2200.431,0,0.768,26.7,27.6,0.000,-0.32,0
2026-10-09T16:50:27.332,2200.531,0,1.024,26.8,27.9,0.000,-0.14,0
2026-10-09T16:50:27.431,2200.631,0,1.024,26.7,27.7,0.000,-0.27,0
2026-10-09T16:50:27.531,2200.730,0,0.870,26.7,27.8,0.000,-0.34,0
2026-10-09T16:50:27.632,2200.832,0,1.229,26.8,27.7,0.000,-0.36,0
2026-10-09T16:50:27.733,2200.933,0,1.229,26.7,27.9,0.000,-0.22,0
2026-10-09T16:50:27.835,2201.034,0,0.922,26.9,27.7,0.000,-0.12,0
2026-10-09T16:50:27.936,2201.135,0,1.075,26.6,27.7,0.000,-0.02,0
2026-10-09T16:50:28.035,2201.235,0,0.973,26.9,27.7,0.000,-0.34,0
2026-10-09T16:50:28.135,2201.334,0,0.973,26.8,27.8,0.000,-0.21,0
2026-10-09T16:50:28.235,2201.435,0,1.024,26.6,28.0,0.000,-0.34,0
2026-10-09T16:50:28.336,2201.536,0,0.973,26.6,27.7,0.000,-0.29,0
2026-10-09T16:50:28.437,2201.637,0,1.229,26.7,27.7,0.000,-0.12,0
2026-10-09T16:50:28.537,2201.737,0,1.229,26.6,27.7,0.000,-0.36,0
2026-10-09T16:50:28.637,2201.837,0,1.229,26.5,27.8,0.000,-0.28,0
2026-10-09T16:50:28.737,2201.937,0,1.075,26.7,27.9,0.000,-0.26,0
2026-10-09T16:50:28.837,2202.037,0,0.717,26.6,27.7,0.000,-0.23,0
2026-10-09T16:50:28.937,2202.137,0,0.717,26.8,27.7,0.000,-0.13,0
2026-10-09T16:50:29.037,2202.237,0,1.280,26.6,27.9,0.000,-0.19,0
2026-10-09T16:50:29.137,2202.337,0,0.819,26.6,27.8,0.000,-0.38,0
2026-10-09T16:50:29.238,2202.438,0,0.614,26.8,27.7,0.000,-0.13,0
2026-10-09T16:50:29.338,2202.538,0,0.614,26.8,27.8,0.000,-0.29,0
2026-10-09T16:50:29.438,2202.638,0,1.075,26.8,27.7,0.000,-0.31,0
2026-10-09T16:50:29.538,2202.738,0,1.075,26.8,28.0,0.000,-0.01,0
2026-10-09T16:50:29.638,2202.838,0,0.973,26.7,27.8,0.000,-0.24,0
2026-10-09T16:50:29.742,2202.941,0,0.973,26.8,27.8,0.000,-0.03,0
2026-10-09T16:50:29.839,2203.038,0,0.819,26.8,27.8,0.000,-0.29,0
2026-10-09T16:50:29.940,2203.140,0,0.666,26.9,27.9,0.000,-0.14,0
2026-10-09T16:50:30.041,2203.240,0,0.973,26.8,27.7,0.000,-0.27,0
2026-10-09T16:50:30.142,2203.341,0,0.973,26.7,27.7,0.000,-0.37,0
2026-10-09T16:50:30.243,2203.443,0,0.922,26.5,27.9,0.000,-0.16,0
2026-10-09T16:50:30.343,2203.543,0,0.512,26.6,27.8,0.000,-0.38,0
2026-10-09T16:50:30.443,2203.642,0,0.512,26.7,27.8,0.000,-0.10,0
2026-10-09T16:50:30.544,2203.743,0,0.973,26.5,27.7,0.000,-0.17,0
2026-10-09T16:50:30.644,2203.844,0,1.075,26.7,27.7,0.000,-0.27,0
2026-10-09T16:50:30.744,2203.943,0,1.075,26.7,27.7,0.000,-0.08,0
2026-10-09T16:50:30.845,2204.045,0,1.075,26.7,27.7,0.000,-0.35,0
2026-10-09T16:50:30.945,2204.145,0,1.280,26.6,27.8,0.000,-0.25,0
2026-10-09T16:50:31.050,2204.249,0,0.922,26.6,27.7,0.000,-0.19,0
2026-10-09T16:50:31.147,2204.346,0,1.075,26.5,27.5,0.000,-0.28,0
2026-10-09T16:50:31.248,2204.447,0,1.075,26.5,27.5,0.000,-0.34,0
2026-10-09T16:50:31.349,2204.548,0,0.870,26.5,27.8,0.000,-0.20,0
2026-10-09T16:50:31.449,2204.648,0,0.973,26.6,27.6,0.000,-0.24,0
2026-10-09T16:50:31.549,2204.748,0,1.024,26.4,27.6,0.000,-0.20,0
2026-10-09T16:50:31.649,2204.849,0,1.024,26.5,27.7,0.000,-0.28,0
2026-10-09T16:50:31.749,2204.949,0,0.870,26.6,27.6,0.000,-0.28,0
2026-10-09T16:50:31.849,2205.049,0,0.870,26.6,27.6,0.000,-0.40,0
2026-10-09T16:50:31.949,2205.149,0,1.126,26.6,27.9,0.000,-0.20,0
2026-10-09T16:50:32.050,2205.250,0,1.126,26.4,27.7,0.000,-0.32,0
2026-10-09T16:50:32.151,2205.351,0,0.973,26.4,27.6,0.000,-0.28,0
2026-10-09T16:50:32.252,2205.452,0,0.973,26.5,27.6,0.000,-0.30,0
2026-10-09T16:50:32.353,2205.552,0,0.666,26.6,27.7,0.000,-0.23,0
2026-10-09T16:50:32.454,2205.654,0,0.666,26.7,27.7,0.000,-0.21,0
2026-10-09T16:50:32.554,2205.753,0,1.024,26.6,27.6,0.000,-0.20,0
2026-10-09T16:50:32.655,2205.855,0,1.024,26.7,27.8,0.000,-0.29,0
2026-10-09T16:50:32.755,2205.954,0,0.819,26.5,27.8,0.000,-0.43,0
2026-10-09T16:50:32.856,2206.055,0,0.819,26.5,27.5,0.000,-0.09,0
2026-10-09T16:50:32.956,2206.156,0,0.717,26.4,27.5,0.000,-0.20,0
2026-10-09T16:50:33.056,2206.255,0,0.973,26.5,27.5,0.000,-0.23,0
2026-10-09T16:50:33.156,2206.356,0,1.075,26.5,27.8,0.000,-0.17,0
2026-10-09T16:50:33.256,2206.456,0,1.075,26.5,27.7,0.000,-0.29,0
2026-10-09T16:50:33.356,2206.556,0,0.768,26.5,27.6,0.000,-0.23,0
2026-10-09T16:50:33.456,2206.655,0,1.280,26.8,27.5,0.000,-0.34,0
2026-10-09T16:50:33.556,2206.756,0,1.280,26.6,27.6,0.000,-0.12,0
2026-10-09T16:50:33.656,2206.855,0,0.973,26.6,27.7,0.000,-0.34,0
2026-10-09T16:50:33.758,2206.958,0,0.922,26.7,27.8,0.000,-0.17,0
2026-10-09T16:50:33.856,2207.056,0,0.922,26.5,27.8,0.000,-0.27,0
2026-10-09T16:50:33.956,2207.155,0,0.922,26.5,27.9,0.000,-0.27,0
2026-10-09T16:50:34.056,2207.255,0,0.973,26.5,27.7,0.000,-0.22,0
2026-10-09T16:50:34.157,2207.357,0,1.178,26.6,27.7,0.000,-0.27,0
2026-10-09T16:50:34.257,2207.457,0,0.922,26.8,27.6,0.000,-0.31,0
2026-10-09T16:50:34.357,2207.557,0,0.922,26.4,27.5,0.000,-0.10,0
2026-10-09T16:50:34.457,2207.657,0,0.717,26.5,27.7,0.000,-0.10,0
2026-10-09T16:50:34.557,2207.756,0,0.973,26.7,27.7,0.000,-0.36,0
2026-10-09T16:50:34.658,2207.857,0,0.870,26.4,27.5,0.000,-0.28,0
2026-10-09T16:50:34.759,2207.958,0,0.870,26.7,27.7,0.000,-0.24,0
2026-10-09T16:50:34.860,2208.059,0,0.870,26.5,27.6,0.000,-0.31,0
2026-10-09T16:50:34.960,2208.159,0,0.819,26.6,27.7,0.000,-0.20,0
2026-10-09T16:50:35.060,2208.260,0,1.229,26.4,27.7,0.000,-0.14,0
2026-10-09T16:50:35.162,2208.361,0,1.229,26.6,27.7,0.000,-0.39,0
2026-10-09T16:50:35.262,2208.462,0,0.922,26.7,27.9,0.000,-0.33,0
2026-10-09T16:50:35.359,2208.559,0,1.024,26.7,27.5,0.000,-0.36,0
2026-10-09T16:50:35.460,2208.660,0,1.075,26.6,27.9,0.000,-0.06,0
2026-10-09T16:50:35.560,2208.759,0,1.075,26.6,27.7,0.000,-0.08,0
2026-10-09T16:50:35.661,2208.860,0,1.126,26.6,27.6,0.000,-0.16,0
2026-10-09T16:50:35.761,2208.961,0,0.870,26.6,27.7,0.000,-0.44,0
2026-10-09T16:50:35.861,2209.060,0,0.870,26.6,27.6,0.000,-0.31,0
2026-10-09T16:50:35.962,2209.161,0,1.126,26.6,27.7,0.000,-0.32,0
2026-10-09T16:50:36.063,2209.262,0,0.973,26.6,27.7,0.000,-0.21,0
2026-10-09T16:50:36.163,2209.363,0,1.075,26.6,27.9,0.000,-0.15,0
2026-10-09T16:50:36.264,2209.464,0,1.075,26.7,27.6,0.000,-0.34,0
2026-10-09T16:50:36.364,2209.564,0,0.973,26.6,27.6,0.000,-0.18,0
2026-10-09T16:50:36.464,2209.664,0,1.024,26.8,27.7,0.000,-0.18,0
2026-10-09T16:50:36.564,2209.763,0,1.075,26.5,27.9,0.000,-0.14,0
2026-10-09T16:50:36.665,2209.865,0,1.075,26.5,27.7,0.000,-0.29,0
2026-10-09T16:50:36.766,2209.965,0,1.075,26.6,28.0,0.000,-0.19,0
2026-10-09T16:50:36.872,2210.072,0,0.614,26.5,27.8,0.000,-0.36,0
2026-10-09T16:50:36.967,2210.166,0,1.229,26.5,27.7,0.000,-0.40,0
2026-10-09T16:50:37.066,2210.266,0,1.229,26.5,27.6,0.000,-0.29,0
2026-10-09T16:50:37.167,2210.367,0,0.717,26.5,27.8,0.000,-0.32,0
2026-10-09T16:50:37.267,2210.467,0,1.331,26.7,27.6,0.000,-0.37,0
2026-10-09T16:50:37.367,2210.567,0,1.229,26.7,27.9,0.000,-0.27,0
2026-10-09T16:50:37.467,2210.667,0,1.229,26.6,27.7,0.000,-0.22,0
2026-10-09T16:50:37.567,2210.767,0,0.922,26.6,27.7,0.000,-0.31,0
2026-10-09T16:50:37.666,2210.866,0,0.922,26.6,27.7,0.000,-0.24,0
2026-10-09T16:50:37.767,2210.967,0,1.024,26.5,27.7,0.000,-0.24,0
2026-10-09T16:50:37.867,2211.067,0,1.024,26.6,27.7,0.000,-0.14,0
2026-10-09T16:50:37.967,2211.166,0,0.717,26.6,27.9,0.000,-0.09,0
2026-10-09T16:50:38.068,2211.267,0,1.024,26.6,27.7,0.000,-0.38,0
2026-10-09T16:50:38.167,2211.367,0,0.973,26.7,27.7,0.000,-0.20,0
2026-10-09T16:50:38.268,2211.468,0,0.973,26.6,27.6,0.000,-0.35,0
2026-10-09T16:50:38.372,2211.571,0,1.075,26.6,27.6,0.000,-0.24,0
2026-10-09T16:50:38.469,2211.669,0,1.178,26.7,27.7,0.000,-0.13,0
2026-10-09T16:50:38.570,2211.770,0,1.178,26.7,27.7,0.000,-0.35,0
2026-10-09T16:50:38.670,2211.870,0,0.768,26.6,27.7,0.000,-0.36,0
2026-10-09T16:50:38.770,2211.969,0,0.768,26.5,28.0,0.000,-0.28,0
2026-10-09T16:50:38.869,2212.069,0,0.870,26.5,27.7,0.000,-0.30,0
2026-10-09T16:50:38.970,2212.170,0,0.870,26.6,27.7,0.000,-0.31,0
2026-10-09T16:50:39.069,2212.269,0,1.075,26.6,27.7,0.000,-0.24,0
2026-10-09T16:50:39.170,2212.369,0,1.382,26.7,27.5,0.000,-0.23,0
2026-10-09T16:50:39.269,2212.469,0,0.870,26.6,27.8,0.000,-0.22,0
2026-10-09T16:50:39.371,2212.570,0,0.870,26.6,27.8,0.000,-0.23,0
2026-10-09T16:50:39.471,2212.670,0,1.024,26.6,27.8,0.000,-0.25,0
2026-10-09T16:50:39.571,2212.770,0,0.870,26.7,27.7,0.000,-0.42,0
2026-10-09T16:50:39.672,2212.871,0,1.178,26.5,27.6,0.000,-0.13,0
2026-10-09T16:50:39.771,2212.971,0,1.178,26.6,27.5,0.000,-0.25,0
2026-10-09T16:50:39.874,2213.073,0,0.973,26.6,27.9,0.000,-0.27,0
2026-10-09T16:50:39.973,2213.173,0,1.075,26.6,27.7,0.000,-0.37,0
2026-10-09T16:50:40.074,2213.274,0,1.075,26.6,27.7,0.000,-0.25,0
2026-10-09T16:50:40.174,2213.373,0,1.075,26.4,27.6,0.000,-0.16,0
2026-10-09T16:50:40.274,2213.474,0,0.973,26.5,27.7,0.000,-0.18,0
2026-10-09T16:50:40.379,2213.579,0,0.768,26.6,27.6,0.000,-0.12,0
2026-10-09T16:50:40.476,2213.675,0,0.973,26.5,27.8,0.000,-0.29,0
2026-10-09T16:50:40.576,2213.776,0,0.973,26.5,27.7,0.000,-0.17,0
2026-10-09T16:50:40.677,2213.876,0,1.075,26.5,27.5,0.000,-0.19,0
2026-10-09T16:50:40.777,2213.976,0,1.178,26.6,27.6,0.000,-0.21,0
2026-10-09T16:50:40.877,2214.076,0,0.973,26.6,27.7,0.000,-0.10,0
2026-10-09T16:50:40.976,2214.176,0,0.973,26.5,27.6,0.000,-0.24,0
2026-10-09T16:50:41.077,2214.277,0,0.717,26.5,27.7,0.000,-0.17,0
2026-10-09T16:50:41.177,2214.377,0,1.280,26.5,27.6,0.000,-0.27,0
2026-10-09T16:50:41.277,2214.476,0,1.280,26.6,27.7,0.000,-0.20,0
2026-10-09T16:50:41.377,2214.577,0,0.922,26.5,27.8,0.000,-0.04,0
2026-10-09T16:50:41.477,2214.677,0,0.563,26.6,27.6,0.000,-0.16,0
2026-10-09T16:50:41.577,2214.776,0,0.717,26.6,27.7,0.000,-0.32,0
2026-10-09T16:50:41.677,2214.876,0,0.717,26.6,27.6,0.000,-0.30,0
2026-10-09T16:50:41.777,2214.976,0,0.768,26.7,27.8,0.000,-0.09,0
2026-10-09T16:50:41.877,2215.076,0,0.973,26.8,27.7,0.000,-0.27,0
2026-10-09T16:50:41.977,2215.176,0,1.178,26.7,27.7,0.000,-0.24,0
2026-10-09T16:50:42.077,2215.277,0,1.178,26.7,27.9,0.000,-0.24,0
2026-10-09T16:50:42.179,2215.379,0,1.382,26.7,27.7,0.000,-0.22,0
2026-10-09T16:50:42.277,2215.477,0,0.973,26.6,27.7,0.000,-0.32,0
2026-10-09T16:50:42.378,2215.578,0,1.229,26.9,27.7,0.000,-0.43,0
2026-10-09T16:50:42.478,2215.678,0,1.229,26.8,27.8,0.000,-0.33,0
2026-10-09T16:50:42.578,2215.777,0,0.819,26.7,27.8,0.000,-0.05,0
2026-10-09T16:50:42.678,2215.877,0,1.126,26.6,27.8,0.000,-0.42,0
2026-10-09T16:50:42.778,2215.977,0,0.870,26.7,27.9,0.000,-0.29,0
2026-10-09T16:50:42.879,2216.078,0,0.870,26.6,27.8,0.000,-0.25,0
2026-10-09T16:50:42.979,2216.178,0,0.614,26.7,27.8,0.000,-0.23,0
2026-10-09T16:50:43.079,2216.278,0,0.922,26.8,27.7,0.000,-0.24,0
2026-10-09T16:50:43.178,2216.378,0,0.922,26.8,27.8,0.000,-0.02,0
2026-10-09T16:50:43.280,2216.479,0,0.922,26.7,27.9,0.000,-0.03,0
2026-10-09T16:50:43.379,2216.579,0,0.307,26.6,27.7,0.000,-0.43,0
2026-10-09T16:50:43.480,2216.680,0,0.666,26.9,28.0,0.000,-0.18,0
2026-10-09T16:50:43.580,2216.780,0,0.666,26.8,27.7,0.000,-0.26,0
2026-10-09T16:50:43.681,2216.881,0,0.768,26.8,27.7,0.000,-0.49,0
2026-10-09T16:50:43.781,2216.981,0,1.075,26.8,27.8,0.000,-0.22,0
2026-10-09T16:50:43.881,2217.080,0,0.922,26.8,27.7,0.000,-0.31,0
2026-10-09T16:50:43.980,2217.179,0,0.922,26.8,27.8,0.000,-0.24,0
2026-10-09T16:50:44.081,2217.281,0,1.024,26.6,27.7,0.000,-0.36,0
2026-10-09T16:50:44.181,2217.380,0,0.973,26.7,27.7,0.000,-0.17,0
2026-10-09T16:50:44.280,2217.480,0,0.768,26.8,27.9,0.000,-0.22,0
2026-10-09T16:50:44.380,2217.580,0,0.768,26.7,27.8,0.000,-0.29,0
2026-10-09T16:50:44.481,2217.680,0,1.382,26.8,27.8,0.000,-0.15,0
2026-10-09T16:50:44.583,2217.782,0,0.922,26.9,27.7,0.000,-0.36,0
2026-10-09T16:50:44.682,2217.881,0,0.922,26.6,27.8,0.000,-0.47,0
2026-10-09T16:50:44.783,2217.982,0,0.922,26.9,27.8,0.000,-0.24,0
2026-10-09T16:50:44.883,2218.082,0,0.870,26.8,27.8,0.000,-0.30,0
2026-10-09T16:50:44.982,2218.182,0,0.973,26.7,27.6,0.000,-0.50,0
2026-10-09T16:50:45.082,2218.282,0,0.768,26.6,27.7,0.000,-0.32,0
2026-10-09T16:50:45.183,2218.383,0,0.768,26.6,27.8,0.000,-0.21,0
2026-10-09T16:50:45.284,2218.484,0,0.819,26.8,27.6,0.000,-0.46,0
2026-10-09T16:50:45.385,2218.585,0,1.075,26.6,27.9,0.000,-0.38,0
2026-10-09T16:50:45.485,2218.685,0,0.819,26.8,27.7,0.000,-0.26,0
2026-10-09T16:50:45.587,2218.786,0,0.819,26.7,27.7,0.000,-0.23,0
2026-10-09T16:50:45.689,2218.888,0,0.922,26.6,27.7,0.000,-0.20,0
2026-10-09T16:50:45.786,2218.985,0,1.178,26.8,27.9,0.000,-0.36,0
2026-10-09T16:50:45.885,2219.085,0,1.178,26.7,27.8,0.000,-0.29,0
2026-10-09T16:50:45.986,2219.185,0,0.614,26.7,27.7,0.000,-0.24,0
2026-10-09T16:50:46.085,2219.285,0,0.922,26.7,27.8,0.000,-0.28,0
2026-10-09T16:50:46.186,2219.386,0,0.614,26.7,28.0,0.000,-0.28,0
2026-10-09T16:50:46.287,2219.487,0,0.614,26.7,27.9,0.000,-0.33,0
2026-10-09T16:50:46.387,2219.586,0,0.717,26.7,27.6,0.000,-0.21,0
2026-10-09T16:50:46.486,2219.686,0,1.075,26.7,27.7,0.000,-0.16,0
2026-10-09T16:50:46.586,2219.786,0,0.922,26.5,27.7,0.000,-0.27,0
2026-10-09T16:50:46.687,2219.887,0,0.922,26.6,27.7,0.000,-0.42,0
2026-10-09T16:50:46.787,2219.987,0,0.666,26.6,27.9,0.000,-0.34,0
2026-10-09T16:50:46.890,2220.090,0,1.024,26.7,27.6,0.000,-0.30,0
2026-10-09T16:50:46.988,2220.188,0,1.178,26.6,27.7,0.000,-0.29,0
2026-10-09T16:50:47.093,2220.292,0,1.178,26.7,28.0,0.000,-0.30,0
2026-10-09T16:50:47.190,2220.389,0,1.126,26.9,27.7,0.000,-0.17,0
2026-10-09T16:50:47.289,2220.489,0,1.024,26.7,27.8,0.000,-0.11,0
2026-10-09T16:50:47.389,2220.589,0,1.178,26.8,27.9,0.000,-0.09,0
2026-10-09T16:50:47.489,2220.689,0,1.178,26.8,27.7,0.000,-0.29,0
2026-10-09T16:50:47.590,2220.789,0,0.819,26.6,27.8,0.000,-0.07,0
2026-10-09T16:50:47.689,2220.889,0,0.717,26.7,27.9,0.000,-0.24,0
2026-10-09T16:50:47.790,2220.989,0,1.075,26.6,27.6,0.000,-0.35,0
2026-10-09T16:50:47.890,2221.090,0,1.075,26.8,27.7,0.000,-0.30,0
2026-10-09T16:50:47.990,2221.190,0,1.229,26.7,27.6,0.000,-0.25,0
2026-10-09T16:50:48.090,2221.290,0,1.024,26.6,27.6,0.000,-0.35,0
2026-10-09T16:50:48.190,2221.390,0,1.024,26.6,27.8,0.000,-0.20,0
2026-10-09T16:50:48.291,2221.490,0,0.870,26.5,27.7,0.000,-0.25,0
2026-10-09T16:50:48.390,2221.590,0,0.819,26.5,27.8,0.000,-0.32,0
2026-10-09T16:50:48.493,2221.693,0,0.717,26.4,27.7,0.000,-0.28,0
2026-10-09T16:50:48.589,2221.789,0,0.717,26.5,27.5,0.000,-0.42,0
2026-10-09T16:50:48.689,2221.889,0,0.922,26.5,27.6,0.000,-0.31,0
2026-10-09T16:50:48.789,2221.989,0,1.024,26.5,27.6,0.000,-0.28,0
2026-10-09T16:50:48.889,2222.089,0,1.229,26.4,27.5,0.000,-0.32,0
2026-10-09T16:50:48.990,2222.189,0,1.229,26.4,27.6,0.000,-0.35,0
2026-10-09T16:50:49.090,2222.290,0,1.229,26.5,27.6,0.000,-0.38,0
2026-10-09T16:50:49.189,2222.389,0,1.485,26.4,27.7,0.000,-0.16,0
2026-10-09T16:50:49.290,2222.489,0,0.819,26.5,27.7,0.000,-0.14,0
2026-10-09T16:50:49.391,2222.590,0,0.819,26.6,27.8,0.000,-0.34,0
2026-10-09T16:50:49.490,2222.690,0,0.870,26.4,27.7,0.000,-0.32,0
2026-10-09T16:50:49.593,2222.792,0,0.666,26.6,27.6,0.000,-0.30,0
2026-10-09T16:50:49.690,2222.889,0,1.024,26.4,27.9,0.000,-0.22,0
2026-10-09T16:50:49.790,2222.990,0,1.024,26.5,27.7,0.000,-0.40,0
2026-10-09T16:50:49.891,2223.090,0,0.461,26.4,27.7,0.000,-0.27,0
2026-10-09T16:50:49.991,2223.191,0,0.461,26.5,27.7,0.000,-0.28,0
2026-10-09T16:50:50.091,2223.291,0,0.819,26.5,27.7,0.000,-0.12,0
2026-10-09T16:50:50.192,2223.391,0,0.819,26.4,27.6,0.000,-0.26,0
2026-10-09T16:50:50.293,2223.493,0,1.536,26.6,27.9,0.000,-0.14,0
2026-10-09T16:50:50.393,2223.593,0,0.973,26.4,27.7,0.000,-0.44,0
2026-10-09T16:50:50.494,2223.694,0,0.922,26.4,27.5,0.000,-0.32,0
2026-10-09T16:50:50.594,2223.793,0,0.922,26.6,27.7,0.000,-0.31,0
2026-10-09T16:50:50.695,2223.895,0,1.178,26.5,27.5,0.000,-0.23,0
2026-10-09T16:50:50.795,2223.994,0,0.922,26.6,27.7,0.000,-0.29,0
2026-10-09T16:50:50.895,2224.094,0,0.922,26.4,27.5,0.000,-0.36,0
2026-10-09T16:50:50.994,2224.194,0,0.870,26.5,27.6,0.000,-0.31,0
2026-10-09T16:50:51.094,2224.294,0,0.922,26.6,27.5,0.000,-0.38,0
2026-10-09T16:50:51.196,2224.396,0,0.768,26.4,27.5,0.000,-0.28,0
2026-10-09T16:50:51.295,2224.494,0,0.768,26.6,27.6,0.000,-0.19,0
2026-10-09T16:50:51.394,2224.594,0,1.075,26.6,27.6,0.000,-0.07,0
2026-10-09T16:50:51.495,2224.694,0,1.382,26.6,27.7,0.000,-0.14,0
2026-10-09T16:50:51.596,2224.796,0,1.024,26.4,27.7,0.000,-0.29,0
2026-10-09T16:50:51.697,2224.897,0,1.024,26.5,27.7,0.000,-0.21,0
2026-10-09T16:50:51.797,2224.996,0,0.973,26.4,27.5,0.000,-0.47,0
2026-10-09T16:50:51.898,2225.098,0,1.280,26.6,27.8,0.000,-0.36,0
2026-10-09T16:50:51.998,2225.198,0,1.126,26.2,27.7,0.000,-0.24,0
2026-10-09T16:50:52.098,2225.298,0,1.126,26.6,27.5,0.000,-0.36,0
2026-10-09T16:50:52.198,2225.397,0,0.819,26.6,27.7,0.000,-0.38,0
2026-10-09T16:50:52.299,2225.499,0,0.819,26.4,27.5,0.000,-0.44,0
2026-10-09T16:50:52.400,2225.600,0,0.717,26.4,27.5,0.000,-0.42,0
2026-10-09T16:50:52.500,2225.700,0,0.717,26.4,27.6,0.000,-0.16,0
2026-10-09T16:50:52.600,2225.799,0,0.870,26.5,27.6,0.000,-0.25,0
2026-10-09T16:50:52.702,2225.901,0,0.563,26.5,27.5,0.000,-0.38,0
2026-10-09T16:50:52.802,2226.001,0,1.126,26.5,27.6,0.000,-0.40,0
2026-10-09T16:50:52.904,2226.104,0,1.126,26.5,27.6,0.000,-0.36,0
2026-10-09T16:50:53.002,2226.202,0,0.819,26.6,27.7,0.000,-0.15,0
2026-10-09T16:50:53.102,2226.302,0,1.024,26.4,27.7,0.000,-0.16,0
2026-10-09T16:50:53.203,2226.402,0,1.382,26.4,27.7,0.000,-0.24,0
2026-10-09T16:50:53.304,2226.503,0,1.382,26.4,27.7,0.000,-0.32,0
2026-10-09T16:50:53.405,2226.604,0,1.075,26.6,27.5,0.000,-0.24,0
2026-10-09T16:50:53.504,2226.704,0,1.229,26.6,27.6,0.000,-0.24,0
2026-10-09T16:50:53.605,2226.805,0,1.229,26.5,27.7,0.000,-0.24,0
2026-10-09T16:50:53.706,2226.906,0,1.126,26.7,27.7,0.000,-0.23,0
2026-10-09T16:50:53.806,2227.006,0,0.819,26.6,27.6,0.000,-0.32,0
2026-10-09T16:50:53.906,2227.105,0,1.075,26.4,27.6,0.000,-0.23,0
2026-10-09T16:50:54.007,2227.206,0,1.075,26.6,27.7,0.000,-0.50,0
2026-10-09T16:50:54.109,2227.309,0,0.819,26.5,27.7,0.000,-0.15,0
2026-10-09T16:50:54.212,2227.411,0,0.666,26.7,27.9,0.000,-0.32,0
2026-10-09T16:50:54.310,2227.509,0,0.768,26.6,27.8,0.000,-0.27,0
2026-10-09T16:50:54.409,2227.609,0,0.768,26.8,27.9,0.000,-0.47,0
2026-10-09T16:50:54.509,2227.709,0,0.717,26.6,27.7,0.000,-0.39,0
2026-10-09T16:50:54.609,2227.809,0,0.870,26.4,27.7,0.000,-0.28,0
2026-10-09T16:50:54.709,2227.908,0,0.819,26.5,27.7,0.000,-0.24,0
2026-10-09T16:50:54.810,2228.010,0,0.819,26.6,27.7,0.000,-0.31,0
2026-10-09T16:50:54.910,2228.109,0,0.614,26.4,27.5,0.000,-0.20,0
2026-10-09T16:50:55.011,2228.211,0,0.563,26.6,27.7,0.000,-0.40,0
2026-10-09T16:50:55.111,2228.311,0,1.280,26.6,27.7,0.000,-0.31,0
2026-10-09T16:50:55.211,2228.410,0,1.280,26.6,27.7,0.000,-0.18,0
2026-10-09T16:50:55.312,2228.512,0,0.717,26.6,27.7,0.000,-0.51,0
2026-10-09T16:50:55.413,2228.612,0,0.973,26.6,27.6,0.000,-0.41,0
2026-10-09T16:50:55.511,2228.711,0,1.024,26.5,27.5,0.000,-0.29,0
2026-10-09T16:50:55.615,2228.815,0,1.024,26.6,27.7,0.000,-0.39,0
2026-10-09T16:50:55.712,2228.911,0,1.382,26.6,27.7,0.000,-0.36,0
2026-10-09T16:50:55.812,2229.011,0,0.973,26.5,27.7,0.000,-0.30,0
2026-10-09T16:50:55.913,2229.112,0,1.178,26.5,27.7,0.000,-0.18,0
2026-10-09T16:50:56.014,2229.213,0,1.178,26.6,27.8,0.000,-0.27,0
2026-10-09T16:50:56.113,2229.313,0,1.178,26.6,27.7,0.000,-0.24,0
2026-10-09T16:50:56.215,2229.414,0,0.717,26.6,27.9,0.000,-0.35,0
2026-10-09T16:50:56.315,2229.514,0,0.717,26.6,27.7,0.000,-0.10,0
2026-10-09T16:50:56.414,2229.614,0,0.870,26.4,27.7,0.000,-0.27,0
2026-10-09T16:50:56.514,2229.714,0,1.331,26.4,27.5,0.000,-0.39,0
2026-10-09T16:50:56.614,2229.814,0,0.717,26.5,27.6,0.000,-0.08,0
2026-10-09T16:50:56.714,2229.914,0,0.717,26.4,27.7,0.000,-0.25,0
2026-10-09T16:50:56.814,2230.013,0,0.768,26.4,27.7,0.000,-0.51,0
2026-10-09T16:50:56.915,2230.114,0,0.922,26.4,27.7,0.000,-0.18,0
2026-10-09T16:50:57.016,2230.215,0,0.922,26.5,27.6,0.000,-0.05,0
2026-10-09T16:50:57.116,2230.316,0,0.922,26.5,27.7,0.000,-0.26,0
2026-10-09T16:50:57.217,2230.417,0,1.024,26.8,27.7,0.000,-0.36,0
2026-10-09T16:50:57.317,2230.517,0,0.717,26.5,27.7,0.000,-0.31,0
2026-10-09T16:50:57.417,2230.616,0,0.819,26.6,27.5,0.000,-0.29,0
2026-10-09T16:50:57.518,2230.717,0,0.819,26.5,27.6,0.000,-0.16,0
2026-10-09T16:50:57.619,2230.818,0,1.280,26.6,27.8,0.000,-0.23,0
2026-10-09T16:50:57.719,2230.919,0,0.717,26.6,27.7,0.000,-0.17,0
2026-10-09T16:50:57.819,2231.018,0,0.768,26.7,27.6,0.000,-0.23,0
2026-10-09T16:50:57.920,2231.119,0,0.768,26.7,27.7,0.000,-0.16,0
2026-10-09T16:50:58.020,2231.219,0,0.973,26.4,27.7,0.000,-0.21,0
2026-10-09T16:50:58.121,2231.321,0,1.178,26.8,27.7,0.000,-0.25,0
2026-10-09T16:50:58.222,2231.421,0,1.075,26.7,27.6,0.000,-0.12,0
2026-10-09T16:50:58.322,2231.521,0,1.075,26.5,27.6,0.000,-0.18,0
2026-10-09T16:50:58.421,2231.621,0,0.870,26.7,27.7,0.000,-0.36,0
2026-10-09T16:50:58.521,2231.720,0,0.870,26.4,27.6,0.000,-0.56,0
2026-10-09T16:50:58.622,2231.822,0,0.922,26.5,27.7,0.000,-0.20,0
2026-10-09T16:50:58.722,2231.922,0,0.922,26.6,27.7,0.000,-0.32,0
2026-10-09T16:50:58.822,2232.021,0,0.717,26.7,27.6,0.000,-0.20,0
2026-10-09T16:50:58.923,2232.122,0,0.870,26.6,27.8,0.000,-0.21,0
2026-10-09T16:50:59.023,2232.223,0,0.870,26.8,27.8,0.000,-0.28,0
2026-10-09T16:50:59.125,2232.325,0,0.717,26.8,27.7,0.000,-0.13,0
2026-10-09T16:50:59.224,2232.424,0,0.973,26.6,27.8,0.000,-0.21,0
2026-10-09T16:50:59.324,2232.523,0,0.768,26.5,27.8,0.000,-0.28,0
2026-10-09T16:50:59.425,2232.625,0,0.768,26.7,27.6,0.000,-0.09,0
2026-10-09T16:50:59.525,2232.724,0,0.768,26.5,27.7,0.000,-0.28,0
2026-10-09T16:50:59.626,2232.825,0,1.024,26.8,27.8,0.000,-0.39,0
2026-10-09T16:50:59.726,2232.926,0,0.819,26.8,27.9,0.000,-0.38,0
2026-10-09T16:50:59.826,2233.025,0,0.819,26.8,27.7,0.000,-0.25,0
2026-10-09T16:50:59.926,2233.125,0,0.870,26.6,27.7,0.000,-0.14,0
2026-10-09T16:51:00.027,2233.226,0,0.666,26.6,27.7,0.000,-0.09,0
2026-10-09T16:51:00.128,2233.327,0,0.870,26.9,27.8,0.000,-0.25,0
2026-10-09T16:51:00.229,2233.428,0,0.870,26.6,27.8,0.000,-0.35,0
2026-10-09T16:51:00.329,2233.528,0,0.768,26.6,27.8,0.000,-0.21,0
2026-10-09T16:51:00.430,2233.629,0,0.768,26.6,27.8,0.000,-0.52,0
2026-10-09T16:51:00.531,2233.730,0,0.768,26.7,27.7,0.000,-0.16,0
2026-10-09T16:51:00.632,2233.831,0,0.768,26.8,27.6,0.000,-0.34,0
2026-10-09T16:51:00.734,2233.933,0,1.024,26.8,27.7,0.000,-0.32,0
2026-10-09T16:51:00.833,2234.033,0,0.512,26.8,27.7,0.000,-0.26,0
2026-10-09T16:51:00.934,2234.134,0,0.819,26.6,27.6,0.000,-0.18,0
2026-10-09T16:51:01.034,2234.234,0,0.819,26.6,27.8,0.000,-0.33,0
2026-10-09T16:51:01.134,2234.334,0,1.024,26.7,27.7,0.000,-0.34,0
2026-10-09T16:51:01.234,2234.433,0,1.178,26.7,27.7,0.000,-0.27,0
2026-10-09T16:51:01.334,2234.533,0,0.922,26.8,27.8,0.000,-0.27,0
2026-10-09T16:51:01.433,2234.633,0,0.922,26.8,27.7,0.000,-0.29,0
2026-10-09T16:51:01.533,2234.733,0,0.870,26.8,27.7,0.000,-0.16,0
2026-10-09T16:51:01.634,2234.834,0,1.024,26.7,27.9,0.000,-0.10,0
2026-10-09T16:51:01.734,2234.933,0,1.024,26.8,27.8,0.000,-0.33,0
2026-10-09T16:51:01.834,2235.033,0,1.075,26.7,27.7,0.000,-0.18,0
2026-10-09T16:51:01.935,2235.135,0,0.870,26.5,27.9,0.000,-0.30,0
2026-10-09T16:51:02.034,2235.234,0,0.870,26.6,27.7,0.000,-0.34,0
2026-10-09T16:51:02.135,2235.335,0,0.870,26.6,27.7,0.000,-0.25,0
2026-10-09T16:51:02.236,2235.435,0,0.973,26.8,27.8,0.000,-0.18,0
2026-10-09T16:51:02.336,2235.535,0,0.563,26.6,28.0,0.000,-0.06,0
2026-10-09T16:51:02.437,2235.636,0,1.024,26.9,28.0,0.000,-0.27,0
2026-10-09T16:51:02.536,2235.735,0,1.024,26.6,27.7,0.000,-0.14,0
2026-10-09T16:51:02.637,2235.836,0,1.024,26.9,27.7,0.000,-0.22,0
2026-10-09T16:51:02.735,2235.935,0,0.717,26.8,27.7,0.000,-0.35,0
2026-10-09T16:51:02.835,2236.035,0,0.819,26.6,27.9,0.000,-0.43,0
2026-10-09T16:51:02.936,2236.135,0,0.819,26.7,27.7,0.000,-0.31,0
2026-10-09T16:51:03.035,2236.235,0,0.563,26.8,27.8,0.000,-0.20,0
2026-10-09T16:51:03.136,2236.335,0,1.024,26.7,27.8,0.000,-0.18,0
2026-10-09T16:51:03.237,2236.436,0,0.717,26.8,27.7,0.000,-0.39,0
2026-10-09T16:51:03.336,2236.536,0,0.717,26.6,27.6,0.000,-0.28,0
2026-10-09T16:51:03.437,2236.636,0,0.870,26.9,27.7,0.000,-0.45,0
2026-10-09T16:51:03.537,2236.736,0,0.461,26.6,27.7,0.000,-0.23,0
2026-10-09T16:51:03.637,2236.836,0,0.768,26.6,27.7,0.000,-0.18,0
2026-10-09T16:51:03.737,2236.936,0,0.768,26.6,27.7,0.000,-0.35,0
2026-10-09T16:51:03.837,2237.036,0,0.922,26.5,27.7,0.000,-0.30,0
2026-10-09T16:51:03.937,2237.136,0,0.717,26.5,27.9,0.000,-0.29,0
2026-10-09T16:51:04.037,2237.236,0,0.717,26.3,27.7,0.000,-0.24,0
2026-10-09T16:51:04.139,2237.338,0,1.331,26.5,27.5,0.000,-0.25,0
2026-10-09T16:51:04.237,2237.437,0,0.973,26.5,27.7,0.000,-0.24,0
2026-10-09T16:51:04.337,2237.536,0,0.768,26.4,27.6,0.000,-0.32,0
2026-10-09T16:51:04.436,2237.636,0,0.768,26.4,27.5,0.000,-0.27,0
2026-10-09T16:51:04.537,2237.737,0,0.922,26.5,27.7,0.000,-0.23,0
2026-10-09T16:51:04.637,2237.837,0,1.024,26.5,27.5,0.000,-0.19,0
2026-10-09T16:51:04.737,2237.936,0,0.717,26.4,27.7,0.000,-0.25,0
2026-10-09T16:51:04.837,2238.037,0,0.717,26.6,27.8,0.000,-0.18,0
2026-10-09T16:51:04.937,2238.136,0,0.819,26.4,27.9,0.000,-0.21,0
2026-10-09T16:51:05.037,2238.236,0,0.819,26.3,27.6,0.000,-0.31,0
2026-10-09T16:51:05.137,2238.336,0,1.024,26.5,27.7,0.000,-0.30,0
2026-10-09T16:51:05.236,2238.436,0,1.024,26.4,27.7,0.000,-0.06,0
2026-10-09T16:51:05.336,2238.536,0,0.717,26.4,27.7,0.000,-0.21,0
2026-10-09T16:51:05.437,2238.636,0,0.922,26.4,27.7,0.000,-0.28,0
2026-10-09T16:51:05.537,2238.736,0,0.819,26.6,27.6,0.000,-0.18,0
2026-10-09T16:51:05.636,2238.836,0,0.819,26.6,27.6,0.000,-0.31,0
2026-10-09T16:51:05.737,2238.937,0,0.870,26.6,27.7,0.000,-0.03,0
2026-10-09T16:51:05.839,2239.038,0,0.512,26.6,27.6,0.000,-0.11,0
2026-10-09T16:51:05.941,2239.140,0,0.717,26.2,27.6,0.000,-0.34,0
2026-10-09T16:51:06.039,2239.238,0,0.717,26.3,27.6,0.000,-0.10,0
2026-10-09T16:51:06.138,2239.338,0,0.819,26.5,27.5,0.000,-0.11,0
2026-10-09T16:51:06.239,2239.439,0,0.973,26.6,27.7,0.000,-0.09,0
2026-10-09T16:51:06.340,2239.540,0,0.973,26.6,27.5,0.000,-0.32,0
2026-10-09T16:51:06.440,2239.640,0,1.229,26.5,27.6,0.000,-0.26,0
2026-10-09T16:51:06.540,2239.740,0,0.973,26.5,27.8,0.000,-0.28,0
2026-10-09T16:51:06.640,2239.839,0,0.666,26.6,27.5,0.000,-0.33,0
2026-10-09T16:51:06.740,2239.939,0,0.666,26.6,27.7,0.000,-0.21,0
2026-10-09T16:51:06.840,2240.039,0,1.024,26.4,27.6,0.000,-0.30,0
2026-10-09T16:51:06.939,2240.139,0,0.870,26.4,27.6,0.000,-0.12,0
2026-10-09T16:51:07.040,2240.240,0,0.563,26.4,27.5,0.000,-0.25,0
2026-10-09T16:51:07.141,2240.341,0,0.563,26.4,27.5,0.000,-0.25,0
2026-10-09T16:51:07.247,2240.446,0,0.717,26.6,27.8,0.000,-0.23,0
2026-10-09T16:51:07.343,2240.542,0,0.819,26.3,27.7,0.000,-0.34,0
2026-10-09T16:51:07.442,2240.641,0,0.870,26.3,27.6,0.000,-0.23,0
2026-10-09T16:51:07.543,2240.742,0,0.870,26.7,27.7,0.000,-0.31,0
2026-10-09T16:51:07.642,2240.842,0,1.178,26.6,27.7,0.000,-0.16,0
2026-10-09T16:51:07.743,2240.943,0,0.870,26.6,27.6,0.000,-0.38,0
2026-10-09T16:51:07.844,2241.044,0,0.973,26.5,27.5,0.000,-0.36,0
2026-10-09T16:51:07.945,2241.145,0,0.973,26.6,27.6,0.000,-0.20,0
2026-10-09T16:51:08.046,2241.245,0,1.229,26.4,27.6,0.000,-0.21,0
2026-10-09T16:51:08.145,2241.345,0,1.126,26.4,27.7,0.000,-0.32,0
2026-10-09T16:51:08.246,2241.446,0,0.870,26.6,27.6,0.000,-0.12,0
2026-10-09T16:51:08.345,2241.545,0,0.870,26.4,27.6,0.000,-0.25,0
2026-10-09T16:51:08.445,2241.645,0,0.973,26.6,27.6,0.000,-0.18,0
2026-10-09T16:51:08.546,2241.746,0,0.819,26.6,28.0,0.000,-0.29,0
2026-10-09T16:51:08.647,2241.847,0,0.717,26.6,27.5,0.000,-0.18,0
2026-10-09T16:51:08.747,2241.947,0,0.717,26.4,27.5,0.000,-0.25,0
2026-10-09T16:51:08.847,2242.046,0,0.717,26.7,27.7,0.000,-0.21,0
2026-10-09T16:51:08.946,2242.145,0,0.768,26.6,27.6,0.000,-0.40,0
2026-10-09T16:51:09.051,2242.251,0,0.768,26.5,27.7,0.000,-0.35,0
2026-10-09T16:51:09.147,2242.346,0,0.717,26.5,27.6,0.000,-0.41,0
2026-10-09T16:51:09.248,2242.447,0,0.666,26.6,27.6,0.000,-0.28,0
2026-10-09T16:51:09.347,2242.547,0,0.922,26.5,27.6,0.000,-0.29,0
2026-10-09T16:51:09.447,2242.647,0,0.922,26.4,27.6,0.000,-0.13,0
2026-10-09T16:51:09.548,2242.748,0,1.075,26.5,27.6,0.000,-0.27,0
2026-10-09T16:51:09.648,2242.848,0,1.178,26.5,27.5,0.000,-0.23,0
2026-10-09T16:51:09.748,2242.948,0,0.614,26.4,27.5,0.000,-0.23,0
2026-10-09T16:51:09.848,2243.047,0,0.614,26.5,27.5,0.000,-0.10,0
2026-10-09T16:51:09.948,2243.147,0,1.126,26.7,27.7,0.000,-0.25,0
2026-10-09T16:51:10.048,2243.248,0,0.819,26.4,27.5,0.000,-0.18,0
2026-10-09T16:51:10.150,2243.350,0,0.973,26.6,27.6,0.000,-0.11,0
2026-10-09T16:51:10.249,2243.448,0,0.973,26.5,27.7,0.000,-0.12,0
2026-10-09T16:51:10.347,2243.547,0,1.024,26.4,27.5,0.000,-0.05,0
2026-10-09T16:51:10.448,2243.648,0,0.922,26.5,27.6,0.000,-0.26,0
2026-10-09T16:51:10.549,2243.748,0,0.973,26.5,27.8,0.000,-0.20,0
2026-10-09T16:51:10.649,2243.849,0,0.973,26.6,27.6,0.000,-0.05,0
2026-10-09T16:51:10.749,2243.949,0,0.973,26.4,27.7,0.000,-0.34,0
2026-10-09T16:51:10.850,2244.050,0,0.922,26.6,27.7,0.000,-0.18,0
2026-10-09T16:51:10.950,2244.150,0,0.614,26.6,27.8,0.000,-0.09,0
2026-10-09T16:51:11.050,2244.249,0,0.614,26.8,27.7,0.000,-0.24,0
2026-10-09T16:51:11.151,2244.351,0,1.331,26.4,27.6,0.000,-0.16,0
2026-10-09T16:51:11.250,2244.450,0,0.922,26.5,27.6,0.000,-0.14,0
2026-10-09T16:51:11.351,2244.550,0,0.922,26.4,27.6,0.000,-0.23,0
2026-10-09T16:51:11.451,2244.650,0,1.178,26.6,27.7,0.000,-0.29,0
2026-10-09T16:51:11.551,2244.750,0,0.768,26.5,27.6,0.000,-0.24,0
2026-10-09T16:51:11.651,2244.850,0,0.819,26.5,27.6,0.000,-0.12,0
2026-10-09T16:51:11.751,2244.950,0,0.819,26.5,27.6,0.000,-0.15,0
2026-10-09T16:51:11.850,2245.050,0,1.229,26.6,27.7,0.000,-0.24,0
2026-10-09T16:51:11.950,2245.150,0,1.434,26.5,27.7,0.000,-0.14,0
2026-10-09T16:51:12.050,2245.249,0,0.973,26.7,27.6,0.000,-0.30,0
2026-10-09T16:51:12.151,2245.350,0,0.973,26.5,27.7,0.000,-0.40,0
2026-10-09T16:51:12.250,2245.450,0,0.973,26.6,27.7,0.000,-0.23,0
2026-10-09T16:51:12.351,2245.551,0,0.819,26.7,27.6,0.000,-0.20,0
2026-10-09T16:51:12.451,2245.651,0,0.922,26.8,27.6,0.000,-0.28,0
2026-10-09T16:51:12.551,2245.751,0,0.922,26.4,27.8,0.000,-0.14,0
2026-10-09T16:51:12.651,2245.851,0,0.768,26.8,27.9,0.000,-0.10,0
2026-10-09T16:51:12.752,2245.951,0,0.870,26.7,27.8,0.000,-0.26,0
2026-10-09T16:51:12.853,2246.053,0,0.870,26.5,27.6,0.000,-0.18,0
2026-10-09T16:51:12.953,2246.153,0,0.870,26.6,27.7,0.000,0.04,0
2026-10-09T16:51:13.054,2246.253,0,1.126,26.6,27.6,0.000,-0.39,0
2026-10-09T16:51:13.153,2246.353,0,0.870,26.5,27.6,0.000,-0.20,0
2026-10-09T16:51:13.254,2246.454,0,0.870,26.5,27.7,0.000,-0.28,0
2026-10-09T16:51:13.355,2246.554,0,0.870,26.6,27.7,0.000,-0.13,0
2026-10-09T16:51:13.453,2246.653,0,0.973,26.7,27.7,0.000,-0.34,0
2026-10-09T16:51:13.553,2246.752,0,0.768,26.6,27.8,0.000,-0.17,0
2026-10-09T16:51:13.654,2246.854,0,0.768,26.6,27.7,0.000,-0.34,0
2026-10-09T16:51:13.754,2246.954,0,0.922,26.6,27.7,0.000,0.02,0
2026-10-09T16:51:13.854,2247.054,0,1.331,26.5,27.6,0.000,-0.39,0
2026-10-09T16:51:13.954,2247.154,0,0.512,26.8,27.7,0.000,-0.23,0
2026-10-09T16:51:14.054,2247.254,0,0.512,26.8,27.8,0.000,-0.11,0
2026-10-09T16:51:14.155,2247.354,0,0.614,26.8,27.8,0.000,-0.45,0
2026-10-09T16:51:14.255,2247.454,0,0.922,26.7,27.7,0.000,-0.24,0
2026-10-09T16:51:14.355,2247.555,0,1.126,26.8,27.8,0.000,-0.36,0
2026-10-09T16:51:14.455,2247.655,0,1.126,26.9,27.7,0.000,-0.30,0
2026-10-09T16:51:14.555,2247.755,0,0.870,26.7,27.7,0.000,-0.16,0
2026-10-09T16:51:14.655,2247.855,0,0.973,26.6,27.8,0.000,-0.28,0
2026-10-09T16:51:14.759,2247.958,0,1.075,26.7,27.7,0.000,-0.20,0
2026-10-09T16:51:14.855,2248.055,0,1.075,26.7,27.7,0.000,-0.17,0
2026-10-09T16:51:14.955,2248.155,0,0.922,26.6,27.9,0.000,-0.30,0
2026-10-09T16:51:15.055,2248.254,0,1.075,26.8,27.7,0.000,-0.30,0
2026-10-09T16:51:15.155,2248.355,0,1.229,26.7,27.7,0.000,-0.13,0
2026-10-09T16:51:15.255,2248.454,0,1.229,26.7,27.6,0.000,-0.18,0
2026-10-09T16:51:15.355,2248.555,0,0.870,26.5,27.7,0.000,-0.13,0
2026-10-09T16:51:15.456,2248.656,0,0.666,26.8,27.8,0.000,-0.32,0
2026-10-09T16:51:15.556,2248.755,0,0.922,26.6,27.7,0.000,-0.38,0
2026-10-09T16:51:15.656,2248.856,0,0.922,26.7,27.8,0.000,-0.39,0
2026-10-09T16:51:15.757,2248.956,0,0.666,26.7,27.8,0.000,-0.21,0
2026-10-09T16:51:15.858,2249.058,0,0.973,26.8,27.9,0.000,-0.14,0
2026-10-09T16:51:15.959,2249.159,0,0.973,26.8,27.7,0.000,-0.20,0
2026-10-09T16:51:16.059,2249.259,0,1.075,26.7,27.6,0.000,-0.33,0
2026-10-09T16:51:16.159,2249.359,0,1.178,26.5,27.7,0.000,-0.29,0
2026-10-09T16:51:16.259,2249.459,0,0.819,26.7,27.7,0.000,-0.31,0
2026-10-09T16:51:16.359,2249.558,0,0.819,26.8,27.7,0.000,-0.25,0
2026-10-09T16:51:16.460,2249.660,0,0.870,26.6,27.8,0.000,-0.28,0
2026-10-09T16:51:16.562,2249.761,0,0.819,26.6,27.7,0.000,-0.23,0
2026-10-09T16:51:16.660,2249.860,0,0.922,26.8,27.9,0.000,-0.20,0
2026-10-09T16:51:16.761,2249.961,0,0.922,26.6,27.8,0.000,-0.44,0
2026-10-09T16:51:16.862,2250.062,0,0.819,26.7,27.7,0.000,-0.24,0
2026-10-09T16:51:16.962,2250.162,0,1.178,26.7,27.8,0.000,-0.36,0
2026-10-09T16:51:17.063,2250.262,0,0.922,26.8,27.7,0.000,-0.31,0
2026-10-09T16:51:17.164,2250.363,0,0.922,26.5,27.8,0.000,-0.28,0
2026-10-09T16:51:17.264,2250.463,0,0.922,26.7,27.7,0.000,-0.38,0
2026-10-09T16:51:17.364,2250.563,0,1.024,26.7,27.7,0.000,-0.20,0
2026-10-09T16:51:17.464,2250.663,0,0.922,26.8,27.7,0.000,-0.16,0
2026-10-09T16:51:17.563,2250.763,0,0.922,26.7,27.6,0.000,-0.28,0
2026-10-09T16:51:17.663,2250.863,0,0.666,26.6,27.8,0.000,-0.18,0
2026-10-09T16:51:17.763,2250.962,0,1.126,26.8,27.7,0.000,-0.17,0
2026-10-09T16:51:17.863,2251.063,0,0.922,26.7,27.7,0.000,-0.14,0
2026-10-09T16:51:17.963,2251.163,0,0.922,26.7,27.6,0.000,-0.12,0
2026-10-09T16:51:18.063,2251.262,0,0.768,26.7,27.6,0.000,-0.36,0
2026-10-09T16:51:18.164,2251.363,0,1.075,26.8,27.8,0.000,-0.29,0
2026-10-09T16:51:18.265,2251.464,0,0.870,26.5,27.7,0.000,-0.09,0
2026-10-09T16:51:18.366,2251.565,0,0.870,26.8,27.8,0.000,-0.18,0
2026-10-09T16:51:18.466,2251.666,0,0.922,26.7,27.7,0.000,-0.31,0
2026-10-09T16:51:18.567,2251.767,0,0.666,26.6,27.6,0.000,-0.24,0
2026-10-09T16:51:18.667,2251.866,0,0.666,26.8,27.8,0.000,-0.32,0
2026-10-09T16:51:18.766,2251.966,0,1.024,26.7,27.8,0.000,-0.15,0
2026-10-09T16:51:18.868,2252.067,0,0.870,26.7,27.7,0.000,-0.36,0
2026-10-09T16:51:18.968,2252.167,0,0.922,26.7,28.0,0.000,-0.17,0
2026-10-09T16:51:19.067,2252.267,0,0.922,26.6,27.8,0.000,-0.25,0
2026-10-09T16:51:19.167,2252.366,0,0.973,26.6,27.7,0.000,-0.30,0
2026-10-09T16:51:19.268,2252.468,0,0.666,26.7,27.7,0.000,-0.42,0
2026-10-09T16:51:19.368,2252.567,0,0.717,26.7,27.7,0.000,-0.10,0
2026-10-09T16:51:19.469,2252.668,0,0.717,26.8,27.7,0.000,-0.31,0
2026-10-09T16:51:19.569,2252.769,0,0.870,26.7,27.7,0.000,-0.19,0
2026-10-09T16:51:19.670,2252.870,0,0.512,26.8,27.9,0.000,-0.31,0
2026-10-09T16:51:19.769,2252.968,0,0.256,26.7,27.8,0.000,-0.38,0
2026-10-09T16:51:19.873,2253.073,0,0.256,26.7,27.8,0.000,-0.34,0
2026-10-09T16:51:19.970,2253.170,0,1.075,26.8,27.7,0.000,-0.36,0
2026-10-09T16:51:20.070,2253.269,0,0.870,26.6,27.6,0.000,-0.18,0
2026-10-09T16:51:20.170,2253.370,0,1.075,26.7,27.7,0.000,-0.31,0
2026-10-09T16:51:20.270,2253.469,0,1.075,26.8,27.6,0.000,-0.27,0
2026-10-09T16:51:20.371,2253.570,0,0.614,26.7,27.9,0.000,-0.38,0
2026-10-09T16:51:20.472,2253.671,0,0.614,26.7,27.7,0.000,-0.32,0
2026-10-09T16:51:20.573,2253.772,0,0.666,26.6,27.7,0.000,-0.23,0
2026-10-09T16:51:20.673,2253.873,0,0.666,26.7,27.7,0.000,0.00,0
2026-10-09T16:51:20.774,2253.974,0,0.717,26.7,27.6,0.000,-0.34,0
2026-10-09T16:51:20.874,2254.073,0,0.922,26.6,27.9,0.000,-0.10,0
2026-10-09T16:51:20.974,2254.173,0,0.922,27.0,27.8,0.000,-0.13,0
2026-10-09T16:51:21.075,2254.274,0,0.922,26.7,27.9,0.000,-0.22,0
2026-10-09T16:51:21.176,2254.375,0,0.973,26.5,27.8,0.000,-0.16,0
2026-10-09T16:51:21.277,2254.476,0,0.512,26.5,27.7,0.000,-0.29,0
2026-10-09T16:51:21.376,2254.576,0,0.512,26.6,27.7,0.000,-0.23,0
2026-10-09T16:51:21.476,2254.676,0,0.768,26.7,27.8,0.000,-0.07,0
2026-10-09T16:51:21.576,2254.775,0,1.126,26.6,27.6,0.000,-0.13,0
2026-10-09T16:51:21.676,2254.875,0,0.563,26.6,27.7,0.000,-0.12,0
2026-10-09T16:51:21.775,2254.975,0,0.563,26.5,27.8,0.000,-0.14,0
2026-10-09T16:51:21.876,2255.076,0,1.178,26.7,27.9,0.000,-0.20,0
2026-10-09T16:51:21.977,2255.177,0,1.126,26.6,27.7,0.000,-0.18,0
2026-10-09T16:51:22.078,2255.278,0,0.614,26.5,27.8,0.000,-0.39,0
2026-10-09T16:51:22.178,2255.378,0,0.614,26.6,27.7,0.000,-0.01,0
2026-10-09T16:51:22.278,2255.478,0,0.614,26.8,27.7,0.000,-0.36,0
2026-10-09T16:51:22.378,2255.578,0,1.126,26.6,27.7,0.000,-0.24,0
2026-10-09T16:51:22.478,2255.678,0,0.614,26.7,27.7,0.000,-0.23,0
2026-10-09T16:51:22.578,2255.778,0,0.614,26.7,27.8,0.000,-0.32,0
2026-10-09T16:51:22.678,2255.877,0,1.178,26.6,27.8,0.000,-0.26,0
2026-10-09T16:51:22.779,2255.978,0,0.819,26.6,27.8,0.000,0.01,0
2026-10-09T16:51:22.879,2256.079,0,0.973,26.5,27.7,0.000,-0.03,0
2026-10-09T16:51:22.981,2256.180,0,0.973,26.6,27.7,0.000,-0.16,0
2026-10-09T16:51:23.080,2256.279,0,0.614,26.7,27.7,0.000,-0.27,0
2026-10-09T16:51:23.180,2256.380,0,1.229,26.6,27.6,0.000,-0.18,0
2026-10-09T16:51:23.280,2256.480,0,0.922,26.7,27.9,0.000,-0.29,0
2026-10-09T16:51:23.380,2256.579,0,0.922,26.6,27.7,0.000,-0.18,0
2026-10-09T16:51:23.480,2256.679,0,0.973,26.8,27.7,0.000,-0.24,0
2026-10-09T16:51:23.581,2256.780,0,0.819,26.6,27.7,0.000,-0.19,0
2026-10-09T16:51:23.680,2256.880,0,0.819,26.9,27.6,0.000,-0.12,0
2026-10-09T16:51:23.781,2256.981,0,0.973,26.8,27.7,0.000,-0.15,0
2026-10-09T16:51:23.882,2257.082,0,1.280,26.7,27.7,0.000,-0.35,0
2026-10-09T16:51:23.982,2257.182,0,0.768,26.8,27.8,0.000,-0.30,0
2026-10-09T16:51:24.082,2257.282,0,0.768,26.7,27.8,0.000,-0.21,0
2026-10-09T16:51:24.183,2257.382,0,0.973,26.5,27.7,0.000,-0.29,0
2026-10-09T16:51:24.283,2257.482,0,1.126,26.7,27.6,0.000,-0.36,0
2026-10-09T16:51:24.383,2257.582,0,0.819,26.8,27.7,0.000,-0.13,0
2026-10-09T16:51:24.483,2257.682,0,0.819,26.6,27.6,0.000,-0.19,0
2026-10-09T16:51:24.583,2257.782,0,0.973,26.7,27.8,0.000,-0.11,0
2026-10-09T16:51:24.683,2257.882,0,0.819,26.7,27.8,0.000,-0.34,0
2026-10-09T16:51:24.783,2257.982,0,0.819,26.8,27.7,0.000,-0.39,0
2026-10-09T16:51:24.883,2258.083,0,0.819,26.7,27.7,0.000,-0.23,0
2026-10-09T16:51:24.988,2258.188,0,0.768,26.7,27.7,0.000,-0.30,0
2026-10-09T16:51:25.084,2258.284,0,0.768,26.6,27.7,0.000,-0.23,0
2026-10-09T16:51:25.183,2258.383,0,0.973,26.8,27.8,0.000,-0.14,0
2026-10-09T16:51:25.284,2258.484,0,0.973,26.5,27.7,0.000,-0.45,0
2026-10-09T16:51:25.384,2258.583,0,0.870,26.6,27.9,0.000,-0.07,0
2026-10-09T16:51:25.484,2258.684,0,0.922,26.8,27.8,0.000,-0.12,0
2026-10-09T16:51:25.585,2258.784,0,0.717,26.8,27.7,0.000,-0.31,0
2026-10-09T16:51:25.685,2258.884,0,0.717,26.7,27.9,0.000,-0.20,0
2026-10-09T16:51:25.784,2258.984,0,0.819,26.6,27.6,0.000,-0.31,0
2026-10-09T16:51:25.885,2259.085,0,0.717,26.9,27.7,0.000,-0.36,0
2026-10-09T16:51:25.985,2259.185,0,0.717,26.6,27.7,0.000,-0.14,0
2026-10-09T16:51:26.085,2259.284,0,0.819,26.7,27.7,0.000,-0.18,0
2026-10-09T16:51:26.184,2259.384,0,0.717,26.7,27.8,0.000,-0.07,0
2026-10-09T16:51:26.287,2259.486,0,1.280,26.7,27.7,0.000,-0.18,0
2026-10-09T16:51:26.386,2259.585,0,1.280,26.6,27.8,0.000,-0.09,0
2026-10-09T16:51:26.487,2259.687,0,0.922,26.5,27.7,0.000,-0.34,0
2026-10-09T16:51:26.586,2259.786,0,0.666,26.5,27.8,0.000,-0.35,0
2026-10-09T16:51:26.685,2259.884,0,1.178,26.6,27.7,0.000,-0.41,0
2026-10-09T16:51:26.786,2259.985,0,1.178,26.5,27.7,0.000,-0.22,0
2026-10-09T16:51:26.886,2260.085,0,0.819,26.4,27.6,0.000,-0.37,0
2026-10-09T16:51:26.986,2260.185,0,0.819,26.4,27.6,0.000,-0.24,0
2026-10-09T16:51:27.086,2260.285,0,0.922,26.4,27.6,0.000,-0.18,0
2026-10-09T16:51:27.186,2260.385,0,0.922,26.4,27.6,0.000,-0.18,0
2026-10-09T16:51:27.286,2260.486,0,1.024,26.5,27.6,0.000,-0.15,0
2026-10-09T16:51:27.386,2260.586,0,0.768,26.5,27.5,0.000,-0.18,0
2026-10-09T16:51:27.487,2260.686,0,0.717,26.4,27.7,0.000,-0.29,0
2026-10-09T16:51:27.587,2260.786,0,0.717,26.4,27.7,0.000,-0.29,0
2026-10-09T16:51:27.686,2260.886,0,0.922,26.4,27.8,0.000,-0.23,0
2026-10-09T16:51:27.788,2260.988,0,0.768,26.4,27.6,0.000,-0.23,0
2026-10-09T16:51:27.889,2261.088,0,0.819,26.4,27.6,0.000,-0.28,0
2026-10-09T16:51:27.990,2261.190,0,0.819,26.5,27.6,0.000,-0.37,0
2026-10-09T16:51:28.089,2261.288,0,0.717,26.5,27.6,0.000,-0.28,0
2026-10-09T16:51:28.188,2261.388,0,0.870,26.6,27.7,0.000,-0.49,0
2026-10-09T16:51:28.288,2261.488,0,0.870,26.4,27.6,0.000,-0.28,0
2026-10-09T16:51:28.389,2261.589,0,0.768,26.5,27.6,0.000,-0.19,0
2026-10-09T16:51:28.490,2261.690,0,0.768,26.6,27.6,0.000,-0.43,0
2026-10-09T16:51:28.592,2261.791,0,0.922,26.5,27.7,0.000,-0.25,0
2026-10-09T16:51:28.693,2261.892,0,0.922,26.6,27.7,0.000,-0.18,0
2026-10-09T16:51:28.792,2261.992,0,1.075,26.7,27.6,0.000,-0.36,0
2026-10-09T16:51:28.893,2262.093,0,1.075,26.6,27.7,0.000,-0.32,0
2026-10-09T16:51:28.994,2262.194,0,0.973,26.4,27.7,0.000,-0.28,0
2026-10-09T16:51:29.095,2262.295,0,0.973,26.4,27.7,0.000,-0.35,0
2026-10-09T16:51:29.196,2262.396,0,1.075,26.8,27.7,0.000,-0.20,0
2026-10-09T16:51:29.297,2262.497,0,1.024,26.6,27.7,0.000,-0.10,0
2026-10-09T16:51:29.398,2262.598,0,0.922,26.8,27.7,0.000,-0.18,0
2026-10-09T16:51:29.498,2262.698,0,0.922,26.6,27.7,0.000,-0.34,0
2026-10-09T16:51:29.598,2262.798,0,0.973,26.5,27.5,0.000,-0.17,0
2026-10-09T16:51:29.699,2262.899,0,0.922,26.6,27.5,0.000,-0.29,0
2026-10-09T16:51:29.799,2262.998,0,1.178,26.5,27.6,0.000,-0.34,0
2026-10-09T16:51:29.901,2263.101,0,1.178,26.6,27.8,0.000,-0.36,0
2026-10-09T16:51:29.999,2263.199,0,0.922,26.8,27.7,0.000,-0.23,0
2026-10-09T16:51:30.099,2263.298,0,0.870,26.8,27.6,0.000,-0.27,0
2026-10-09T16:51:30.199,2263.399,0,0.717,26.6,27.8,0.000,-0.40,0
2026-10-09T16:51:30.299,2263.498,0,0.717,26.7,27.8,0.000,-0.26,0
2026-10-09T16:51:30.399,2263.598,0,0.717,26.7,27.6,0.000,-0.32,0
2026-10-09T16:51:30.498,2263.698,0,0.922,26.7,27.8,0.000,-0.23,0
2026-10-09T16:51:30.599,2263.799,0,1.178,26.8,27.7,0.000,-0.23,0
2026-10-09T16:51:30.699,2263.899,0,1.178,26.6,27.8,0.000,-0.26,0
2026-10-09T16:51:30.799,2263.999,0,0.973,26.8,27.9,0.000,-0.28,0
2026-10-09T16:51:30.899,2264.098,0,0.870,26.8,28.0,0.000,-0.27,0
2026-10-09T16:51:30.999,2264.198,0,0.819,26.5,27.6,0.000,-0.23,0
2026-10-09T16:51:31.098,2264.298,0,0.819,26.5,27.6,0.000,-0.33,0
2026-10-09T16:51:31.199,2264.398,0,0.307,26.6,27.7,0.000,-0.26,0
2026-10-09T16:51:31.300,2264.499,0,0.461,26.7,27.7,0.000,-0.14,0
2026-10-09T16:51:31.401,2264.601,0,0.461,26.4,27.7,0.000,-0.09,0
2026-10-09T16:51:31.499,2264.699,0,0.614,26.6,27.7,0.000,-0.21,0
2026-10-09T16:51:31.600,2264.800,0,1.024,26.8,27.7,0.000,-0.25,0
2026-10-09T16:51:31.700,2264.900,0,1.536,26.6,27.6,0.000,-0.19,0
2026-10-09T16:51:31.802,2265.001,0,1.536,26.7,27.8,0.000,-0.26,0
2026-10-09T16:51:31.901,2265.100,0,0.922,26.6,27.7,0.000,-0.20,0
2026-10-09T16:51:32.002,2265.201,0,1.178,26.6,27.7,0.000,-0.31,0
2026-10-09T16:51:32.101,2265.301,0,0.870,26.6,27.7,0.000,-0.16,0
2026-10-09T16:51:32.201,2265.401,0,0.870,26.4,27.6,0.000,-0.27,0
2026-10-09T16:51:32.302,2265.501,0,0.922,26.7,27.7,0.000,-0.23,0
2026-10-09T16:51:32.403,2265.603,0,1.126,26.5,27.9,0.000,-0.46,0
2026-10-09T16:51:32.504,2265.703,0,0.870,26.5,27.6,0.000,-0.38,0
2026-10-09T16:51:32.604,2265.803,0,0.870,26.6,27.6,0.000,-0.19,0
2026-10-09T16:51:32.704,2265.903,0,1.434,26.4,27.5,0.000,-0.18,0
2026-10-09T16:51:32.804,2266.003,0,0.922,26.4,27.7,0.000,-0.28,0
2026-10-09T16:51:32.904,2266.103,0,0.768,26.6,27.6,0.000,-0.16,0
2026-10-09T16:51:33.004,2266.203,0,0.768,26.5,27.5,0.000,-0.27,0
2026-10-09T16:51:33.104,2266.303,0,0.870,26.5,27.5,0.000,-0.30,0
2026-10-09T16:51:33.210,2266.409,0,0.870,26.5,27.9,0.000,-0.27,0
2026-10-09T16:51:33.304,2266.504,0,0.870,26.5,27.6,0.000,-0.21,0
2026-10-09T16:51:33.404,2266.604,0,0.870,26.4,27.6,0.000,-0.19,0
2026-10-09T16:51:33.504,2266.704,0,1.075,26.4,27.7,0.000,-0.50,0
2026-10-09T16:51:33.604,2266.804,0,0.717,26.5,27.6,0.000,-0.34,0
2026-10-09T16:51:33.704,2266.904,0,0.717,26.4,27.6,0.000,-0.23,0
2026-10-09T16:51:33.805,2267.004,0,0.922,26.4,27.5,0.000,-0.31,0
2026-10-09T16:51:33.904,2267.104,0,0.717,26.6,27.5,0.000,-0.24,0
2026-10-09T16:51:34.005,2267.204,0,0.973,26.4,27.6,0.000,-0.16,0
2026-10-09T16:51:34.105,2267.305,0,0.973,26.4,27.6,0.000,-0.28,0
2026-10-09T16:51:34.205,2267.405,0,0.768,26.4,27.5,0.000,-0.24,0
2026-10-09T16:51:34.305,2267.505,0,0.768,26.4,27.6,0.000,-0.13,0
2026-10-09T16:51:34.406,2267.606,0,1.126,26.5,27.6,0.000,-0.21,0
2026-10-09T16:51:34.506,2267.705,0,1.126,26.5,27.6,0.000,-0.31,0
2026-10-09T16:51:34.607,2267.806,0,1.075,26.4,27.6,0.000,-0.26,0
2026-10-09T16:51:34.710,2267.909,0,0.870,26.5,27.6,0.000,-0.31,0
2026-10-09T16:51:34.808,2268.008,0,0.870,26.4,27.6,0.000,-0.42,0
2026-10-09T16:51:34.908,2268.108,0,0.870,26.4,27.6,0.000,-0.01,0
2026-10-09T16:51:35.009,2268.209,0,0.973,26.4,27.6,0.000,-0.25,0
2026-10-09T16:51:35.109,2268.309,0,0.819,26.5,27.5,0.000,-0.24,0
2026-10-09T16:51:35.210,2268.410,0,0.973,26.5,27.6,0.000,-0.23,0
2026-10-09T16:51:35.310,2268.509,0,0.973,26.5,27.6,0.000,-0.18,0
2026-10-09T16:51:35.410,2268.610,0,0.819,26.6,27.7,0.000,-0.29,0
2026-10-09T16:51:35.512,2268.711,0,0.666,26.6,27.6,0.000,-0.18,0
2026-10-09T16:51:35.611,2268.811,0,0.973,26.5,27.9,0.000,-0.26,0
2026-10-09T16:51:35.711,2268.911,0,0.973,26.5,27.7,0.000,-0.29,0
2026-10-09T16:51:35.815,2269.015,0,0.768,26.5,27.5,0.000,-0.33,0
2026-10-09T16:51:35.912,2269.111,0,0.973,26.4,27.7,0.000,-0.28,0
2026-10-09T16:51:36.012,2269.212,0,0.819,26.4,27.5,0.000,-0.18,0
2026-10-09T16:51:36.112,2269.311,0,0.819,26.4,27.6,0.000,-0.18,0
2026-10-09T16:51:36.212,2269.411,0,1.126,26.4,27.6,0.000,-0.24,0
2026-10-09T16:51:36.312,2269.512,0,0.973,26.5,27.6,0.000,-0.23,0
2026-10-09T16:51:36.412,2269.612,0,0.973,26.4,27.7,0.000,-0.16,0
2026-10-09T16:51:36.512,2269.711,0,0.870,26.4,27.6,0.000,-0.27,0
2026-10-09T16:51:36.613,2269.812,0,0.717,26.4,27.6,0.000,-0.27,0
2026-10-09T16:51:36.712,2269.912,0,1.024,26.4,27.6,0.000,-0.32,0
2026-10-09T16:51:36.812,2270.011,0,1.024,26.3,27.5,0.000,-0.46,0
2026-10-09T16:51:36.912,2270.111,0,0.973,26.4,27.6,0.000,-0.37,0
2026-10-09T16:51:37.013,2270.212,0,0.819,26.4,27.7,0.000,-0.25,0
2026-10-09T16:51:37.114,2270.314,0,0.717,26.4,27.5,0.000,-0.27,0
2026-10-09T16:51:37.212,2270.412,0,0.717,26.4,27.5,0.000,-0.16,0
2026-10-09T16:51:37.312,2270.512,0,0.973,26.4,27.5,0.000,-0.28,0
2026-10-09T16:51:37.412,2270.611,0,0.512,26.8,27.9,0.000,-0.21,0
2026-10-09T16:51:37.513,2270.712,0,0.922,26.4,27.7,0.000,-0.12,0
2026-10-09T16:51:37.612,2270.812,0,0.922,26.5,27.6,0.000,-0.31,0
2026-10-09T16:51:37.713,2270.913,0,1.024,26.4,27.7,0.000,-0.27,0
2026-10-09T16:51:37.811,2271.011,0,0.870,26.6,27.7,0.000,-0.28,0
2026-10-09T16:51:37.913,2271.112,0,1.229,26.5,27.8,0.000,-0.08,0
2026-10-09T16:51:38.012,2271.212,0,1.229,26.4,27.5,0.000,-0.23,0
2026-10-09T16:51:38.112,2271.311,0,0.973,26.5,27.6,0.000,-0.16,0
2026-10-09T16:51:38.212,2271.412,0,1.331,26.5,27.5,0.000,-0.25,0
2026-10-09T16:51:38.312,2271.512,0,1.331,26.4,27.7,0.000,-0.30,0
2026-10-09T16:51:38.412,2271.612,0,0.973,26.4,27.7,0.000,-0.49,0
2026-10-09T16:51:38.513,2271.713,0,1.178,26.6,27.5,0.000,-0.11,0
2026-10-09T16:51:38.613,2271.813,0,1.075,26.6,27.6,0.000,-0.31,0
2026-10-09T16:51:38.713,2271.912,0,1.075,26.5,27.5,0.000,-0.27,0
2026-10-09T16:51:38.814,2272.013,0,0.870,26.6,27.7,0.000,-0.24,0
2026-10-09T16:51:38.915,2272.114,0,1.075,26.8,27.6,0.000,-0.29,0
2026-10-09T16:51:39.013,2272.213,0,0.768,26.3,27.6,0.000,-0.31,0
2026-10-09T16:51:39.113,2272.312,0,0.768,26.4,27.6,0.000,-0.10,0
2026-10-09T16:51:39.214,2272.413,0,1.024,26.4,27.6,0.000,-0.29,0
2026-10-09T16:51:39.313,2272.513,0,0.922,26.4,27.6,0.000,-0.25,0
2026-10-09T16:51:39.413,2272.613,0,1.075,26.6,27.6,0.000,-0.50,0
2026-10-09T16:51:39.513,2272.713,0,1.075,26.5,27.6,0.000,-0.25,0
2026-10-09T16:51:39.613,2272.813,0,0.973,26.5,27.7,0.000,-0.33,0
2026-10-09T16:51:39.713,2272.913,0,1.024,26.6,27.6,0.000,-0.29,0
2026-10-09T16:51:39.816,2273.016,0,1.178,26.5,27.6,0.000,-0.28,0
2026-10-09T16:51:39.914,2273.113,0,1.178,26.5,27.7,0.000,-0.24,0
2026-10-09T16:51:40.015,2273.214,0,0.768,26.5,27.6,0.000,-0.26,0
2026-10-09T16:51:40.116,2273.315,0,0.717,26.6,27.6,0.000,-0.25,0
2026-10-09T16:51:40.216,2273.416,113,1.762,26.1,27.4,0.000,4.41,0
2026-10-09T16:51:40.316,2273.515,113,1.762,26.8,27.2,0.000,6.67,0
2026-10-09T16:51:40.416,2273.616,113,2.767,27.1,26.6,0.000,7.63,0
2026-10-09T16:51:40.516,2273.715,113,2.780,25.1,26.8,0.000,7.68,0
2026-10-09T16:51:40.617,2273.816,113,2.780,25.0,26.6,0.000,8.24,0
2026-10-09T16:51:40.718,2273.917,113,2.798,25.6,27.1,0.000,8.13,0
2026-10-09T16:51:40.822,2274.021,113,2.818,27.7,27.0,0.000,8.09,0
2026-10-09T16:51:40.919,2274.119,113,2.820,27.3,26.8,0.000,8.22,0
2026-10-09T16:51:41.019,2274.218,113,2.820,27.3,26.7,0.000,8.06,0
2026-10-09T16:51:41.120,2274.319,113,2.824,27.0,27.0,0.000,8.54,0
2026-10-09T16:51:41.221,2274.421,113,2.824,27.6,26.9,0.000,8.28,0
2026-10-09T16:51:41.320,2274.520,113,2.822,27.8,27.0,0.000,8.42,0
2026-10-09T16:51:41.422,2274.621,113,2.822,26.3,27.2,0.000,8.22,0
2026-10-09T16:51:41.522,2274.721,113,2.821,27.7,27.1,0.000,8.33,0
2026-10-09T16:51:41.621,2274.820,113,2.824,27.2,26.6,0.000,8.03,0
2026-10-09T16:51:41.720,2274.920,113,2.819,25.8,27.0,0.000,8.46,0
2026-10-09T16:51:41.821,2275.021,113,2.819,25.5,26.9,0.000,7.98,0
2026-10-09T16:51:41.921,2275.120,113,2.822,25.1,26.8,0.000,8.40,0
2026-10-09T16:51:42.021,2275.221,113,2.815,27.1,26.9,0.000,8.33,0
2026-10-09T16:51:42.121,2275.321,113,2.817,26.6,26.6,0.000,8.16,0
2026-10-09T16:51:42.223,2275.422,113,2.817,25.3,26.5,0.000,8.03,0
2026-10-09T16:51:42.322,2275.521,113,2.809,26.5,27.0,0.000,8.27,0
2026-10-09T16:51:42.421,2275.621,113,2.780,26.8,26.8,0.000,7.97,0
2026-10-09T16:51:42.520,2275.720,113,2.771,25.1,26.8,0.000,8.37,0
2026-10-09T16:51:42.621,2275.821,113,2.771,26.2,26.8,0.000,8.25,0
2026-10-09T16:51:42.721,2275.920,113,2.772,25.3,26.8,0.000,8.34,0
2026-10-09T16:51:42.822,2276.021,113,2.767,27.0,27.0,0.000,8.09,0
2026-10-09T16:51:42.922,2276.122,113,2.767,25.1,26.8,0.000,8.35,0
2026-10-09T16:51:43.022,2276.221,113,2.767,25.4,27.0,0.000,8.28,0
2026-10-09T16:51:43.122,2276.322,113,2.769,27.0,27.1,0.000,7.95,0
2026-10-09T16:51:43.223,2276.423,113,2.768,26.9,27.3,0.000,8.14,0
2026-10-09T16:51:43.323,2276.522,113,2.768,26.8,26.7,0.000,8.27,0
2026-10-09T16:51:43.423,2276.623,113,2.773,27.0,26.8,0.000,8.13,0
2026-10-09T16:51:43.524,2276.724,113,2.773,26.8,26.7,0.000,8.15,0
2026-10-09T16:51:43.624,2276.824,113,2.769,27.0,26.8,0.000,8.13,0
2026-10-09T16:51:43.724,2276.923,113,2.769,25.6,27.0,0.000,8.08,0
2026-10-09T16:51:43.824,2277.024,113,2.768,25.2,26.9,0.000,7.98,0
2026-10-09T16:51:43.929,2277.129,113,2.769,24.9,26.5,0.000,8.16,0
2026-10-09T16:51:44.024,2277.224,113,2.768,27.0,26.8,0.000,7.78,0
2026-10-09T16:51:44.125,2277.324,113,2.768,26.7,27.3,0.000,7.99,0
2026-10-09T16:51:44.226,2277.425,113,2.768,26.8,26.8,0.000,7.93,0
2026-10-09T16:51:44.327,2277.526,113,2.772,26.8,26.8,0.000,8.04,0
2026-10-09T16:51:44.428,2277.627,113,2.772,26.8,26.8,0.000,8.11,0
2026-10-09T16:51:44.527,2277.727,113,2.772,25.0,26.8,0.000,8.06,0
2026-10-09T16:51:44.627,2277.826,113,2.769,25.3,26.9,0.000,8.03,0
2026-10-09T16:51:44.727,2277.926,113,2.764,27.3,27.1,0.000,7.87,0
2026-10-09T16:51:44.827,2278.027,113,2.769,26.8,26.8,0.000,8.18,0
2026-10-09T16:51:44.928,2278.128,113,2.769,26.8,26.9,0.000,8.10,0
2026-10-09T16:51:45.028,2278.228,113,2.763,25.2,27.1,0.000,8.46,0
2026-10-09T16:51:45.128,2278.327,113,2.764,25.3,26.8,0.000,7.87,0
2026-10-09T16:51:45.228,2278.428,113,2.759,25.1,26.7,0.000,8.17,0
2026-10-09T16:51:45.329,2278.529,113,2.759,27.0,27.1,0.000,8.25,0
2026-10-09T16:51:45.429,2278.628,113,2.756,27.1,26.9,0.000,7.99,0
2026-10-09T16:51:45.529,2278.729,113,2.758,25.0,26.8,0.000,8.03,0
2026-10-09T16:51:45.630,2278.830,113,2.758,26.5,26.8,0.000,8.19,0
2026-10-09T16:51:45.729,2278.929,113,2.758,25.4,27.0,0.000,8.48,0
2026-10-09T16:51:45.830,2279.030,113,2.757,26.9,27.1,0.000,8.05,0
2026-10-09T16:51:45.930,2279.130,113,2.757,27.6,27.0,0.000,8.03,0
2026-10-09T16:51:46.032,2279.232,113,2.757,26.9,27.0,0.000,7.62,0
2026-10-09T16:51:46.129,2279.329,113,2.757,27.7,27.1,0.000,7.95,0
2026-10-09T16:51:46.230,2279.429,113,2.759,25.9,27.0,0.000,7.94,0
2026-10-09T16:51:46.329,2279.529,113,2.756,25.9,27.1,0.000,7.98,0
2026-10-09T16:51:46.430,2279.630,113,2.756,27.1,27.1,0.000,7.94,0
2026-10-09T16:51:46.529,2279.729,113,2.757,26.0,27.2,0.000,7.99,0
2026-10-09T16:51:46.630,2279.829,113,2.757,25.8,27.1,0.000,7.85,0
2026-10-09T16:51:46.731,2279.930,113,2.756,27.4,27.1,0.000,8.11,0
2026-10-09T16:51:46.831,2280.030,113,2.756,25.8,27.2,0.000,8.16,0
2026-10-09T16:51:46.931,2280.130,113,2.754,27.6,26.9,0.000,8.08,0
2026-10-09T16:51:47.032,2280.231,113,2.756,27.5,27.1,0.000,8.04,0
2026-10-09T16:51:47.133,2280.332,113,2.753,26.5,26.8,0.000,7.95,0
2026-10-09T16:51:47.233,2280.432,113,2.753,25.8,27.1,0.000,8.05,0
2026-10-09T16:51:47.334,2280.533,113,2.753,25.8,27.1,0.000,7.94,0
2026-10-09T16:51:47.434,2280.634,113,2.754,25.7,27.1,0.000,8.08,0
2026-10-09T16:51:47.536,2280.735,113,2.752,27.1,26.8,0.000,7.76,0
2026-10-09T16:51:47.635,2280.835,113,2.752,27.3,26.7,0.000,7.92,0
2026-10-09T16:51:47.737,2280.937,113,2.751,27.2,27.0,0.000,7.78,0
2026-10-09T16:51:47.836,2281.035,113,2.753,26.8,26.4,0.000,7.81,0
2026-10-09T16:51:47.936,2281.136,113,2.751,26.6,26.7,0.000,7.87,0
2026-10-09T16:51:48.037,2281.237,113,2.751,26.8,26.6,0.000,8.16,0
2026-10-09T16:51:48.138,2281.337,113,2.751,26.9,26.9,0.000,8.25,0
2026-10-09T16:51:48.238,2281.437,113,2.750,26.7,26.8,0.000,8.17,0
2026-10-09T16:51:48.338,2281.538,113,2.751,27.1,27.2,0.000,7.93,0
2026-10-09T16:51:48.439,2281.638,113,2.751,26.8,26.7,0.000,7.86,0
2026-10-09T16:51:48.539,2281.738,113,2.753,26.8,27.0,0.000,8.04,0
2026-10-09T16:51:48.638,2281.838,113,2.753,25.0,26.9,0.000,7.77,0
2026-10-09T16:51:48.739,2281.939,113,2.753,27.1,26.9,0.000,7.98,0
2026-10-09T16:51:48.839,2282.038,113,2.752,25.3,26.8,0.000,7.79,0
2026-10-09T16:51:48.938,2282.138,113,2.755,25.7,27.0,0.000,7.98,0
2026-10-09T16:51:49.041,2282.241,113,2.755,26.9,27.2,0.000,8.28,0
2026-10-09T16:51:49.139,2282.339,113,2.755,26.8,27.0,0.000,8.12,0
2026-10-09T16:51:49.241,2282.440,113,2.750,26.7,26.6,0.000,7.57,0
2026-10-09T16:51:49.341,2282.540,113,2.753,27.0,26.8,0.000,8.12,0
2026-10-09T16:51:49.441,2282.640,113,2.754,25.4,26.8,0.000,7.93,0
2026-10-09T16:51:49.540,2282.740,113,2.754,27.0,26.7,0.000,7.86,0
2026-10-09T16:51:49.642,2282.841,113,2.753,25.0,26.8,0.000,8.15,0
2026-10-09T16:51:49.741,2282.941,113,2.753,27.0,26.7,0.000,8.08,0
2026-10-09T16:51:49.842,2283.042,113,2.756,26.7,26.7,0.000,8.14,0
2026-10-09T16:51:49.943,2283.142,113,2.756,25.0,26.8,0.000,7.72,0
2026-10-09T16:51:50.043,2283.242,113,2.752,25.0,26.8,0.000,7.95,0
2026-10-09T16:51:50.143,2283.342,113,2.750,25.2,26.8,0.000,7.77,0
2026-10-09T16:51:50.243,2283.442,113,2.748,27.1,26.9,0.000,8.14,0
2026-10-09T16:51:50.343,2283.542,113,2.748,27.5,26.9,0.000,7.84,0
2026-10-09T16:51:50.447,2283.647,113,2.750,25.1,26.9,0.000,7.80,0
2026-10-09T16:51:50.542,2283.742,113,2.748,27.6,27.0,0.000,7.89,0
2026-10-09T16:51:50.643,2283.843,113,2.749,25.7,27.1,0.000,7.91,0
2026-10-09T16:51:50.743,2283.942,113,2.749,27.5,27.3,0.000,7.99,0
2026-10-09T16:51:50.842,2284.042,113,2.746,27.7,27.2,0.000,8.18,0
2026-10-09T16:51:50.943,2284.143,113,2.749,26.0,27.4,0.000,7.88,0
2026-10-09T16:51:51.044,2284.244,113,2.749,25.6,27.1,0.000,8.09,0
2026-10-09T16:51:51.145,2284.345,113,2.746,26.9,26.7,0.000,7.93,0
2026-10-09T16:51:51.246,2284.446,113,2.746,25.1,27.0,0.000,7.74,0
2026-10-09T16:51:51.347,2284.547,113,2.747,26.8,27.0,0.000,7.91,0
2026-10-09T16:51:51.448,2284.648,113,2.747,27.0,27.0,0.000,7.80,0
2026-10-09T16:51:51.548,2284.747,113,2.746,25.0,27.0,0.000,7.68,0
2026-10-09T16:51:51.648,2284.847,113,2.747,26.8,26.8,0.000,7.88,0
2026-10-09T16:51:51.747,2284.946,113,2.749,26.8,26.7,0.000,7.53,0
2026-10-09T16:51:51.848,2285.048,113,2.749,26.9,27.1,0.000,7.78,0
2026-10-09T16:51:51.948,2285.147,113,2.749,26.8,26.6,0.000,7.50,0
2026-10-09T16:51:52.047,2285.247,113,2.746,25.6,27.2,0.000,7.88,0
2026-10-09T16:51:52.148,2285.348,113,2.746,26.8,26.9,0.000,7.67,0
2026-10-09T16:51:52.248,2285.447,113,2.746,27.4,27.0,0.000,7.79,0
2026-10-09T16:51:52.348,2285.547,113,2.748,25.6,27.2,0.000,7.68,0
2026-10-09T16:51:52.447,2285.646,113,2.745,27.8,27.1,0.000,7.94,0
2026-10-09T16:51:52.548,2285.747,113,2.743,27.7,27.1,0.000,8.06,0
2026-10-09T16:51:52.648,2285.847,113,2.743,27.7,27.2,0.000,7.77,0
2026-10-09T16:51:52.747,2285.947,113,2.743,27.7,27.2,0.000,8.05,0
2026-10-09T16:51:52.848,2286.048,113,2.741,27.9,27.5,0.000,7.80,0
2026-10-09T16:51:52.951,2286.151,113,2.746,27.5,27.0,0.000,7.99,0
2026-10-09T16:51:53.047,2286.246,113,2.746,27.8,26.9,0.000,7.87,0
2026-10-09T16:51:53.147,2286.347,113,2.744,27.2,26.6,0.000,7.85,0
2026-10-09T16:51:53.247,2286.446,113,2.744,27.5,27.3,0.000,8.05,0
2026-10-09T16:51:53.348,2286.547,113,2.746,26.1,27.0,0.000,8.07,0
2026-10-09T16:51:53.447,2286.647,113,2.746,27.8,27.3,0.000,7.64,0
2026-10-09T16:51:53.548,2286.748,113,2.745,27.7,27.6,0.000,8.05,0
2026-10-09T16:51:53.648,2286.847,113,2.747,27.2,26.8,0.000,8.42,0
2026-10-09T16:51:53.747,2286.947,113,2.747,25.6,27.1,0.000,7.87,0
2026-10-09T16:51:53.848,2287.048,113,2.746,27.4,26.9,0.000,7.87,0
2026-10-09T16:51:53.949,2287.149,113,2.746,26.1,27.2,0.000,7.84,0
2026-10-09T16:51:54.050,2287.250,113,2.741,25.6,27.0,0.000,7.68,0
2026-10-09T16:51:54.151,2287.350,113,2.741,28.0,27.4,0.000,8.03,0
2026-10-09T16:51:54.251,2287.450,113,2.744,27.8,27.9,0.000,8.14,0
2026-10-09T16:51:54.350,2287.550,113,2.741,25.9,27.3,0.000,7.65,0
2026-10-09T16:51:54.450,2287.650,113,2.742,27.9,27.2,0.000,7.64,0
2026-10-09T16:51:54.550,2287.750,113,2.742,26.0,27.2,0.000,7.88,0
2026-10-09T16:51:54.654,2287.853,113,2.740,26.0,27.1,0.000,7.99,0
2026-10-09T16:51:54.751,2287.951,113,2.739,27.8,27.2,0.000,7.94,0
2026-10-09T16:51:54.853,2288.052,113,2.736,27.6,27.0,0.000,7.88,0
2026-10-09T16:51:54.952,2288.152,113,2.736,27.4,26.9,0.000,7.88,0
2026-10-09T16:51:55.053,2288.253,113,2.734,27.4,27.0,0.000,7.91,0
2026-10-09T16:51:55.153,2288.353,113,2.734,25.8,27.3,0.000,7.68,0
2026-10-09T16:51:55.253,2288.452,113,2.736,26.0,27.3,0.000,7.79,0
2026-10-09T16:51:55.354,2288.553,113,2.736,25.5,27.0,0.000,7.84,0
2026-10-09T16:51:55.453,2288.653,113,2.740,27.6,27.0,0.000,7.71,0
2026-10-09T16:51:55.553,2288.752,113,2.736,26.9,26.8,0.000,7.82,0
2026-10-09T16:51:55.654,2288.853,113,2.738,27.3,26.8,0.000,8.06,0
2026-10-09T16:51:55.753,2288.953,113,2.738,27.2,27.3,0.000,7.93,0
2026-10-09T16:51:55.853,2289.053,113,2.733,27.6,27.3,0.000,8.06,0
2026-10-09T16:51:55.953,2289.152,113,2.732,27.2,26.9,0.000,7.70,0
2026-10-09T16:51:56.053,2289.253,113,2.732,27.7,27.1,0.000,7.94,0
2026-10-09T16:51:56.153,2289.352,113,2.737,26.8,26.8,0.000,7.79,0
2026-10-09T16:51:56.254,2289.453,113,2.736,27.2,26.9,0.000,7.81,0
2026-10-09T16:51:56.354,2289.553,113,2.731,27.0,26.8,0.000,7.91,0
2026-10-09T16:51:56.454,2289.654,113,2.731,26.6,26.6,0.000,7.78,0
2026-10-09T16:51:56.554,2289.754,113,2.731,25.1,26.8,0.000,7.58,0
2026-10-09T16:51:56.654,2289.854,113,2.736,25.1,26.9,0.000,7.83,0
2026-10-09T16:51:56.754,2289.954,113,2.733,25.0,26.8,0.000,7.93,0
2026-10-09T16:51:56.854,2290.053,113,2.733,25.1,26.9,0.000,8.01,0
2026-10-09T16:51:56.955,2290.155,113,2.735,26.5,27.0,0.000,7.98,0
2026-10-09T16:51:57.055,2290.254,113,2.731,26.8,27.0,0.000,7.79,0
2026-10-09T16:51:57.155,2290.354,113,2.731,26.6,26.4,0.000,7.98,0
2026-10-09T16:51:57.255,2290.454,113,2.731,25.1,26.8,0.000,7.83,0
2026-10-09T16:51:57.354,2290.554,113,2.732,27.0,26.7,0.000,7.98,0
2026-10-09T16:51:57.454,2290.654,113,2.732,27.1,26.8,0.000,7.80,0
2026-10-09T16:51:57.555,2290.754,113,2.734,25.1,26.8,0.000,7.65,0
2026-10-09T16:51:57.655,2290.855,113,2.734,25.2,26.8,0.000,7.95,0
2026-10-09T16:51:57.755,2290.954,113,2.732,25.2,27.0,0.000,7.95,0
2026-10-09T16:51:57.856,2291.055,113,2.730,25.3,26.8,0.000,7.95,0
2026-10-09T16:51:57.957,2291.156,113,2.734,26.9,26.7,0.000,8.03,0
2026-10-09T16:51:58.058,2291.257,113,2.734,26.6,26.8,0.000,7.93,0
2026-10-09T16:51:58.159,2291.358,113,2.733,27.4,26.9,0.000,7.41,0
2026-10-09T16:51:58.260,2291.459,113,2.730,25.6,27.1,0.000,7.64,0
2026-10-09T16:51:58.361,2291.560,113,2.733,27.2,26.9,0.000,7.88,0
2026-10-09T16:51:58.460,2291.660,113,2.733,27.4,26.8,0.000,7.69,0
2026-10-09T16:51:58.560,2291.760,113,2.727,25.5,26.8,0.000,7.81,0
2026-10-09T16:51:58.660,2291.859,113,2.733,26.6,26.7,0.000,7.64,0
2026-10-09T16:51:58.761,2291.961,113,2.733,26.8,27.3,0.000,7.67,0
2026-10-09T16:51:58.861,2292.061,113,2.732,27.2,27.0,0.000,7.98,0
2026-10-09T16:51:58.961,2292.160,113,2.730,26.7,26.7,0.000,7.86,0
2026-10-09T16:51:59.062,2292.261,113,2.729,27.7,27.0,0.000,7.99,0
2026-10-09T16:51:59.165,2292.365,113,2.729,25.5,27.0,0.000,7.83,0
2026-10-09T16:51:59.263,2292.463,113,2.729,26.2,27.1,0.000,7.81,0
2026-10-09T16:51:59.362,2292.562,113,2.726,27.5,26.9,0.000,7.84,0
2026-10-09T16:51:59.463,2292.663,113,2.726,27.0,26.8,0.000,7.70,0
2026-10-09T16:51:59.563,2292.762,113,2.726,25.1,26.7,0.000,7.86,0
2026-10-09T16:51:59.664,2292.864,113,2.727,27.0,26.8,0.000,7.77,0
2026-10-09T16:51:59.764,2292.963,113,2.727,27.6,26.8,0.000,7.95,0
2026-10-09T16:51:59.865,2293.065,113,2.730,27.7,27.1,0.000,7.79,0
2026-10-09T16:51:59.965,2293.165,113,2.730,27.3,27.3,0.000,7.73,0
2026-10-09T16:52:00.065,2293.265,113,2.729,25.7,27.1,0.000,7.64,0
2026-10-09T16:52:00.165,2293.364,113,2.729,25.3,26.9,0.000,7.76,0
2026-10-09T16:52:00.265,2293.464,113,2.729,26.8,26.7,0.000,7.61,0
2026-10-09T16:52:00.366,2293.565,113,2.729,27.4,26.9,0.000,7.73,0
2026-10-09T16:52:00.465,2293.665,113,2.729,26.8,26.6,0.000,7.80,0
2026-10-09T16:52:00.565,2293.765,113,2.730,25.2,26.8,0.000,7.77,0
2026-10-09T16:52:00.667,2293.866,113,2.730,26.9,26.8,0.000,7.85,0
2026-10-09T16:52:00.766,2293.965,113,2.730,25.1,26.7,0.000,7.65,0
2026-10-09T16:52:00.870,2294.070,113,2.729,26.6,26.9,0.000,7.94,0
2026-10-09T16:52:00.966,2294.165,113,2.728,25.3,26.8,0.000,7.86,0
2026-10-09T16:52:01.066,2294.266,113,2.727,25.1,26.4,0.000,8.01,0
2026-10-09T16:52:01.166,2294.365,113,2.727,25.1,26.8,0.000,7.88,0
2026-10-09T16:52:01.267,2294.466,113,2.730,25.0,26.9,0.000,7.66,0
2026-10-09T16:52:01.368,2294.568,113,2.728,25.2,26.8,0.000,7.76,0
2026-10-09T16:52:01.468,2294.668,113,2.728,25.0,26.5,0.000,8.05,0
2026-10-09T16:52:01.568,2294.767,113,2.727,25.1,26.9,0.000,7.76,0
2026-10-09T16:52:01.669,2294.869,113,2.731,25.3,26.9,0.000,7.53,0
2026-10-09T16:52:01.769,2294.968,113,2.733,26.8,26.8,0.000,7.86,0
2026-10-09T16:52:01.869,2295.069,113,2.733,27.1,26.9,0.000,7.50,0
2026-10-09T16:52:01.971,2295.170,113,2.729,27.4,27.0,0.000,7.92,0
2026-10-09T16:52:02.070,2295.270,113,2.728,25.1,26.6,0.000,7.99,0
2026-10-09T16:52:02.170,2295.369,113,2.726,25.1,26.9,0.000,7.79,0
2026-10-09T16:52:02.271,2295.471,113,2.726,27.0,27.0,0.000,7.98,0
2026-10-09T16:52:02.371,2295.570,113,2.728,26.8,26.7,0.000,7.71,0
2026-10-09T16:52:02.472,2295.672,113,2.726,25.3,26.9,0.000,8.09,0
2026-10-09T16:52:02.572,2295.771,113,2.723,27.3,27.2,0.000,7.51,0
2026-10-09T16:52:02.673,2295.873,113,2.723,27.8,27.2,0.000,7.76,0
2026-10-09T16:52:02.772,2295.972,113,2.723,27.3,27.1,0.000,7.77,0
2026-10-09T16:52:02.878,2296.078,113,2.724,27.2,27.0,0.000,7.86,0
2026-10-09T16:52:02.976,2296.175,113,2.724,26.9,26.7,0.000,8.03,0
2026-10-09T16:52:03.073,2296.273,113,2.724,25.2,26.7,0.000,8.06,0
2026-10-09T16:52:03.173,2296.372,113,2.728,25.0,26.8,0.000,7.91,0
2026-10-09T16:52:03.274,2296.473,113,2.724,26.8,27.0,0.000,7.70,0
2026-10-09T16:52:03.374,2296.574,113,2.721,27.4,26.8,0.000,7.94,0
2026-10-09T16:52:03.474,2296.674,113,2.721,25.4,26.8,0.000,8.05,0
2026-10-09T16:52:03.574,2296.774,113,2.724,26.6,26.7,0.000,7.83,0
2026-10-09T16:52:03.674,2296.873,113,2.730,25.1,26.8,0.000,7.91,0
2026-10-09T16:52:03.775,2296.974,113,2.723,24.9,26.8,0.000,7.62,0
2026-10-09T16:52:03.874,2297.074,113,2.723,25.1,26.8,0.000,7.59,0
2026-10-09T16:52:03.975,2297.175,113,2.728,26.8,26.8,0.000,7.72,0
2026-10-09T16:52:04.075,2297.274,113,2.726,25.0,26.9,0.000,7.90,0
2026-10-09T16:52:04.176,2297.376,113,2.726,27.0,27.0,0.000,7.69,0
2026-10-09T16:52:04.275,2297.475,113,2.722,25.2,27.0,0.000,7.96,0
2026-10-09T16:52:04.378,2297.578,113,2.723,25.0,26.9,0.000,7.87,0
2026-10-09T16:52:04.475,2297.675,113,2.724,25.0,26.7,0.000,8.05,0
2026-10-09T16:52:04.575,2297.775,113,2.724,26.7,26.8,0.000,7.71,0
2026-10-09T16:52:04.675,2297.874,113,2.725,25.2,26.7,0.000,7.66,0
2026-10-09T16:52:04.776,2297.975,113,2.725,26.7,27.1,0.000,7.63,0
2026-10-09T16:52:04.877,2298.077,113,2.724,26.8,26.6,0.000,7.75,0
2026-10-09T16:52:04.976,2298.176,113,2.724,25.2,26.9,0.000,7.91,0
2026-10-09T16:52:05.077,2298.277,113,2.725,25.0,26.8,0.000,7.79,0
2026-10-09T16:52:05.177,2298.376,113,2.728,25.1,26.8,0.000,8.18,0
2026-10-09T16:52:05.277,2298.476,113,2.725,26.9,26.7,0.000,7.99,0
2026-10-09T16:52:05.378,2298.578,113,2.725,25.4,26.8,0.000,7.68,0
2026-10-09T16:52:05.478,2298.678,113,2.726,25.0,26.7,0.000,7.92,0
2026-10-09T16:52:05.579,2298.778,113,2.728,26.7,26.6,0.000,7.85,0
2026-10-09T16:52:05.679,2298.879,113,2.726,25.0,26.8,0.000,7.78,0
2026-10-09T16:52:05.778,2298.978,113,2.726,27.0,26.7,0.000,7.72,0
2026-10-09T16:52:05.879,2299.078,113,2.725,26.8,26.8,0.000,7.88,0
2026-10-09T16:52:05.979,2299.178,113,2.724,26.9,26.8,0.000,7.47,0
2026-10-09T16:52:06.079,2299.278,113,2.723,26.8,26.6,0.000,7.68,0
2026-10-09T16:52:06.179,2299.378,113,2.723,25.5,26.8,0.000,7.58,0
2026-10-09T16:52:06.280,2299.479,113,2.722,25.0,26.8,0.000,7.62,0
2026-10-09T16:52:06.380,2299.579,113,2.721,27.4,27.2,0.000,7.90,0
2026-10-09T16:52:06.481,2299.680,113,2.722,25.0,26.8,0.000,7.83,0
2026-10-09T16:52:06.580,2299.780,113,2.722,25.5,26.9,0.000,7.75,0
2026-10-09T16:52:06.681,2299.881,113,2.718,26.8,27.0,0.000,7.80,0
2026-10-09T16:52:06.781,2299.980,113,2.721,25.7,27.1,0.000,7.35,0
2026-10-09T16:52:06.881,2300.080,113,2.721,25.1,26.5,0.000,7.79,0
2026-10-09T16:52:06.981,2300.181,113,2.719,25.2,26.8,0.000,7.57,0
2026-10-09T16:52:07.082,2300.281,113,2.718,27.2,27.1,0.000,7.83,0
2026-10-09T16:52:07.182,2300.382,113,2.719,25.1,26.6,0.000,7.76,0
2026-10-09T16:52:07.285,2300.484,113,2.719,25.7,27.0,0.000,7.72,0
2026-10-09T16:52:07.381,2300.581,113,2.724,25.7,26.9,0.000,7.73,0
2026-10-09T16:52:07.482,2300.682,113,2.723,25.8,26.5,0.000,7.73,0
2026-10-09T16:52:07.581,2300.781,113,2.726,26.8,27.0,0.000,7.74,0
2026-10-09T16:52:07.682,2300.882,113,2.726,25.8,26.9,0.000,7.92,0
2026-10-09T16:52:07.783,2300.982,113,2.726,27.3,27.0,0.000,7.68,0
2026-10-09T16:52:07.883,2301.083,113,2.730,25.2,26.7,0.000,7.71,0
2026-10-09T16:52:07.984,2301.183,113,2.729,25.3,27.0,0.000,7.86,0
2026-10-09T16:52:08.084,2301.284,113,2.729,27.0,26.8,0.000,7.83,0
2026-10-09T16:52:08.185,2301.384,113,2.736,25.2,26.9,0.000,7.95,0
2026-10-09T16:52:08.284,2301.484,113,2.731,26.0,27.0,0.000,7.88,0
2026-10-09T16:52:08.385,2301.584,113,2.723,26.7,26.6,0.000,7.73,0
2026-10-09T16:52:08.486,2301.686,113,2.723,25.5,26.9,0.000,7.92,0
2026-10-09T16:52:08.586,2301.785,113,2.726,25.3,26.7,0.000,7.97,0
2026-10-09T16:52:08.686,2301.885,113,2.722,27.2,26.8,0.000,7.61,0
2026-10-09T16:52:08.786,2301.986,113,2.730,25.5,26.9,0.000,7.93,0
2026-10-09T16:52:08.887,2302.086,113,2.730,25.3,26.8,0.000,8.13,0
2026-10-09T16:52:08.987,2302.186,113,2.724,27.6,26.8,0.000,8.01,0
2026-10-09T16:52:09.089,2302.289,113,2.722,27.1,26.8,0.000,7.97,0
2026-10-09T16:52:09.188,2302.388,113,2.724,25.1,26.8,0.000,7.77,0
2026-10-09T16:52:09.293,2302.493,113,2.724,25.0,26.8,0.000,7.54,0
2026-10-09T16:52:09.389,2302.588,113,2.720,24.9,26.8,0.000,7.60,0
2026-10-09T16:52:09.490,2302.689,113,2.722,26.6,26.6,0.000,7.68,0
2026-10-09T16:52:09.591,2302.790,113,2.723,25.1,27.0,0.000,7.60,0
2026-10-09T16:52:09.690,2302.890,113,2.723,25.0,26.9,0.000,7.75,0
2026-10-09T16:52:09.791,2302.991,113,2.723,26.7,26.7,0.000,7.78,0
2026-10-09T16:52:09.890,2303.090,113,2.720,26.8,26.6,0.000,7.72,0
2026-10-09T16:52:09.991,2303.191,113,2.720,25.2,26.7,0.000,7.61,0
2026-10-09T16:52:10.091,2303.291,113,2.724,26.9,26.9,0.000,7.65,0
2026-10-09T16:52:10.191,2303.390,113,2.724,27.0,26.8,0.000,7.66,0
2026-10-09T16:52:10.291,2303.490,113,2.721,27.2,27.1,0.000,7.77,0
2026-10-09T16:52:10.392,2303.591,113,2.721,25.1,26.8,0.000,7.64,0
2026-10-09T16:52:10.494,2303.693,113,2.723,26.6,26.6,0.000,7.71,0
2026-10-09T16:52:10.595,2303.795,113,2.726,24.9,26.7,0.000,7.97,0
2026-10-09T16:52:10.694,2303.893,113,2.727,25.3,26.8,0.000,7.70,0
2026-10-09T16:52:10.793,2303.992,113,2.727,27.0,27.0,0.000,7.84,0
2026-10-09T16:52:10.893,2304.092,113,2.729,25.5,26.9,0.000,7.79,0
2026-10-09T16:52:10.993,2304.193,113,2.726,26.7,26.7,0.000,7.79,0
2026-10-09T16:52:11.094,2304.294,113,2.730,25.0,26.9,0.000,7.83,0
2026-10-09T16:52:11.195,2304.394,113,2.730,26.9,27.0,0.000,7.69,0
2026-10-09T16:52:11.294,2304.494,113,2.726,25.1,26.6,0.000,7.82,0
2026-10-09T16:52:11.395,2304.594,113,2.725,25.1,26.6,0.000,7.92,0
2026-10-09T16:52:11.495,2304.694,113,2.722,27.0,26.9,0.000,8.09,0
2026-10-09T16:52:11.594,2304.793,113,2.722,26.9,26.7,0.000,7.87,0
2026-10-09T16:52:11.694,2304.894,113,2.739,25.3,26.8,0.000,7.87,0
2026-10-09T16:52:11.794,2304.994,113,2.730,27.1,26.6,0.000,7.86,0
2026-10-09T16:52:11.894,2305.094,113,2.725,27.2,26.8,0.000,7.61,0
2026-10-09T16:52:11.995,2305.195,113,2.725,25.6,26.9,0.000,7.62,0
2026-10-09T16:52:12.095,2305.295,113,2.722,25.5,26.7,0.000,7.60,0
2026-10-09T16:52:12.195,2305.394,113,2.723,27.1,26.6,0.000,7.90,0
2026-10-09T16:52:12.297,2305.496,113,2.723,25.8,27.0,0.000,7.87,0
2026-10-09T16:52:12.394,2305.594,113,2.724,25.8,26.8,0.000,7.71,0
2026-10-09T16:52:12.495,2305.695,113,2.724,25.7,27.0,0.000,7.47,0
2026-10-09T16:52:12.596,2305.796,113,2.725,25.5,26.8,0.000,7.93,0
2026-10-09T16:52:12.697,2305.897,113,2.725,27.3,27.0,0.000,7.57,0
2026-10-09T16:52:12.797,2305.997,113,2.725,26.8,26.7,0.000,7.77,0
2026-10-09T16:52:12.897,2306.097,113,2.723,25.9,26.8,0.000,7.72,0
2026-10-09T16:52:12.996,2306.196,113,2.721,27.7,27.2,0.000,7.53,0
2026-10-09T16:52:13.097,2306.297,113,2.721,27.4,26.8,0.000,7.73,0
2026-10-09T16:52:13.197,2306.396,113,2.723,27.5,27.0,0.000,7.79,0
2026-10-09T16:52:13.297,2306.496,113,2.722,27.0,26.7,0.000,7.65,0
2026-10-09T16:52:13.398,2306.597,113,2.719,27.7,26.9,0.000,7.80,0
2026-10-09T16:52:13.498,2306.697,113,2.719,27.0,26.7,0.000,7.69,0
2026-10-09T16:52:13.599,2306.798,113,2.727,25.9,27.2,0.000,7.81,0
2026-10-09T16:52:13.701,2306.900,113,2.726,26.7,26.6,0.000,7.90,0
2026-10-09T16:52:13.798,2306.997,113,2.721,25.3,26.8,0.000,7.68,0
2026-10-09T16:52:13.898,2307.098,113,2.721,27.0,27.0,0.000,7.72,0
2026-10-09T16:52:13.998,2307.197,113,2.723,27.4,26.8,0.000,7.67,0
2026-10-09T16:52:14.099,2307.298,113,2.722,25.5,26.9,0.000,7.98,0
2026-10-09T16:52:14.199,2307.398,113,2.722,25.5,26.5,0.000,7.97,0
2026-10-09T16:52:14.298,2307.497,113,2.722,25.7,26.8,0.000,7.83,0
2026-10-09T16:52:14.399,2307.598,113,2.723,27.3,26.8,0.000,7.86,0
2026-10-09T16:52:14.499,2307.698,113,2.720,25.3,27.1,0.000,7.82,0
2026-10-09T16:52:14.598,2307.798,113,2.719,27.6,27.0,0.000,7.73,0
2026-10-09T16:52:14.700,2307.899,113,2.719,26.0,27.2,0.000,7.89,0
2026-10-09T16:52:14.799,2307.999,113,2.725,27.3,26.8,0.000,7.77,0
2026-10-09T16:52:14.900,2308.100,113,2.724,25.3,26.8,0.000,7.85,0
2026-10-09T16:52:15.001,2308.200,113,2.724,27.5,27.0,0.000,7.57,0
2026-10-09T16:52:15.101,2308.301,113,2.721,27.3,27.1,0.000,7.80,0
2026-10-09T16:52:15.201,2308.401,113,2.726,25.8,26.9,0.000,7.58,0
2026-10-09T16:52:15.302,2308.502,113,2.724,27.1,26.8,0.000,8.03,0
2026-10-09T16:52:15.407,2308.606,113,2.724,25.5,26.9,0.000,7.75,0
2026-10-09T16:52:15.503,2308.703,113,2.724,25.5,26.8,0.000,7.78,0
2026-10-09T16:52:15.603,2308.803,113,2.723,27.0,26.7,0.000,7.68,0
2026-10-09T16:52:15.704,2308.903,113,2.722,27.3,26.8,0.000,7.56,0
2026-10-09T16:52:15.804,2309.004,113,2.722,25.5,26.6,0.000,7.52,0
2026-10-09T16:52:15.904,2309.103,113,2.723,26.8,26.6,0.000,7.87,0
2026-10-09T16:52:16.003,2309.202,113,2.721,27.3,26.8,0.000,7.71,0
2026-10-09T16:52:16.104,2309.303,113,2.719,25.5,27.0,0.000,7.51,0
2026-10-09T16:52:16.203,2309.403,113,2.719,27.3,27.0,0.000,7.74,0
2026-10-09T16:52:16.304,2309.504,113,2.722,25.9,27.0,0.000,7.77,0
2026-10-09T16:52:16.405,2309.604,113,2.720,25.4,27.0,0.000,7.97,0
2026-10-09T16:52:16.506,2309.706,113,2.723,25.6,26.7,0.000,7.75,0
2026-10-09T16:52:16.606,2309.806,113,2.723,25.6,26.8,0.000,7.81,0
2026-10-09T16:52:16.706,2309.905,113,2.721,25.9,26.7,0.000,7.97,0
2026-10-09T16:52:16.806,2310.005,113,2.714,25.7,26.9,0.000,7.61,0
2026-10-09T16:52:16.906,2310.105,113,2.720,25.9,26.9,0.000,7.72,0
2026-10-09T16:52:17.005,2310.205,113,2.720,25.9,27.0,0.000,7.88,0
2026-10-09T16:52:17.105,2310.305,113,2.718,25.1,26.7,0.000,7.81,0
2026-10-09T16:52:17.209,2310.408,113,2.720,26.2,27.1,0.000,7.72,0
2026-10-09T16:52:17.307,2310.507,113,2.719,25.5,27.3,0.000,7.71,0
2026-10-09T16:52:17.408,2310.607,113,2.719,27.1,26.8,0.000,7.94,0
2026-10-09T16:52:17.509,2310.708,113,2.718,27.8,27.2,0.000,7.92,0
2026-10-09T16:52:17.610,2310.810,113,2.719,25.6,26.8,0.000,7.85,0
2026-10-09T16:52:17.710,2310.910,113,2.720,26.0,27.1,0.000,7.80,0
2026-10-09T16:52:17.811,2311.011,113,2.720,27.4,26.7,0.000,7.99,0
2026-10-09T16:52:17.912,2311.112,113,2.720,26.0,27.0,0.000,7.80,0
2026-10-09T16:52:18.012,2311.212,113,2.723,25.9,27.1,0.000,7.55,0
2026-10-09T16:52:18.113,2311.312,113,2.723,27.2,27.1,0.000,7.68,0
2026-10-09T16:52:18.214,2311.414,113,2.720,26.6,27.0,0.000,7.54,0
2026-10-09T16:52:18.313,2311.513,113,2.719,25.5,26.9,0.000,8.03,0
2026-10-09T16:52:18.413,2311.613,113,2.717,25.6,27.0,0.000,7.78,0
2026-10-09T16:52:18.513,2311.712,113,2.717,25.6,27.0,0.000,7.54,0
2026-10-09T16:52:18.614,2311.813,113,2.721,25.5,27.1,0.000,7.84,0
2026-10-09T16:52:18.714,2311.914,113,2.717,25.5,26.9,0.000,7.77,0
2026-10-09T16:52:18.814,2312.014,113,2.719,27.0,26.8,0.000,7.83,0
2026-10-09T16:52:18.914,2312.113,113,2.719,27.2,26.8,0.000,7.73,0
2026-10-09T16:52:19.016,2312.215,113,2.720,27.5,27.1,0.000,7.89,0
2026-10-09T16:52:19.115,2312.315,113,2.718,25.2,26.8,0.000,7.75,0
2026-10-09T16:52:19.215,2312.415,113,2.721,25.6,26.7,0.000,7.61,0
2026-10-09T16:52:19.315,2312.515,113,2.721,25.4,26.8,0.000,8.01,0
2026-10-09T16:52:19.415,2312.615,113,2.723,26.7,27.0,0.000,7.68,0
2026-10-09T16:52:19.516,2312.716,113,2.719,25.7,26.8,0.000,7.76,0
2026-10-09T16:52:19.617,2312.816,113,2.720,25.5,26.8,0.000,7.61,0
2026-10-09T16:52:19.719,2312.919,113,2.720,26.9,27.0,0.000,7.46,0
2026-10-09T16:52:19.818,2313.017,113,2.721,26.0,27.1,0.000,7.60,0
2026-10-09T16:52:19.917,2313.117,113,2.724,27.1,26.7,0.000,8.08,0
2026-10-09T16:52:20.017,2313.217,113,2.719,25.6,26.6,0.000,7.80,0
2026-10-09T16:52:20.118,2313.317,113,2.719,27.5,27.0,0.000,7.77,0
2026-10-09T16:52:20.218,2313.418,113,2.717,27.2,26.7,0.000,7.59,0
2026-10-09T16:52:20.319,2313.519,113,2.717,26.9,27.0,0.000,7.75,0
2026-10-09T16:52:20.419,2313.618,113,2.717,27.5,27.0,0.000,7.43,0
2026-10-09T16:52:20.519,2313.719,113,2.717,27.3,26.8,0.000,7.76,0
2026-10-09T16:52:20.619,2313.819,113,2.719,26.8,27.2,0.000,7.76,0
2026-10-09T16:52:20.719,2313.918,113,2.715,27.1,26.7,0.000,7.70,0
2026-10-09T16:52:20.820,2314.019,113,2.715,27.4,27.0,0.000,7.75,0
2026-10-09T16:52:20.921,2314.120,113,2.718,27.0,26.8,0.000,7.66,0
2026-10-09T16:52:21.021,2314.221,113,2.716,25.1,26.6,0.000,7.60,0
2026-10-09T16:52:21.121,2314.320,113,2.717,25.7,26.9,0.000,7.53,0
2026-10-09T16:52:21.221,2314.420,113,2.717,25.4,27.2,0.000,7.63,0
2026-10-09T16:52:21.322,2314.522,113,2.717,25.5,27.0,0.000,7.55,0
2026-10-09T16:52:21.422,2314.621,113,2.715,25.5,26.7,0.000,7.79,0
2026-10-09T16:52:21.523,2314.722,113,2.718,25.3,26.8,0.000,7.64,0
2026-10-09T16:52:21.624,2314.824,113,2.718,24.9,26.8,0.000,7.88,0
2026-10-09T16:52:21.726,2314.926,113,2.714,25.1,26.7,0.000,7.97,0
2026-10-09T16:52:21.826,2315.025,113,2.716,26.9,27.0,0.000,7.57,0
2026-10-09T16:52:21.925,2315.124,113,2.717,25.2,26.8,0.000,7.83,0
2026-10-09T16:52:22.026,2315.225,113,2.717,24.9,26.7,0.000,7.69,0
2026-10-09T16:52:22.126,2315.325,113,2.714,26.6,26.6,0.000,7.73,0
2026-10-09T16:52:22.226,2315.426,113,2.718,26.6,26.6,0.000,7.77,0
2026-10-09T16:52:22.327,2315.527,113,2.717,25.0,27.0,0.000,7.79,0
2026-10-09T16:52:22.428,2315.627,113,2.717,26.6,26.6,0.000,7.72,0
2026-10-09T16:52:22.528,2315.727,113,2.717,26.7,26.7,0.000,7.68,0
2026-10-09T16:52:22.628,2315.828,113,2.714,26.8,26.8,0.000,7.64,0
2026-10-09T16:52:22.728,2315.927,113,2.716,26.7,26.7,0.000,7.76,0
2026-10-09T16:52:22.829,2316.028,113,2.716,24.9,26.8,0.000,7.97,0
2026-10-09T16:52:22.929,2316.129,113,2.714,25.8,26.5,0.000,7.63,0
2026-10-09T16:52:23.029,2316.228,113,2.716,25.0,26.7,0.000,7.66,0
2026-10-09T16:52:23.130,2316.330,113,2.718,26.7,26.5,0.000,7.99,0
2026-10-09T16:52:23.230,2316.430,113,2.718,25.2,26.9,0.000,7.68,0
2026-10-09T16:52:23.330,2316.529,113,2.718,24.9,26.7,0.000,7.88,0
2026-10-09T16:52:23.429,2316.629,113,2.716,26.5,26.6,0.000,7.87,0
2026-10-09T16:52:23.530,2316.729,113,2.714,26.9,26.8,0.000,7.65,0
2026-10-09T16:52:23.630,2316.830,113,2.714,25.1,26.8,0.000,7.78,0
2026-10-09T16:52:23.729,2316.928,113,2.712,25.3,26.8,0.000,7.60,0
2026-10-09T16:52:23.833,2317.033,113,2.714,25.3,26.8,0.000,7.87,0
2026-10-09T16:52:23.929,2317.128,113,2.714,26.0,26.9,0.000,7.95,0
2026-10-09T16:52:24.030,2317.230,113,2.715,25.7,27.2,0.000,7.74,0
2026-10-09T16:52:24.131,2317.331,113,2.717,25.1,27.0,0.000,7.72,0
2026-10-09T16:52:24.232,2317.431,113,2.714,25.1,26.8,0.000,7.54,0
2026-10-09T16:52:24.331,2317.531,113,2.714,27.0,26.6,0.000,7.53,0
2026-10-09T16:52:24.431,2317.630,113,2.714,27.5,26.7,0.000,7.72,0
2026-10-09T16:52:24.532,2317.731,113,2.712,26.8,26.5,0.000,7.61,0
2026-10-09T16:52:24.633,2317.832,113,2.716,26.8,26.7,0.000,7.77,0
2026-10-09T16:52:24.733,2317.933,113,2.716,25.2,26.9,0.000,7.69,0
2026-10-09T16:52:24.833,2318.033,113,2.712,25.0,26.5,0.000,7.66,0
2026-10-09T16:52:24.933,2318.133,113,2.711,25.2,26.8,0.000,7.85,0
2026-10-09T16:52:25.033,2318.232,113,2.715,25.2,26.8,0.000,7.66,0
2026-10-09T16:52:25.133,2318.332,113,2.715,26.9,26.9,0.000,7.72,0
2026-10-09T16:52:25.234,2318.433,113,2.722,25.0,26.7,0.000,7.73,0
2026-10-09T16:52:25.335,2318.535,113,2.720,26.5,26.9,0.000,7.81,0
2026-10-09T16:52:25.434,2318.633,113,2.720,25.3,26.8,0.000,7.92,0
2026-10-09T16:52:25.538,2318.737,113,2.720,26.6,26.6,0.000,7.43,0
2026-10-09T16:52:25.635,2318.834,113,2.719,26.7,26.8,0.000,7.81,0
2026-10-09T16:52:25.734,2318.934,113,2.717,27.2,26.8,0.000,7.57,0
2026-10-09T16:52:25.835,2319.035,113,2.717,25.1,26.8,0.000,8.03,0
2026-10-09T16:52:25.935,2319.135,113,2.717,25.3,26.8,0.000,7.94,0
2026-10-09T16:52:26.035,2319.234,113,2.719,27.2,26.8,0.000,7.73,0
2026-10-09T16:52:26.135,2319.335,113,2.718,27.0,26.9,0.000,7.50,0
2026-10-09T16:52:26.236,2319.436,113,2.715,26.9,26.5,0.000,7.65,0
2026-10-09T16:52:26.336,2319.535,113,2.715,25.7,26.8,0.000,7.86,0
2026-10-09T16:52:26.436,2319.635,113,2.715,27.6,26.8,0.000,7.91,0
2026-10-09T16:52:26.536,2319.736,113,2.715,27.7,27.2,0.000,7.78,0
2026-10-09T16:52:26.636,2319.835,113,2.715,27.1,26.8,0.000,7.82,0
2026-10-09T16:52:26.736,2319.935,113,2.714,25.7,26.9,0.000,7.66,0
2026-10-09T16:52:26.836,2320.036,113,2.717,27.4,26.8,0.000,7.60,0
2026-10-09T16:52:26.936,2320.135,113,2.716,27.5,26.7,0.000,7.70,0
2026-10-09T16:52:27.036,2320.235,113,2.716,25.8,26.8,0.000,7.34,0
2026-10-09T16:52:27.137,2320.336,113,2.713,27.0,26.6,0.000,7.56,0
2026-10-09T16:52:27.242,2320.441,113,2.712,27.2,26.7,0.000,7.53,0
2026-10-09T16:52:27.338,2320.537,113,2.710,27.3,26.6,0.000,7.66,0
2026-10-09T16:52:27.439,2320.638,113,2.710,25.6,26.9,0.000,7.73,0
2026-10-09T16:52:27.539,2320.738,113,2.711,26.7,26.6,0.000,7.88,0
2026-10-09T16:52:27.640,2320.839,113,2.710,25.3,26.6,0.000,7.54,0
2026-10-09T16:52:27.740,2320.940,113,2.707,26.9,27.0,0.000,7.73,0
2026-10-09T16:52:27.840,2321.039,113,2.707,27.0,27.1,0.000,7.62,0
2026-10-09T16:52:27.941,2321.140,113,2.714,27.4,26.7,0.000,7.78,0
2026-10-09T16:52:28.042,2321.241,113,2.712,26.5,26.4,0.000,8.06,0
2026-10-09T16:52:28.142,2321.342,113,2.715,26.4,26.5,0.000,7.81,0
2026-10-09T16:52:28.248,2321.448,113,2.715,26.4,26.5,0.000,7.56,0
2026-10-09T16:52:28.342,2321.542,113,2.711,27.0,26.8,0.000,7.99,0
2026-10-09T16:52:28.443,2321.642,113,2.713,25.1,26.7,0.000,7.47,0
2026-10-09T16:52:28.544,2321.743,113,2.712,25.0,26.7,0.000,7.96,0
2026-10-09T16:52:28.645,2321.844,113,2.712,26.6,26.5,0.000,7.81,0
2026-10-09T16:52:28.746,2321.945,113,2.711,26.4,26.4,0.000,7.97,0
2026-10-09T16:52:28.847,2322.046,113,2.712,26.9,26.8,0.000,7.81,0
2026-10-09T16:52:28.948,2322.147,113,2.713,26.9,26.7,0.000,7.84,0
2026-10-09T16:52:29.049,2322.248,113,2.713,25.6,26.8,0.000,7.90,0
2026-10-09T16:52:29.150,2322.350,113,2.714,27.4,26.8,0.000,7.83,0
2026-10-09T16:52:29.250,2322.449,113,2.714,27.8,26.8,0.000,7.95,0
2026-10-09T16:52:29.350,2322.549,113,2.712,27.3,26.8,0.000,7.91,0
2026-10-09T16:52:29.451,2322.650,113,2.712,26.8,26.9,0.000,7.97,0
2026-10-09T16:52:29.552,2322.751,113,2.710,27.2,27.0,0.000,7.93,0
2026-10-09T16:52:29.653,2322.853,113,2.712,26.8,26.4,0.000,7.76,0
2026-10-09T16:52:29.753,2322.952,113,2.711,27.5,26.8,0.000,8.14,0
2026-10-09T16:52:29.854,2323.054,113,2.711,26.1,27.1,0.000,7.91,0
2026-10-09T16:52:29.953,2323.152,113,2.712,25.5,26.6,0.000,7.90,0
2026-10-09T16:52:30.054,2323.253,113,2.711,27.5,27.2,0.000,7.72,0
2026-10-09T16:52:30.155,2323.354,113,2.711,25.3,26.8,0.000,7.87,0
2026-10-09T16:52:30.256,2323.455,113,2.711,27.5,27.0,0.000,7.87,0
2026-10-09T16:52:30.356,2323.555,113,2.710,25.0,26.7,0.000,8.03,0
2026-10-09T16:52:30.457,2323.656,113,2.710,26.9,26.8,0.000,7.98,0
2026-10-09T16:52:30.558,2323.757,113,2.710,26.8,26.8,0.000,7.59,0
2026-10-09T16:52:30.658,2323.858,113,2.708,26.5,26.4,0.000,7.69,0
2026-10-09T16:52:30.759,2323.958,113,2.712,24.8,26.7,0.000,7.88,0
2026-10-09T16:52:30.859,2324.058,113,2.707,25.0,26.4,0.000,8.20,0
2026-10-09T16:52:30.960,2324.159,113,2.707,24.9,26.3,0.000,7.80,0
2026-10-09T16:52:31.061,2324.260,113,2.710,26.8,27.0,0.000,7.65,0
2026-10-09T16:52:31.162,2324.361,113,2.712,25.3,26.7,0.000,7.86,0
2026-10-09T16:52:31.263,2324.462,113,2.709,25.9,26.8,0.000,7.72,0
2026-10-09T16:52:31.364,2324.563,113,2.709,27.3,27.1,0.000,8.03,0
2026-10-09T16:52:31.463,2324.663,113,2.711,27.1,26.8,0.000,7.78,0
2026-10-09T16:52:31.565,2324.764,113,2.709,25.2,26.8,0.000,7.83,0
2026-10-09T16:52:31.665,2324.865,113,2.712,27.4,26.8,0.000,7.87,0
2026-10-09T16:52:31.765,2324.964,113,2.712,25.8,27.1,0.000,7.77,0
2026-10-09T16:52:31.865,2325.065,113,2.709,25.7,27.0,0.000,7.62,0
2026-10-09T16:52:31.965,2325.165,113,2.714,25.6,26.4,0.000,7.68,0
2026-10-09T16:52:32.066,2325.266,113,2.706,26.9,26.9,0.000,7.79,0
2026-10-09T16:52:32.165,2325.365,113,2.706,27.1,26.8,0.000,7.73,0
2026-10-09T16:52:32.266,2325.466,113,2.709,27.2,26.8,0.000,7.71,0
2026-10-09T16:52:32.367,2325.567,113,2.706,25.8,26.9,0.000,7.83,0
2026-10-09T16:52:32.466,2325.666,113,2.704,27.3,26.6,0.000,7.80,0
2026-10-09T16:52:32.567,2325.767,113,2.704,25.7,27.0,0.000,7.97,0
2026-10-09T16:52:32.668,2325.868,113,2.709,27.3,26.7,0.000,7.80,0
2026-10-09T16:52:32.769,2325.969,113,2.711,27.2,26.7,0.000,7.77,0
2026-10-09T16:52:32.870,2326.070,113,2.710,25.7,27.3,0.000,7.81,0
2026-10-09T16:52:32.971,2326.171,113,2.710,26.9,26.8,0.000,8.01,0
2026-10-09T16:52:33.072,2326.272,113,2.708,26.8,26.6,0.000,7.73,0
2026-10-09T16:52:33.174,2326.373,113,2.710,27.2,26.8,0.000,7.84,0
2026-10-09T16:52:33.272,2326.471,113,2.707,26.8,26.6,0.000,7.75,0
2026-10-09T16:52:33.372,2326.572,113,2.707,27.4,26.8,0.000,7.77,0
2026-10-09T16:52:33.473,2326.672,113,2.709,26.9,26.6,0.000,7.51,0
2026-10-09T16:52:33.572,2326.771,113,2.710,26.9,27.0,0.000,7.88,0
2026-10-09T16:52:33.673,2326.872,113,2.710,27.3,26.6,0.000,7.66,0
2026-10-09T16:52:33.772,2326.971,113,2.705,27.4,26.9,0.000,8.01,0
2026-10-09T16:52:33.872,2327.072,113,2.707,27.2,26.7,0.000,7.65,0
2026-10-09T16:52:33.972,2327.172,113,2.707,27.3,26.5,0.000,7.84,0
2026-10-09T16:52:34.073,2327.273,113,2.707,27.5,27.4,0.000,7.91,0
2026-10-09T16:52:34.172,2327.372,113,2.709,27.4,27.0,0.000,7.86,0
2026-10-09T16:52:34.273,2327.472,113,2.703,27.3,27.0,0.000,7.75,0
2026-10-09T16:52:34.372,2327.572,113,2.702,27.3,26.9,0.000,7.87,0
2026-10-09T16:52:34.474,2327.673,113,2.702,25.6,27.0,0.000,7.83,0
2026-10-09T16:52:34.573,2327.773,113,2.704,27.5,27.1,0.000,7.79,0
2026-10-09T16:52:34.675,2327.875,113,2.708,25.2,26.8,0.000,7.69,0
2026-10-09T16:52:34.775,2327.974,113,2.705,25.8,26.9,0.000,7.63,0
2026-10-09T16:52:34.876,2328.075,113,2.705,26.9,26.6,0.000,7.73,0
2026-10-09T16:52:34.978,2328.178,113,2.702,27.0,26.6,0.000,8.08,0
2026-10-09T16:52:35.075,2328.274,113,2.702,25.7,27.0,0.000,7.66,0
2026-10-09T16:52:35.175,2328.375,113,2.703,25.6,26.9,0.000,7.94,0
2026-10-09T16:52:35.276,2328.476,113,2.703,27.2,26.6,0.000,7.72,0
2026-10-09T16:52:35.377,2328.577,113,2.703,25.6,26.9,0.000,7.87,0
2026-10-09T16:52:35.477,2328.677,113,2.707,27.1,27.3,0.000,7.80,0
2026-10-09T16:52:35.577,2328.776,113,2.703,25.6,26.8,0.000,7.81,0
2026-10-09T16:52:35.676,2328.876,113,2.703,27.3,26.8,0.000,8.14,0
2026-10-09T16:52:35.777,2328.977,113,2.704,25.4,26.7,0.000,7.83,0
2026-10-09T16:52:35.878,2329.078,113,2.704,26.8,27.0,0.000,7.52,0
2026-10-09T16:52:35.979,2329.178,113,2.703,27.2,26.7,0.000,7.75,0
2026-10-09T16:52:36.078,2329.278,113,2.703,25.4,27.0,0.000,8.01,0
2026-10-09T16:52:36.179,2329.379,113,2.701,27.0,26.7,0.000,7.88,0
2026-10-09T16:52:36.279,2329.478,113,2.703,27.2,26.9,0.000,7.90,0
2026-10-09T16:52:36.378,2329.577,113,2.703,25.6,26.9,0.000,8.03,0
2026-10-09T16:52:36.479,2329.678,113,2.701,27.0,26.7,0.000,7.80,0
2026-10-09T16:52:36.580,2329.779,113,2.703,27.1,26.7,0.000,7.51,0
2026-10-09T16:52:36.681,2329.880,113,2.700,26.9,26.5,0.000,7.60,0
2026-10-09T16:52:36.781,2329.980,113,2.700,25.5,26.8,0.000,7.89,0
2026-10-09T16:52:36.879,2330.079,113,2.703,26.9,26.5,0.000,7.84,0
2026-10-09T16:52:36.980,2330.179,113,2.699,25.7,27.2,0.000,7.76,0
2026-10-09T16:52:37.080,2330.279,113,2.704,25.8,26.9,0.000,7.69,0
2026-10-09T16:52:37.181,2330.380,113,2.704,25.3,26.5,0.000,7.89,0
2026-10-09T16:52:37.281,2330.480,113,2.706,27.0,26.8,0.000,7.77,0
2026-10-09T16:52:37.380,2330.580,113,2.700,27.5,27.1,0.000,7.81,0
2026-10-09T16:52:37.481,2330.681,113,2.709,25.4,26.6,0.000,7.70,0
2026-10-09T16:52:37.582,2330.781,113,2.709,25.4,27.0,0.000,7.71,0
2026-10-09T16:52:37.683,2330.882,113,2.704,27.5,27.3,0.000,7.87,0
2026-10-09T16:52:37.782,2330.982,113,2.703,27.3,26.8,0.000,7.64,0
2026-10-09T16:52:37.883,2331.082,113,2.708,27.0,26.6,0.000,7.71,0
2026-10-09T16:52:37.982,2331.181,113,2.708,27.1,26.8,0.000,7.80,0
2026-10-09T16:52:38.083,2331.282,113,2.703,25.5,26.8,0.000,7.88,0
2026-10-09T16:52:38.182,2331.382,113,2.704,27.8,27.0,0.000,7.92,0
2026-10-09T16:52:38.282,2331.481,113,2.705,25.7,26.9,0.000,7.66,0
2026-10-09T16:52:38.382,2331.582,113,2.705,27.3,27.0,0.000,7.66,0
2026-10-09T16:52:38.483,2331.683,113,2.703,27.2,26.7,0.000,7.95,0
2026-10-09T16:52:38.584,2331.783,113,2.705,27.3,26.5,0.000,7.86,0
2026-10-09T16:52:38.683,2331.883,113,2.705,27.1,26.7,0.000,7.94,0
2026-10-09T16:52:38.786,2331.986,113,2.704,27.1,26.7,0.000,7.81,0
2026-10-09T16:52:38.885,2332.084,113,2.701,25.7,26.9,0.000,7.71,0
2026-10-09T16:52:38.984,2332.184,113,2.699,27.2,27.1,0.000,7.83,0
2026-10-09T16:52:39.085,2332.285,113,2.699,27.1,26.8,0.000,7.51,0
2026-10-09T16:52:39.185,2332.385,113,2.705,27.4,27.2,0.000,7.91,0
2026-10-09T16:52:39.285,2332.485,113,2.701,27.5,27.0,0.000,7.62,0
2026-10-09T16:52:39.386,2332.586,113,2.703,25.5,27.0,0.000,7.66,0
2026-10-09T16:52:39.486,2332.686,113,2.703,27.0,26.6,0.000,7.67,0
2026-10-09T16:52:39.587,2332.787,113,2.705,27.1,26.8,0.000,7.97,0
2026-10-09T16:52:39.689,2332.888,113,2.701,27.1,27.0,0.000,7.78,0
2026-10-09T16:52:39.791,2332.990,113,2.701,25.4,26.8,0.000,7.76,0
2026-10-09T16:52:39.889,2333.089,113,2.701,26.9,26.6,0.000,7.68,0
2026-10-09T16:52:39.989,2333.189,113,2.706,26.9,26.9,0.000,8.32,0
2026-10-09T16:52:40.089,2333.289,113,2.700,25.6,26.9,0.000,7.72,0
2026-10-09T16:52:40.192,2333.392,113,2.705,25.6,26.9,0.000,7.94,0
2026-10-09T16:52:40.291,2333.491,113,2.705,25.4,26.8,0.000,7.45,0
2026-10-09T16:52:40.395,2333.594,113,2.710,26.8,26.7,0.000,7.58,0
2026-10-09T16:52:40.491,2333.691,113,2.712,27.1,26.8,0.000,7.75,0
2026-10-09T16:52:40.592,2333.791,113,2.710,25.9,27.2,0.000,7.99,0
2026-10-09T16:52:40.691,2333.891,113,2.710,25.6,26.8,0.000,7.69,0
2026-10-09T16:52:40.791,2333.990,113,2.708,27.2,26.8,0.000,7.70,0
2026-10-09T16:52:40.892,2334.091,113,2.705,25.3,26.8,0.000,7.80,0
2026-10-09T16:52:40.993,2334.192,113,2.707,25.7,27.1,0.000,7.76,0
2026-10-09T16:52:41.094,2334.294,113,2.707,27.4,26.9,0.000,7.61,0
2026-10-09T16:52:41.194,2334.393,113,2.708,27.2,27.0,0.000,7.87,0
2026-10-09T16:52:41.295,2334.495,113,2.706,27.0,26.5,0.000,7.97,0
2026-10-09T16:52:41.395,2334.595,113,2.707,27.4,27.0,0.000,7.61,0
2026-10-09T16:52:41.495,2334.695,113,2.707,26.8,26.7,0.000,7.79,0
2026-10-09T16:52:41.595,2334.795,113,2.704,25.3,26.7,0.000,7.60,0
2026-10-09T16:52:41.697,2334.896,113,2.705,27.1,26.8,0.000,7.97,0
2026-10-09T16:52:41.798,2334.997,113,2.709,25.3,26.8,0.000,7.96,0
2026-10-09T16:52:41.896,2335.096,113,2.709,25.4,26.8,0.000,7.73,0
2026-10-09T16:52:41.996,2335.196,113,2.705,27.2,26.5,0.000,7.90,0
2026-10-09T16:52:42.097,2335.297,113,2.704,26.9,26.6,0.000,7.74,0
2026-10-09T16:52:42.198,2335.398,113,2.704,26.8,26.7,0.000,7.82,0
2026-10-09T16:52:42.300,2335.499,113,2.701,25.0,26.7,0.000,7.66,0
2026-10-09T16:52:42.401,2335.601,113,2.706,27.1,27.0,0.000,7.66,0
2026-10-09T16:52:42.498,2335.697,113,2.699,26.8,26.6,0.000,7.91,0
2026-10-09T16:52:42.598,2335.798,113,2.699,26.8,26.8,0.000,7.65,0
2026-10-09T16:52:42.698,2335.897,113,2.701,27.1,26.5,0.000,7.69,0
2026-10-09T16:52:42.798,2335.998,113,2.699,27.2,26.9,0.000,7.94,0
2026-10-09T16:52:42.898,2336.097,113,2.698,27.2,26.9,0.000,7.71,0
2026-10-09T16:52:42.999,2336.198,113,2.698,27.2,26.6,0.000,7.77,0
2026-10-09T16:52:43.099,2336.298,113,2.700,25.6,26.9,0.000,7.40,0
2026-10-09T16:52:43.200,2336.400,113,2.696,26.8,26.6,0.000,7.86,0
2026-10-09T16:52:43.300,2336.499,113,2.697,27.0,26.4,0.000,7.51,0
2026-10-09T16:52:43.401,2336.600,113,2.697,27.1,26.8,0.000,7.60,0
2026-10-09T16:52:43.500,2336.700,113,2.695,27.0,26.7,0.000,7.64,0
2026-10-09T16:52:43.600,2336.800,113,2.699,26.9,26.6,0.000,7.76,0
2026-10-09T16:52:43.700,2336.899,113,2.698,25.7,26.8,0.000,7.58,0
2026-10-09T16:52:43.805,2337.005,113,2.698,25.6,26.5,0.000,7.71,0
2026-10-09T16:52:43.900,2337.099,113,2.697,25.2,26.7,0.000,7.71,0
2026-10-09T16:52:44.000,2337.200,113,2.694,25.8,27.0,0.000,7.94,0
2026-10-09T16:52:44.101,2337.300,113,2.695,25.4,26.8,0.000,7.50,0
2026-10-09T16:52:44.201,2337.401,113,2.695,27.1,26.8,0.000,7.57,0
2026-10-09T16:52:44.301,2337.500,113,2.699,25.6,26.9,0.000,7.69,0
2026-10-09T16:52:44.402,2337.601,113,2.699,25.5,26.8,0.000,7.84,0
2026-10-09T16:52:44.503,2337.702,113,2.699,25.4,26.6,0.000,8.00,0
2026-10-09T16:52:44.602,2337.801,113,2.700,27.0,26.6,0.000,7.92,0
2026-10-09T16:52:44.702,2337.902,113,2.701,27.3,26.7,0.000,7.66,0
2026-10-09T16:52:44.803,2338.003,113,2.696,25.7,26.9,0.000,8.18,0
2026-10-09T16:52:44.903,2338.102,113,2.696,25.5,27.0,0.000,7.85,0
2026-10-09T16:52:45.004,2338.203,113,2.698,25.4,26.6,0.000,7.75,0
2026-10-09T16:52:45.105,2338.305,113,2.698,27.1,26.6,0.000,7.78,0
2026-10-09T16:52:45.205,2338.405,113,2.702,25.9,27.0,0.000,7.87,0
2026-10-09T16:52:45.305,2338.504,113,2.702,27.1,27.0,0.000,7.61,0
2026-10-09T16:52:45.406,2338.605,113,2.699,27.2,27.0,0.000,7.70,0
2026-10-09T16:52:45.512,2338.711,113,2.701,27.3,26.7,0.000,7.69,0
2026-10-09T16:52:45.607,2338.807,113,2.700,26.8,26.7,0.000,7.90,0
2026-10-09T16:52:45.707,2338.906,113,2.700,26.9,26.7,0.000,8.21,0
2026-10-09T16:52:45.807,2339.007,113,2.705,27.3,26.8,0.000,7.74,0
2026-10-09T16:52:45.907,2339.106,113,2.703,25.5,26.9,0.000,7.95,0
2026-10-09T16:52:46.008,2339.207,113,2.704,27.2,26.6,0.000,7.75,0
2026-10-09T16:52:46.109,2339.309,113,2.704,25.5,26.8,0.000,7.85,0
2026-10-09T16:52:46.209,2339.408,113,2.702,27.0,26.6,0.000,7.58,0
2026-10-09T16:52:46.310,2339.510,113,2.702,26.7,26.6,0.000,7.94,0
2026-10-09T16:52:46.410,2339.610,113,2.704,25.3,26.6,0.000,7.92,0
2026-10-09T16:52:46.510,2339.710,113,2.704,27.3,26.7,0.000,7.98,0
2026-10-09T16:52:46.611,2339.810,113,2.707,26.8,26.8,0.000,7.55,0
2026-10-09T16:52:46.712,2339.911,113,2.707,26.5,26.7,0.000,7.30,0
2026-10-09T16:52:46.813,2340.013,113,2.711,26.4,26.5,0.000,7.76,0
2026-10-09T16:52:46.913,2340.112,113,2.711,26.5,26.5,0.000,7.85,0
2026-10-09T16:52:47.012,2340.211,113,2.708,26.7,26.5,0.000,7.74,0
2026-10-09T16:52:47.113,2340.313,113,2.705,26.6,26.5,0.000,7.99,0
2026-10-09T16:52:47.215,2340.415,113,2.705,26.7,26.6,0.000,7.95,0
2026-10-09T16:52:47.314,2340.514,113,2.705,26.8,26.9,0.000,7.70,0
2026-10-09T16:52:47.415,2340.614,113,2.704,24.9,26.4,0.000,7.64,0
2026-10-09T16:52:47.516,2340.716,113,2.707,25.2,26.8,0.000,7.73,0
2026-10-09T16:52:47.616,2340.815,113,2.709,26.4,26.4,0.000,7.68,0
2026-10-09T16:52:47.716,2340.916,113,2.709,27.0,26.7,0.000,7.91,0
2026-10-09T16:52:47.817,2341.017,113,2.708,25.6,26.9,0.000,7.91,0
2026-10-09T16:52:47.917,2341.116,113,2.709,26.4,26.7,0.000,7.80,0
2026-10-09T16:52:48.016,2341.216,113,2.709,26.6,26.5,0.000,8.00,0
2026-10-09T16:52:48.117,2341.317,113,2.709,24.9,26.3,0.000,7.80,0
2026-10-09T16:52:48.217,2341.416,113,2.709,24.9,26.6,0.000,7.82,0
2026-10-09T16:52:48.318,2341.517,113,2.711,24.7,26.6,0.000,7.92,0
2026-10-09T16:52:48.419,2341.618,113,2.711,27.0,26.6,0.000,7.88,0
2026-10-09T16:52:48.520,2341.720,113,2.712,27.0,26.6,0.000,7.82,0
2026-10-09T16:52:48.620,2341.820,113,2.714,27.8,26.8,0.000,7.69,0
2026-10-09T16:52:48.720,2341.919,113,2.713,26.8,26.7,0.000,7.53,0
2026-10-09T16:52:48.821,2342.021,113,2.713,25.5,26.9,0.000,7.94,0
2026-10-09T16:52:48.921,2342.120,113,2.711,27.3,26.7,0.000,7.60,0
2026-10-09T16:52:49.021,2342.221,113,2.713,25.3,27.0,0.000,7.73,0
2026-10-09T16:52:49.121,2342.321,113,2.715,25.8,26.6,0.000,7.65,0
2026-10-09T16:52:49.225,2342.425,113,2.715,26.8,27.0,0.000,7.82,0
2026-10-09T16:52:49.321,2342.521,113,2.716,27.0,27.0,0.000,7.87,0
2026-10-09T16:52:49.420,2342.620,113,2.713,26.5,26.6,0.000,7.79,0
2026-10-09T16:52:49.521,2342.721,113,2.715,24.9,26.7,0.000,7.76,0
2026-10-09T16:52:49.621,2342.820,113,2.715,26.5,26.6,0.000,8.03,0
2026-10-09T16:52:49.721,2342.921,113,2.714,25.0,26.8,0.000,7.65,0
2026-10-09T16:52:49.822,2343.021,113,2.716,24.9,26.4,0.000,7.76,0
2026-10-09T16:52:49.923,2343.122,113,2.715,26.6,26.8,0.000,7.95,0
2026-10-09T16:52:50.023,2343.223,113,2.715,27.5,27.0,0.000,7.73,0
2026-10-09T16:52:50.124,2343.324,113,2.717,27.1,27.0,0.000,7.61,0
2026-10-09T16:52:50.224,2343.423,113,2.714,25.3,26.7,0.000,7.65,0
2026-10-09T16:52:50.324,2343.523,113,2.716,26.7,26.6,0.000,7.72,0
2026-10-09T16:52:50.424,2343.623,113,2.716,25.0,26.6,0.000,7.57,0
2026-10-09T16:52:50.524,2343.724,113,2.717,26.7,26.7,0.000,7.71,0
2026-10-09T16:52:50.626,2343.825,113,2.715,25.0,26.9,0.000,7.79,0
2026-10-09T16:52:50.726,2343.925,113,2.715,26.5,26.5,0.000,7.75,0
2026-10-09T16:52:50.824,2344.023,113,2.717,25.0,26.8,0.000,7.92,0
2026-10-09T16:52:50.924,2344.123,113,2.717,25.1,26.8,0.000,7.87,0
2026-10-09T16:52:51.024,2344.224,113,2.714,26.8,26.9,0.000,7.83,0
2026-10-09T16:52:51.124,2344.323,113,2.714,26.7,26.6,0.000,7.77,0
2026-10-09T16:52:51.224,2344.424,113,2.716,26.8,26.9,0.000,7.72,0
2026-10-09T16:52:51.324,2344.524,113,2.718,27.2,27.0,0.000,7.65,0
2026-10-09T16:52:51.424,2344.624,113,2.720,25.2,26.6,0.000,7.85,0
2026-10-09T16:52:51.524,2344.724,113,2.720,25.6,26.8,0.000,7.86,0
2026-10-09T16:52:51.624,2344.824,113,2.717,27.2,27.1,0.000,7.67,0
2026-10-09T16:52:51.724,2344.923,113,2.718,27.4,27.2,0.000,7.75,0
2026-10-09T16:52:51.825,2345.025,113,2.717,26.9,26.5,0.000,7.71,0
2026-10-09T16:52:51.924,2345.123,113,2.717,26.8,26.6,0.000,7.72,0
2026-10-09T16:52:52.025,2345.224,113,2.719,26.0,27.0,0.000,7.75,0
2026-10-09T16:52:52.126,2345.325,113,2.720,27.4,26.7,0.000,7.84,0
2026-10-09T16:52:52.226,2345.426,113,2.719,25.4,26.8,0.000,8.01,0
2026-10-09T16:52:52.327,2345.526,113,2.719,25.3,26.7,0.000,7.43,0
2026-10-09T16:52:52.427,2345.626,113,2.719,26.8,26.6,0.000,7.63,0
2026-10-09T16:52:52.529,2345.728,113,2.717,26.7,26.6,0.000,7.85,0
2026-10-09T16:52:52.628,2345.828,113,2.716,25.1,26.8,0.000,7.64,0
2026-10-09T16:52:52.729,2345.928,113,2.716,26.6,26.6,0.000,7.43,0
2026-10-09T16:52:52.828,2346.028,113,2.720,25.1,26.6,0.000,7.85,0
2026-10-09T16:52:52.929,2346.129,113,2.720,26.6,26.6,0.000,7.93,0
2026-10-09T16:52:53.029,2346.228,113,2.716,26.9,26.9,0.000,7.71,0
2026-10-09T16:52:53.129,2346.328,113,2.716,25.3,26.8,0.000,7.62,0
2026-10-09T16:52:53.230,2346.429,113,2.721,25.2,26.8,0.000,8.03,0
2026-10-09T16:52:53.330,2346.529,113,2.714,25.7,27.0,0.000,7.70,0
2026-10-09T16:52:53.430,2346.630,113,2.714,25.2,26.7,0.000,7.31,0
2026-10-09T16:52:53.532,2346.731,113,2.718,26.8,26.9,0.000,7.58,0
2026-10-09T16:52:53.631,2346.831,113,2.719,25.0,26.5,0.000,7.81,0
2026-10-09T16:52:53.731,2346.930,113,2.716,25.1,26.7,0.000,7.92,0
2026-10-09T16:52:53.831,2347.030,113,2.716,25.5,26.7,0.000,7.46,0
2026-10-09T16:52:53.930,2347.130,113,2.717,25.7,26.8,0.000,7.51,0
2026-10-09T16:52:54.031,2347.230,113,2.717,27.5,27.0,0.000,7.67,0
2026-10-09T16:52:54.131,2347.331,113,2.714,25.8,26.8,0.000,7.38,0
2026-10-09T16:52:54.232,2347.431,113,2.714,25.6,26.9,0.000,7.61,0
2026-10-09T16:52:54.331,2347.530,113,2.715,25.6,26.8,0.000,7.38,0
2026-10-09T16:52:54.431,2347.631,113,2.718,27.2,26.6,0.000,7.97,0
2026-10-09T16:52:54.532,2347.732,113,2.718,25.1,26.5,0.000,7.71,0
2026-10-09T16:52:54.633,2347.832,113,2.718,27.2,26.8,0.000,7.71,0
2026-10-09T16:52:54.733,2347.932,113,2.715,25.7,26.6,0.000,7.74,0
2026-10-09T16:52:54.833,2348.033,113,2.719,27.0,27.0,0.000,8.13,0
2026-10-09T16:52:54.934,2348.134,113,2.719,25.6,26.8,0.000,8.02,0
2026-10-09T16:52:55.033,2348.233,113,2.719,27.2,26.7,0.000,7.49,0
2026-10-09T16:52:55.134,2348.334,113,2.718,27.0,26.6,0.000,7.69,0
2026-10-09T16:52:55.235,2348.435,113,2.720,27.0,26.8,0.000,7.72,0
2026-10-09T16:52:55.336,2348.536,113,2.720,26.5,26.5,0.000,7.79,0
2026-10-09T16:52:55.437,2348.637,113,2.720,26.5,26.7,0.000,7.94,0
2026-10-09T16:52:55.537,2348.736,113,2.720,26.5,26.5,0.000,7.79,0
2026-10-09T16:52:55.637,2348.837,113,2.720,27.1,26.6,0.000,7.71,0
2026-10-09T16:52:55.736,2348.936,113,2.721,27.0,27.0,0.000,7.59,0
2026-10-09T16:52:55.840,2349.040,113,2.721,25.2,26.7,0.000,7.89,0
2026-10-09T16:52:55.937,2349.137,113,2.722,26.8,27.0,0.000,7.47,0
2026-10-09T16:52:56.038,2349.237,113,2.720,26.7,27.0,0.000,7.76,0
2026-10-09T16:52:56.137,2349.337,113,2.720,25.9,27.2,0.000,7.86,0
2026-10-09T16:52:56.238,2349.438,113,2.718,26.9,26.8,0.000,7.93,0
2026-10-09T16:52:56.339,2349.538,113,2.723,26.5,26.9,0.000,7.91,0
2026-10-09T16:52:56.439,2349.638,113,2.720,26.9,26.7,0.000,7.47,0
2026-10-09T16:52:56.538,2349.738,113,2.720,27.0,26.8,0.000,8.07,0
2026-10-09T16:52:56.639,2349.839,113,2.720,26.9,26.5,0.000,7.75,0
2026-10-09T16:52:56.739,2349.939,113,2.718,27.2,26.8,0.000,7.71,0
2026-10-09T16:52:56.839,2350.039,113,2.718,26.7,26.4,0.000,7.91,0
2026-10-09T16:52:56.940,2350.139,113,2.718,25.6,26.9,0.000,7.52,0
2026-10-09T16:52:57.041,2350.240,113,2.718,26.9,26.5,0.000,7.54,0
2026-10-09T16:52:57.141,2350.340,113,2.718,26.9,26.7,0.000,7.77,0
2026-10-09T16:52:57.243,2350.443,113,2.717,26.9,26.9,0.000,7.79,0
2026-10-09T16:52:57.341,2350.540,113,2.717,27.0,26.8,0.000,7.66,0
2026-10-09T16:52:57.440,2350.640,113,2.714,27.2,27.1,0.000,7.99,0
2026-10-09T16:52:57.541,2350.741,113,2.718,25.7,26.5,0.000,7.65,0
2026-10-09T16:52:57.642,2350.842,113,2.719,27.1,26.9,0.000,7.86,0
2026-10-09T16:52:57.743,2350.943,113,2.719,24.9,26.4,0.000,7.81,0
2026-10-09T16:52:57.843,2351.043,113,2.721,26.9,26.8,0.000,7.70,0
2026-10-09T16:52:57.942,2351.142,113,2.720,27.0,26.8,0.000,7.79,0
2026-10-09T16:52:58.043,2351.243,113,2.717,26.8,26.7,0.000,7.80,0
2026-10-09T16:52:58.144,2351.344,113,2.717,26.7,26.7,0.000,7.79,0
2026-10-09T16:52:58.245,2351.444,113,2.719,25.0,26.7,0.000,7.68,0
2026-10-09T16:52:58.345,2351.544,113,2.719,24.8,26.7,0.000,7.77,0
2026-10-09T16:52:58.444,2351.643,113,2.721,26.7,26.7,0.000,7.92,0
2026-10-09T16:52:58.547,2351.746,113,2.721,26.8,26.6,0.000,7.87,0
2026-10-09T16:52:58.645,2351.845,113,2.718,26.6,27.0,0.000,7.53,0
2026-10-09T16:52:58.745,2351.945,113,2.718,24.9,26.8,0.000,7.91,0
2026-10-09T16:52:58.847,2352.046,113,2.718,25.0,26.7,0.000,7.75,0
2026-10-09T16:52:58.946,2352.146,113,2.718,26.8,26.7,0.000,7.68,0
2026-10-09T16:52:59.047,2352.247,113,2.723,26.4,26.6,0.000,7.99,0
2026-10-09T16:52:59.148,2352.348,113,2.720,26.7,26.9,0.000,7.73,0
2026-10-09T16:52:59.248,2352.447,113,2.720,26.6,26.9,0.000,7.58,0
2026-10-09T16:52:59.348,2352.547,113,2.721,26.8,26.5,0.000,7.66,0
2026-10-09T16:52:59.447,2352.647,113,2.719,25.0,26.7,0.000,7.73,0
2026-10-09T16:52:59.548,2352.747,113,2.719,26.9,26.9,0.000,7.85,0
2026-10-09T16:52:59.648,2352.847,113,2.719,26.8,26.6,0.000,7.66,0
2026-10-09T16:52:59.747,2352.947,113,2.717,25.5,26.9,0.000,7.70,0
2026-10-09T16:52:59.848,2353.048,113,2.719,25.5,27.0,0.000,7.34,0
2026-10-09T16:52:59.949,2353.149,113,2.720,25.0,26.6,0.000,7.73,0
2026-10-09T16:53:00.050,2353.249,113,2.720,26.6,26.8,0.000,7.61,0
2026-10-09T16:53:00.150,2353.349,113,2.718,25.1,26.8,0.000,7.80,0
2026-10-09T16:53:00.252,2353.451,113,2.718,25.1,26.7,0.000,7.60,0
2026-10-09T16:53:00.353,2353.552,113,2.718,26.4,26.7,0.000,7.55,0
2026-10-09T16:53:00.450,2353.649,113,2.718,26.8,26.8,0.000,7.83,0
2026-10-09T16:53:00.550,2353.750,113,2.718,26.6,26.4,0.000,7.30,0
2026-10-09T16:53:00.651,2353.850,113,2.722,26.7,26.7,0.000,7.66,0
2026-10-09T16:53:00.752,2353.951,113,2.723,26.8,26.4,0.000,7.54,0
2026-10-09T16:53:00.851,2354.051,113,2.723,25.2,26.9,0.000,7.58,0
2026-10-09T16:53:00.952,2354.152,113,2.719,24.8,26.8,0.000,8.01,0
2026-10-09T16:53:01.053,2354.252,113,2.716,26.6,26.5,0.000,7.94,0
2026-10-09T16:53:01.152,2354.352,113,2.717,26.8,26.8,0.000,7.51,0
2026-10-09T16:53:01.253,2354.453,113,2.717,24.9,26.8,0.000,7.95,0
2026-10-09T16:53:01.353,2354.553,113,2.719,26.0,26.9,0.000,7.62,0
2026-10-09T16:53:01.453,2354.652,113,2.720,26.6,26.5,0.000,7.49,0
2026-10-09T16:53:01.553,2354.753,113,2.724,25.1,26.8,0.000,7.92,0
2026-10-09T16:53:01.653,2354.852,113,2.724,25.5,26.8,0.000,7.64,0
2026-10-09T16:53:01.754,2354.954,113,2.717,26.9,27.0,0.000,7.79,0
2026-10-09T16:53:01.853,2355.052,113,2.722,27.4,26.7,0.000,7.60,0
2026-10-09T16:53:01.954,2355.153,113,2.722,26.9,27.0,0.000,7.55,0
2026-10-09T16:53:02.053,2355.253,113,2.718,25.8,27.0,0.000,7.92,0
2026-10-09T16:53:02.154,2355.354,113,2.721,25.6,27.0,0.000,7.82,0
2026-10-09T16:53:02.255,2355.455,113,2.722,27.2,26.7,0.000,7.97,0
2026-10-09T16:53:02.356,2355.556,113,2.722,25.2,26.8,0.000,7.97,0
2026-10-09T16:53:02.456,2355.656,0,2.716,25.8,27.0,0.000,3.39,0
2026-10-09T16:53:02.557,2355.757,0,0.494,26.2,27.2,0.000,1.46,0
2026-10-09T16:53:02.658,2355.858,0,0.922,26.1,27.3,0.000,0.60,0
2026-10-09T16:53:02.759,2355.958,0,0.922,26.2,27.4,0.000,0.23,0
2026-10-09T16:53:02.859,2356.059,0,1.075,26.4,27.5,0.000,0.01,0
2026-10-09T16:53:02.962,2356.162,0,1.690,26.4,27.4,0.000,-0.09,0
2026-10-09T16:53:03.063,2356.262,0,1.638,26.2,27.4,0.000,-0.01,0
2026-10-09T16:53:03.159,2356.358,0,1.638,26.2,27.3,0.000,-0.14,0
2026-10-09T16:53:03.260,2356.459,0,1.741,26.3,27.3,0.000,-0.25,0
2026-10-09T16:53:03.360,2356.559,0,1.894,26.3,27.6,0.000,-0.18,0
2026-10-09T16:53:03.460,2356.659,0,2.714,26.4,27.5,0.000,-0.19,0
2026-10-09T16:53:03.560,2356.759,0,2.714,26.3,27.3,0.000,0.03,0
2026-10-09T16:53:03.659,2356.859,0,1.843,26.3,27.4,0.000,0.06,0
2026-10-09T16:53:03.759,2356.959,0,1.894,26.2,27.4,0.000,0.25,0
2026-10-09T16:53:03.860,2357.059,0,1.843,26.2,27.4,0.000,-0.04,0
2026-10-09T16:53:03.960,2357.159,0,1.843,26.2,27.4,0.000,-0.13,0
2026-10-09T16:53:04.059,2357.259,0,2.048,26.2,27.3,0.000,-0.08,0
2026-10-09T16:53:04.159,2357.358,0,1.894,26.0,27.3,0.000,-0.28,0
2026-10-09T16:53:04.260,2357.459,0,2.099,26.2,27.3,0.000,-0.02,0
2026-10-09T16:53:04.360,2357.559,0,2.099,26.1,27.2,0.000,-0.23,0
2026-10-09T16:53:04.460,2357.660,0,1.792,26.3,27.1,0.000,-0.14,0
2026-10-09T16:53:04.560,2357.759,0,2.099,26.2,27.3,0.000,0.02,0
2026-10-09T16:53:04.661,2357.860,0,2.099,26.2,27.1,0.000,-0.08,0
2026-10-09T16:53:04.760,2357.959,0,2.201,26.3,27.2,0.000,-0.09,0
2026-10-09T16:53:04.860,2358.060,0,1.997,26.1,27.3,0.000,-0.02,0
2026-10-09T16:53:04.959,2358.159,0,1.843,26.3,27.3,0.000,-0.08,0
2026-10-09T16:53:05.069,2358.269,0,1.843,26.3,27.3,0.000,-0.22,0
2026-10-09T16:53:05.160,2358.359,0,1.894,26.1,27.1,0.000,-0.06,0
2026-10-09T16:53:05.261,2358.460,0,2.201,26.2,27.3,0.000,-0.06,0
2026-10-09T16:53:05.361,2358.560,0,2.201,26.2,27.5,0.000,-0.03,0
2026-10-09T16:53:05.461,2358.661,0,2.201,26.1,27.2,0.000,0.06,0
2026-10-09T16:53:05.564,2358.763,0,2.355,26.1,27.2,0.000,-0.33,0
2026-10-09T16:53:05.662,2358.862,0,1.997,26.4,27.3,0.000,-0.24,0
2026-10-09T16:53:05.761,2358.961,0,2.509,26.1,27.3,0.000,-0.09,0
2026-10-09T16:53:05.862,2359.061,0,2.509,26.1,27.3,0.000,-0.02,0
2026-10-09T16:53:05.963,2359.162,0,1.997,26.2,27.3,0.000,-0.37,0
2026-10-09T16:53:06.063,2359.263,0,1.485,26.2,27.5,0.000,-0.17,0
2026-10-09T16:53:06.164,2359.364,0,2.560,26.2,27.4,0.000,-0.14,0
2026-10-09T16:53:06.264,2359.464,0,2.560,26.2,27.1,0.000,-0.30,0
2026-10-09T16:53:06.364,2359.563,0,1.894,26.2,27.4,0.000,-0.12,0
2026-10-09T16:53:06.465,2359.665,0,2.048,26.2,27.2,0.000,-0.25,0
2026-10-09T16:53:06.565,2359.765,0,1.946,26.2,27.2,0.000,-0.14,0
2026-10-09T16:53:06.667,2359.866,0,1.946,26.0,27.1,0.000,-0.26,0
2026-10-09T16:53:06.765,2359.965,0,1.741,26.0,27.5,0.000,-0.31,0
2026-10-09T16:53:06.865,2360.065,0,1.997,26.2,27.5,0.000,-0.23,0
2026-10-09T16:53:06.966,2360.165,0,1.792,26.2,27.3,0.000,-0.32,0
2026-10-09T16:53:07.065,2360.265,0,1.792,26.2,27.1,0.000,-0.09,0
2026-10-09T16:53:07.165,2360.365,0,2.304,26.2,27.3,0.000,-0.06,0
2026-10-09T16:53:07.264,2360.464,0,1.485,26.2,27.1,0.000,-0.42,0
2026-10-09T16:53:07.365,2360.565,0,1.485,25.9,27.2,0.000,-0.06,0
2026-10-09T16:53:07.465,2360.664,0,1.536,26.1,27.3,0.000,-0.02,0
2026-10-09T16:53:07.565,2360.765,0,1.741,26.0,27.2,0.000,-0.17,0
2026-10-09T16:53:07.666,2360.865,0,2.048,26.3,27.4,0.000,-0.09,0
2026-10-09T16:53:07.765,2360.964,0,2.048,26.2,27.3,0.000,-0.06,0
2026-10-09T16:53:07.865,2361.065,0,1.587,26.1,27.3,0.000,-0.14,0
2026-10-09T16:53:07.966,2361.165,0,1.434,26.2,27.2,0.000,-0.20,0
2026-10-09T16:53:08.067,2361.266,0,2.304,26.2,27.3,0.000,-0.24,0
2026-10-09T16:53:08.167,2361.367,0,2.304,26.2,27.3,0.000,-0.21,0
2026-10-09T16:53:08.268,2361.468,0,2.304,26.3,27.4,0.000,-0.11,0
2026-10-09T16:53:08.367,2361.567,0,2.099,26.1,27.4,0.000,-0.13,0
2026-10-09T16:53:08.467,2361.666,0,1.946,26.3,27.3,0.000,-0.24,0
2026-10-09T16:53:08.568,2361.768,0,1.946,26.2,27.2,0.000,-0.28,0
2026-10-09T16:53:08.668,2361.868,0,1.741,26.2,27.3,0.000,-0.14,0
2026-10-09T16:53:08.769,2361.969,0,1.485,26.1,27.3,0.000,-0.28,0
2026-10-09T16:53:08.869,2362.069,0,1.690,26.2,27.2,0.000,-0.36,0
2026-10-09T16:53:08.969,2362.169,0,1.690,26.2,27.3,0.000,-0.36,0
2026-10-09T16:53:09.069,2362.268,0,1.741,26.2,27.3,0.000,-0.09,0
2026-10-09T16:53:09.170,2362.369,0,1.843,26.2,27.3,0.000,-0.28,0
2026-10-09T16:53:09.271,2362.471,0,1.946,26.0,27.2,0.000,-0.25,0
2026-10-09T16:53:09.371,2362.571,0,1.946,26.2,27.3,0.000,0.05,0
2026-10-09T16:53:09.471,2362.670,0,1.741,26.3,27.5,0.000,-0.14,0
2026-10-09T16:53:09.572,2362.772,0,1.331,26.2,27.3,0.000,-0.10,0
2026-10-09T16:53:09.672,2362.872,0,1.178,26.2,27.4,0.000,-0.32,0
2026-10-09T16:53:09.773,2362.973,0,1.178,26.1,27.3,0.000,-0.01,0
2026-10-09T16:53:09.871,2363.071,0,1.434,26.3,27.3,0.000,-0.29,0
2026-10-09T16:53:09.978,2363.177,0,1.229,26.3,27.3,0.000,-0.18,0
2026-10-09T16:53:10.073,2363.273,0,1.229,26.4,27.3,0.000,-0.15,0
2026-10-09T16:53:10.172,2363.372,0,1.229,26.1,27.3,0.000,-0.17,0
2026-10-09T16:53:10.272,2363.471,0,1.638,26.1,27.3,0.000,-0.22,0
2026-10-09T16:53:10.373,2363.572,0,1.075,26.3,27.7,0.000,-0.18,0
2026-10-09T16:53:10.472,2363.672,0,1.075,26.1,27.2,0.000,-0.20,0
2026-10-09T16:53:10.572,2363.771,0,1.485,26.2,27.4,0.000,-0.29,0
2026-10-09T16:53:10.673,2363.873,0,1.382,26.1,27.4,0.000,-0.25,0
2026-10-09T16:53:10.773,2363.972,0,1.382,26.3,27.5,0.000,-0.30,0
2026-10-09T16:53:10.874,2364.073,0,1.382,26.2,27.2,0.000,-0.11,0
2026-10-09T16:53:10.974,2364.174,0,1.536,26.2,27.3,0.000,-0.14,0
