timestamp,elapsed_s,pwm,current_A,t1_casing_C,t2_magnet_C,force_N,flux_mT,fault
2026-10-09T17:09:37.128,3350.328,0,1.075,26.8,27.7,0.000,-0.18,0
2026-10-09T17:09:37.225,3350.425,0,0.819,26.6,27.8,0.000,-0.25,0
2026-10-09T17:09:37.326,3350.526,0,0.819,26.6,27.8,0.000,-0.28,0
2026-10-09T17:09:37.427,3350.626,0,1.126,26.6,27.6,0.000,-0.22,0
2026-10-09T17:09:37.527,3350.726,0,0.922,26.4,27.5,0.000,0.02,0
2026-10-09T17:09:37.627,3350.826,0,1.229,26.9,27.7,0.000,-0.18,0
2026-10-09T17:09:37.727,3350.926,0,1.229,26.7,27.5,0.000,-0.30,0
2026-10-09T17:09:37.826,3351.026,0,1.434,26.5,27.7,0.000,-0.30,0
2026-10-09T17:09:37.926,3351.126,0,1.229,26.7,27.7,0.000,-0.38,0
2026-10-09T17:09:38.031,3351.230,0,1.229,26.6,27.8,0.000,-0.45,0
2026-10-09T17:09:38.128,3351.327,0,0.819,26.6,27.8,0.000,-0.17,0
2026-10-09T17:09:38.227,3351.427,0,0.819,26.9,27.8,0.000,-0.31,0
2026-10-09T17:09:38.327,3351.526,0,1.280,26.7,27.7,0.000,-0.18,0
2026-10-09T17:09:38.427,3351.627,0,1.280,26.7,27.8,0.000,-0.27,0
2026-10-09T17:09:38.528,3351.727,0,1.126,26.8,27.7,0.000,-0.35,0
2026-10-09T17:09:38.628,3351.827,0,1.229,26.7,27.9,0.000,-0.29,0
2026-10-09T17:09:38.729,3351.928,0,1.024,26.5,27.6,0.000,-0.06,0
2026-10-09T17:09:38.828,3352.028,0,1.024,26.8,27.9,0.000,-0.33,0
2026-10-09T17:09:38.928,3352.128,0,0.922,26.8,27.7,0.000,-0.22,0
2026-10-09T17:09:39.028,3352.228,0,0.666,26.6,27.7,0.000,-0.32,0
2026-10-09T17:09:39.129,3352.328,0,0.922,26.8,27.8,0.000,-0.12,0
2026-10-09T17:09:39.230,3352.429,0,0.922,26.6,27.9,0.000,-0.09,0
2026-10-09T17:09:39.329,3352.529,0,1.229,26.6,27.7,0.000,-0.18,0
2026-10-09T17:09:39.430,3352.630,0,1.178,26.6,27.7,0.000,-0.17,0
2026-10-09T17:09:39.532,3352.731,0,1.126,26.6,27.6,0.000,-0.08,0
2026-10-09T17:09:39.632,3352.831,0,1.126,26.7,27.7,0.000,-0.23,0
2026-10-09T17:09:39.735,3352.934,0,0.819,26.6,27.6,0.000,-0.34,0
2026-10-09T17:09:39.832,3353.031,0,0.973,26.9,27.6,0.000,-0.28,0
2026-10-09T17:09:39.933,3353.132,0,1.126,26.6,27.7,0.000,-0.40,0
2026-10-09T17:09:40.032,3353.231,0,1.126,26.7,27.7,0.000,-0.27,0
2026-10-09T17:09:40.133,3353.333,0,0.870,26.5,27.7,0.000,-0.06,0
2026-10-09T17:09:40.233,3353.432,0,0.819,26.7,27.9,0.000,-0.10,0
2026-10-09T17:09:40.332,3353.532,0,0.819,26.5,27.8,0.000,-0.39,0
2026-10-09T17:09:40.432,3353.632,0,0.819,26.6,27.7,0.000,-0.32,0
2026-10-09T17:09:40.533,3353.732,0,1.178,26.6,27.6,0.000,-0.21,0
2026-10-09T17:09:40.633,3353.833,0,1.126,26.5,27.8,0.000,-0.18,0
2026-10-09T17:09:40.734,3353.934,0,1.126,26.6,27.7,0.000,-0.18,0
2026-10-09T17:09:40.834,3354.034,0,1.178,26.8,27.6,0.000,-0.23,0
2026-10-09T17:09:40.934,3354.134,0,1.280,26.7,27.9,0.000,-0.14,0
2026-10-09T17:09:41.036,3354.235,0,1.280,26.9,27.7,0.000,-0.12,0
2026-10-09T17:09:41.138,3354.337,0,1.280,26.5,27.7,0.000,-0.29,0
2026-10-09T17:09:41.235,3354.434,0,1.075,26.7,27.7,0.000,-0.27,0
2026-10-09T17:09:41.334,3354.533,0,1.229,26.6,27.8,0.000,-0.27,0
2026-10-09T17:09:41.435,3354.635,0,0.717,26.7,27.7,0.000,-0.25,0
2026-10-09T17:09:41.534,3354.734,0,0.717,26.6,27.6,0.000,-0.26,0
2026-10-09T17:09:41.634,3354.834,0,1.280,26.9,27.7,0.000,-0.25,0
2026-10-09T17:09:41.734,3354.933,0,0.973,26.5,27.6,0.000,-0.33,0
2026-10-09T17:09:41.835,3355.035,0,1.382,26.7,27.7,0.000,-0.23,0
2026-10-09T17:09:41.936,3355.136,0,1.382,26.7,27.6,0.000,-0.28,0
2026-10-09T17:09:42.035,3355.235,0,1.536,26.6,27.8,0.000,-0.22,0
2026-10-09T17:09:42.137,3355.336,0,0.666,26.7,27.6,0.000,-0.24,0
2026-10-09T17:09:42.236,3355.436,0,0.922,26.5,27.6,0.000,-0.23,0
2026-10-09T17:09:42.342,3355.541,0,0.922,26.7,27.9,0.000,-0.18,0
2026-10-09T17:09:42.438,3355.637,0,1.075,26.8,27.8,0.000,-0.21,0
2026-10-09T17:09:42.537,3355.737,0,1.126,26.6,27.7,0.000,-0.23,0
2026-10-09T17:09:42.637,3355.837,0,1.485,26.5,27.7,0.000,-0.27,0
2026-10-09T17:09:42.739,3355.938,0,1.485,26.6,27.8,0.000,-0.21,0
2026-10-09T17:09:42.839,3356.039,0,0.819,26.7,27.6,0.000,-0.35,0
2026-10-09T17:09:42.939,3356.139,0,0.870,26.5,27.6,0.000,-0.08,0
2026-10-09T17:09:43.038,3356.238,0,0.870,26.6,27.8,0.000,-0.17,0
2026-10-09T17:09:43.139,3356.339,0,0.870,26.6,27.5,0.000,-0.31,0
2026-10-09T17:09:43.240,3356.440,0,0.666,26.8,27.8,0.000,-0.36,0
2026-10-09T17:09:43.341,3356.541,0,1.126,26.7,27.7,0.000,-0.50,0
2026-10-09T17:09:43.443,3356.643,0,1.126,26.6,27.8,0.000,-0.33,0
2026-10-09T17:09:43.543,3356.743,0,0.973,26.5,27.8,0.000,-0.19,0
2026-10-09T17:09:43.644,3356.843,0,0.614,26.4,27.6,0.000,-0.35,0
2026-10-09T17:09:43.745,3356.945,0,1.126,26.4,27.8,0.000,-0.35,0
2026-10-09T17:09:43.845,3357.044,0,1.126,26.4,27.7,0.000,-0.31,0
2026-10-09T17:09:43.945,3357.145,0,1.126,26.5,27.7,0.000,-0.06,0
2026-10-09T17:09:44.045,3357.244,0,1.126,26.3,27.7,0.000,-0.27,0
2026-10-09T17:09:44.146,3357.346,0,0.973,26.5,27.7,0.000,-0.12,0
2026-10-09T17:09:44.251,3357.450,0,0.973,26.5,27.5,0.000,-0.16,0
2026-10-09T17:09:44.347,3357.547,0,0.922,26.6,27.7,0.000,-0.16,0
2026-10-09T17:09:44.446,3357.646,0,0.922,26.3,27.7,0.000,-0.24,0
2026-10-09T17:09:44.547,3357.747,0,0.768,26.4,27.5,0.000,-0.13,0
2026-10-09T17:09:44.648,3357.848,0,0.768,26.2,27.6,0.000,-0.20,0
2026-10-09T17:09:44.747,3357.947,0,1.024,26.4,27.7,0.000,-0.20,0
2026-10-09T17:09:44.848,3358.048,0,1.024,26.5,27.6,0.000,-0.38,0
2026-10-09T17:09:44.949,3358.148,0,0.717,26.5,27.5,0.000,-0.24,0
2026-10-09T17:09:45.050,3358.250,0,0.717,26.3,27.6,0.000,-0.01,0
2026-10-09T17:09:45.150,3358.350,0,1.229,26.5,27.5,0.000,-0.06,0
2026-10-09T17:09:45.250,3358.450,0,1.126,26.5,27.5,0.000,-0.24,0
2026-10-09T17:09:45.350,3358.550,0,1.434,26.6,27.7,0.000,-0.31,0
2026-10-09T17:09:45.451,3358.650,0,1.434,26.4,27.4,0.000,-0.13,0
2026-10-09T17:09:45.552,3358.751,0,1.434,26.5,27.7,0.000,-0.09,0
2026-10-09T17:09:45.652,3358.851,0,0.717,26.2,27.6,0.000,-0.26,0
2026-10-09T17:09:45.752,3358.951,0,0.768,26.5,27.5,0.000,-0.34,0
2026-10-09T17:09:45.851,3359.050,0,0.768,26.5,27.5,0.000,-0.31,0
2026-10-09T17:09:45.952,3359.151,0,0.922,26.4,27.6,0.000,-0.27,0
2026-10-09T17:09:46.052,3359.252,0,0.563,26.8,27.5,0.000,-0.27,0
2026-10-09T17:09:46.153,3359.353,0,0.973,26.6,27.5,0.000,-0.25,0
2026-10-09T17:09:46.253,3359.453,0,0.973,26.3,27.5,0.000,-0.21,0
2026-10-09T17:09:46.353,3359.553,0,1.024,26.4,27.5,0.000,-0.31,0
2026-10-09T17:09:46.453,3359.652,0,0.973,26.4,27.5,0.000,-0.28,0
2026-10-09T17:09:46.553,3359.753,0,0.973,26.6,27.6,0.000,-0.19,0
2026-10-09T17:09:46.653,3359.853,0,0.870,26.5,27.5,0.000,-0.26,0
2026-10-09T17:09:46.753,3359.953,0,0.819,26.5,27.5,0.000,-0.26,0
2026-10-09T17:09:46.854,3360.054,0,0.717,26.4,27.7,0.000,-0.29,0
2026-10-09T17:09:46.954,3360.153,0,0.717,26.6,27.6,0.000,-0.31,0
2026-10-09T17:09:47.057,3360.256,0,0.922,26.4,27.5,0.000,-0.33,0
2026-10-09T17:09:47.155,3360.354,0,0.563,26.5,27.5,0.000,-0.27,0
2026-10-09T17:09:47.255,3360.455,0,0.819,26.6,27.5,0.000,-0.38,0
2026-10-09T17:09:47.355,3360.554,0,0.819,26.5,27.7,0.000,-0.21,0
2026-10-09T17:09:47.455,3360.655,0,0.614,26.4,27.5,0.000,-0.42,0
2026-10-09T17:09:47.556,3360.756,0,1.126,26.5,27.6,0.000,-0.21,0
2026-10-09T17:09:47.657,3360.856,0,1.229,26.6,27.6,0.000,-0.35,0
2026-10-09T17:09:47.756,3360.956,0,1.229,26.4,27.6,0.000,-0.57,0
2026-10-09T17:09:47.856,3361.056,0,1.024,26.4,27.5,0.000,-0.10,0
2026-10-09T17:09:47.956,3361.156,0,0.973,26.4,27.6,0.000,-0.35,0
2026-10-09T17:09:48.058,3361.258,0,1.075,26.4,27.5,0.000,-0.23,0
2026-10-09T17:09:48.157,3361.356,0,1.075,26.5,27.6,0.000,-0.34,0
2026-10-09T17:09:48.258,3361.458,0,0.870,26.4,27.7,0.000,-0.18,0
2026-10-09T17:09:48.358,3361.557,0,0.973,26.6,27.7,0.000,-0.25,0
2026-10-09T17:09:48.457,3361.657,0,0.973,26.5,27.6,0.000,-0.20,0
2026-10-09T17:09:48.559,3361.758,0,0.973,26.4,27.7,0.000,-0.50,0
2026-10-09T17:09:48.658,3361.858,0,1.178,26.6,27.5,0.000,-0.28,0
2026-10-09T17:09:48.759,3361.958,0,1.024,26.8,27.7,0.000,-0.27,0
2026-10-09T17:09:48.860,3362.060,0,1.024,26.3,27.6,0.000,-0.12,0
2026-10-09T17:09:48.960,3362.159,0,1.126,26.5,27.6,0.000,-0.10,0
2026-10-09T17:09:49.061,3362.260,0,0.768,26.6,27.6,0.000,-0.39,0
2026-10-09T17:09:49.161,3362.360,0,0.819,26.6,27.7,0.000,-0.27,0
2026-10-09T17:09:49.261,3362.461,0,0.819,26.4,27.6,0.000,-0.47,0
2026-10-09T17:09:49.362,3362.562,0,0.922,26.6,27.6,0.000,-0.40,0
2026-10-09T17:09:49.462,3362.661,0,1.024,26.4,27.6,0.000,-0.06,0
2026-10-09T17:09:49.564,3362.763,0,0.819,26.7,27.7,0.000,-0.39,0
2026-10-09T17:09:49.663,3362.862,0,0.819,26.5,27.5,0.000,-0.23,0
2026-10-09T17:09:49.762,3362.961,0,1.024,26.5,27.9,0.000,-0.27,0
2026-10-09T17:09:49.863,3363.063,0,1.024,26.6,27.5,0.000,-0.11,0
2026-10-09T17:09:49.962,3363.162,0,0.973,26.4,27.6,0.000,-0.24,0
2026-10-09T17:09:50.063,3363.263,0,0.973,26.4,27.7,0.000,-0.23,0
2026-10-09T17:09:50.163,3363.363,0,0.717,26.5,27.6,0.000,-0.34,0
2026-10-09T17:09:50.263,3363.462,0,0.922,26.4,27.6,0.000,-0.14,0
2026-10-09T17:09:50.362,3363.562,0,0.870,26.6,27.8,0.000,-0.24,0
2026-10-09T17:09:50.464,3363.663,0,0.870,26.5,27.8,0.000,-0.24,0
2026-10-09T17:09:50.564,3363.763,0,0.973,26.6,27.7,0.000,-0.10,0
2026-10-09T17:09:50.665,3363.864,0,1.280,26.4,27.5,0.000,-0.13,0
2026-10-09T17:09:50.765,3363.964,0,0.614,26.4,27.5,0.000,-0.09,0
2026-10-09T17:09:50.865,3364.065,0,0.614,26.6,27.6,0.000,-0.06,0
2026-10-09T17:09:50.964,3364.164,0,1.075,26.5,27.8,0.000,-0.17,0
2026-10-09T17:09:51.065,3364.265,0,0.922,26.4,27.6,0.000,-0.23,0
2026-10-09T17:09:51.166,3364.365,0,1.126,26.3,27.5,0.000,-0.19,0
2026-10-09T17:09:51.265,3364.465,0,1.126,26.4,27.7,0.000,-0.21,0
2026-10-09T17:09:51.366,3364.566,0,1.331,26.5,27.7,0.000,-0.20,0
2026-10-09T17:09:51.466,3364.666,0,1.075,26.5,27.5,0.000,-0.16,0
2026-10-09T17:09:51.566,3364.765,0,1.075,26.5,27.5,0.000,-0.29,0
2026-10-09T17:09:51.667,3364.866,0,1.178,26.5,27.7,0.000,-0.14,0
2026-10-09T17:09:51.768,3364.967,0,1.126,26.6,27.5,0.000,-0.17,0
2026-10-09T17:09:51.868,3365.068,126,0.818,26.7,27.6,0.000,3.41,0
2026-10-09T17:09:51.968,3365.167,126,0.818,27.7,27.1,0.000,6.71,0
2026-10-09T17:09:52.070,3365.269,126,2.924,26.2,27.1,0.000,7.74,0
2026-10-09T17:09:52.169,3365.369,126,2.948,27.5,27.0,0.000,8.16,0
2026-10-09T17:09:52.268,3365.468,126,2.948,25.9,26.9,0.000,8.23,0
2026-10-09T17:09:52.369,3365.569,126,2.948,25.7,26.9,0.000,8.35,0
2026-10-09T17:09:52.470,3365.669,126,2.952,25.6,27.0,0.000,8.46,0
2026-10-09T17:09:52.571,3365.770,126,2.953,25.9,27.0,0.000,8.47,0
2026-10-09T17:09:52.671,3365.870,126,2.958,26.2,27.1,0.000,8.32,0
2026-10-09T17:09:52.771,3365.970,126,2.958,27.7,27.0,0.000,8.51,0
2026-10-09T17:09:52.872,3366.071,126,2.955,27.6,26.8,0.000,8.53,0
2026-10-09T17:09:52.972,3366.172,126,2.952,27.8,27.5,0.000,8.58,0
2026-10-09T17:09:53.073,3366.272,126,2.952,27.5,27.1,0.000,8.55,0
2026-10-09T17:09:53.174,3366.373,126,2.952,27.4,27.0,0.000,8.56,0
2026-10-09T17:09:53.274,3366.474,126,2.953,25.6,26.6,0.000,8.81,0
2026-10-09T17:09:53.374,3366.574,126,2.952,27.1,26.8,0.000,8.62,0
2026-10-09T17:09:53.474,3366.674,126,2.955,27.5,26.9,0.000,8.46,0
2026-10-09T17:09:53.576,3366.776,126,2.955,27.5,26.9,0.000,8.46,0
2026-10-09T17:09:53.675,3366.875,126,2.957,27.5,27.3,0.000,8.64,0
2026-10-09T17:09:53.777,3366.976,126,2.953,25.1,26.5,0.000,7.94,0
2026-10-09T17:09:53.877,3367.077,126,2.959,25.5,27.2,0.000,8.42,0
2026-10-09T17:09:53.977,3367.176,126,2.959,26.6,27.0,0.000,8.25,0
2026-10-09T17:09:54.076,3367.276,126,2.964,25.9,26.9,0.000,8.66,0
2026-10-09T17:09:54.177,3367.377,126,2.967,25.1,26.7,0.000,8.57,0
2026-10-09T17:09:54.278,3367.477,126,2.969,27.0,26.7,0.000,8.83,0
2026-10-09T17:09:54.378,3367.577,126,2.969,27.1,26.8,0.000,8.48,0
2026-10-09T17:09:54.478,3367.677,126,2.974,27.7,27.1,0.000,8.69,0
2026-10-09T17:09:54.579,3367.778,126,2.968,25.5,26.9,0.000,8.69,0
2026-10-09T17:09:54.683,3367.883,126,2.968,27.3,26.8,0.000,8.46,0
2026-10-09T17:09:54.779,3367.979,126,2.971,27.3,27.3,0.000,8.35,0
2026-10-09T17:09:54.881,3368.080,126,2.970,26.8,26.9,0.000,8.43,0
2026-10-09T17:09:54.981,3368.180,126,2.974,25.1,26.9,0.000,8.62,0
2026-10-09T17:09:55.080,3368.280,126,2.974,27.1,26.8,0.000,8.62,0
2026-10-09T17:09:55.180,3368.379,126,2.974,25.5,26.9,0.000,8.70,0
2026-10-09T17:09:55.281,3368.480,126,2.975,25.2,26.7,0.000,8.62,0
2026-10-09T17:09:55.380,3368.580,126,2.975,25.6,27.1,0.000,8.46,0
2026-10-09T17:09:55.481,3368.681,126,2.975,25.2,26.8,0.000,8.18,0
2026-10-09T17:09:55.582,3368.781,126,2.975,25.1,26.8,0.000,8.48,0
2026-10-09T17:09:55.681,3368.881,126,2.976,25.0,26.5,0.000,8.46,0
2026-10-09T17:09:55.782,3368.981,126,2.977,26.8,26.7,0.000,8.75,0
2026-10-09T17:09:55.885,3369.084,126,2.977,25.4,26.9,0.000,8.50,0
2026-10-09T17:09:55.983,3369.182,126,2.978,25.0,26.5,0.000,8.65,0
2026-10-09T17:09:56.085,3369.285,126,2.978,25.2,26.7,0.000,8.81,0
2026-10-09T17:09:56.182,3369.382,126,2.976,25.1,26.7,0.000,8.61,0
2026-10-09T17:09:56.282,3369.481,126,2.976,25.4,26.8,0.000,8.65,0
2026-10-09T17:09:56.382,3369.582,126,2.978,27.8,27.3,0.000,8.39,0
2026-10-09T17:09:56.483,3369.682,126,2.977,27.2,27.0,0.000,8.39,0
2026-10-09T17:09:56.582,3369.782,126,2.985,25.9,26.9,0.000,8.63,0
2026-10-09T17:09:56.683,3369.882,126,2.985,26.0,27.0,0.000,8.31,0
2026-10-09T17:09:56.784,3369.983,126,2.978,27.1,26.8,0.000,8.29,0
2026-10-09T17:09:56.883,3370.083,126,2.981,27.4,26.8,0.000,8.26,0
2026-10-09T17:09:56.984,3370.183,126,2.986,27.3,27.0,0.000,8.40,0
2026-10-09T17:09:57.085,3370.284,126,2.986,27.0,26.8,0.000,8.74,0
2026-10-09T17:09:57.184,3370.384,126,2.983,25.5,26.9,0.000,8.29,0
2026-10-09T17:09:57.284,3370.483,126,2.984,27.7,26.8,0.000,8.36,0
2026-10-09T17:09:57.385,3370.584,126,2.984,27.2,27.2,0.000,8.24,0
2026-10-09T17:09:57.485,3370.684,126,2.985,27.6,27.4,0.000,8.56,0
2026-10-09T17:09:57.585,3370.785,126,2.987,25.5,26.4,0.000,8.88,0
2026-10-09T17:09:57.685,3370.884,126,2.985,25.7,26.6,0.000,8.41,0
2026-10-09T17:09:57.786,3370.986,126,2.985,27.3,27.0,0.000,8.64,0
2026-10-09T17:09:57.884,3371.084,126,2.985,27.7,27.0,0.000,8.43,0
2026-10-09T17:09:57.985,3371.184,126,2.983,26.3,27.1,0.000,8.61,0
2026-10-09T17:09:58.084,3371.284,126,2.985,26.0,27.1,0.000,8.26,0
2026-10-09T17:09:58.184,3371.384,126,2.985,27.6,27.0,0.000,8.38,0
2026-10-09T17:09:58.285,3371.485,126,2.985,25.9,27.0,0.000,8.77,0
2026-10-09T17:09:58.386,3371.585,126,2.983,27.4,26.7,0.000,8.27,0
2026-10-09T17:09:58.485,3371.685,126,2.984,25.8,26.9,0.000,8.36,0
2026-10-09T17:09:58.586,3371.786,126,2.984,26.2,27.1,0.000,8.41,0
2026-10-09T17:09:58.690,3371.890,126,2.982,27.9,26.9,0.000,8.48,0
2026-10-09T17:09:58.786,3371.986,126,2.984,26.1,26.9,0.000,8.39,0
2026-10-09T17:09:58.887,3372.087,126,2.982,26.1,27.1,0.000,8.25,0
2026-10-09T17:09:58.987,3372.187,126,2.982,27.3,26.9,0.000,8.44,0
2026-10-09T17:09:59.088,3372.288,126,2.983,26.1,26.6,0.000,8.61,0
2026-10-09T17:09:59.189,3372.388,126,2.979,26.0,26.9,0.000,8.56,0
2026-10-09T17:09:59.289,3372.488,126,2.980,27.6,27.0,0.000,8.14,0
2026-10-09T17:09:59.388,3372.588,126,2.980,25.7,26.9,0.000,8.50,0
2026-10-09T17:09:59.488,3372.688,126,2.979,26.0,27.1,0.000,8.65,0
2026-10-09T17:09:59.588,3372.788,126,2.984,26.0,27.0,0.000,8.42,0
2026-10-09T17:09:59.689,3372.888,126,2.984,27.5,26.9,0.000,8.33,0
2026-10-09T17:09:59.788,3372.988,126,2.986,25.9,27.0,0.000,8.32,0
2026-10-09T17:09:59.890,3373.089,126,2.983,26.1,27.2,0.000,8.68,0
2026-10-09T17:09:59.990,3373.189,126,2.983,26.2,27.1,0.000,8.51,0
2026-10-09T17:10:00.089,3373.288,126,2.983,25.6,26.8,0.000,8.58,0
2026-10-09T17:10:00.190,3373.390,126,2.989,27.8,27.1,0.000,8.57,0
2026-10-09T17:10:00.290,3373.489,126,2.991,25.7,27.0,0.000,8.19,0
2026-10-09T17:10:00.389,3373.589,126,2.990,26.0,27.1,0.000,8.39,0
2026-10-09T17:10:00.490,3373.689,126,2.990,26.4,26.9,0.000,8.43,0
2026-10-09T17:10:00.596,3373.795,126,2.985,27.5,27.1,0.000,8.30,0
2026-10-09T17:10:00.692,3373.891,126,2.991,25.5,26.9,0.000,8.36,0
2026-10-09T17:10:00.790,3373.990,126,2.984,26.0,26.9,0.000,8.20,0
2026-10-09T17:10:00.890,3374.089,126,2.984,27.7,27.2,0.000,8.42,0
2026-10-09T17:10:00.991,3374.191,126,2.984,27.5,26.8,0.000,8.23,0
2026-10-09T17:10:01.091,3374.290,126,2.987,27.5,26.8,0.000,8.25,0
2026-10-09T17:10:01.190,3374.390,126,2.983,26.2,26.9,0.000,8.65,0
2026-10-09T17:10:01.290,3374.489,126,2.983,27.7,26.9,0.000,8.47,0
2026-10-09T17:10:01.390,3374.590,126,2.982,27.0,26.9,0.000,8.22,0
2026-10-09T17:10:01.490,3374.690,126,2.981,25.3,26.9,0.000,8.55,0
2026-10-09T17:10:01.590,3374.790,126,2.977,25.5,26.9,0.000,8.39,0
2026-10-09T17:10:01.691,3374.890,126,2.977,26.1,27.1,0.000,8.50,0
2026-10-09T17:10:01.792,3374.992,126,2.981,28.1,26.9,0.000,8.44,0
2026-10-09T17:10:01.893,3375.092,126,2.983,25.9,26.7,0.000,8.43,0
2026-10-09T17:10:01.993,3375.193,126,2.980,27.6,26.9,0.000,8.39,0
2026-10-09T17:10:02.093,3375.293,126,2.980,27.7,27.1,0.000,8.39,0
2026-10-09T17:10:02.194,3375.393,126,2.980,25.9,26.9,0.000,8.10,0
2026-10-09T17:10:02.294,3375.494,126,2.981,27.4,26.9,0.000,8.42,0
2026-10-09T17:10:02.396,3375.596,126,2.981,27.8,27.1,0.000,8.33,0
2026-10-09T17:10:02.496,3375.695,126,2.986,25.8,27.0,0.000,8.44,0
2026-10-09T17:10:02.601,3375.800,126,2.980,27.4,27.0,0.000,8.17,0
2026-10-09T17:10:02.696,3375.895,126,2.983,26.3,27.1,0.000,8.50,0
2026-10-09T17:10:02.797,3375.996,126,2.983,25.8,26.9,0.000,8.39,0
2026-10-09T17:10:02.896,3376.096,126,2.980,27.7,27.2,0.000,8.48,0
2026-10-09T17:10:02.996,3376.195,126,2.983,27.8,27.0,0.000,8.12,0
2026-10-09T17:10:03.097,3376.296,126,2.977,28.3,27.2,0.000,8.61,0
2026-10-09T17:10:03.196,3376.395,126,2.977,26.0,27.0,0.000,8.40,0
2026-10-09T17:10:03.297,3376.496,126,2.980,25.5,26.9,0.000,8.05,0
2026-10-09T17:10:03.396,3376.595,126,2.982,26.0,27.1,0.000,8.27,0
2026-10-09T17:10:03.497,3376.697,126,2.979,26.2,26.8,0.000,8.20,0
2026-10-09T17:10:03.597,3376.796,126,2.979,26.9,27.0,0.000,8.55,0
2026-10-09T17:10:03.696,3376.896,126,2.981,26.2,27.2,0.000,8.60,0
2026-10-09T17:10:03.796,3376.996,126,2.977,27.4,26.9,0.000,8.18,0
2026-10-09T17:10:03.896,3377.096,126,2.984,27.1,27.0,0.000,8.45,0
2026-10-09T17:10:03.997,3377.197,126,2.984,25.4,26.6,0.000,8.35,0
2026-10-09T17:10:04.098,3377.297,126,2.975,27.8,27.1,0.000,8.27,0
2026-10-09T17:10:04.198,3377.398,126,2.982,27.3,26.8,0.000,8.53,0
2026-10-09T17:10:04.299,3377.499,126,2.978,25.9,27.1,0.000,8.46,0
2026-10-09T17:10:04.399,3377.599,126,2.978,27.5,27.0,0.000,8.05,0
2026-10-09T17:10:04.500,3377.699,126,2.977,26.0,26.8,0.000,8.48,0
2026-10-09T17:10:04.600,3377.800,126,2.982,27.3,27.0,0.000,8.14,0
2026-10-09T17:10:04.701,3377.901,126,2.977,27.5,26.8,0.000,8.48,0
2026-10-09T17:10:04.801,3378.000,126,2.977,27.6,26.9,0.000,8.54,0
2026-10-09T17:10:04.901,3378.101,126,2.979,27.2,27.3,0.000,8.54,0
2026-10-09T17:10:05.002,3378.201,126,2.978,26.0,27.0,0.000,8.48,0
2026-10-09T17:10:05.102,3378.301,126,2.978,25.7,27.0,0.000,8.76,0
2026-10-09T17:10:05.201,3378.401,126,2.982,27.9,27.0,0.000,8.09,0
2026-10-09T17:10:05.302,3378.502,126,2.979,25.5,26.8,0.000,8.53,0
2026-10-09T17:10:05.401,3378.601,126,2.977,27.6,27.0,0.000,8.28,0
2026-10-09T17:10:05.502,3378.702,126,2.977,27.6,27.1,0.000,8.44,0
2026-10-09T17:10:05.604,3378.803,126,2.981,25.5,27.0,0.000,8.44,0
2026-10-09T17:10:05.703,3378.903,126,2.978,26.0,26.9,0.000,8.35,0
2026-10-09T17:10:05.803,3379.002,126,2.975,26.3,27.1,0.000,8.35,0
2026-10-09T17:10:05.904,3379.104,126,2.975,26.0,26.6,0.000,8.18,0
2026-10-09T17:10:06.005,3379.205,126,2.976,26.2,27.1,0.000,8.44,0
2026-10-09T17:10:06.105,3379.304,126,2.977,27.2,27.0,0.000,8.15,0
2026-10-09T17:10:06.206,3379.405,126,2.972,27.7,26.9,0.000,8.35,0
2026-10-09T17:10:06.305,3379.505,126,2.972,27.7,26.9,0.000,8.44,0
2026-10-09T17:10:06.406,3379.605,126,2.977,26.6,27.2,0.000,8.14,0
2026-10-09T17:10:06.507,3379.706,126,2.975,27.4,26.8,0.000,8.28,0
2026-10-09T17:10:06.608,3379.807,126,2.973,27.7,27.0,0.000,8.31,0
2026-10-09T17:10:06.708,3379.908,126,2.973,25.7,27.0,0.000,8.27,0
2026-10-09T17:10:06.809,3380.009,126,2.975,25.5,26.8,0.000,8.51,0
2026-10-09T17:10:06.909,3380.108,126,2.972,27.5,26.9,0.000,8.50,0
2026-10-09T17:10:07.011,3380.210,126,2.973,25.4,27.0,0.000,8.58,0
2026-10-09T17:10:07.110,3380.309,126,2.973,25.6,27.0,0.000,8.53,0
2026-10-09T17:10:07.216,3380.415,126,2.975,27.4,27.2,0.000,8.21,0
2026-10-09T17:10:07.310,3380.510,126,2.975,27.0,26.9,0.000,8.24,0
2026-10-09T17:10:07.411,3380.610,126,2.969,25.2,26.8,0.000,8.44,0
2026-10-09T17:10:07.511,3380.711,126,2.969,25.1,26.5,0.000,8.27,0
2026-10-09T17:10:07.612,3380.811,126,2.972,26.9,26.8,0.000,8.03,0
2026-10-09T17:10:07.712,3380.912,126,2.968,25.1,26.9,0.000,8.28,0
2026-10-09T17:10:07.811,3381.011,126,2.970,25.5,26.6,0.000,8.17,0
2026-10-09T17:10:07.913,3381.112,126,2.970,25.5,26.9,0.000,8.08,0
2026-10-09T17:10:08.012,3381.211,126,2.967,25.3,26.9,0.000,8.03,0
2026-10-09T17:10:08.113,3381.312,126,2.968,24.9,26.6,0.000,8.21,0
2026-10-09T17:10:08.214,3381.413,126,2.968,25.2,26.9,0.000,8.33,0
2026-10-09T17:10:08.314,3381.514,126,2.967,27.1,26.7,0.000,8.20,0
2026-10-09T17:10:08.414,3381.613,126,2.969,25.2,27.0,0.000,8.20,0
2026-10-09T17:10:08.515,3381.714,126,2.969,26.7,26.7,0.000,8.55,0
2026-10-09T17:10:08.614,3381.814,126,2.969,26.8,26.5,0.000,8.17,0
2026-10-09T17:10:08.714,3381.913,126,2.965,25.5,27.1,0.000,8.45,0
2026-10-09T17:10:08.815,3382.014,126,2.964,26.9,26.6,0.000,8.12,0
2026-10-09T17:10:08.916,3382.115,126,2.966,25.3,26.7,0.000,8.22,0
2026-10-09T17:10:09.014,3382.214,126,2.966,27.3,26.9,0.000,8.42,0
2026-10-09T17:10:09.114,3382.313,126,2.967,25.8,26.6,0.000,8.32,0
2026-10-09T17:10:09.214,3382.414,126,2.959,27.3,26.8,0.000,7.97,0
2026-10-09T17:10:09.314,3382.514,126,2.962,25.7,27.1,0.000,8.20,0
2026-10-09T17:10:09.413,3382.613,126,2.962,27.5,26.9,0.000,8.25,0
2026-10-09T17:10:09.514,3382.714,126,2.960,27.4,26.6,0.000,8.12,0
2026-10-09T17:10:09.614,3382.814,126,2.955,27.2,26.8,0.000,8.46,0
2026-10-09T17:10:09.714,3382.913,126,2.952,25.7,26.9,0.000,8.46,0
2026-10-09T17:10:09.813,3383.013,126,2.952,27.6,26.8,0.000,8.36,0
2026-10-09T17:10:09.914,3383.114,126,2.958,26.1,27.1,0.000,8.35,0
2026-10-09T17:10:10.015,3383.214,126,2.957,27.7,27.0,0.000,8.24,0
2026-10-09T17:10:10.116,3383.316,126,2.958,27.1,27.2,0.000,8.16,0
2026-10-09T17:10:10.216,3383.415,126,2.958,27.3,26.7,0.000,8.20,0
2026-10-09T17:10:10.316,3383.516,126,2.954,25.9,27.0,0.000,8.19,0
2026-10-09T17:10:10.416,3383.615,126,2.958,25.8,27.1,0.000,8.03,0
2026-10-09T17:10:10.517,3383.717,126,2.958,28.0,27.1,0.000,8.25,0
2026-10-09T17:10:10.617,3383.817,126,2.954,26.0,27.0,0.000,8.11,0
2026-10-09T17:10:10.718,3383.918,126,2.953,25.9,27.1,0.000,8.13,0
2026-10-09T17:10:10.818,3384.018,126,2.955,25.6,26.8,0.000,8.17,0
2026-10-09T17:10:10.918,3384.117,126,2.955,27.3,26.9,0.000,8.36,0
2026-10-09T17:10:11.019,3384.218,126,2.953,27.1,27.0,0.000,8.32,0
2026-10-09T17:10:11.119,3384.319,126,2.954,25.8,26.9,0.000,8.33,0
2026-10-09T17:10:11.218,3384.418,126,2.954,27.9,27.3,0.000,8.28,0
2026-10-09T17:10:11.319,3384.519,126,2.954,27.5,27.1,0.000,8.20,0
2026-10-09T17:10:11.419,3384.619,126,2.949,27.3,26.8,0.000,7.90,0
2026-10-09T17:10:11.519,3384.719,126,2.958,26.0,27.0,0.000,8.40,0
2026-10-09T17:10:11.619,3384.819,126,2.951,25.6,27.1,0.000,8.32,0
2026-10-09T17:10:11.719,3384.918,126,2.951,27.6,26.9,0.000,8.51,0
2026-10-09T17:10:11.819,3385.019,126,2.949,25.7,26.8,0.000,8.46,0
2026-10-09T17:10:11.920,3385.120,126,2.946,27.8,27.1,0.000,8.39,0
2026-10-09T17:10:12.019,3385.219,126,2.946,26.0,27.0,0.000,8.58,0
2026-10-09T17:10:12.120,3385.320,126,2.946,27.3,26.7,0.000,8.48,0
2026-10-09T17:10:12.220,3385.420,126,2.946,25.4,26.8,0.000,8.44,0
2026-10-09T17:10:12.319,3385.519,126,2.945,26.3,27.1,0.000,8.32,0
2026-10-09T17:10:12.420,3385.619,126,2.948,25.8,26.8,0.000,8.42,0
2026-10-09T17:10:12.520,3385.719,126,2.948,26.2,27.1,0.000,8.51,0
2026-10-09T17:10:12.620,3385.820,126,2.945,26.0,27.0,0.000,8.31,0
2026-10-09T17:10:12.721,3385.921,126,2.942,27.3,26.9,0.000,7.77,0
2026-10-09T17:10:12.821,3386.021,126,2.938,25.7,27.0,0.000,8.11,0
2026-10-09T17:10:12.920,3386.120,126,2.938,27.7,26.8,0.000,8.16,0
2026-10-09T17:10:13.021,3386.221,126,2.941,27.2,26.8,0.000,8.37,0
2026-10-09T17:10:13.122,3386.321,126,2.942,25.9,26.8,0.000,8.57,0
2026-10-09T17:10:13.222,3386.422,126,2.942,27.3,26.8,0.000,8.44,0
2026-10-09T17:10:13.322,3386.522,126,2.940,27.1,26.9,0.000,8.53,0
2026-10-09T17:10:13.423,3386.623,126,2.938,27.9,27.2,0.000,8.48,0
2026-10-09T17:10:13.522,3386.722,126,2.944,25.9,27.0,0.000,8.43,0
2026-10-09T17:10:13.624,3386.823,126,2.944,27.7,27.0,0.000,8.50,0
2026-10-09T17:10:13.724,3386.923,126,2.944,27.5,27.1,0.000,8.56,0
2026-10-09T17:10:13.823,3387.023,126,2.940,26.0,27.0,0.000,8.21,0
2026-10-09T17:10:13.924,3387.124,126,2.940,25.7,27.1,0.000,8.47,0
2026-10-09T17:10:14.028,3387.227,126,2.940,25.6,27.0,0.000,8.57,0
2026-10-09T17:10:14.128,3387.328,126,2.936,27.7,27.0,0.000,8.48,0
2026-10-09T17:10:14.226,3387.426,126,2.932,27.5,26.8,0.000,7.84,0
2026-10-09T17:10:14.327,3387.526,126,2.936,27.7,26.9,0.000,8.35,0
2026-10-09T17:10:14.428,3387.627,126,2.936,26.4,27.4,0.000,8.01,0
2026-10-09T17:10:14.528,3387.728,126,2.938,25.3,26.8,0.000,8.39,0
2026-10-09T17:10:14.629,3387.829,126,2.933,25.5,26.6,0.000,8.05,0
2026-10-09T17:10:14.729,3387.929,126,2.927,27.6,26.9,0.000,8.42,0
2026-10-09T17:10:14.829,3388.029,126,2.927,26.3,27.2,0.000,7.95,0
2026-10-09T17:10:14.928,3388.127,126,2.930,27.7,27.3,0.000,8.35,0
2026-10-09T17:10:15.029,3388.229,126,2.931,26.9,27.0,0.000,8.20,0
2026-10-09T17:10:15.129,3388.328,126,2.929,26.0,27.0,0.000,8.06,0
2026-10-09T17:10:15.228,3388.428,126,2.929,26.1,27.1,0.000,8.01,0
2026-10-09T17:10:15.329,3388.529,126,2.928,27.3,27.1,0.000,8.01,0
2026-10-09T17:10:15.430,3388.630,126,2.931,27.7,27.4,0.000,8.02,0
2026-10-09T17:10:15.532,3388.731,126,2.923,25.6,26.7,0.000,8.13,0
2026-10-09T17:10:15.632,3388.831,126,2.923,25.4,26.9,0.000,7.92,0
2026-10-09T17:10:15.731,3388.931,126,2.923,25.5,27.0,0.000,8.24,0
2026-10-09T17:10:15.832,3389.032,126,2.920,25.8,26.8,0.000,8.13,0
2026-10-09T17:10:15.934,3389.133,126,2.919,25.9,26.9,0.000,8.32,0
2026-10-09T17:10:16.031,3389.231,126,2.919,26.1,27.0,0.000,8.10,0
2026-10-09T17:10:16.134,3389.334,126,2.918,26.1,26.7,0.000,8.59,0
2026-10-09T17:10:16.233,3389.432,126,2.914,27.1,26.8,0.000,8.07,0
2026-10-09T17:10:16.334,3389.533,126,2.914,27.1,26.6,0.000,7.79,0
2026-10-09T17:10:16.433,3389.633,126,2.918,25.5,26.9,0.000,8.25,0
2026-10-09T17:10:16.535,3389.734,126,2.914,27.1,26.9,0.000,8.33,0
2026-10-09T17:10:16.634,3389.834,126,2.913,25.3,26.7,0.000,8.13,0
2026-10-09T17:10:16.734,3389.934,126,2.913,25.4,27.0,0.000,8.10,0
2026-10-09T17:10:16.836,3390.035,126,2.913,25.2,26.9,0.000,8.28,0
2026-10-09T17:10:16.936,3390.135,126,2.913,26.9,26.8,0.000,8.07,0
2026-10-09T17:10:17.036,3390.236,126,2.917,27.0,26.6,0.000,7.97,0
2026-10-09T17:10:17.136,3390.335,126,2.917,27.0,27.0,0.000,8.09,0
2026-10-09T17:10:17.236,3390.435,126,2.913,27.5,27.0,0.000,8.48,0
2026-10-09T17:10:17.336,3390.535,126,2.911,27.3,26.8,0.000,8.51,0
2026-10-09T17:10:17.436,3390.635,126,2.913,25.4,26.8,0.000,8.50,0
2026-10-09T17:10:17.538,3390.737,126,2.913,25.7,27.0,0.000,8.32,0
2026-10-09T17:10:17.636,3390.835,126,2.908,27.3,27.1,0.000,8.03,0
2026-10-09T17:10:17.736,3390.936,126,2.911,25.6,27.2,0.000,8.01,0
2026-10-09T17:10:17.837,3391.036,126,2.909,27.0,26.8,0.000,8.09,0
2026-10-09T17:10:17.938,3391.137,126,2.909,25.3,26.8,0.000,8.20,0
2026-10-09T17:10:18.037,3391.236,126,2.909,27.2,26.8,0.000,8.03,0
2026-10-09T17:10:18.137,3391.337,126,2.902,27.2,26.8,0.000,8.24,0
2026-10-09T17:10:18.237,3391.437,126,2.903,25.9,27.0,0.000,8.14,0
2026-10-09T17:10:18.338,3391.537,126,2.903,25.5,27.1,0.000,8.23,0
2026-10-09T17:10:18.439,3391.638,126,2.907,25.3,26.5,0.000,8.04,0
2026-10-09T17:10:18.538,3391.738,126,2.902,27.6,27.2,0.000,8.39,0
2026-10-09T17:10:18.639,3391.839,126,2.899,27.1,26.8,0.000,8.07,0
2026-10-09T17:10:18.740,3391.940,126,2.899,27.0,26.9,0.000,8.02,0
2026-10-09T17:10:18.842,3392.041,126,2.901,25.6,26.9,0.000,8.15,0
2026-10-09T17:10:18.940,3392.140,126,2.899,27.1,27.0,0.000,8.23,0
2026-10-09T17:10:19.041,3392.240,126,2.899,27.9,27.0,0.000,8.42,0
2026-10-09T17:10:19.141,3392.340,126,2.900,27.1,26.8,0.000,8.14,0
2026-10-09T17:10:19.241,3392.440,126,2.895,25.6,26.5,0.000,8.43,0
2026-10-09T17:10:19.340,3392.539,126,2.893,25.4,26.9,0.000,8.46,0
2026-10-09T17:10:19.440,3392.640,126,2.893,27.1,27.0,0.000,8.15,0
2026-10-09T17:10:19.540,3392.740,126,2.894,27.9,27.2,0.000,8.42,0
2026-10-09T17:10:19.641,3392.840,126,2.891,26.1,27.3,0.000,8.33,0
2026-10-09T17:10:19.741,3392.941,126,2.898,27.2,27.2,0.000,8.51,0
2026-10-09T17:10:19.841,3393.041,126,2.898,27.5,27.1,0.000,8.19,0
2026-10-09T17:10:19.942,3393.142,126,2.891,27.3,27.2,0.000,8.45,0
2026-10-09T17:10:20.043,3393.242,126,2.890,26.9,26.7,0.000,8.15,0
2026-10-09T17:10:20.143,3393.343,126,2.889,25.0,26.8,0.000,8.21,0
2026-10-09T17:10:20.243,3393.442,126,2.889,27.2,26.8,0.000,8.16,0
2026-10-09T17:10:20.344,3393.543,126,2.887,25.4,26.4,0.000,8.27,0
2026-10-09T17:10:20.443,3393.643,126,2.889,25.7,27.0,0.000,7.98,0
2026-10-09T17:10:20.544,3393.744,126,2.889,25.4,27.0,0.000,8.25,0
2026-10-09T17:10:20.645,3393.844,126,2.889,27.5,26.9,0.000,8.43,0
2026-10-09T17:10:20.744,3393.944,126,2.888,25.3,26.9,0.000,8.15,0
2026-10-09T17:10:20.845,3394.044,126,2.883,27.3,26.7,0.000,8.18,0
2026-10-09T17:10:20.945,3394.144,126,2.885,26.0,26.8,0.000,8.16,0
2026-10-09T17:10:21.044,3394.243,126,2.885,27.7,27.2,0.000,7.97,0
2026-10-09T17:10:21.145,3394.344,126,2.885,27.8,26.9,0.000,8.77,0
2026-10-09T17:10:21.244,3394.444,126,2.886,27.5,27.0,0.000,8.58,0
2026-10-09T17:10:21.344,3394.544,126,2.886,27.7,26.8,0.000,8.27,0
2026-10-09T17:10:21.450,3394.649,126,2.886,26.1,27.2,0.000,8.49,0
2026-10-09T17:10:21.546,3394.745,126,2.882,27.4,27.0,0.000,8.18,0
2026-10-09T17:10:21.645,3394.844,126,2.885,27.5,27.3,0.000,8.23,0
2026-10-09T17:10:21.746,3394.945,126,2.885,27.3,26.9,0.000,8.35,0
2026-10-09T17:10:21.846,3395.045,126,2.887,25.8,27.1,0.000,8.32,0
2026-10-09T17:10:21.946,3395.145,126,2.883,25.7,27.1,0.000,8.15,0
2026-10-09T17:10:22.045,3395.245,126,2.882,26.0,27.1,0.000,8.10,0
2026-10-09T17:10:22.145,3395.345,126,2.882,27.6,27.0,0.000,8.06,0
2026-10-09T17:10:22.245,3395.445,126,2.881,26.0,27.0,0.000,8.26,0
2026-10-09T17:10:22.346,3395.546,126,2.885,26.0,27.2,0.000,8.08,0
2026-10-09T17:10:22.447,3395.647,126,2.882,25.7,27.0,0.000,8.01,0
2026-10-09T17:10:22.547,3395.747,126,2.882,27.7,27.0,0.000,8.31,0
2026-10-09T17:10:22.647,3395.846,126,2.882,27.9,27.4,0.000,8.32,0
2026-10-09T17:10:22.746,3395.946,126,2.878,27.7,26.9,0.000,8.07,0
2026-10-09T17:10:22.846,3396.046,126,2.882,27.8,27.0,0.000,8.37,0
2026-10-09T17:10:22.946,3396.146,126,2.882,25.8,26.8,0.000,8.01,0
2026-10-09T17:10:23.046,3396.246,126,2.879,26.3,27.2,0.000,8.39,0
2026-10-09T17:10:23.147,3396.346,126,2.881,25.9,26.8,0.000,8.42,0
2026-10-09T17:10:23.248,3396.447,126,2.886,27.5,26.9,0.000,8.38,0
2026-10-09T17:10:23.348,3396.547,126,2.886,27.7,27.0,0.000,8.33,0
2026-10-09T17:10:23.446,3396.646,126,2.880,26.2,27.2,0.000,8.54,0
2026-10-09T17:10:23.547,3396.747,126,2.878,25.7,27.2,0.000,7.85,0
2026-10-09T17:10:23.647,3396.846,126,2.880,25.6,26.6,0.000,8.22,0
2026-10-09T17:10:23.748,3396.947,126,2.880,25.6,27.0,0.000,8.61,0
2026-10-09T17:10:23.847,3397.046,126,2.879,27.6,26.9,0.000,8.18,0
2026-10-09T17:10:23.947,3397.147,126,2.878,27.8,27.2,0.000,8.18,0
2026-10-09T17:10:24.047,3397.247,126,2.878,25.9,27.3,0.000,8.22,0
2026-10-09T17:10:24.148,3397.347,126,2.877,27.3,26.8,0.000,8.18,0
2026-10-09T17:10:24.247,3397.447,126,2.875,27.0,26.7,0.000,8.07,0
2026-10-09T17:10:24.347,3397.546,126,2.876,26.9,27.2,0.000,8.38,0
2026-10-09T17:10:24.448,3397.647,126,2.876,25.3,26.7,0.000,8.35,0
2026-10-09T17:10:24.549,3397.748,126,2.878,27.6,27.0,0.000,7.95,0
2026-10-09T17:10:24.650,3397.849,126,2.874,26.2,27.1,0.000,8.38,0
2026-10-09T17:10:24.749,3397.949,126,2.879,27.0,26.6,0.000,8.43,0
2026-10-09T17:10:24.850,3398.049,126,2.879,25.8,26.8,0.000,8.40,0
2026-10-09T17:10:24.950,3398.150,126,2.875,27.9,27.1,0.000,8.27,0
2026-10-09T17:10:25.049,3398.249,126,2.873,25.6,26.7,0.000,8.16,0
2026-10-09T17:10:25.150,3398.349,126,2.874,27.1,27.1,0.000,8.20,0
2026-10-09T17:10:25.251,3398.450,126,2.874,26.1,26.8,0.000,8.07,0
2026-10-09T17:10:25.350,3398.550,126,2.874,26.7,27.0,0.000,8.39,0
2026-10-09T17:10:25.450,3398.649,126,2.872,27.1,26.7,0.000,8.40,0
2026-10-09T17:10:25.551,3398.750,126,2.872,25.4,26.8,0.000,7.99,0
2026-10-09T17:10:25.650,3398.850,126,2.872,26.9,26.8,0.000,8.09,0
2026-10-09T17:10:25.750,3398.949,126,2.873,27.1,26.9,0.000,8.39,0
2026-10-09T17:10:25.850,3399.050,126,2.870,27.0,26.9,0.000,7.92,0
2026-10-09T17:10:25.950,3399.149,126,2.875,27.0,26.8,0.000,8.04,0
2026-10-09T17:10:26.050,3399.250,126,2.875,25.2,26.9,0.000,8.23,0
2026-10-09T17:10:26.152,3399.351,126,2.888,26.9,27.3,0.000,8.13,0
2026-10-09T17:10:26.252,3399.452,126,2.892,27.0,26.7,0.000,8.11,0
2026-10-09T17:10:26.352,3399.551,126,2.885,27.0,26.8,0.000,8.17,0
2026-10-09T17:10:26.456,3399.655,126,2.885,27.0,27.0,0.000,8.32,0
2026-10-09T17:10:26.552,3399.751,126,2.884,25.4,27.0,0.000,8.29,0
2026-10-09T17:10:26.652,3399.851,126,2.883,25.1,26.7,0.000,8.29,0
2026-10-09T17:10:26.753,3399.952,126,2.883,25.4,26.9,0.000,7.88,0
2026-10-09T17:10:26.854,3400.054,126,2.882,26.8,26.6,0.000,8.08,0
2026-10-09T17:10:26.955,3400.154,126,2.877,25.7,26.7,0.000,8.09,0
2026-10-09T17:10:27.055,3400.255,126,2.878,25.7,26.7,0.000,8.02,0
2026-10-09T17:10:27.156,3400.356,126,2.878,25.8,27.0,0.000,8.35,0
2026-10-09T17:10:27.256,3400.455,126,2.879,27.4,27.0,0.000,7.92,0
2026-10-09T17:10:27.356,3400.556,126,2.883,27.6,26.8,0.000,8.06,0
2026-10-09T17:10:27.456,3400.656,126,2.882,26.0,27.1,0.000,8.09,0
2026-10-09T17:10:27.556,3400.755,126,2.882,26.9,26.8,0.000,8.29,0
2026-10-09T17:10:27.657,3400.856,126,2.878,25.5,26.6,0.000,8.40,0
2026-10-09T17:10:27.756,3400.956,126,2.895,27.0,26.7,0.000,8.25,0
2026-10-09T17:10:27.856,3401.055,126,2.898,25.3,26.7,0.000,7.96,0
2026-10-09T17:10:27.958,3401.157,126,2.898,25.1,26.8,0.000,7.96,0
2026-10-09T17:10:28.058,3401.257,126,2.893,27.7,26.9,0.000,8.15,0
2026-10-09T17:10:28.160,3401.359,126,2.895,25.4,26.9,0.000,8.50,0
2026-10-09T17:10:28.258,3401.457,126,2.894,27.2,26.8,0.000,8.27,0
2026-10-09T17:10:28.359,3401.558,126,2.894,25.8,26.9,0.000,8.33,0
2026-10-09T17:10:28.458,3401.658,126,2.891,25.1,26.8,0.000,8.09,0
2026-10-09T17:10:28.558,3401.758,126,2.894,26.8,27.2,0.000,7.83,0
2026-10-09T17:10:28.659,3401.859,126,2.895,27.3,26.9,0.000,7.99,0
2026-10-09T17:10:28.760,3401.960,126,2.895,25.8,27.0,0.000,8.14,0
2026-10-09T17:10:28.861,3402.060,126,2.895,25.9,27.1,0.000,8.07,0
2026-10-09T17:10:28.961,3402.161,126,2.895,27.9,27.3,0.000,8.18,0
2026-10-09T17:10:29.061,3402.261,126,2.895,26.0,27.2,0.000,8.07,0
2026-10-09T17:10:29.162,3402.362,126,2.895,27.7,27.3,0.000,8.09,0
2026-10-09T17:10:29.262,3402.461,126,2.889,27.9,27.0,0.000,8.20,0
2026-10-09T17:10:29.363,3402.563,126,2.895,27.7,27.3,0.000,8.21,0
2026-10-09T17:10:29.462,3402.661,126,2.895,26.0,27.0,0.000,8.07,0
2026-10-09T17:10:29.562,3402.762,126,2.895,26.0,26.8,0.000,7.97,0
2026-10-09T17:10:29.662,3402.861,126,2.895,25.6,27.0,0.000,8.08,0
2026-10-09T17:10:29.762,3402.962,126,2.896,27.5,26.9,0.000,8.52,0
2026-10-09T17:10:29.862,3403.062,126,2.896,25.4,26.3,0.000,8.20,0
2026-10-09T17:10:29.963,3403.162,126,2.892,25.6,27.0,0.000,8.12,0
2026-10-09T17:10:30.063,3403.263,126,2.889,27.1,26.8,0.000,8.30,0
2026-10-09T17:10:30.163,3403.363,126,2.889,25.6,26.8,0.000,7.99,0
2026-10-09T17:10:30.263,3403.463,126,2.889,25.9,27.0,0.000,8.48,0
2026-10-09T17:10:30.364,3403.564,126,2.886,27.5,26.9,0.000,7.99,0
2026-10-09T17:10:30.465,3403.665,126,2.888,25.9,27.0,0.000,8.06,0
2026-10-09T17:10:30.564,3403.764,126,2.885,27.8,26.9,0.000,8.03,0
2026-10-09T17:10:30.665,3403.864,126,2.885,25.9,26.8,0.000,7.86,0
2026-10-09T17:10:30.766,3403.965,126,2.885,25.8,27.1,0.000,7.98,0
2026-10-09T17:10:30.865,3404.065,126,2.883,27.5,26.8,0.000,7.96,0
2026-10-09T17:10:30.966,3404.165,126,2.879,28.1,27.1,0.000,8.05,0
2026-10-09T17:10:31.066,3404.266,126,2.879,27.6,27.3,0.000,8.38,0
2026-10-09T17:10:31.166,3404.365,126,2.884,26.0,27.0,0.000,8.28,0
2026-10-09T17:10:31.265,3404.465,126,2.883,27.3,26.9,0.000,8.14,0
2026-10-09T17:10:31.366,3404.565,126,2.881,27.3,26.9,0.000,8.02,0
2026-10-09T17:10:31.468,3404.668,126,2.881,27.2,27.2,0.000,7.91,0
2026-10-09T17:10:31.567,3404.767,126,2.881,26.1,27.3,0.000,8.29,0
2026-10-09T17:10:31.667,3404.867,126,2.883,26.1,26.8,0.000,8.17,0
2026-10-09T17:10:31.768,3404.967,126,2.879,27.4,26.9,0.000,8.01,0
2026-10-09T17:10:31.869,3405.068,126,2.879,27.5,27.0,0.000,7.92,0
2026-10-09T17:10:31.969,3405.169,126,2.880,26.2,27.0,0.000,8.09,0
2026-10-09T17:10:32.070,3405.269,126,2.874,27.8,27.0,0.000,8.21,0
2026-10-09T17:10:32.170,3405.369,126,2.879,27.7,27.0,0.000,7.96,0
2026-10-09T17:10:32.271,3405.470,126,2.879,25.8,26.7,0.000,8.17,0
2026-10-09T17:10:32.371,3405.571,126,2.877,25.8,27.0,0.000,8.22,0
2026-10-09T17:10:32.472,3405.671,126,2.879,26.2,26.8,0.000,7.99,0
2026-10-09T17:10:32.574,3405.773,126,2.879,25.8,27.0,0.000,8.29,0
2026-10-09T17:10:32.674,3405.874,126,2.880,27.8,27.1,0.000,7.97,0
2026-10-09T17:10:32.771,3405.971,126,2.882,27.8,27.0,0.000,8.33,0
2026-10-09T17:10:32.872,3406.072,126,2.881,27.9,27.0,0.000,8.05,0
2026-10-09T17:10:32.971,3406.171,126,2.881,26.1,27.1,0.000,8.38,0
2026-10-09T17:10:33.072,3406.272,126,2.880,27.6,26.9,0.000,8.33,0
2026-10-09T17:10:33.171,3406.371,126,2.881,28.0,27.5,0.000,8.07,0
2026-10-09T17:10:33.273,3406.472,126,2.881,27.6,27.3,0.000,8.25,0
2026-10-09T17:10:33.373,3406.572,126,2.881,25.5,26.8,0.000,8.04,0
2026-10-09T17:10:33.472,3406.672,126,2.878,27.7,27.0,0.000,8.16,0
2026-10-09T17:10:33.572,3406.771,126,2.880,26.5,26.8,0.000,8.27,0
2026-10-09T17:10:33.673,3406.872,126,2.881,27.7,27.0,0.000,8.25,0
2026-10-09T17:10:33.774,3406.973,126,2.881,27.7,26.9,0.000,8.24,0
2026-10-09T17:10:33.875,3407.074,126,2.885,27.8,27.0,0.000,8.31,0
2026-10-09T17:10:33.975,3407.175,126,2.880,27.4,26.8,0.000,8.22,0
2026-10-09T17:10:34.076,3407.276,126,2.878,27.8,27.1,0.000,8.18,0
2026-10-09T17:10:34.175,3407.375,126,2.878,27.5,26.9,0.000,8.07,0
2026-10-09T17:10:34.280,3407.479,126,2.885,25.7,27.0,0.000,8.27,0
2026-10-09T17:10:34.377,3407.576,126,2.888,25.7,26.8,0.000,8.40,0
2026-10-09T17:10:34.477,3407.677,126,2.889,26.0,26.9,0.000,8.29,0
2026-10-09T17:10:34.577,3407.776,126,2.889,27.2,27.4,0.000,8.28,0
2026-10-09T17:10:34.677,3407.877,126,2.891,26.0,27.1,0.000,8.30,0
2026-10-09T17:10:34.778,3407.977,126,2.891,25.9,27.1,0.000,8.64,0
2026-10-09T17:10:34.879,3408.079,126,2.886,27.7,27.1,0.000,8.24,0
2026-10-09T17:10:34.979,3408.179,126,2.886,27.6,27.1,0.000,7.84,0
2026-10-09T17:10:35.079,3408.278,126,2.888,27.6,26.9,0.000,7.97,0
2026-10-09T17:10:35.180,3408.379,126,2.888,27.7,26.8,0.000,8.54,0
2026-10-09T17:10:35.280,3408.480,126,2.890,25.8,27.0,0.000,8.27,0
2026-10-09T17:10:35.380,3408.580,126,2.890,26.1,27.0,0.000,8.25,0
2026-10-09T17:10:35.480,3408.679,126,2.888,25.9,26.7,0.000,8.14,0
2026-10-09T17:10:35.580,3408.780,126,2.887,25.9,27.1,0.000,8.16,0
2026-10-09T17:10:35.680,3408.879,126,2.887,27.1,27.2,0.000,8.31,0
2026-10-09T17:10:35.779,3408.979,126,2.886,27.5,26.8,0.000,8.39,0
2026-10-09T17:10:35.880,3409.080,126,2.885,25.9,27.1,0.000,7.99,0
2026-10-09T17:10:35.980,3409.179,126,2.889,26.0,27.2,0.000,8.37,0
2026-10-09T17:10:36.080,3409.279,126,2.889,25.8,27.0,0.000,8.22,0
2026-10-09T17:10:36.180,3409.380,126,2.891,27.6,27.2,0.000,8.02,0
2026-10-09T17:10:36.280,3409.480,126,2.886,26.0,27.0,0.000,8.29,0
2026-10-09T17:10:36.380,3409.579,126,2.883,28.1,26.9,0.000,8.16,0
2026-10-09T17:10:36.480,3409.679,126,2.883,26.0,27.0,0.000,8.03,0
2026-10-09T17:10:36.579,3409.779,126,2.887,25.7,26.7,0.000,8.25,0
2026-10-09T17:10:36.680,3409.879,126,2.888,26.0,26.6,0.000,8.06,0
2026-10-09T17:10:36.780,3409.979,126,2.885,25.7,26.9,0.000,8.16,0
2026-10-09T17:10:36.880,3410.080,126,2.885,26.3,27.2,0.000,8.37,0
2026-10-09T17:10:36.981,3410.181,126,2.885,25.8,26.9,0.000,8.30,0
2026-10-09T17:10:37.081,3410.280,126,2.888,26.1,26.9,0.000,8.15,0
2026-10-09T17:10:37.180,3410.379,126,2.888,25.6,26.7,0.000,8.39,0
2026-10-09T17:10:37.283,3410.482,126,2.888,27.4,27.0,0.000,8.50,0
2026-10-09T17:10:37.381,3410.580,126,2.882,27.7,26.9,0.000,8.42,0
2026-10-09T17:10:37.480,3410.680,126,2.884,26.8,26.7,0.000,8.13,0
2026-10-09T17:10:37.581,3410.781,126,2.878,25.3,27.0,0.000,8.43,0
2026-10-09T17:10:37.681,3410.880,126,2.878,26.8,26.8,0.000,8.16,0
2026-10-09T17:10:37.781,3410.981,126,2.882,27.0,26.7,0.000,8.28,0
2026-10-09T17:10:37.882,3411.081,126,2.881,25.8,27.3,0.000,7.82,0
2026-10-09T17:10:37.982,3411.181,126,2.881,25.3,26.8,0.000,8.18,0
2026-10-09T17:10:38.082,3411.281,126,2.879,27.1,27.0,0.000,8.03,0
2026-10-09T17:10:38.182,3411.381,126,2.880,26.8,27.0,0.000,8.22,0
2026-10-09T17:10:38.281,3411.481,126,2.877,27.1,26.8,0.000,8.00,0
2026-10-09T17:10:38.383,3411.582,126,2.877,27.2,27.2,0.000,8.18,0
2026-10-09T17:10:38.482,3411.682,126,2.881,25.1,26.6,0.000,8.21,0
2026-10-09T17:10:38.584,3411.784,126,2.877,25.3,26.8,0.000,8.23,0
2026-10-09T17:10:38.684,3411.883,126,2.878,26.7,26.7,0.000,8.14,0
2026-10-09T17:10:38.786,3411.986,126,2.878,25.2,26.8,0.000,8.35,0
2026-10-09T17:10:38.883,3412.083,126,2.876,25.1,26.9,0.000,8.55,0
2026-10-09T17:10:38.983,3412.183,126,2.875,27.1,26.9,0.000,8.50,0
2026-10-09T17:10:39.083,3412.283,126,2.879,25.4,26.9,0.000,8.42,0
2026-10-09T17:10:39.184,3412.384,126,2.879,27.1,27.0,0.000,8.32,0
2026-10-09T17:10:39.285,3412.485,126,2.876,26.8,26.7,0.000,8.06,0
2026-10-09T17:10:39.386,3412.586,126,2.873,26.1,27.3,0.000,8.07,0
2026-10-09T17:10:39.487,3412.687,126,2.876,26.1,27.2,0.000,8.14,0
2026-10-09T17:10:39.587,3412.787,126,2.876,27.6,27.0,0.000,8.24,0
2026-10-09T17:10:39.688,3412.887,126,2.875,27.4,26.9,0.000,8.10,0
2026-10-09T17:10:39.788,3412.987,126,2.877,27.4,26.8,0.000,8.36,0
2026-10-09T17:10:39.887,3413.087,126,2.874,26.0,27.0,0.000,8.13,0
2026-10-09T17:10:39.988,3413.188,126,2.874,25.8,27.0,0.000,8.02,0
2026-10-09T17:10:40.088,3413.288,126,2.875,27.1,26.7,0.000,8.24,0
2026-10-09T17:10:40.188,3413.388,126,2.873,27.3,26.8,0.000,8.23,0
2026-10-09T17:10:40.288,3413.487,126,2.871,25.4,27.0,0.000,8.18,0
2026-10-09T17:10:40.387,3413.587,126,2.871,25.3,26.6,0.000,8.16,0
2026-10-09T17:10:40.488,3413.688,126,2.876,27.1,27.1,0.000,8.14,0
2026-10-09T17:10:40.589,3413.788,126,2.873,26.0,27.0,0.000,8.23,0
2026-10-09T17:10:40.691,3413.891,126,2.873,26.0,27.2,0.000,8.01,0
2026-10-09T17:10:40.792,3413.991,126,2.872,26.8,26.4,0.000,8.10,0
2026-10-09T17:10:40.889,3414.089,126,2.870,26.9,26.7,0.000,8.20,0
2026-10-09T17:10:40.990,3414.189,126,2.870,25.4,27.0,0.000,8.14,0
2026-10-09T17:10:41.089,3414.289,126,2.870,27.0,27.0,0.000,7.90,0
2026-10-09T17:10:41.190,3414.390,126,2.872,26.9,26.8,0.000,8.21,0
2026-10-09T17:10:41.291,3414.491,126,2.873,26.0,27.1,0.000,8.31,0
2026-10-09T17:10:41.392,3414.591,126,2.869,25.9,26.7,0.000,8.54,0
2026-10-09T17:10:41.493,3414.693,126,2.869,27.9,27.0,0.000,8.61,0
2026-10-09T17:10:41.593,3414.792,126,2.865,25.6,26.9,0.000,8.32,0
2026-10-09T17:10:41.693,3414.892,126,2.869,28.0,27.1,0.000,8.18,0
2026-10-09T17:10:41.792,3414.992,126,2.872,25.8,27.0,0.000,8.20,0
2026-10-09T17:10:41.893,3415.093,126,2.872,25.8,27.0,0.000,8.17,0
2026-10-09T17:10:41.993,3415.193,126,2.873,25.6,26.7,0.000,8.19,0
2026-10-09T17:10:42.094,3415.293,126,2.872,27.8,26.9,0.000,8.28,0
2026-10-09T17:10:42.194,3415.393,126,2.870,28.0,27.2,0.000,8.06,0
2026-10-09T17:10:42.293,3415.493,126,2.870,27.0,26.8,0.000,8.00,0
2026-10-09T17:10:42.394,3415.594,126,2.868,27.9,27.0,0.000,8.14,0
2026-10-09T17:10:42.494,3415.693,126,2.870,26.1,27.2,0.000,8.12,0
2026-10-09T17:10:42.595,3415.795,126,2.867,25.9,26.8,0.000,8.32,0
2026-10-09T17:10:42.695,3415.894,126,2.867,27.4,26.8,0.000,7.87,0
2026-10-09T17:10:42.795,3415.994,126,2.868,27.4,26.8,0.000,8.11,0
2026-10-09T17:10:42.894,3416.094,126,2.871,25.0,26.8,0.000,8.11,0
2026-10-09T17:10:42.995,3416.194,126,2.868,25.9,27.2,0.000,8.13,0
2026-10-09T17:10:43.095,3416.295,126,2.868,26.1,27.0,0.000,8.11,0
2026-10-09T17:10:43.196,3416.396,126,2.869,27.7,27.1,0.000,8.29,0
2026-10-09T17:10:43.296,3416.496,126,2.868,25.7,26.9,0.000,8.14,0
2026-10-09T17:10:43.397,3416.597,126,2.868,27.7,26.9,0.000,7.96,0
2026-10-09T17:10:43.498,3416.698,126,2.871,27.5,27.1,0.000,8.17,0
2026-10-09T17:10:43.596,3416.796,126,2.870,27.1,26.7,0.000,8.28,0
2026-10-09T17:10:43.699,3416.898,126,2.869,26.6,27.0,0.000,8.46,0
2026-10-09T17:10:43.798,3416.997,126,2.869,26.8,27.1,0.000,8.16,0
2026-10-09T17:10:43.895,3417.095,126,2.867,26.8,27.0,0.000,8.05,0
2026-10-09T17:10:43.997,3417.196,126,2.866,25.3,26.4,0.000,8.24,0
2026-10-09T17:10:44.098,3417.297,126,2.871,25.4,26.6,0.000,8.31,0
2026-10-09T17:10:44.197,3417.397,126,2.871,25.3,26.9,0.000,8.29,0
2026-10-09T17:10:44.297,3417.497,126,2.866,25.1,27.0,0.000,8.43,0
2026-10-09T17:10:44.398,3417.597,126,2.866,25.3,26.5,0.000,8.06,0
2026-10-09T17:10:44.498,3417.698,126,2.867,26.8,26.9,0.000,7.86,0
2026-10-09T17:10:44.598,3417.798,126,2.867,25.3,26.8,0.000,8.27,0
2026-10-09T17:10:44.698,3417.897,126,2.866,25.3,27.0,0.000,8.26,0
2026-10-09T17:10:44.797,3417.997,126,2.866,26.8,26.9,0.000,8.21,0
2026-10-09T17:10:44.898,3418.098,126,2.871,25.1,26.7,0.000,8.20,0
2026-10-09T17:10:44.999,3418.199,126,2.871,27.1,26.8,0.000,7.95,0
2026-10-09T17:10:45.100,3418.300,126,2.871,25.3,26.8,0.000,8.12,0
2026-10-09T17:10:45.199,3418.399,126,2.870,27.1,26.9,0.000,8.07,0
2026-10-09T17:10:45.299,3418.498,126,2.871,27.0,26.8,0.000,8.06,0
2026-10-09T17:10:45.401,3418.601,126,2.871,27.0,26.7,0.000,8.54,0
2026-10-09T17:10:45.500,3418.700,126,2.872,27.0,27.0,0.000,8.10,0
2026-10-09T17:10:45.600,3418.800,126,2.871,25.1,26.6,0.000,8.09,0
2026-10-09T17:10:45.700,3418.900,126,2.868,27.1,26.6,0.000,8.21,0
2026-10-09T17:10:45.801,3419.000,126,2.868,27.1,27.1,0.000,8.01,0
2026-10-09T17:10:45.900,3419.100,126,2.872,27.3,27.2,0.000,7.97,0
2026-10-09T17:10:46.001,3419.201,126,2.869,27.1,26.8,0.000,8.28,0
2026-10-09T17:10:46.102,3419.302,126,2.869,27.1,26.7,0.000,8.18,0
2026-10-09T17:10:46.202,3419.402,126,2.869,25.1,26.8,0.000,8.10,0
2026-10-09T17:10:46.303,3419.502,126,2.867,25.3,26.5,0.000,7.82,0
2026-10-09T17:10:46.404,3419.603,126,2.869,25.7,27.2,0.000,8.09,0
2026-10-09T17:10:46.504,3419.703,126,2.869,26.9,26.9,0.000,7.95,0
2026-10-09T17:10:46.603,3419.803,126,2.868,27.0,26.6,0.000,7.95,0
2026-10-09T17:10:46.704,3419.903,126,2.866,26.8,26.8,0.000,8.28,0
2026-10-09T17:10:46.804,3420.003,126,2.870,25.2,26.8,0.000,8.28,0
2026-10-09T17:10:46.904,3420.103,126,2.870,27.2,26.7,0.000,8.16,0
2026-10-09T17:10:47.004,3420.203,126,2.865,25.2,26.5,0.000,7.98,0
2026-10-09T17:10:47.104,3420.303,126,2.865,25.5,27.0,0.000,8.26,0
2026-10-09T17:10:47.203,3420.402,126,2.862,27.4,26.8,0.000,8.61,0
2026-10-09T17:10:47.303,3420.503,126,2.862,27.1,26.7,0.000,8.33,0
2026-10-09T17:10:47.403,3420.602,126,2.865,27.3,27.0,0.000,8.37,0
2026-10-09T17:10:47.504,3420.703,126,2.864,27.3,26.9,0.000,8.12,0
2026-10-09T17:10:47.603,3420.803,126,2.863,27.7,27.5,0.000,8.58,0
2026-10-09T17:10:47.703,3420.902,126,2.863,27.5,26.9,0.000,8.07,0
2026-10-09T17:10:47.803,3421.003,126,2.866,27.5,27.0,0.000,8.27,0
2026-10-09T17:10:47.903,3421.103,126,2.863,27.5,26.8,0.000,8.33,0
2026-10-09T17:10:48.003,3421.203,126,2.858,25.7,27.0,0.000,8.07,0
2026-10-09T17:10:48.104,3421.303,126,2.858,27.8,26.9,0.000,8.17,0
2026-10-09T17:10:48.205,3421.404,126,2.862,25.8,27.0,0.000,8.13,0
2026-10-09T17:10:48.306,3421.505,126,2.856,27.5,26.9,0.000,7.98,0
2026-10-09T17:10:48.405,3421.605,126,2.851,25.6,26.9,0.000,7.66,0
2026-10-09T17:10:48.506,3421.706,126,2.851,25.9,26.8,0.000,8.27,0
2026-10-09T17:10:48.605,3421.804,126,2.853,27.4,26.8,0.000,7.69,0
2026-10-09T17:10:48.710,3421.910,126,2.865,27.7,27.4,0.000,8.21,0
2026-10-09T17:10:48.806,3422.005,126,2.865,27.3,26.8,0.000,8.23,0
2026-10-09T17:10:48.905,3422.105,126,2.867,25.6,27.0,0.000,8.25,0
2026-10-09T17:10:49.005,3422.204,126,2.863,25.6,26.6,0.000,8.08,0
2026-10-09T17:10:49.105,3422.305,126,2.864,25.7,27.0,0.000,8.01,0
2026-10-09T17:10:49.204,3422.404,126,2.864,27.4,27.0,0.000,8.06,0
2026-10-09T17:10:49.305,3422.505,126,2.859,27.7,26.9,0.000,8.29,0
2026-10-09T17:10:49.406,3422.606,126,2.855,25.8,27.1,0.000,8.46,0
2026-10-09T17:10:49.507,3422.706,126,2.855,25.8,26.9,0.000,8.09,0
2026-10-09T17:10:49.607,3422.807,126,2.855,26.0,26.6,0.000,8.44,0
2026-10-09T17:10:49.707,3422.907,126,2.856,26.0,27.2,0.000,8.07,0
2026-10-09T17:10:49.807,3423.007,126,2.854,27.9,27.3,0.000,8.09,0
2026-10-09T17:10:49.907,3423.107,126,2.854,26.1,27.2,0.000,8.16,0
2026-10-09T17:10:50.008,3423.208,126,2.854,27.8,27.0,0.000,8.14,0
2026-10-09T17:10:50.109,3423.309,126,2.859,27.0,26.8,0.000,7.94,0
2026-10-09T17:10:50.210,3423.410,126,2.858,27.5,27.3,0.000,8.17,0
2026-10-09T17:10:50.309,3423.509,126,2.858,26.0,27.1,0.000,8.24,0
2026-10-09T17:10:50.415,3423.614,126,2.858,27.6,27.0,0.000,8.09,0
2026-10-09T17:10:50.511,3423.710,126,2.861,25.8,26.6,0.000,8.08,0
2026-10-09T17:10:50.611,3423.811,126,2.854,25.3,26.6,0.000,7.97,0
2026-10-09T17:10:50.711,3423.911,126,2.856,25.9,26.7,0.000,8.31,0
2026-10-09T17:10:50.812,3424.011,126,2.856,26.0,27.1,0.000,8.29,0
2026-10-09T17:10:50.912,3424.111,126,2.853,27.5,26.9,0.000,8.07,0
2026-10-09T17:10:51.013,3424.213,126,2.852,27.4,27.4,0.000,8.21,0
2026-10-09T17:10:51.113,3424.312,126,2.854,27.3,26.8,0.000,8.10,0
2026-10-09T17:10:51.214,3424.413,126,2.854,25.8,26.5,0.000,7.95,0
2026-10-09T17:10:51.313,3424.513,126,2.852,27.7,26.9,0.000,7.99,0
2026-10-09T17:10:51.412,3424.612,126,2.855,25.8,26.8,0.000,8.07,0
2026-10-09T17:10:51.514,3424.713,126,2.855,25.9,27.3,0.000,7.73,0
2026-10-09T17:10:51.614,3424.813,126,2.860,27.3,26.7,0.000,7.74,0
2026-10-09T17:10:51.713,3424.913,126,2.853,27.3,27.0,0.000,8.35,0
2026-10-09T17:10:51.813,3425.013,126,2.853,27.3,27.1,0.000,8.20,0
2026-10-09T17:10:51.913,3425.112,126,2.853,25.7,26.9,0.000,8.21,0
2026-10-09T17:10:52.013,3425.213,126,2.855,25.6,27.0,0.000,7.96,0
2026-10-09T17:10:52.116,3425.315,126,2.868,26.0,27.0,0.000,8.10,0
2026-10-09T17:10:52.215,3425.414,126,2.864,26.0,27.0,0.000,7.98,0
2026-10-09T17:10:52.315,3425.514,126,2.864,25.8,27.2,0.000,8.21,0
2026-10-09T17:10:52.414,3425.614,126,2.862,27.7,27.2,0.000,8.21,0
2026-10-09T17:10:52.514,3425.713,126,2.860,27.6,27.0,0.000,7.92,0
2026-10-09T17:10:52.614,3425.814,126,2.855,25.8,26.9,0.000,8.21,0
2026-10-09T17:10:52.715,3425.915,126,2.855,26.2,27.4,0.000,8.19,0
2026-10-09T17:10:52.815,3426.015,126,2.845,27.4,26.6,0.000,7.87,0
2026-10-09T17:10:52.915,3426.114,126,2.849,25.9,27.2,0.000,7.98,0
2026-10-09T17:10:53.016,3426.215,126,2.848,25.5,27.1,0.000,8.13,0
2026-10-09T17:10:53.117,3426.317,126,2.848,25.7,26.8,0.000,7.85,0
2026-10-09T17:10:53.218,3426.418,126,2.851,25.6,27.0,0.000,8.26,0
2026-10-09T17:10:53.316,3426.516,126,2.849,27.6,27.2,0.000,7.92,0
2026-10-09T17:10:53.415,3426.615,126,2.849,27.6,26.9,0.000,8.07,0
2026-10-09T17:10:53.516,3426.716,126,2.849,27.5,27.0,0.000,8.35,0
2026-10-09T17:10:53.616,3426.816,126,2.852,27.7,26.9,0.000,7.98,0
2026-10-09T17:10:53.717,3426.916,126,2.853,26.0,27.1,0.000,8.38,0
2026-10-09T17:10:53.818,3427.018,126,2.852,27.4,27.0,0.000,8.01,0
2026-10-09T17:10:53.918,3427.117,126,2.852,25.6,27.1,0.000,7.99,0
2026-10-09T17:10:54.019,3427.218,126,2.850,25.9,26.6,0.000,8.01,0
2026-10-09T17:10:54.120,3427.320,126,2.848,25.6,27.0,0.000,7.97,0
2026-10-09T17:10:54.220,3427.420,126,2.848,27.2,27.0,0.000,8.17,0
2026-10-09T17:10:54.319,3427.519,126,2.848,27.5,27.0,0.000,8.51,0
2026-10-09T17:10:54.420,3427.620,126,2.851,26.0,27.0,0.000,7.94,0
2026-10-09T17:10:54.519,3427.718,126,2.849,25.9,27.1,0.000,8.31,0
2026-10-09T17:10:54.619,3427.819,126,2.849,27.6,26.9,0.000,7.99,0
2026-10-09T17:10:54.720,3427.920,126,2.847,27.7,27.0,0.000,7.97,0
2026-10-09T17:10:54.821,3428.021,126,2.849,27.6,27.0,0.000,7.95,0
2026-10-09T17:10:54.920,3428.120,126,2.849,26.0,26.9,0.000,8.05,0
2026-10-09T17:10:55.023,3428.222,126,2.849,27.7,27.0,0.000,7.92,0
2026-10-09T17:10:55.121,3428.321,126,2.852,26.1,27.0,0.000,8.10,0
2026-10-09T17:10:55.222,3428.422,126,2.850,27.6,26.8,0.000,8.16,0
2026-10-09T17:10:55.322,3428.522,126,2.846,25.5,26.9,0.000,8.31,0
2026-10-09T17:10:55.422,3428.622,126,2.846,26.0,27.3,0.000,8.10,0
2026-10-09T17:10:55.522,3428.722,126,2.850,25.7,27.0,0.000,8.24,0
2026-10-09T17:10:55.621,3428.820,126,2.848,27.5,27.0,0.000,8.19,0
2026-10-09T17:10:55.722,3428.921,126,2.852,25.7,26.8,0.000,8.25,0
2026-10-09T17:10:55.823,3429.022,126,2.852,25.6,27.0,0.000,8.16,0
2026-10-09T17:10:55.924,3429.123,126,2.855,25.8,26.9,0.000,7.92,0
2026-10-09T17:10:56.024,3429.223,126,2.844,25.8,27.1,0.000,8.09,0
2026-10-09T17:10:56.123,3429.323,126,2.849,25.6,27.0,0.000,8.28,0
2026-10-09T17:10:56.223,3429.423,126,2.849,27.5,27.0,0.000,7.94,0
2026-10-09T17:10:56.324,3429.524,126,2.846,25.8,27.0,0.000,8.09,0
2026-10-09T17:10:56.424,3429.624,126,2.844,27.5,27.0,0.000,8.01,0
2026-10-09T17:10:56.525,3429.724,126,2.850,27.6,26.9,0.000,8.20,0
2026-10-09T17:10:56.625,3429.825,126,2.850,25.9,27.0,0.000,8.16,0
2026-10-09T17:10:56.727,3429.926,126,2.849,27.4,27.0,0.000,8.04,0
2026-10-09T17:10:56.826,3430.026,126,2.846,26.3,27.3,0.000,8.20,0
2026-10-09T17:10:56.926,3430.126,126,2.846,25.7,27.0,0.000,8.02,0
2026-10-09T17:10:57.026,3430.225,126,2.846,26.0,27.2,0.000,8.11,0
2026-10-09T17:10:57.127,3430.327,126,2.845,26.0,27.0,0.000,8.09,0
2026-10-09T17:10:57.227,3430.426,126,2.840,26.4,27.3,0.000,7.80,0
2026-10-09T17:10:57.326,3430.525,126,2.840,25.8,27.1,0.000,8.39,0
2026-10-09T17:10:57.427,3430.626,126,2.840,27.5,27.1,0.000,8.22,0
2026-10-09T17:10:57.527,3430.727,126,2.843,26.2,26.8,0.000,7.93,0
2026-10-09T17:10:57.628,3430.828,126,2.842,27.3,27.0,0.000,8.24,0
2026-10-09T17:10:57.728,3430.927,126,2.842,27.4,26.8,0.000,8.31,0
2026-10-09T17:10:57.828,3431.028,126,2.846,25.7,27.0,0.000,7.86,0
2026-10-09T17:10:57.930,3431.129,126,2.840,26.0,27.1,0.000,7.92,0
2026-10-09T17:10:58.029,3431.228,126,2.837,25.8,27.0,0.000,8.04,0
2026-10-09T17:10:58.131,3431.330,126,2.837,26.0,27.1,0.000,7.91,0
2026-10-09T17:10:58.231,3431.430,126,2.840,27.4,27.0,0.000,8.17,0
2026-10-09T17:10:58.329,3431.529,126,2.838,27.4,27.0,0.000,7.92,0
2026-10-09T17:10:58.430,3431.630,126,2.842,27.9,27.2,0.000,7.81,0
2026-10-09T17:10:58.530,3431.729,126,2.842,27.4,26.8,0.000,8.00,0
2026-10-09T17:10:58.630,3431.830,126,2.839,27.5,26.9,0.000,8.13,0
2026-10-09T17:10:58.731,3431.931,126,2.841,27.3,26.7,0.000,8.21,0
2026-10-09T17:10:58.832,3432.032,126,2.839,27.3,26.8,0.000,7.92,0
2026-10-09T17:10:58.933,3432.133,126,2.839,25.3,26.9,0.000,8.11,0
2026-10-09T17:10:59.034,3432.233,126,2.840,24.9,26.7,0.000,8.13,0
2026-10-09T17:10:59.133,3432.333,126,2.839,25.5,26.9,0.000,8.00,0
2026-10-09T17:10:59.234,3432.434,126,2.840,27.3,26.9,0.000,8.08,0
2026-10-09T17:10:59.334,3432.533,126,2.840,25.6,26.8,0.000,8.09,0
2026-10-09T17:10:59.433,3432.633,126,2.839,26.0,27.0,0.000,8.30,0
2026-10-09T17:10:59.534,3432.734,126,2.839,27.3,26.8,0.000,8.07,0
2026-10-09T17:10:59.635,3432.835,126,2.835,27.1,27.0,0.000,7.57,0
2026-10-09T17:10:59.735,3432.935,126,2.835,25.5,26.9,0.000,8.09,0
2026-10-09T17:10:59.835,3433.035,126,2.835,27.1,26.8,0.000,8.11,0
2026-10-09T17:10:59.936,3433.135,126,2.835,26.9,26.9,0.000,7.73,0
2026-10-09T17:11:00.034,3433.234,126,2.835,27.7,27.3,0.000,8.20,0
2026-10-09T17:11:00.135,3433.335,126,2.833,27.8,27.3,0.000,7.80,0
2026-10-09T17:11:00.236,3433.436,126,2.831,27.0,26.8,0.000,7.92,0
2026-10-09T17:11:00.337,3433.536,126,2.828,25.3,26.7,0.000,7.91,0
2026-10-09T17:11:00.436,3433.636,126,2.828,25.9,27.0,0.000,8.07,0
2026-10-09T17:11:00.537,3433.737,126,2.830,27.2,26.7,0.000,8.09,0
2026-10-09T17:11:00.637,3433.837,126,2.831,25.7,26.9,0.000,8.05,0
2026-10-09T17:11:00.737,3433.937,126,2.832,25.7,26.5,0.000,7.86,0
2026-10-09T17:11:00.837,3434.037,126,2.832,27.8,26.8,0.000,7.94,0
2026-10-09T17:11:00.937,3434.137,126,2.839,25.7,26.9,0.000,8.29,0
2026-10-09T17:11:01.037,3434.237,126,2.833,27.3,26.8,0.000,7.94,0
2026-10-09T17:11:01.138,3434.337,126,2.835,26.0,27.0,0.000,8.06,0
2026-10-09T17:11:01.237,3434.437,126,2.835,27.4,26.6,0.000,7.97,0
2026-10-09T17:11:01.338,3434.537,126,2.834,27.8,27.0,0.000,8.05,0
2026-10-09T17:11:01.439,3434.638,126,2.830,27.6,26.9,0.000,8.23,0
2026-10-09T17:11:01.539,3434.738,126,2.833,25.4,27.0,0.000,8.17,0
2026-10-09T17:11:01.638,3434.838,126,2.833,25.5,26.8,0.000,8.09,0
2026-10-09T17:11:01.740,3434.939,126,2.835,27.9,27.1,0.000,8.09,0
2026-10-09T17:11:01.839,3435.038,126,2.832,27.7,27.0,0.000,8.20,0
2026-10-09T17:11:01.939,3435.139,126,2.833,25.9,27.0,0.000,8.12,0
2026-10-09T17:11:02.039,3435.239,126,2.833,25.9,27.0,0.000,7.90,0
2026-10-09T17:11:02.140,3435.339,126,2.833,25.8,27.2,0.000,8.07,0
2026-10-09T17:11:02.240,3435.439,126,2.835,27.7,27.1,0.000,7.74,0
2026-10-09T17:11:02.340,3435.540,126,2.835,27.7,27.0,0.000,8.03,0
2026-10-09T17:11:02.440,3435.640,126,2.832,27.0,27.1,0.000,8.09,0
2026-10-09T17:11:02.540,3435.740,126,2.836,25.7,26.8,0.000,8.27,0
2026-10-09T17:11:02.641,3435.841,126,2.839,27.5,26.7,0.000,8.12,0
2026-10-09T17:11:02.740,3435.939,126,2.839,27.7,27.0,0.000,8.18,0
2026-10-09T17:11:02.844,3436.044,126,2.836,25.9,27.1,0.000,8.02,0
2026-10-09T17:11:02.940,3436.140,126,2.832,27.7,26.9,0.000,8.13,0
2026-10-09T17:11:03.040,3436.239,126,2.838,27.6,27.0,0.000,7.97,0
2026-10-09T17:11:03.139,3436.339,126,2.838,27.6,26.8,0.000,8.24,0
2026-10-09T17:11:03.239,3436.439,126,2.832,25.6,27.0,0.000,8.06,0
2026-10-09T17:11:03.340,3436.540,126,2.838,25.8,27.0,0.000,7.80,0
2026-10-09T17:11:03.440,3436.639,126,2.835,27.3,26.8,0.000,8.27,0
2026-10-09T17:11:03.540,3436.740,126,2.835,27.4,26.8,0.000,8.15,0
2026-10-09T17:11:03.641,3436.841,126,2.833,27.6,27.1,0.000,8.27,0
2026-10-09T17:11:03.742,3436.941,126,2.832,27.7,26.8,0.000,8.03,0
2026-10-09T17:11:03.844,3437.044,126,2.833,27.6,27.0,0.000,7.99,0
2026-10-09T17:11:03.945,3437.145,126,2.833,25.8,26.9,0.000,8.14,0
2026-10-09T17:11:04.042,3437.242,126,2.831,25.9,26.8,0.000,7.95,0
2026-10-09T17:11:04.143,3437.343,126,2.836,27.8,27.1,0.000,8.07,0
2026-10-09T17:11:04.244,3437.444,126,2.833,25.4,27.0,0.000,8.27,0
2026-10-09T17:11:04.344,3437.544,126,2.833,27.2,26.8,0.000,7.97,0
2026-10-09T17:11:04.445,3437.644,126,2.833,27.4,27.2,0.000,7.95,0
2026-10-09T17:11:04.544,3437.744,126,2.831,28.0,27.3,0.000,7.97,0
2026-10-09T17:11:04.645,3437.845,126,2.835,25.9,27.1,0.000,8.29,0
2026-10-09T17:11:04.746,3437.946,126,2.835,26.0,27.3,0.000,8.13,0
2026-10-09T17:11:04.847,3438.047,126,2.830,27.5,27.5,0.000,8.37,0
2026-10-09T17:11:04.947,3438.147,126,2.832,27.4,26.8,0.000,8.15,0
2026-10-09T17:11:05.048,3438.248,126,2.833,27.3,27.0,0.000,8.11,0
2026-10-09T17:11:05.148,3438.348,126,2.833,25.7,26.8,0.000,8.09,0
2026-10-09T17:11:05.248,3438.448,126,2.833,25.9,26.9,0.000,8.17,0
2026-10-09T17:11:05.348,3438.547,126,2.829,26.1,27.1,0.000,8.27,0
2026-10-09T17:11:05.448,3438.648,126,2.829,26.2,27.1,0.000,8.05,0
2026-10-09T17:11:05.548,3438.747,126,2.833,27.7,27.2,0.000,8.06,0
2026-10-09T17:11:05.648,3438.848,126,2.835,27.6,27.0,0.000,7.92,0
2026-10-09T17:11:05.748,3438.948,126,2.834,25.9,27.0,0.000,8.21,0
2026-10-09T17:11:05.849,3439.048,126,2.834,27.7,27.0,0.000,7.92,0
2026-10-09T17:11:05.950,3439.150,126,2.833,25.8,26.9,0.000,8.18,0
2026-10-09T17:11:06.050,3439.249,126,2.831,27.5,27.0,0.000,7.84,0
2026-10-09T17:11:06.150,3439.350,126,2.828,27.7,26.9,0.000,8.20,0
2026-10-09T17:11:06.251,3439.451,126,2.828,25.7,27.0,0.000,8.22,0
2026-10-09T17:11:06.352,3439.551,126,2.832,27.7,26.9,0.000,7.97,0
2026-10-09T17:11:06.451,3439.651,126,2.833,26.1,27.1,0.000,7.84,0
2026-10-09T17:11:06.551,3439.750,126,2.829,26.1,26.9,0.000,8.22,0
2026-10-09T17:11:06.651,3439.851,126,2.829,26.1,27.4,0.000,8.15,0
2026-10-09T17:11:06.751,3439.951,126,2.828,27.3,26.6,0.000,8.07,0
2026-10-09T17:11:06.853,3440.053,126,2.831,25.9,27.0,0.000,8.05,0
2026-10-09T17:11:06.953,3440.152,126,2.828,25.6,27.0,0.000,8.07,0
2026-10-09T17:11:07.054,3440.253,126,2.828,27.2,26.8,0.000,7.79,0
2026-10-09T17:11:07.153,3440.353,126,2.828,27.6,26.8,0.000,7.81,0
2026-10-09T17:11:07.254,3440.454,126,2.830,27.6,26.9,0.000,7.98,0
2026-10-09T17:11:07.353,3440.553,126,2.830,25.8,27.0,0.000,8.42,0
2026-10-09T17:11:07.453,3440.653,126,2.830,25.9,26.9,0.000,8.10,0
2026-10-09T17:11:07.554,3440.754,126,2.832,26.0,26.7,0.000,8.11,0
2026-10-09T17:11:07.655,3440.855,126,2.829,27.9,27.0,0.000,7.90,0
2026-10-09T17:11:07.755,3440.955,126,2.831,27.8,26.8,0.000,8.50,0
2026-10-09T17:11:07.856,3441.056,126,2.831,27.0,27.0,0.000,7.98,0
2026-10-09T17:11:07.957,3441.157,126,2.832,26.8,26.9,0.000,8.20,0
2026-10-09T17:11:08.057,3441.256,126,2.832,25.3,26.9,0.000,7.94,0
2026-10-09T17:11:08.158,3441.357,126,2.832,26.7,26.7,0.000,8.01,0
2026-10-09T17:11:08.258,3441.457,126,2.828,27.1,26.8,0.000,7.84,0
2026-10-09T17:11:08.357,3441.557,126,2.830,25.4,26.8,0.000,8.01,0
2026-10-09T17:11:08.458,3441.658,126,2.832,27.9,27.0,0.000,8.13,0
2026-10-09T17:11:08.560,3441.760,126,2.832,25.2,27.1,0.000,7.66,0
2026-10-09T17:11:08.660,3441.860,126,2.831,27.1,26.8,0.000,7.86,0
2026-10-09T17:11:08.758,3441.958,126,2.837,25.5,26.8,0.000,8.17,0
2026-10-09T17:11:08.858,3442.058,126,2.835,25.6,26.9,0.000,7.99,0
2026-10-09T17:11:08.959,3442.159,126,2.835,26.4,26.6,0.000,7.99,0
2026-10-09T17:11:09.060,3442.260,126,2.832,26.9,27.0,0.000,8.18,0
2026-10-09T17:11:09.161,3442.361,126,2.829,25.2,27.0,0.000,7.81,0
2026-10-09T17:11:09.261,3442.460,126,2.826,26.9,26.8,0.000,7.92,0
2026-10-09T17:11:09.362,3442.561,126,2.826,25.2,26.7,0.000,7.73,0
2026-10-09T17:11:09.461,3442.661,126,2.828,26.8,26.7,0.000,7.97,0
2026-10-09T17:11:09.562,3442.761,126,2.825,26.7,26.9,0.000,8.13,0
2026-10-09T17:11:09.663,3442.862,126,2.826,25.1,26.8,0.000,7.98,0
2026-10-09T17:11:09.763,3442.963,126,2.826,25.6,26.8,0.000,7.97,0
2026-10-09T17:11:09.862,3443.062,126,2.826,26.8,26.7,0.000,8.08,0
2026-10-09T17:11:09.963,3443.163,126,2.830,26.9,26.7,0.000,7.95,0
2026-10-09T17:11:10.063,3443.262,126,2.828,25.3,26.8,0.000,7.77,0
2026-10-09T17:11:10.164,3443.363,126,2.828,26.8,26.6,0.000,7.76,0
2026-10-09T17:11:10.263,3443.462,126,2.831,26.9,26.7,0.000,8.12,0
2026-10-09T17:11:10.364,3443.563,126,2.828,27.0,26.9,0.000,8.13,0
2026-10-09T17:11:10.465,3443.664,126,2.830,26.8,26.8,0.000,8.02,0
2026-10-09T17:11:10.564,3443.763,126,2.830,25.2,26.4,0.000,8.04,0
2026-10-09T17:11:10.665,3443.864,126,2.829,27.0,26.8,0.000,8.10,0
2026-10-09T17:11:10.764,3443.964,126,2.828,25.0,26.7,0.000,8.13,0
2026-10-09T17:11:10.864,3444.063,126,2.828,27.2,26.6,0.000,8.09,0
2026-10-09T17:11:10.965,3444.164,126,2.827,27.0,27.0,0.000,7.97,0
2026-10-09T17:11:11.065,3444.264,126,2.827,27.1,27.1,0.000,7.95,0
2026-10-09T17:11:11.164,3444.364,126,2.824,25.8,27.0,0.000,8.26,0
2026-10-09T17:11:11.264,3444.464,126,2.824,25.9,27.0,0.000,7.83,0
2026-10-09T17:11:11.364,3444.563,126,2.829,27.8,26.9,0.000,7.87,0
2026-10-09T17:11:11.465,3444.664,126,2.826,27.4,26.8,0.000,8.14,0
2026-10-09T17:11:11.564,3444.764,126,2.826,26.0,27.1,0.000,7.94,0
2026-10-09T17:11:11.664,3444.864,126,2.826,27.6,27.0,0.000,8.09,0
2026-10-09T17:11:11.765,3444.964,126,2.825,27.7,27.2,0.000,8.20,0
2026-10-09T17:11:11.865,3445.064,126,2.825,25.8,26.9,0.000,8.12,0
2026-10-09T17:11:11.965,3445.165,126,2.828,25.9,27.0,0.000,8.06,0
2026-10-09T17:11:12.067,3445.266,126,2.828,27.5,27.3,0.000,7.78,0
2026-10-09T17:11:12.168,3445.367,126,2.828,27.5,27.2,0.000,7.79,0
2026-10-09T17:11:12.270,3445.469,126,2.826,27.3,26.8,0.000,7.73,0
2026-10-09T17:11:12.368,3445.567,126,2.826,25.6,26.8,0.000,8.19,0
2026-10-09T17:11:12.468,3445.668,126,2.826,26.6,26.8,0.000,8.16,0
2026-10-09T17:11:12.568,3445.767,126,2.827,27.3,27.1,0.000,7.84,0
2026-10-09T17:11:12.669,3445.868,126,2.832,27.2,27.0,0.000,8.16,0
2026-10-09T17:11:12.770,3445.969,126,2.830,25.2,26.8,0.000,8.07,0
2026-10-09T17:11:12.871,3446.070,126,2.830,25.1,26.6,0.000,8.01,0
2026-10-09T17:11:12.971,3446.171,126,2.823,25.0,26.7,0.000,8.05,0
2026-10-09T17:11:13.071,3446.270,126,2.819,26.8,26.7,0.000,8.23,0
2026-10-09T17:11:13.171,3446.371,126,2.824,25.1,26.6,0.000,7.77,0
2026-10-09T17:11:13.271,3446.471,126,2.824,25.1,26.7,0.000,7.94,0
2026-10-09T17:11:13.372,3446.571,126,2.826,25.3,26.8,0.000,7.94,0
2026-10-09T17:11:13.473,3446.672,126,2.825,25.1,27.0,0.000,8.06,0
2026-10-09T17:11:13.572,3446.772,126,2.825,25.0,26.7,0.000,8.12,0
2026-10-09T17:11:13.673,3446.872,126,2.829,27.1,26.8,0.000,7.99,0
2026-10-09T17:11:13.772,3446.972,126,2.837,25.3,26.4,0.000,8.04,0
2026-10-09T17:11:13.874,3447.073,126,2.835,25.4,27.0,0.000,7.82,0
2026-10-09T17:11:13.972,3447.171,126,2.835,27.0,26.9,0.000,8.11,0
2026-10-09T17:11:14.074,3447.273,126,2.830,25.2,26.7,0.000,7.97,0
2026-10-09T17:11:14.175,3447.374,126,2.832,25.1,26.8,0.000,8.05,0
2026-10-09T17:11:14.272,3447.472,126,2.836,27.0,26.9,0.000,8.07,0
2026-10-09T17:11:14.373,3447.572,126,2.836,25.4,27.0,0.000,7.64,0
2026-10-09T17:11:14.473,3447.673,126,2.832,26.8,27.0,0.000,8.07,0
2026-10-09T17:11:14.573,3447.773,126,2.833,25.7,27.0,0.000,7.94,0
2026-10-09T17:11:14.673,3447.873,126,2.833,27.5,26.7,0.000,7.86,0
2026-10-09T17:11:14.774,3447.973,126,2.833,27.4,26.8,0.000,7.87,0
2026-10-09T17:11:14.875,3448.074,126,2.834,26.7,26.5,0.000,8.50,0
2026-10-09T17:11:14.975,3448.175,126,2.835,25.1,26.7,0.000,7.80,0
2026-10-09T17:11:15.075,3448.275,126,2.834,25.3,26.9,0.000,8.11,0
2026-10-09T17:11:15.175,3448.374,126,2.834,26.7,26.6,0.000,8.24,0
2026-10-09T17:11:15.276,3448.475,126,2.833,25.2,26.9,0.000,8.12,0
2026-10-09T17:11:15.377,3448.576,126,2.830,25.1,26.8,0.000,7.95,0
2026-10-09T17:11:15.478,3448.677,126,2.834,27.0,26.9,0.000,7.93,0
2026-10-09T17:11:15.579,3448.779,126,2.834,25.2,26.7,0.000,7.98,0
2026-10-09T17:11:15.677,3448.877,126,2.832,26.9,26.5,0.000,8.33,0
2026-10-09T17:11:15.778,3448.978,126,2.835,25.1,26.8,0.000,7.98,0
2026-10-09T17:11:15.878,3449.077,126,2.830,25.2,26.6,0.000,7.96,0
2026-10-09T17:11:15.979,3449.179,126,2.830,25.0,26.6,0.000,7.87,0
2026-10-09T17:11:16.079,3449.278,126,2.834,27.0,26.6,0.000,8.05,0
2026-10-09T17:11:16.178,3449.378,126,2.832,25.2,26.8,0.000,7.87,0
2026-10-09T17:11:16.279,3449.479,126,2.833,27.0,26.7,0.000,7.96,0
2026-10-09T17:11:16.379,3449.578,126,2.833,26.8,26.6,0.000,7.99,0
2026-10-09T17:11:16.480,3449.679,126,2.830,25.2,26.8,0.000,7.85,0
2026-10-09T17:11:16.580,3449.780,126,2.830,25.0,26.7,0.000,8.04,0
2026-10-09T17:11:16.681,3449.881,126,2.830,25.4,26.5,0.000,8.14,0
2026-10-09T17:11:16.784,3449.984,126,2.829,26.7,26.4,0.000,7.91,0
2026-10-09T17:11:16.881,3450.080,126,2.832,26.8,26.8,0.000,7.97,0
2026-10-09T17:11:16.980,3450.180,126,2.829,25.2,26.8,0.000,7.79,0
2026-10-09T17:11:17.081,3450.281,126,2.829,27.0,26.8,0.000,8.05,0
2026-10-09T17:11:17.181,3450.381,126,2.832,26.8,26.7,0.000,8.11,0
2026-10-09T17:11:17.281,3450.480,126,2.827,25.2,26.7,0.000,8.17,0
2026-10-09T17:11:17.382,3450.581,126,2.832,26.9,26.8,0.000,7.86,0
2026-10-09T17:11:17.483,3450.682,126,2.832,26.7,26.7,0.000,7.95,0
2026-10-09T17:11:17.582,3450.782,126,2.832,25.2,26.5,0.000,8.04,0
2026-10-09T17:11:17.682,3450.882,126,2.829,26.6,26.6,0.000,7.95,0
2026-10-09T17:11:17.782,3450.982,126,2.830,25.1,26.8,0.000,8.13,0
2026-10-09T17:11:17.882,3451.081,126,2.830,27.2,26.9,0.000,7.99,0
2026-10-09T17:11:17.982,3451.182,126,2.827,25.3,26.6,0.000,7.91,0
2026-10-09T17:11:18.083,3451.282,126,2.828,27.1,26.9,0.000,7.88,0
2026-10-09T17:11:18.184,3451.383,126,2.828,26.7,26.6,0.000,8.07,0
2026-10-09T17:11:18.283,3451.483,126,2.828,25.2,26.9,0.000,8.35,0
2026-10-09T17:11:18.383,3451.583,126,2.826,25.8,26.9,0.000,8.31,0
2026-10-09T17:11:18.483,3451.683,126,2.826,26.1,27.2,0.000,7.89,0
2026-10-09T17:11:18.583,3451.782,126,2.828,25.8,27.1,0.000,7.80,0
2026-10-09T17:11:18.684,3451.883,126,2.828,27.3,26.9,0.000,8.10,0
2026-10-09T17:11:18.786,3451.985,126,2.828,27.0,26.8,0.000,7.99,0
2026-10-09T17:11:18.886,3452.085,126,2.826,27.0,26.8,0.000,8.14,0
2026-10-09T17:11:18.985,3452.184,126,2.826,26.8,26.8,0.000,8.03,0
2026-10-09T17:11:19.085,3452.285,126,2.824,25.3,27.1,0.000,8.09,0
2026-10-09T17:11:19.186,3452.385,126,2.824,26.7,27.0,0.000,8.09,0
2026-10-09T17:11:19.286,3452.486,126,2.828,25.1,26.9,0.000,7.81,0
2026-10-09T17:11:19.387,3452.587,126,2.828,26.7,26.7,0.000,7.94,0
2026-10-09T17:11:19.487,3452.686,126,2.829,26.8,26.8,0.000,8.20,0
2026-10-09T17:11:19.587,3452.787,126,2.829,26.9,26.8,0.000,8.12,0
2026-10-09T17:11:19.688,3452.888,126,2.830,26.7,26.7,0.000,8.03,0
2026-10-09T17:11:19.788,3452.988,126,2.830,26.8,27.1,0.000,7.81,0
2026-10-09T17:11:19.887,3453.087,126,2.828,27.0,26.9,0.000,7.97,0
2026-10-09T17:11:19.988,3453.188,126,2.827,26.8,26.9,0.000,8.35,0
2026-10-09T17:11:20.088,3453.288,126,2.824,27.3,27.1,0.000,8.12,0
2026-10-09T17:11:20.188,3453.387,126,2.824,25.4,27.2,0.000,7.66,0
2026-10-09T17:11:20.289,3453.488,126,2.829,27.5,27.0,0.000,8.30,0
2026-10-09T17:11:20.390,3453.590,126,2.827,25.1,26.5,0.000,8.07,0
2026-10-09T17:11:20.488,3453.687,126,2.826,27.7,26.9,0.000,7.94,0
2026-10-09T17:11:20.588,3453.788,126,2.826,25.6,26.6,0.000,8.10,0
2026-10-09T17:11:20.689,3453.889,126,2.826,27.2,27.0,0.000,8.27,0
2026-10-09T17:11:20.789,3453.989,126,2.828,25.8,26.9,0.000,7.87,0
2026-10-09T17:11:20.889,3454.088,126,2.828,25.8,26.9,0.000,8.20,0
2026-10-09T17:11:20.990,3454.189,126,2.828,25.5,26.9,0.000,7.72,0
2026-10-09T17:11:21.091,3454.290,126,2.827,25.4,27.0,0.000,8.12,0
2026-10-09T17:11:21.191,3454.391,126,2.827,27.0,26.7,0.000,7.86,0
2026-10-09T17:11:21.292,3454.492,126,2.826,26.3,27.2,0.000,7.94,0
2026-10-09T17:11:21.392,3454.591,126,2.826,27.0,26.6,0.000,7.73,0
2026-10-09T17:11:21.492,3454.692,126,2.826,25.2,26.4,0.000,7.81,0
2026-10-09T17:11:21.592,3454.792,126,2.825,26.9,26.7,0.000,7.79,0
2026-10-09T17:11:21.693,3454.893,126,2.826,25.1,26.8,0.000,8.09,0
2026-10-09T17:11:21.793,3454.992,126,2.826,26.9,26.5,0.000,7.92,0
2026-10-09T17:11:21.892,3455.092,126,2.825,25.4,26.9,0.000,7.98,0
2026-10-09T17:11:21.993,3455.193,126,2.824,27.0,26.8,0.000,7.90,0
2026-10-09T17:11:22.094,3455.294,126,2.824,27.2,26.8,0.000,7.99,0
2026-10-09T17:11:22.191,3455.391,126,2.822,27.5,26.9,0.000,8.14,0
2026-10-09T17:11:22.295,3455.495,126,2.821,25.6,26.8,0.000,8.06,0
2026-10-09T17:11:22.393,3455.593,126,2.822,25.5,26.4,0.000,7.92,0
2026-10-09T17:11:22.494,3455.694,126,2.822,27.0,26.8,0.000,7.64,0
2026-10-09T17:11:22.595,3455.794,126,2.823,27.1,26.8,0.000,8.17,0
2026-10-09T17:11:22.694,3455.894,126,2.825,27.0,26.8,0.000,7.97,0
2026-10-09T17:11:22.795,3455.995,126,2.824,27.1,26.7,0.000,7.96,0
2026-10-09T17:11:22.895,3456.094,126,2.824,27.2,26.8,0.000,7.97,0
2026-10-09T17:11:22.995,3456.194,126,2.822,26.4,27.4,0.000,7.92,0
2026-10-09T17:11:23.094,3456.294,126,2.820,25.9,26.9,0.000,8.18,0
2026-10-09T17:11:23.196,3456.395,126,2.819,27.3,26.9,0.000,8.17,0
2026-10-09T17:11:23.295,3456.495,126,2.819,25.8,27.1,0.000,7.99,0
2026-10-09T17:11:23.396,3456.596,126,2.820,25.8,27.1,0.000,8.12,0
2026-10-09T17:11:23.496,3456.695,126,2.817,27.6,26.9,0.000,7.91,0
2026-10-09T17:11:23.596,3456.795,126,2.821,27.6,27.0,0.000,7.57,0
2026-10-09T17:11:23.696,3456.895,126,2.821,27.8,27.3,0.000,7.83,0
2026-10-09T17:11:23.796,3456.996,126,2.818,26.2,27.1,0.000,7.66,0
2026-10-09T17:11:23.899,3457.098,126,2.818,27.5,27.0,0.000,7.92,0
2026-10-09T17:11:24.000,3457.199,126,2.817,25.4,26.8,0.000,7.83,0
2026-10-09T17:11:24.098,3457.297,126,2.817,27.7,27.1,0.000,8.36,0
2026-10-09T17:11:24.198,3457.397,126,2.821,26.1,27.0,0.000,7.97,0
2026-10-09T17:11:24.298,3457.497,126,2.819,27.6,26.9,0.000,7.71,0
2026-10-09T17:11:24.397,3457.597,126,2.819,25.9,27.1,0.000,7.83,0
2026-10-09T17:11:24.498,3457.697,126,2.819,26.2,27.1,0.000,7.95,0
2026-10-09T17:11:24.599,3457.798,126,2.822,26.0,27.0,0.000,7.81,0
2026-10-09T17:11:24.698,3457.898,126,2.824,25.7,26.8,0.000,7.81,0
2026-10-09T17:11:24.799,3457.999,126,2.824,27.6,27.0,0.000,7.92,0
2026-10-09T17:11:24.900,3458.100,126,2.822,27.1,26.8,0.000,8.17,0
2026-10-09T17:11:25.001,3458.200,126,2.825,27.2,26.8,0.000,7.84,0
2026-10-09T17:11:25.101,3458.300,126,2.823,25.4,26.9,0.000,8.24,0
2026-10-09T17:11:25.200,3458.400,126,2.823,27.6,26.9,0.000,8.10,0
2026-10-09T17:11:25.300,3458.500,126,2.820,27.4,27.3,0.000,7.76,0
2026-10-09T17:11:25.401,3458.600,126,2.824,25.4,26.7,0.000,8.06,0
2026-10-09T17:11:25.501,3458.701,126,2.822,25.4,26.8,0.000,7.82,0
2026-10-09T17:11:25.602,3458.801,126,2.822,27.2,26.6,0.000,8.05,0
2026-10-09T17:11:25.702,3458.902,126,2.820,25.1,26.5,0.000,8.39,0
2026-10-09T17:11:25.803,3459.002,126,2.822,25.1,26.8,0.000,8.02,0
2026-10-09T17:11:25.904,3459.104,126,2.824,26.9,26.8,0.000,8.25,0
2026-10-09T17:11:26.002,3459.202,126,2.824,26.9,26.7,0.000,8.30,0
2026-10-09T17:11:26.103,3459.303,126,2.821,25.2,26.4,0.000,8.02,0
2026-10-09T17:11:26.203,3459.403,126,2.822,25.2,26.7,0.000,8.06,0
2026-10-09T17:11:26.305,3459.504,126,2.821,25.2,26.9,0.000,7.99,0
2026-10-09T17:11:26.404,3459.604,126,2.821,25.4,26.7,0.000,7.91,0
2026-10-09T17:11:26.505,3459.705,126,2.821,25.2,26.9,0.000,8.03,0
2026-10-09T17:11:26.606,3459.806,126,2.818,25.1,26.7,0.000,8.21,0
2026-10-09T17:11:26.706,3459.906,126,2.819,25.4,26.9,0.000,7.99,0
2026-10-09T17:11:26.805,3460.005,126,2.819,27.1,26.8,0.000,7.77,0
2026-10-09T17:11:26.906,3460.106,126,2.823,26.9,26.6,0.000,8.27,0
2026-10-09T17:11:27.006,3460.206,126,2.822,25.1,26.4,0.000,7.86,0
2026-10-09T17:11:27.106,3460.306,126,2.820,26.8,26.7,0.000,8.03,0
2026-10-09T17:11:27.207,3460.407,126,2.820,25.1,26.8,0.000,8.18,0
2026-10-09T17:11:27.308,3460.507,126,2.818,27.0,27.0,0.000,8.24,0
2026-10-09T17:11:27.410,3460.609,126,2.818,25.3,26.9,0.000,8.06,0
2026-10-09T17:11:27.508,3460.707,126,2.818,26.8,26.6,0.000,8.12,0
2026-10-09T17:11:27.609,3460.808,126,2.819,25.1,26.8,0.000,8.13,0
2026-10-09T17:11:27.708,3460.908,126,2.817,25.0,26.9,0.000,7.89,0
2026-10-09T17:11:27.809,3461.008,126,2.817,25.2,26.7,0.000,8.16,0
2026-10-09T17:11:27.910,3461.109,126,2.817,25.2,26.4,0.000,7.75,0
2026-10-09T17:11:28.009,3461.209,126,2.812,25.2,26.9,0.000,8.15,0
2026-10-09T17:11:28.110,3461.310,126,2.817,26.8,26.6,0.000,8.01,0
2026-10-09T17:11:28.211,3461.410,126,2.820,25.5,26.9,0.000,8.17,0
2026-10-09T17:11:28.312,3461.511,126,2.820,25.8,27.0,0.000,7.92,0
2026-10-09T17:11:28.412,3461.611,126,2.800,25.5,27.0,0.000,8.32,0
2026-10-09T17:11:28.511,3461.710,126,2.783,26.9,26.8,0.000,7.64,0
2026-10-09T17:11:28.612,3461.811,126,2.785,25.2,26.5,0.000,7.88,0
2026-10-09T17:11:28.711,3461.911,126,2.785,25.2,26.8,0.000,7.71,0
2026-10-09T17:11:28.811,3462.011,126,2.784,25.1,27.0,0.000,7.84,0
2026-10-09T17:11:28.912,3462.112,126,2.784,26.8,26.8,0.000,7.98,0
2026-10-09T17:11:29.013,3462.212,126,2.788,25.1,26.9,0.000,7.94,0
2026-10-09T17:11:29.112,3462.311,126,2.788,25.1,26.8,0.000,8.03,0
2026-10-09T17:11:29.213,3462.412,126,2.790,27.0,27.2,0.000,7.88,0
2026-10-09T17:11:29.312,3462.512,126,2.789,26.7,26.7,0.000,8.27,0
2026-10-09T17:11:29.412,3462.612,126,2.790,25.3,26.8,0.000,7.80,0
2026-10-09T17:11:29.512,3462.712,126,2.790,27.2,27.1,0.000,8.01,0
2026-10-09T17:11:29.613,3462.813,126,2.796,25.4,26.9,0.000,8.28,0
2026-10-09T17:11:29.713,3462.912,126,2.792,27.0,27.0,0.000,7.88,0
2026-10-09T17:11:29.812,3463.011,126,2.795,27.3,26.8,0.000,8.01,0
2026-10-09T17:11:29.913,3463.112,126,2.795,27.7,27.0,0.000,8.14,0
2026-10-09T17:11:30.012,3463.212,126,2.793,27.7,27.3,0.000,8.10,0
2026-10-09T17:11:30.113,3463.313,126,2.785,25.7,27.3,0.000,8.19,0
2026-10-09T17:11:30.213,3463.413,126,2.785,25.6,26.6,0.000,7.91,0
2026-10-09T17:11:30.313,3463.513,126,2.792,25.8,26.9,0.000,8.09,0
2026-10-09T17:11:30.414,3463.613,126,2.798,25.9,26.7,0.000,7.84,0
2026-10-09T17:11:30.515,3463.715,126,2.796,25.4,26.6,0.000,7.83,0
2026-10-09T17:11:30.614,3463.814,126,2.796,25.6,26.6,0.000,8.20,0
2026-10-09T17:11:30.714,3463.914,126,2.799,27.5,27.0,0.000,8.17,0
2026-10-09T17:11:30.815,3464.015,126,2.800,25.6,26.5,0.000,7.95,0
2026-10-09T17:11:30.914,3464.113,126,2.798,27.5,27.0,0.000,7.91,0
2026-10-09T17:11:31.014,3464.214,126,2.798,27.5,27.1,0.000,7.78,0
2026-10-09T17:11:31.114,3464.313,126,2.806,26.0,27.1,0.000,7.95,0
2026-10-09T17:11:31.214,3464.414,126,2.801,25.6,27.1,0.000,7.88,0
2026-10-09T17:11:31.314,3464.514,126,2.799,26.0,27.1,0.000,8.13,0
2026-10-09T17:11:31.415,3464.615,126,2.799,25.8,26.7,0.000,8.05,0
2026-10-09T17:11:31.515,3464.714,126,2.797,26.2,26.9,0.000,7.90,0
2026-10-09T17:11:31.615,3464.815,126,2.802,27.8,27.0,0.000,7.72,0
2026-10-09T17:11:31.716,3464.915,126,2.799,25.9,27.1,0.000,8.05,0
2026-10-09T17:11:31.817,3465.016,126,2.799,27.7,26.9,0.000,7.95,0
2026-10-09T17:11:31.917,3465.116,126,2.807,27.7,26.8,0.000,7.81,0
2026-10-09T17:11:32.016,3465.216,126,2.803,27.6,26.9,0.000,7.79,0
2026-10-09T17:11:32.117,3465.316,126,2.801,25.6,26.9,0.000,7.87,0
2026-10-09T17:11:32.216,3465.416,126,2.801,25.8,26.8,0.000,7.81,0
2026-10-09T17:11:32.316,3465.515,126,2.803,27.5,26.9,0.000,8.10,0
2026-10-09T17:11:32.416,3465.616,126,2.802,25.9,27.2,0.000,7.75,0
2026-10-09T17:11:32.517,3465.716,126,2.802,27.8,27.0,0.000,8.03,0
2026-10-09T17:11:32.618,3465.817,126,2.800,27.5,27.2,0.000,7.81,0
2026-10-09T17:11:32.717,3465.917,126,2.800,25.9,27.2,0.000,7.73,0
2026-10-09T17:11:32.817,3466.016,126,2.801,25.9,27.1,0.000,7.99,0
2026-10-09T17:11:32.918,3466.117,126,2.801,27.7,26.8,0.000,7.94,0
2026-10-09T17:11:33.017,3466.216,126,2.812,27.8,27.0,0.000,7.88,0
2026-10-09T17:11:33.117,3466.317,126,2.802,25.8,27.0,0.000,7.92,0
2026-10-09T17:11:33.217,3466.417,126,2.804,27.5,26.8,0.000,8.07,0
2026-10-09T17:11:33.318,3466.518,126,2.804,26.1,27.0,0.000,8.17,0
2026-10-09T17:11:33.419,3466.619,126,2.799,26.0,26.9,0.000,7.82,0
2026-10-09T17:11:33.518,3466.718,126,2.803,25.7,27.0,0.000,7.93,0
2026-10-09T17:11:33.619,3466.819,126,2.801,27.9,27.0,0.000,7.72,0
2026-10-09T17:11:33.719,3466.919,126,2.801,26.0,27.3,0.000,7.99,0
2026-10-09T17:11:33.821,3467.020,126,2.799,27.7,27.0,0.000,7.90,0
2026-10-09T17:11:33.919,3467.118,126,2.800,27.4,27.1,0.000,7.89,0
2026-10-09T17:11:34.019,3467.219,126,2.797,25.9,27.0,0.000,7.88,0
2026-10-09T17:11:34.120,3467.320,126,2.797,26.0,27.2,0.000,7.86,0
2026-10-09T17:11:34.220,3467.419,126,2.801,26.1,27.2,0.000,7.98,0
2026-10-09T17:11:34.320,3467.520,126,2.803,25.8,26.8,0.000,7.95,0
2026-10-09T17:11:34.420,3467.619,126,2.805,27.9,26.8,0.000,7.97,0
2026-10-09T17:11:34.521,3467.720,126,2.805,25.8,26.6,0.000,8.01,0
2026-10-09T17:11:34.620,3467.819,126,2.803,27.3,26.8,0.000,7.93,0
2026-10-09T17:11:34.721,3467.920,126,2.802,27.5,26.8,0.000,7.94,0
2026-10-09T17:11:34.821,3468.020,126,2.804,26.9,26.7,0.000,7.87,0
2026-10-09T17:11:34.920,3468.120,126,2.804,27.2,26.8,0.000,8.16,0
2026-10-09T17:11:35.020,3468.220,126,2.805,26.9,27.3,0.000,8.09,0
2026-10-09T17:11:35.121,3468.321,126,2.802,25.3,26.6,0.000,7.86,0
2026-10-09T17:11:35.221,3468.420,126,2.802,26.9,26.8,0.000,7.89,0
2026-10-09T17:11:35.322,3468.521,126,2.800,27.1,26.8,0.000,7.90,0
2026-10-09T17:11:35.421,3468.621,126,2.800,26.8,26.7,0.000,7.94,0
2026-10-09T17:11:35.522,3468.721,126,2.803,27.4,26.6,0.000,8.21,0
2026-10-09T17:11:35.623,3468.823,126,2.803,27.6,27.0,0.000,7.95,0
2026-10-09T17:11:35.724,3468.923,126,2.804,27.8,27.1,0.000,7.85,0
2026-10-09T17:11:35.825,3469.024,126,2.809,27.5,26.8,0.000,7.93,0
2026-10-09T17:11:35.925,3469.124,126,2.806,25.8,26.6,0.000,8.09,0
2026-10-09T17:11:36.024,3469.224,126,2.806,27.7,27.1,0.000,8.07,0
2026-10-09T17:11:36.127,3469.327,126,2.809,25.7,26.8,0.000,7.96,0
2026-10-09T17:11:36.224,3469.423,126,2.806,25.8,26.8,0.000,7.99,0
2026-10-09T17:11:36.324,3469.524,126,2.808,27.3,26.8,0.000,7.81,0
2026-10-09T17:11:36.424,3469.623,126,2.808,26.9,27.0,0.000,7.90,0
2026-10-09T17:11:36.525,3469.724,126,2.811,27.3,27.1,0.000,8.30,0
2026-10-09T17:11:36.625,3469.825,126,2.810,26.2,27.0,0.000,8.29,0
2026-10-09T17:11:36.725,3469.925,126,2.808,25.8,27.0,0.000,8.24,0
2026-10-09T17:11:36.826,3470.025,126,2.808,27.2,26.9,0.000,8.00,0
2026-10-09T17:11:36.925,3470.125,127,2.808,26.9,27.2,0.000,8.18,0
2026-10-09T17:11:37.027,3470.226,128,2.804,27.7,26.8,0.000,7.82,0
2026-10-09T17:11:37.127,3470.327,128,2.907,26.2,26.7,0.000,7.94,0
2026-10-09T17:11:37.227,3470.427,129,2.907,26.0,26.8,0.000,8.59,0
2026-10-09T17:11:37.327,3470.527,129,2.921,27.7,26.8,0.000,8.21,0
2026-10-09T17:11:37.427,3470.627,130,2.921,27.8,26.9,0.000,8.41,0
2026-10-09T17:11:37.528,3470.727,130,2.924,25.7,26.7,0.000,8.40,0
2026-10-09T17:11:37.628,3470.827,131,2.924,25.2,26.6,0.000,8.05,0
2026-10-09T17:11:37.728,3470.927,131,2.926,25.2,26.5,0.000,8.46,0
2026-10-09T17:11:37.827,3471.026,131,2.923,25.7,26.9,0.000,8.26,0
2026-10-09T17:11:37.927,3471.127,131,2.923,26.0,27.1,0.000,8.10,0
2026-10-09T17:11:38.027,3471.226,132,2.923,26.9,26.6,0.000,8.11,0
2026-10-09T17:11:38.128,3471.327,132,2.918,26.7,26.8,0.000,8.33,0
2026-10-09T17:11:38.229,3471.428,132,2.908,27.0,26.8,0.000,7.97,0
2026-10-09T17:11:38.329,3471.528,132,2.908,27.5,27.2,0.000,8.50,0
2026-10-09T17:11:38.429,3471.628,133,2.903,25.7,26.9,0.000,8.32,0
2026-10-09T17:11:38.530,3471.729,133,2.970,26.0,27.2,0.000,8.35,0
2026-10-09T17:11:38.630,3471.830,133,2.991,26.0,26.8,0.000,8.50,0
2026-10-09T17:11:38.735,3471.935,134,2.991,26.1,27.1,0.000,7.93,0
2026-10-09T17:11:38.830,3472.030,134,2.989,26.2,27.0,0.000,8.30,0
2026-10-09T17:11:38.931,3472.130,134,2.990,26.0,27.2,0.000,8.27,0
2026-10-09T17:11:39.030,3472.229,134,2.990,27.1,26.9,0.000,8.48,0
2026-10-09T17:11:39.130,3472.329,134,2.990,25.3,26.9,0.000,8.36,0
2026-10-09T17:11:39.231,3472.431,135,2.994,27.5,27.0,0.000,8.47,0
2026-10-09T17:11:39.331,3472.530,135,2.989,25.1,26.5,0.000,8.47,0
2026-10-09T17:11:39.432,3472.631,135,2.989,27.0,27.0,0.000,8.59,0
2026-10-09T17:11:39.533,3472.733,135,2.989,27.6,26.8,0.000,8.31,0
2026-10-09T17:11:39.633,3472.832,135,2.984,25.8,26.8,0.000,8.41,0
2026-10-09T17:11:39.734,3472.933,135,2.982,27.3,26.9,0.000,8.54,0
2026-10-09T17:11:39.834,3473.033,135,2.986,25.8,27.0,0.000,8.33,0
2026-10-09T17:11:39.934,3473.134,135,2.986,26.1,27.1,0.000,8.24,0
2026-10-09T17:11:40.034,3473.234,135,2.986,27.8,27.2,0.000,8.52,0
2026-10-09T17:11:40.134,3473.333,135,2.990,25.7,26.7,0.000,8.55,0
2026-10-09T17:11:40.234,3473.433,135,2.985,25.6,27.0,0.000,8.35,0
2026-10-09T17:11:40.335,3473.534,135,2.985,25.8,26.7,0.000,8.61,0
2026-10-09T17:11:40.434,3473.634,135,2.981,25.8,26.9,0.000,8.35,0
2026-10-09T17:11:40.535,3473.735,135,2.980,27.2,26.8,0.000,8.34,0
2026-10-09T17:11:40.635,3473.834,135,2.980,25.1,26.8,0.000,8.36,0
2026-10-09T17:11:40.735,3473.935,135,2.978,27.6,26.9,0.000,8.70,0
2026-10-09T17:11:40.836,3474.036,135,2.980,27.4,27.3,0.000,8.43,0
2026-10-09T17:11:40.936,3474.136,135,2.976,27.2,27.1,0.000,8.17,0
2026-10-09T17:11:41.036,3474.235,135,2.976,25.5,26.8,0.000,8.62,0
2026-10-09T17:11:41.137,3474.336,135,2.976,26.6,27.2,0.000,8.39,0
2026-10-09T17:11:41.238,3474.437,135,2.977,25.9,26.8,0.000,8.47,0
2026-10-09T17:11:41.339,3474.538,135,2.980,27.9,27.1,0.000,8.62,0
2026-10-09T17:11:41.439,3474.639,135,2.980,25.9,26.9,0.000,8.18,0
2026-10-09T17:11:41.540,3474.739,135,2.978,27.9,27.4,0.000,8.25,0
2026-10-09T17:11:41.642,3474.842,135,2.984,26.2,26.9,0.000,8.32,0
2026-10-09T17:11:41.741,3474.940,135,2.978,25.9,27.1,0.000,8.42,0
2026-10-09T17:11:41.841,3475.040,135,2.978,28.5,27.2,0.000,8.31,0
2026-10-09T17:11:41.942,3475.141,135,2.982,27.5,27.0,0.000,8.45,0
2026-10-09T17:11:42.041,3475.241,135,2.979,26.3,26.8,0.000,8.29,0
2026-10-09T17:11:42.141,3475.341,135,2.980,27.7,26.8,0.000,8.28,0
2026-10-09T17:11:42.241,3475.440,136,2.980,26.0,27.1,0.000,8.15,0
2026-10-09T17:11:42.342,3475.541,136,2.982,25.9,26.8,0.000,8.51,0
2026-10-09T17:11:42.442,3475.641,136,2.984,28.2,27.7,0.000,8.18,0
2026-10-09T17:11:42.542,3475.741,137,2.983,27.9,27.0,0.000,8.44,0
2026-10-09T17:11:42.644,3475.843,137,2.983,26.5,27.3,0.000,8.20,0
2026-10-09T17:11:42.743,3475.942,137,2.985,26.6,27.2,0.000,8.29,0
2026-10-09T17:11:42.841,3476.041,137,2.985,28.2,27.2,0.000,8.38,0
2026-10-09T17:11:42.942,3476.142,137,2.987,26.3,27.1,0.000,8.37,0
2026-10-09T17:11:43.041,3476.241,137,2.987,26.4,26.8,0.000,8.46,0
2026-10-09T17:11:43.142,3476.342,137,2.986,26.4,26.9,0.000,8.36,0
2026-10-09T17:11:43.242,3476.442,137,2.982,27.8,27.2,0.000,8.31,0
2026-10-09T17:11:43.342,3476.541,137,2.982,25.4,26.6,0.000,8.39,0
2026-10-09T17:11:43.441,3476.641,137,2.983,26.9,26.8,0.000,8.34,0
2026-10-09T17:11:43.542,3476.742,137,2.982,25.3,26.8,0.000,8.25,0
2026-10-09T17:11:43.642,3476.842,137,2.984,25.2,26.6,0.000,8.34,0
2026-10-09T17:11:43.742,3476.941,137,2.984,27.0,27.0,0.000,8.58,0
2026-10-09T17:11:43.841,3477.040,137,2.984,25.3,26.7,0.000,8.28,0
2026-10-09T17:11:43.942,3477.141,137,2.983,25.2,26.4,0.000,8.40,0
2026-10-09T17:11:44.041,3477.240,137,2.984,25.4,26.7,0.000,8.23,0
2026-10-09T17:11:44.143,3477.343,137,2.984,25.6,27.0,0.000,8.40,0
2026-10-09T17:11:44.242,3477.442,137,2.986,27.0,26.8,0.000,8.50,0
2026-10-09T17:11:44.343,3477.543,137,2.984,25.1,26.6,0.000,8.47,0
2026-10-09T17:11:44.443,3477.642,137,2.982,27.3,26.8,0.000,8.12,0
2026-10-09T17:11:44.543,3477.743,137,2.982,25.3,26.9,0.000,8.24,0
2026-10-09T17:11:44.644,3477.844,137,2.984,26.7,26.5,0.000,8.68,0
2026-10-09T17:11:44.744,3477.944,137,2.985,27.0,26.7,0.000,8.53,0
2026-10-09T17:11:44.844,3478.044,137,2.987,25.1,26.8,0.000,8.25,0
2026-10-09T17:11:44.944,3478.144,137,2.987,25.5,26.6,0.000,8.47,0
2026-10-09T17:11:45.043,3478.242,137,2.988,27.3,26.7,0.000,7.97,0
2026-10-09T17:11:45.144,3478.343,137,2.985,27.5,26.9,0.000,8.27,0
2026-10-09T17:11:45.243,3478.443,137,2.990,26.1,27.0,0.000,8.22,0
2026-10-09T17:11:45.348,3478.548,137,2.990,28.1,27.3,0.000,8.48,0
2026-10-09T17:11:45.443,3478.643,137,2.984,28.2,27.1,0.000,8.21,0
2026-10-09T17:11:45.544,3478.744,137,2.987,26.2,27.0,0.000,8.29,0
2026-10-09T17:11:45.643,3478.843,137,2.987,27.5,27.0,0.000,8.51,0
2026-10-09T17:11:45.744,3478.943,137,2.987,26.2,27.1,0.000,8.59,0
2026-10-09T17:11:45.845,3479.044,137,2.986,25.5,26.7,0.000,8.36,0
2026-10-09T17:11:45.944,3479.144,137,2.983,26.8,27.4,0.000,8.59,0
2026-10-09T17:11:46.045,3479.245,137,2.983,27.8,27.0,0.000,8.76,0
2026-10-09T17:11:46.147,3479.346,137,2.988,25.7,27.0,0.000,8.47,0
2026-10-09T17:11:46.247,3479.447,137,2.989,25.2,26.8,0.000,8.67,0
2026-10-09T17:11:46.349,3479.548,137,2.990,26.9,26.8,0.000,8.36,0
2026-10-09T17:11:46.448,3479.648,137,2.990,27.0,26.7,0.000,8.51,0
2026-10-09T17:11:46.550,3479.749,137,2.989,27.0,27.0,0.000,8.31,0
2026-10-09T17:11:46.650,3479.849,137,2.986,25.2,26.8,0.000,8.46,0
2026-10-09T17:11:46.750,3479.950,137,2.990,25.3,26.9,0.000,8.57,0
2026-10-09T17:11:46.850,3480.050,137,2.990,25.3,26.6,0.000,8.57,0
2026-10-09T17:11:46.950,3480.150,137,2.990,25.4,26.8,0.000,8.42,0
2026-10-09T17:11:47.051,3480.251,137,2.989,27.1,26.7,0.000,8.37,0
2026-10-09T17:11:47.149,3480.349,137,2.989,27.3,26.8,0.000,8.37,0
2026-10-09T17:11:47.254,3480.454,137,2.989,27.4,26.8,0.000,8.29,0
2026-10-09T17:11:47.349,3480.549,137,2.986,27.6,27.2,0.000,8.47,0
2026-10-09T17:11:47.450,3480.650,137,2.987,25.4,26.5,0.000,8.47,0
2026-10-09T17:11:47.551,3480.750,137,2.991,27.2,26.8,0.000,8.41,0
2026-10-09T17:11:47.652,3480.852,137,2.991,25.3,26.8,0.000,8.46,0
2026-10-09T17:11:47.751,3480.951,137,2.992,25.5,26.7,0.000,8.33,0
2026-10-09T17:11:47.852,3481.051,137,2.989,25.3,26.8,0.000,8.39,0
2026-10-09T17:11:47.951,3481.151,137,2.990,25.6,26.9,0.000,8.45,0
2026-10-09T17:11:48.052,3481.252,137,2.990,27.1,26.6,0.000,8.44,0
2026-10-09T17:11:48.153,3481.353,137,2.987,27.1,26.8,0.000,8.42,0
2026-10-09T17:11:48.254,3481.454,137,2.990,25.3,26.8,0.000,8.41,0
2026-10-09T17:11:48.355,3481.555,137,2.993,25.7,27.1,0.000,8.45,0
2026-10-09T17:11:48.456,3481.656,137,2.993,27.9,27.0,0.000,8.50,0
2026-10-09T17:11:48.557,3481.757,137,2.992,26.3,27.3,0.000,8.55,0
2026-10-09T17:11:48.658,3481.858,137,2.991,26.5,27.1,0.000,8.47,0
2026-10-09T17:11:48.759,3481.959,137,2.995,27.5,27.0,0.000,8.45,0
2026-10-09T17:11:48.861,3482.060,137,2.995,25.8,27.1,0.000,8.39,0
2026-10-09T17:11:48.960,3482.160,137,2.997,25.7,26.9,0.000,8.40,0
2026-10-09T17:11:49.058,3482.258,137,2.996,27.9,27.0,0.000,8.50,0
2026-10-09T17:11:49.159,3482.359,137,2.996,28.1,26.8,0.000,8.36,0
2026-10-09T17:11:49.259,3482.459,137,2.995,27.9,27.5,0.000,8.46,0
2026-10-09T17:11:49.359,3482.559,137,2.993,25.8,26.9,0.000,8.40,0
2026-10-09T17:11:49.460,3482.659,137,2.995,27.5,27.1,0.000,8.40,0
2026-10-09T17:11:49.559,3482.759,137,2.995,27.2,26.8,0.000,8.29,0
2026-10-09T17:11:49.659,3482.858,137,2.990,27.6,26.9,0.000,8.57,0
2026-10-09T17:11:49.760,3482.960,137,2.989,26.1,26.9,0.000,8.73,0
2026-10-09T17:11:49.860,3483.059,137,2.990,26.0,26.8,0.000,8.43,0
2026-10-09T17:11:49.960,3483.159,137,2.990,25.8,26.8,0.000,8.22,0
2026-10-09T17:11:50.059,3483.259,137,2.989,25.5,26.2,0.000,8.49,0
2026-10-09T17:11:50.160,3483.360,137,2.992,26.1,27.1,0.000,8.65,0
2026-10-09T17:11:50.260,3483.460,137,2.991,25.6,26.8,0.000,8.53,0
2026-10-09T17:11:50.360,3483.560,137,2.991,25.4,27.0,0.000,8.25,0
2026-10-09T17:11:50.461,3483.660,137,2.992,26.2,27.1,0.000,8.42,0
2026-10-09T17:11:50.562,3483.761,137,2.993,26.1,26.8,0.000,8.41,0
2026-10-09T17:11:50.662,3483.861,137,2.990,27.4,27.1,0.000,8.32,0
2026-10-09T17:11:50.761,3483.961,137,2.990,27.5,26.9,0.000,8.46,0
2026-10-09T17:11:50.862,3484.062,137,2.993,27.5,26.9,0.000,8.29,0
2026-10-09T17:11:50.963,3484.162,137,2.991,27.8,26.9,0.000,8.54,0
2026-10-09T17:11:51.068,3484.268,137,2.987,28.2,27.4,0.000,8.62,0
2026-10-09T17:11:51.163,3484.363,137,2.987,27.7,27.2,0.000,8.66,0
2026-10-09T17:11:51.263,3484.463,137,2.988,25.8,26.7,0.000,8.22,0
2026-10-09T17:11:51.363,3484.562,137,2.990,25.5,26.9,0.000,8.29,0
2026-10-09T17:11:51.463,3484.663,137,2.990,27.4,26.8,0.000,8.24,0
2026-10-09T17:11:51.564,3484.764,137,2.989,26.3,26.9,0.000,8.65,0
2026-10-09T17:11:51.665,3484.865,137,2.990,26.3,26.8,0.000,8.56,0
2026-10-09T17:11:51.766,3484.966,137,2.992,27.5,26.7,0.000,8.41,0
2026-10-09T17:11:51.867,3485.067,137,2.992,27.7,26.8,0.000,8.53,0
2026-10-09T17:11:51.968,3485.167,137,2.988,25.6,26.9,0.000,8.49,0
2026-10-09T17:11:52.069,3485.268,137,2.985,26.4,26.9,0.000,8.30,0
2026-10-09T17:11:52.168,3485.368,137,2.988,26.3,27.2,0.000,8.14,0
2026-10-09T17:11:52.269,3485.469,137,2.988,26.0,27.2,0.000,8.37,0
2026-10-09T17:11:52.372,3485.571,137,2.988,27.4,26.8,0.000,8.31,0
2026-10-09T17:11:52.471,3485.670,137,2.987,26.2,26.8,0.000,8.36,0
2026-10-09T17:11:52.571,3485.770,137,2.986,28.5,27.3,0.000,8.54,0
2026-10-09T17:11:52.670,3485.870,137,2.986,28.2,27.1,0.000,8.51,0
2026-10-09T17:11:52.771,3485.971,137,2.985,26.0,27.0,0.000,8.60,0
2026-10-09T17:11:52.872,3486.072,137,2.986,26.7,26.9,0.000,8.62,0
2026-10-09T17:11:52.972,3486.171,137,2.989,28.1,27.2,0.000,8.44,0
2026-10-09T17:11:53.072,3486.272,137,2.989,26.3,26.9,0.000,8.44,0
2026-10-09T17:11:53.172,3486.371,137,2.988,28.2,27.2,0.000,8.62,0
2026-10-09T17:11:53.272,3486.472,137,2.984,28.2,27.4,0.000,8.70,0
2026-10-09T17:11:53.374,3486.573,137,2.985,26.4,27.0,0.000,8.45,0
2026-10-09T17:11:53.473,3486.672,137,2.985,28.0,27.4,0.000,8.42,0
2026-10-09T17:11:53.577,3486.776,137,2.985,27.9,27.0,0.000,8.44,0
2026-10-09T17:11:53.673,3486.872,137,2.981,28.1,27.1,0.000,8.64,0
2026-10-09T17:11:53.773,3486.973,137,2.977,28.1,27.2,0.000,8.32,0
2026-10-09T17:11:53.873,3487.072,137,2.977,25.9,26.8,0.000,8.63,0
2026-10-09T17:11:53.973,3487.173,137,2.980,28.4,27.3,0.000,8.31,0
2026-10-09T17:11:54.073,3487.273,137,2.980,28.2,27.2,0.000,8.38,0
2026-10-09T17:11:54.174,3487.374,137,2.981,26.0,27.0,0.000,8.06,0
2026-10-09T17:11:54.275,3487.475,137,2.981,26.1,27.1,0.000,8.68,0
2026-10-09T17:11:54.376,3487.576,137,2.981,27.9,27.2,0.000,8.52,0
2026-10-09T17:11:54.477,3487.677,137,2.985,27.2,26.7,0.000,8.34,0
2026-10-09T17:11:54.578,3487.778,137,2.986,25.3,27.0,0.000,8.28,0
2026-10-09T17:11:54.678,3487.878,137,2.986,27.0,26.9,0.000,8.51,0
2026-10-09T17:11:54.778,3487.978,137,2.983,27.0,26.9,0.000,8.05,0
2026-10-09T17:11:54.878,3488.077,137,2.985,25.5,26.7,0.000,8.53,0
2026-10-09T17:11:54.978,3488.178,137,2.985,25.3,27.0,0.000,8.14,0
2026-10-09T17:11:55.080,3488.280,137,2.986,27.8,27.0,0.000,8.43,0
2026-10-09T17:11:55.178,3488.377,137,2.988,27.6,27.1,0.000,8.59,0
2026-10-09T17:11:55.278,3488.478,137,2.987,27.0,26.9,0.000,8.39,0
2026-10-09T17:11:55.379,3488.578,137,2.987,27.3,27.2,0.000,8.36,0
2026-10-09T17:11:55.479,3488.679,137,2.988,27.1,26.7,0.000,8.46,0
2026-10-09T17:11:55.578,3488.778,137,2.986,28.1,27.1,0.000,8.40,0
2026-10-09T17:11:55.680,3488.879,137,2.984,26.2,27.4,0.000,8.34,0
2026-10-09T17:11:55.779,3488.979,137,2.984,26.2,27.1,0.000,8.64,0
2026-10-09T17:11:55.879,3489.078,137,2.986,25.9,26.8,0.000,8.54,0
2026-10-09T17:11:55.979,3489.179,137,2.987,26.2,27.1,0.000,8.60,0
2026-10-09T17:11:56.079,3489.279,137,2.985,26.0,27.0,0.000,8.62,0
2026-10-09T17:11:56.180,3489.379,137,2.985,28.0,27.1,0.000,8.36,0
2026-10-09T17:11:56.281,3489.481,137,2.987,26.0,27.0,0.000,8.63,0
2026-10-09T17:11:56.381,3489.580,137,2.985,27.6,26.6,0.000,8.33,0
2026-10-09T17:11:56.483,3489.683,137,2.987,25.6,26.8,0.000,8.44,0
2026-10-09T17:11:56.583,3489.782,137,2.987,25.7,26.9,0.000,8.40,0
2026-10-09T17:11:56.682,3489.882,137,2.987,27.4,26.9,0.000,8.39,0
2026-10-09T17:11:56.783,3489.982,137,2.987,25.6,26.8,0.000,8.18,0
2026-10-09T17:11:56.884,3490.083,137,2.984,25.3,27.0,0.000,8.42,0
2026-10-09T17:11:56.985,3490.185,137,2.984,27.2,26.8,0.000,8.64,0
2026-10-09T17:11:57.086,3490.286,137,2.987,25.9,26.7,0.000,8.56,0
2026-10-09T17:11:57.186,3490.386,137,2.987,25.4,26.9,0.000,8.56,0
2026-10-09T17:11:57.286,3490.486,137,2.988,27.0,26.5,0.000,8.26,0
2026-10-09T17:11:57.387,3490.586,137,2.988,26.0,27.0,0.000,8.54,0
2026-10-09T17:11:57.488,3490.687,137,2.986,28.1,26.8,0.000,8.70,0
2026-10-09T17:11:57.589,3490.788,137,2.986,26.0,27.0,0.000,8.50,0
2026-10-09T17:11:57.690,3490.890,137,2.986,28.1,27.2,0.000,8.33,0
2026-10-09T17:11:57.791,3490.990,137,2.986,26.0,27.3,0.000,8.29,0
2026-10-09T17:11:57.890,3491.090,137,2.986,26.0,27.1,0.000,8.42,0
2026-10-09T17:11:57.990,3491.189,137,2.988,25.6,26.8,0.000,8.10,0
2026-10-09T17:11:58.091,3491.290,137,2.988,27.5,27.0,0.000,8.30,0
2026-10-09T17:11:58.192,3491.391,137,2.991,25.5,26.3,0.000,8.38,0
2026-10-09T17:11:58.291,3491.491,137,2.986,27.6,26.7,0.000,8.48,0
2026-10-09T17:11:58.392,3491.592,137,2.989,27.8,26.9,0.000,8.61,0
2026-10-09T17:11:58.492,3491.691,137,2.989,26.0,27.1,0.000,8.50,0
2026-10-09T17:11:58.592,3491.792,137,2.986,26.0,26.9,0.000,8.26,0
2026-10-09T17:11:58.692,3491.892,137,2.987,26.2,27.3,0.000,8.47,0
2026-10-09T17:11:58.792,3491.991,137,2.987,25.9,26.9,0.000,8.33,0
2026-10-09T17:11:58.892,3492.092,137,2.987,27.4,27.0,0.000,8.55,0
2026-10-09T17:11:58.992,3492.192,137,2.990,25.9,26.9,0.000,8.29,0
2026-10-09T17:11:59.093,3492.292,137,2.985,27.9,27.2,0.000,8.38,0
2026-10-09T17:11:59.194,3492.393,137,2.984,25.9,27.0,0.000,8.33,0
2026-10-09T17:11:59.297,3492.496,137,2.984,26.4,27.4,0.000,8.14,0
2026-10-09T17:11:59.396,3492.595,137,2.986,27.7,26.9,0.000,8.41,0
2026-10-09T17:11:59.494,3492.694,137,2.985,28.0,27.1,0.000,8.36,0
2026-10-09T17:11:59.595,3492.794,137,2.989,26.2,27.2,0.000,8.27,0
2026-10-09T17:11:59.696,3492.895,137,2.989,27.9,26.9,0.000,8.16,0
2026-10-09T17:11:59.797,3492.996,137,2.986,28.2,27.1,0.000,8.42,0
2026-10-09T17:11:59.898,3493.097,137,2.985,26.2,27.1,0.000,8.21,0
2026-10-09T17:11:59.996,3493.196,137,2.985,27.6,26.9,0.000,8.26,0
2026-10-09T17:12:00.097,3493.297,137,2.985,27.9,26.8,0.000,8.33,0
2026-10-09T17:12:00.197,3493.396,137,2.987,28.1,27.3,0.000,8.64,0
2026-10-09T17:12:00.298,3493.497,137,2.982,27.9,27.0,0.000,8.56,0
2026-10-09T17:12:00.399,3493.598,137,2.984,26.0,26.7,0.000,8.31,0
2026-10-09T17:12:00.498,3493.698,137,2.984,28.4,27.3,0.000,8.48,0
2026-10-09T17:12:00.599,3493.798,137,2.983,25.6,27.0,0.000,8.59,0
2026-10-09T17:12:00.703,3493.902,137,2.985,26.2,27.0,0.000,8.65,0
2026-10-09T17:12:00.799,3493.998,137,2.985,26.1,27.0,0.000,8.53,0
2026-10-09T17:12:00.899,3494.098,137,2.986,27.5,26.8,0.000,8.55,0
2026-10-09T17:12:00.999,3494.199,137,2.983,28.0,27.0,0.000,8.38,0
2026-10-09T17:12:01.100,3494.300,137,2.987,26.2,27.1,0.000,8.50,0
2026-10-09T17:12:01.201,3494.400,137,2.987,26.0,27.1,0.000,8.38,0
2026-10-09T17:12:01.301,3494.501,137,2.987,26.0,26.6,0.000,8.49,0
2026-10-09T17:12:01.401,3494.601,137,2.995,25.8,27.0,0.000,8.75,0
2026-10-09T17:12:01.501,3494.701,137,2.993,25.9,27.0,0.000,8.37,0
2026-10-09T17:12:01.601,3494.801,137,2.993,27.4,26.9,0.000,8.47,0
2026-10-09T17:12:01.702,3494.902,137,2.995,27.0,26.8,0.000,8.24,0
2026-10-09T17:12:01.802,3495.001,137,2.993,27.7,27.2,0.000,8.42,0
2026-10-09T17:12:01.903,3495.102,137,2.992,26.2,27.1,0.000,8.47,0
2026-10-09T17:12:02.003,3495.203,137,2.992,25.7,27.2,0.000,8.34,0
2026-10-09T17:12:02.104,3495.304,137,2.994,25.7,26.7,0.000,8.38,0
2026-10-09T17:12:02.204,3495.404,137,2.995,26.1,26.5,0.000,8.53,0
2026-10-09T17:12:02.304,3495.503,137,2.990,28.0,27.2,0.000,8.21,0
2026-10-09T17:12:02.404,3495.603,137,2.990,27.1,26.5,0.000,8.40,0
2026-10-09T17:12:02.505,3495.704,137,2.990,27.8,27.3,0.000,8.07,0
2026-10-09T17:12:02.605,3495.805,137,2.989,27.3,27.1,0.000,8.74,0
2026-10-09T17:12:02.705,3495.904,137,2.986,27.8,27.1,0.000,8.27,0
2026-10-09T17:12:02.805,3496.005,137,2.986,27.6,26.9,0.000,8.27,0
2026-10-09T17:12:02.905,3496.104,137,2.982,27.5,26.8,0.000,8.42,0
2026-10-09T17:12:03.006,3496.205,137,2.987,27.6,27.2,0.000,8.47,0
2026-10-09T17:12:03.105,3496.305,137,2.986,26.2,26.8,0.000,8.47,0
2026-10-09T17:12:03.207,3496.407,137,2.986,27.4,26.8,0.000,8.36,0
2026-10-09T17:12:03.308,3496.507,137,2.985,25.5,26.8,0.000,8.53,0
2026-10-09T17:12:03.407,3496.607,137,2.986,27.7,27.1,0.000,8.29,0
2026-10-09T17:12:03.508,3496.708,137,2.986,25.3,26.6,0.000,8.52,0
2026-10-09T17:12:03.608,3496.808,137,2.983,27.9,27.0,0.000,8.41,0
2026-10-09T17:12:03.708,3496.907,137,2.985,26.1,26.8,0.000,8.58,0
2026-10-09T17:12:03.807,3497.007,137,2.986,27.9,27.0,0.000,8.14,0
2026-10-09T17:12:03.908,3497.108,137,2.986,25.9,26.7,0.000,8.59,0
2026-10-09T17:12:04.008,3497.207,137,2.986,27.7,26.9,0.000,8.44,0
2026-10-09T17:12:04.109,3497.309,137,2.986,25.8,26.8,0.000,8.60,0
2026-10-09T17:12:04.207,3497.407,137,2.984,27.7,27.0,0.000,8.31,0
2026-10-09T17:12:04.309,3497.509,137,2.984,27.8,27.0,0.000,8.49,0
2026-10-09T17:12:04.408,3497.608,137,2.983,27.9,27.3,0.000,8.24,0
2026-10-09T17:12:04.508,3497.707,137,2.989,26.1,27.0,0.000,8.61,0
2026-10-09T17:12:04.608,3497.808,137,2.987,26.3,27.1,0.000,8.65,0
2026-10-09T17:12:04.708,3497.908,137,2.987,26.0,27.1,0.000,8.44,0
2026-10-09T17:12:04.808,3498.008,137,2.985,27.8,27.4,0.000,8.48,0
2026-10-09T17:12:04.908,3498.108,137,2.990,27.5,26.9,0.000,8.50,0
2026-10-09T17:12:05.008,3498.207,137,3.032,26.3,27.1,0.000,8.48,0
2026-10-09T17:12:05.109,3498.308,137,3.032,26.0,27.1,0.000,8.69,0
2026-10-09T17:12:05.210,3498.409,137,3.047,27.9,27.0,0.000,8.72,0
2026-10-09T17:12:05.313,3498.513,137,3.044,27.3,26.7,0.000,8.68,0
2026-10-09T17:12:05.410,3498.609,137,3.039,27.5,27.0,0.000,8.45,0
2026-10-09T17:12:05.509,3498.709,137,3.039,26.0,27.0,0.000,8.72,0
2026-10-09T17:12:05.610,3498.810,137,3.036,26.2,27.1,0.000,8.47,0
2026-10-09T17:12:05.710,3498.909,137,3.040,26.3,27.2,0.000,8.72,0
2026-10-09T17:12:05.809,3499.009,137,3.040,27.8,26.9,0.000,8.71,0
2026-10-09T17:12:05.910,3499.110,137,3.041,27.0,26.7,0.000,8.76,0
2026-10-09T17:12:06.011,3499.210,137,3.043,28.1,27.3,0.000,8.46,0
2026-10-09T17:12:06.111,3499.311,137,3.038,27.8,26.8,0.000,8.74,0
2026-10-09T17:12:06.212,3499.412,137,3.038,26.4,27.0,0.000,8.37,0
2026-10-09T17:12:06.313,3499.512,137,3.038,27.2,27.0,0.000,8.66,0
2026-10-09T17:12:06.412,3499.612,137,3.037,26.1,27.1,0.000,8.66,0
2026-10-09T17:12:06.513,3499.712,137,3.035,26.0,26.6,0.000,8.88,0
2026-10-09T17:12:06.612,3499.812,137,3.035,26.6,27.2,0.000,8.92,0
2026-10-09T17:12:06.715,3499.915,137,3.038,27.6,26.9,0.000,8.61,0
2026-10-09T17:12:06.813,3500.012,137,3.041,27.9,26.9,0.000,8.77,0
2026-10-09T17:12:06.912,3500.112,137,3.037,26.3,26.8,0.000,8.65,0
2026-10-09T17:12:07.013,3500.213,137,3.037,25.7,26.7,0.000,8.62,0
2026-10-09T17:12:07.113,3500.312,137,3.035,26.4,27.3,0.000,8.43,0
2026-10-09T17:12:07.212,3500.411,137,3.035,25.8,26.9,0.000,8.25,0
2026-10-09T17:12:07.312,3500.512,137,3.036,25.7,26.9,0.000,8.40,0
2026-10-09T17:12:07.413,3500.613,137,3.036,25.4,26.5,0.000,8.69,0
2026-10-09T17:12:07.513,3500.713,137,3.034,25.8,27.1,0.000,8.55,0
2026-10-09T17:12:07.612,3500.812,137,3.032,26.8,26.7,0.000,8.35,0
2026-10-09T17:12:07.713,3500.913,137,3.032,27.4,27.0,0.000,8.33,0
2026-10-09T17:12:07.815,3501.014,137,3.032,27.2,27.0,0.000,8.68,0
2026-10-09T17:12:07.914,3501.114,137,3.029,26.3,27.0,0.000,8.60,0
2026-10-09T17:12:08.015,3501.215,137,3.030,26.1,27.2,0.000,8.47,0
2026-10-09T17:12:08.116,3501.316,137,3.028,26.4,27.0,0.000,8.74,0
2026-10-09T17:12:08.216,3501.415,137,3.028,27.4,26.9,0.000,8.57,0
2026-10-09T17:12:08.315,3501.515,137,3.027,28.0,27.4,0.000,8.51,0
2026-10-09T17:12:08.416,3501.616,137,3.026,27.5,26.9,0.000,8.35,0
2026-10-09T17:12:08.516,3501.716,137,3.026,27.8,27.1,0.000,8.35,0
2026-10-09T17:12:08.616,3501.816,137,3.029,27.9,26.9,0.000,8.70,0
2026-10-09T17:12:08.716,3501.915,137,3.026,25.2,26.5,0.000,8.65,0
2026-10-09T17:12:08.815,3502.015,137,3.028,25.3,26.8,0.000,8.59,0
2026-10-09T17:12:08.917,3502.116,137,3.028,27.1,26.8,0.000,8.46,0
2026-10-09T17:12:09.016,3502.216,137,3.026,25.4,27.0,0.000,8.32,0
2026-10-09T17:12:09.117,3502.317,137,3.030,25.6,26.6,0.000,8.58,0
2026-10-09T17:12:09.218,3502.418,137,3.036,27.4,26.8,0.000,8.60,0
2026-10-09T17:12:09.320,3502.519,137,3.036,25.8,27.1,0.000,8.61,0
2026-10-09T17:12:09.421,3502.620,137,3.039,26.4,27.2,0.000,8.69,0
2026-10-09T17:12:09.520,3502.720,137,3.035,25.7,27.0,0.000,8.50,0
2026-10-09T17:12:09.624,3502.823,137,3.033,27.8,27.0,0.000,8.63,0
2026-10-09T17:12:09.721,3502.920,137,3.033,25.9,27.0,0.000,8.58,0
2026-10-09T17:12:09.820,3503.020,137,3.031,28.1,27.1,0.000,8.55,0
2026-10-09T17:12:09.921,3503.121,137,3.032,27.9,27.3,0.000,8.70,0
2026-10-09T17:12:10.021,3503.221,137,3.023,26.0,26.7,0.000,8.45,0
2026-10-09T17:12:10.121,3503.321,137,3.023,27.7,27.3,0.000,8.62,0
2026-10-09T17:12:10.222,3503.422,137,3.026,25.6,26.7,0.000,8.64,0
2026-10-09T17:12:10.322,3503.521,137,3.029,26.2,27.0,0.000,8.73,0
2026-10-09T17:12:10.421,3503.620,137,3.023,25.9,26.6,0.000,8.76,0
2026-10-09T17:12:10.521,3503.720,137,3.023,27.7,27.0,0.000,8.56,0
2026-10-09T17:12:10.621,3503.821,137,3.025,26.5,26.8,0.000,8.41,0
2026-10-09T17:12:10.722,3503.922,137,3.021,28.1,27.2,0.000,8.70,0
2026-10-09T17:12:10.822,3504.021,137,3.023,27.7,26.8,0.000,8.36,0
2026-10-09T17:12:10.921,3504.121,137,3.023,27.0,26.6,0.000,8.89,0
2026-10-09T17:12:11.022,3504.221,137,3.020,25.4,27.1,0.000,8.58,0
2026-10-09T17:12:11.122,3504.322,137,3.024,25.4,26.9,0.000,8.77,0
2026-10-09T17:12:11.222,3504.421,137,3.024,26.9,27.1,0.000,8.67,0
2026-10-09T17:12:11.321,3504.521,137,3.022,25.6,27.0,0.000,8.48,0
2026-10-09T17:12:11.421,3504.621,137,3.025,27.1,26.8,0.000,8.22,0
2026-10-09T17:12:11.522,3504.722,137,3.027,25.3,26.7,0.000,8.33,0
2026-10-09T17:12:11.623,3504.823,137,3.027,25.3,26.8,0.000,8.54,0
2026-10-09T17:12:11.723,3504.923,137,3.024,26.8,26.7,0.000,8.72,0
2026-10-09T17:12:11.825,3505.025,137,3.022,25.8,26.8,0.000,8.50,0
2026-10-09T17:12:11.924,3505.124,137,3.022,27.3,26.9,0.000,8.53,0
2026-10-09T17:12:12.024,3505.223,137,3.022,27.3,26.9,0.000,8.74,0
2026-10-09T17:12:12.124,3505.324,137,3.023,27.2,27.2,0.000,8.52,0
2026-10-09T17:12:12.224,3505.424,137,3.022,27.2,26.9,0.000,8.87,0
2026-10-09T17:12:12.325,3505.525,137,3.019,25.5,26.8,0.000,8.57,0
2026-10-09T17:12:12.426,3505.626,137,3.019,25.9,26.7,0.000,8.81,0
2026-10-09T17:12:12.526,3505.725,137,3.022,27.3,27.3,0.000,8.50,0
2026-10-09T17:12:12.626,3505.825,137,3.024,27.0,26.7,0.000,8.47,0
2026-10-09T17:12:12.726,3505.925,137,3.023,25.3,26.6,0.000,8.95,0
2026-10-09T17:12:12.825,3506.024,137,3.023,27.1,26.8,0.000,8.36,0
2026-10-09T17:12:12.926,3506.125,137,3.023,25.5,26.6,0.000,8.50,0
2026-10-09T17:12:13.025,3506.224,137,3.022,27.3,26.9,0.000,8.32,0
2026-10-09T17:12:13.125,3506.324,137,3.023,27.3,26.8,0.000,8.53,0
2026-10-09T17:12:13.226,3506.425,137,3.023,27.1,26.9,0.000,8.53,0
2026-10-09T17:12:13.325,3506.525,137,3.022,28.0,27.4,0.000,8.62,0
2026-10-09T17:12:13.426,3506.626,137,3.023,27.3,26.8,0.000,8.58,0
2026-10-09T17:12:13.527,3506.726,137,3.024,27.0,26.9,0.000,8.51,0
2026-10-09T17:12:13.628,3506.827,137,3.024,25.3,26.6,0.000,8.45,0
2026-10-09T17:12:13.729,3506.929,137,3.020,25.3,26.9,0.000,8.62,0
2026-10-09T17:12:13.829,3507.029,137,3.021,27.0,26.7,0.000,8.64,0
2026-10-09T17:12:13.928,3507.128,137,3.021,25.5,26.9,0.000,8.55,0
2026-10-09T17:12:14.028,3507.228,137,3.020,25.0,26.7,0.000,8.65,0
2026-10-09T17:12:14.129,3507.329,137,3.021,25.1,26.8,0.000,8.44,0
2026-10-09T17:12:14.229,3507.429,137,3.021,25.1,27.1,0.000,8.52,0
2026-10-09T17:12:14.331,3507.530,137,3.021,25.3,26.9,0.000,8.55,0
2026-10-09T17:12:14.430,3507.629,137,3.020,26.7,27.1,0.000,8.71,0
2026-10-09T17:12:14.530,3507.730,137,3.019,26.9,27.0,0.000,8.65,0
2026-10-09T17:12:14.630,3507.830,137,3.018,27.1,26.8,0.000,8.49,0
2026-10-09T17:12:14.731,3507.931,137,3.018,25.5,26.7,0.000,8.41,0
2026-10-09T17:12:14.832,3508.032,137,3.022,25.7,26.9,0.000,8.47,0
2026-10-09T17:12:14.932,3508.131,137,3.025,27.0,27.0,0.000,8.18,0
2026-10-09T17:12:15.031,3508.231,137,3.023,25.5,26.9,0.000,8.48,0
2026-10-09T17:12:15.131,3508.331,137,3.023,27.3,27.1,0.000,8.66,0
2026-10-09T17:12:15.231,3508.430,137,3.021,27.2,26.8,0.000,8.72,0
2026-10-09T17:12:15.332,3508.531,137,3.019,25.4,27.0,0.000,8.49,0
2026-10-09T17:12:15.431,3508.630,137,3.020,25.6,26.8,0.000,8.41,0
2026-10-09T17:12:15.531,3508.731,137,3.020,27.1,26.9,0.000,8.17,0
2026-10-09T17:12:15.631,3508.830,137,3.023,27.5,27.0,0.000,8.51,0
2026-10-09T17:12:15.732,3508.932,137,3.018,27.3,26.9,0.000,8.47,0
2026-10-09T17:12:15.832,3509.031,137,3.017,28.1,27.0,0.000,8.43,0
2026-10-09T17:12:15.931,3509.130,137,3.017,26.4,27.3,0.000,8.48,0
2026-10-09T17:12:16.031,3509.231,137,3.016,28.0,27.2,0.000,8.50,0
2026-10-09T17:12:16.132,3509.331,137,3.010,26.4,27.2,0.000,8.28,0
2026-10-09T17:12:16.233,3509.432,137,3.010,25.6,27.0,0.000,8.41,0
2026-10-09T17:12:16.338,3509.538,137,3.010,27.4,26.9,0.000,8.47,0
2026-10-09T17:12:16.434,3509.634,137,3.005,25.6,26.9,0.000,8.35,0
2026-10-09T17:12:16.535,3509.734,137,3.010,25.5,26.6,0.000,8.42,0
2026-10-09T17:12:16.635,3509.835,137,3.010,25.4,26.8,0.000,8.35,0
2026-10-09T17:12:16.735,3509.934,137,3.013,25.5,27.1,0.000,8.36,0
2026-10-09T17:12:16.835,3510.035,137,3.015,27.2,27.1,0.000,8.70,0
2026-10-09T17:12:16.935,3510.134,137,3.016,27.4,26.9,0.000,8.42,0
2026-10-09T17:12:17.035,3510.235,137,3.016,25.5,27.0,0.000,8.35,0
2026-10-09T17:12:17.135,3510.334,137,3.012,28.2,27.0,0.000,8.40,0
2026-10-09T17:12:17.236,3510.435,137,3.010,27.2,26.8,0.000,8.28,0
2026-10-09T17:12:17.337,3510.536,137,3.010,27.2,26.7,0.000,8.11,0
2026-10-09T17:12:17.436,3510.635,137,3.010,25.7,27.0,0.000,8.49,0
2026-10-09T17:12:17.537,3510.736,137,3.010,27.0,26.8,0.000,8.66,0
2026-10-09T17:12:17.636,3510.836,137,3.012,25.8,27.4,0.000,8.72,0
2026-10-09T17:12:17.735,3510.934,137,3.009,28.2,27.3,0.000,8.01,0
2026-10-09T17:12:17.839,3511.039,137,3.009,26.1,27.0,0.000,8.54,0
2026-10-09T17:12:17.937,3511.137,137,3.006,25.7,27.0,0.000,8.42,0
2026-10-09T17:12:18.037,3511.236,137,3.003,27.8,27.0,0.000,8.38,0
2026-10-09T17:12:18.137,3511.337,137,2.999,28.2,27.4,0.000,8.47,0
2026-10-09T17:12:18.237,3511.436,137,2.999,28.3,27.2,0.000,8.20,0
2026-10-09T17:12:18.337,3511.537,137,3.001,27.9,27.4,0.000,8.39,0
2026-10-09T17:12:18.437,3511.637,137,3.000,28.0,27.5,0.000,8.31,0
2026-10-09T17:12:18.537,3511.737,137,2.996,26.4,27.2,0.000,8.47,0
2026-10-09T17:12:18.638,3511.838,137,2.996,27.6,27.2,0.000,8.57,0
2026-10-09T17:12:18.737,3511.937,137,2.996,26.0,27.0,0.000,8.35,0
2026-10-09T17:12:18.838,3512.038,137,2.999,26.1,27.3,0.000,8.72,0
2026-10-09T17:12:18.938,3512.137,137,2.999,26.6,27.3,0.000,8.47,0
2026-10-09T17:12:19.039,3512.239,137,2.995,28.0,27.2,0.000,8.48,0
2026-10-09T17:12:19.139,3512.338,137,2.997,28.2,27.1,0.000,8.35,0
2026-10-09T17:12:19.242,3512.442,137,2.995,26.6,27.3,0.000,8.48,0
2026-10-09T17:12:19.339,3512.539,137,2.995,28.0,27.0,0.000,8.47,0
2026-10-09T17:12:19.440,3512.640,137,2.996,26.8,27.3,0.000,8.38,0
2026-10-09T17:12:19.540,3512.739,137,2.995,26.4,27.0,0.000,8.28,0
2026-10-09T17:12:19.640,3512.840,137,2.991,27.7,26.9,0.000,8.23,0
2026-10-09T17:12:19.740,3512.939,137,2.991,27.9,27.1,0.000,8.33,0
2026-10-09T17:12:19.841,3513.040,137,2.991,26.5,27.3,0.000,8.10,0
2026-10-09T17:12:19.941,3513.140,137,2.989,28.2,27.7,0.000,8.43,0
2026-10-09T17:12:20.040,3513.240,137,2.990,26.5,27.3,0.000,8.48,0
2026-10-09T17:12:20.139,3513.339,137,2.990,27.7,26.8,0.000,8.33,0
2026-10-09T17:12:20.240,3513.440,137,2.990,27.6,27.0,0.000,8.58,0
2026-10-09T17:12:20.340,3513.540,137,2.988,26.1,27.0,0.000,8.46,0
2026-10-09T17:12:20.439,3513.639,137,3.001,26.4,27.3,0.000,8.43,0
2026-10-09T17:12:20.541,3513.740,137,3.001,26.3,27.3,0.000,8.47,0
2026-10-09T17:12:20.640,3513.840,137,3.000,26.2,27.1,0.000,8.50,0
2026-10-09T17:12:20.740,3513.939,137,2.998,28.2,27.1,0.000,8.47,0
2026-10-09T17:12:20.841,3514.040,137,2.996,25.9,27.3,0.000,8.27,0
2026-10-09T17:12:20.940,3514.140,137,2.996,28.2,27.0,0.000,8.16,0
2026-10-09T17:12:21.039,3514.239,137,2.995,27.3,27.2,0.000,8.25,0
2026-10-09T17:12:21.140,3514.339,137,2.994,25.8,27.3,0.000,8.58,0
2026-10-09T17:12:21.245,3514.445,137,2.994,27.6,27.0,0.000,8.57,0
2026-10-09T17:12:21.340,3514.540,137,2.997,25.1,26.5,0.000,8.50,0
2026-10-09T17:12:21.440,3514.639,137,2.994,25.4,26.9,0.000,8.30,0
2026-10-09T17:12:21.540,3514.739,137,2.991,25.3,27.0,0.000,8.51,0
2026-10-09T17:12:21.639,3514.839,137,2.991,25.5,27.0,0.000,8.13,0
2026-10-09T17:12:21.740,3514.940,137,2.993,26.9,26.7,0.000,8.39,0
2026-10-09T17:12:21.841,3515.040,137,2.994,25.3,26.8,0.000,8.51,0
2026-10-09T17:12:21.942,3515.141,137,2.987,25.4,26.8,0.000,8.75,0
2026-10-09T17:12:22.042,3515.242,137,2.987,26.1,27.1,0.000,8.36,0
2026-10-09T17:12:22.141,3515.341,137,2.987,25.2,26.8,0.000,8.24,0
2026-10-09T17:12:22.242,3515.442,137,2.983,27.3,27.1,0.000,8.43,0
2026-10-09T17:12:22.342,3515.541,137,2.982,27.1,26.7,0.000,8.59,0
2026-10-09T17:12:22.443,3515.642,137,2.982,25.4,27.0,0.000,8.49,0
2026-10-09T17:12:22.543,3515.743,137,2.984,25.8,27.1,0.000,8.50,0
2026-10-09T17:12:22.644,3515.844,137,2.977,28.0,27.2,0.000,8.60,0
2026-10-09T17:12:22.744,3515.943,137,2.979,27.1,27.0,0.000,8.43,0
2026-10-09T17:12:22.844,3516.044,137,2.979,27.5,26.8,0.000,8.42,0
2026-10-09T17:12:22.944,3516.144,137,2.981,26.9,26.8,0.000,8.33,0
2026-10-09T17:12:23.044,3516.243,137,2.982,27.2,26.8,0.000,8.57,0
2026-10-09T17:12:23.144,3516.344,137,2.982,25.3,26.8,0.000,8.33,0
2026-10-09T17:12:23.245,3516.445,137,2.982,25.3,26.9,0.000,8.21,0
2026-10-09T17:12:23.345,3516.544,137,2.981,25.0,26.8,0.000,8.50,0
2026-10-09T17:12:23.445,3516.645,137,2.983,25.3,26.9,0.000,8.48,0
2026-10-09T17:12:23.544,3516.744,137,2.981,27.0,26.8,0.000,8.47,0
2026-10-09T17:12:23.646,3516.846,137,2.981,27.1,27.0,0.000,8.08,0
2026-10-09T17:12:23.746,3516.946,137,2.985,25.4,26.7,0.000,8.53,0
2026-10-09T17:12:23.845,3517.045,137,2.986,25.4,27.0,0.000,8.65,0
2026-10-09T17:12:23.946,3517.145,137,2.986,25.5,26.9,0.000,8.42,0
2026-10-09T17:12:24.047,3517.246,137,2.986,27.3,26.8,0.000,8.27,0
2026-10-09T17:12:24.146,3517.345,137,2.985,25.5,26.9,0.000,8.44,0
2026-10-09T17:12:24.245,3517.444,137,2.985,27.4,26.8,0.000,8.17,0
2026-10-09T17:12:24.346,3517.545,137,2.985,27.6,26.8,0.000,8.36,0
2026-10-09T17:12:24.446,3517.646,137,2.988,27.1,26.8,0.000,8.17,0
2026-10-09T17:12:24.546,3517.745,137,2.983,26.0,27.1,0.000,8.38,0
2026-10-09T17:12:24.646,3517.846,137,2.984,27.6,26.8,0.000,8.44,0
2026-10-09T17:12:24.746,3517.946,137,2.984,26.3,26.8,0.000,8.51,0
2026-10-09T17:12:24.845,3518.045,137,2.985,27.6,26.9,0.000,8.32,0
2026-10-09T17:12:24.946,3518.146,137,2.984,28.1,27.1,0.000,8.46,0
2026-10-09T17:12:25.046,3518.245,137,2.981,27.9,26.9,0.000,8.37,0
2026-10-09T17:12:25.146,3518.345,137,2.981,27.9,27.2,0.000,8.47,0
2026-10-09T17:12:25.246,3518.446,137,2.982,26.3,27.1,0.000,8.25,0
2026-10-09T17:12:25.347,3518.547,137,2.978,28.0,27.1,0.000,8.47,0
2026-10-09T17:12:25.447,3518.646,137,2.981,27.8,27.1,0.000,8.24,0
2026-10-09T17:12:25.547,3518.746,137,2.981,27.6,26.9,0.000,8.69,0
2026-10-09T17:12:25.648,3518.848,137,2.981,26.3,27.5,0.000,8.22,0
2026-10-09T17:12:25.750,3518.950,137,2.979,27.8,26.9,0.000,8.50,0
2026-10-09T17:12:25.850,3519.049,137,2.989,26.1,27.3,0.000,8.54,0
2026-10-09T17:12:25.948,3519.148,137,2.989,26.0,27.0,0.000,8.84,0
2026-10-09T17:12:26.049,3519.249,137,2.994,25.6,26.9,0.000,8.73,0
2026-10-09T17:12:26.149,3519.349,137,2.990,25.8,26.8,0.000,8.51,0
2026-10-09T17:12:26.249,3519.448,137,2.990,27.6,27.0,0.000,8.30,0
2026-10-09T17:12:26.350,3519.550,137,2.989,25.9,27.0,0.000,8.95,0
2026-10-09T17:12:26.450,3519.649,137,2.985,26.4,26.8,0.000,8.34,0
2026-10-09T17:12:26.550,3519.749,137,2.986,28.4,27.0,0.000,8.38,0
2026-10-09T17:12:26.651,3519.850,137,2.986,25.8,26.9,0.000,8.54,0
2026-10-09T17:12:26.751,3519.950,137,3.007,26.4,27.2,0.000,8.47,0
2026-10-09T17:12:26.851,3520.051,137,3.016,26.4,27.3,0.000,8.38,0
2026-10-09T17:12:26.952,3520.152,137,3.020,27.4,27.1,0.000,8.54,0
2026-10-09T17:12:27.052,3520.251,137,3.020,27.4,26.6,0.000,8.54,0
2026-10-09T17:12:27.152,3520.351,137,3.021,26.4,26.8,0.000,8.48,0
2026-10-09T17:12:27.252,3520.452,137,3.021,27.1,26.8,0.000,8.52,0
2026-10-09T17:12:27.353,3520.553,137,3.018,25.9,26.7,0.000,8.51,0
2026-10-09T17:12:27.453,3520.652,137,3.018,26.2,26.9,0.000,8.72,0
2026-10-09T17:12:27.554,3520.753,137,3.018,27.9,27.0,0.000,8.68,0
2026-10-09T17:12:27.654,3520.853,137,3.022,27.6,27.1,0.000,8.32,0
2026-10-09T17:12:27.753,3520.953,137,3.022,26.3,27.2,0.000,8.62,0
2026-10-09T17:12:27.854,3521.054,137,3.022,27.6,26.9,0.000,8.42,0
2026-10-09T17:12:27.954,3521.153,137,3.023,26.4,27.0,0.000,8.38,0
2026-10-09T17:12:28.053,3521.253,137,3.022,26.3,27.1,0.000,8.20,0
2026-10-09T17:12:28.154,3521.354,137,3.023,26.0,26.8,0.000,8.53,0
2026-10-09T17:12:28.254,3521.454,137,3.023,26.2,27.2,0.000,8.62,0
2026-10-09T17:12:28.354,3521.553,137,3.021,28.0,27.0,0.000,8.34,0
2026-10-09T17:12:28.454,3521.654,137,3.022,26.7,27.4,0.000,8.71,0
2026-10-09T17:12:28.555,3521.755,137,3.021,26.0,27.0,0.000,8.62,0
2026-10-09T17:12:28.655,3521.855,137,3.021,26.0,26.8,0.000,8.76,0
2026-10-09T17:12:28.756,3521.956,137,3.019,26.3,27.1,0.000,8.80,0
2026-10-09T17:12:28.857,3522.057,137,3.018,27.7,26.9,0.000,8.46,0
2026-10-09T17:12:28.957,3522.157,137,3.018,26.2,26.9,0.000,8.09,0
2026-10-09T17:12:29.056,3522.256,137,3.020,27.4,26.8,0.000,8.61,0
2026-10-09T17:12:29.157,3522.356,137,3.019,27.4,27.0,0.000,8.48,0
2026-10-09T17:12:29.256,3522.456,137,3.020,25.8,27.1,0.000,8.67,0
2026-10-09T17:12:29.357,3522.557,137,3.020,27.6,27.2,0.000,8.06,0
2026-10-09T17:12:29.457,3522.656,137,3.020,27.3,26.9,0.000,8.98,0
2026-10-09T17:12:29.556,3522.756,137,3.023,26.6,27.2,0.000,8.12,0
2026-10-09T17:12:29.657,3522.857,137,3.023,25.9,26.7,0.000,8.40,0
2026-10-09T17:12:29.757,3522.956,137,3.023,26.4,26.9,0.000,8.66,0
2026-10-09T17:12:29.856,3523.055,137,3.023,26.5,27.3,0.000,8.64,0
2026-10-09T17:12:29.957,3523.157,137,3.023,26.3,26.8,0.000,8.47,0
2026-10-09T17:12:30.057,3523.256,137,3.021,27.7,27.0,0.000,8.11,0
2026-10-09T17:12:30.156,3523.356,137,3.021,28.1,26.9,0.000,8.50,0
2026-10-09T17:12:30.261,3523.460,137,3.022,26.2,27.2,0.000,8.20,0
2026-10-09T17:12:30.358,3523.557,137,3.023,25.9,26.4,0.000,8.85,0
2026-10-09T17:12:30.457,3523.657,137,3.025,27.6,27.2,0.000,8.52,0
2026-10-09T17:12:30.558,3523.758,137,3.025,26.6,26.9,0.000,8.51,0
2026-10-09T17:12:30.657,3523.857,137,3.020,27.7,27.0,0.000,8.47,0
2026-10-09T17:12:30.759,3523.958,137,3.022,26.5,27.1,0.000,8.66,0
2026-10-09T17:12:30.859,3524.058,137,3.018,25.9,26.8,0.000,8.67,0
2026-10-09T17:12:30.959,3524.158,137,3.018,27.7,27.0,0.000,8.76,0
2026-10-09T17:12:31.058,3524.258,137,3.026,26.0,26.8,0.000,8.51,0
2026-10-09T17:12:31.159,3524.359,137,3.023,26.0,27.0,0.000,8.44,0
2026-10-09T17:12:31.260,3524.460,137,3.023,26.5,27.3,0.000,8.28,0
2026-10-09T17:12:31.358,3524.558,137,3.023,27.4,27.0,0.000,8.82,0
2026-10-09T17:12:31.458,3524.658,137,3.020,27.2,26.8,0.000,8.68,0
2026-10-09T17:12:31.559,3524.759,137,3.019,27.3,26.9,0.000,8.53,0
2026-10-09T17:12:31.659,3524.859,137,3.019,28.3,27.4,0.000,8.73,0
2026-10-09T17:12:31.761,3524.960,137,3.018,28.0,27.1,0.000,8.62,0
2026-10-09T17:12:31.860,3525.060,137,3.019,26.1,26.7,0.000,8.46,0
2026-10-09T17:12:31.961,3525.161,137,3.019,27.2,26.9,0.000,8.65,0
2026-10-09T17:12:32.061,3525.260,137,3.019,27.4,27.1,0.000,8.52,0
2026-10-09T17:12:32.162,3525.362,137,3.020,27.2,26.8,0.000,8.69,0
2026-10-09T17:12:32.262,3525.461,137,3.019,26.1,27.2,0.000,8.49,0
2026-10-09T17:12:32.362,3525.561,137,3.017,27.5,27.0,0.000,8.43,0
2026-10-09T17:12:32.463,3525.663,137,3.017,27.3,26.8,0.000,8.62,0
2026-10-09T17:12:32.563,3525.762,137,3.020,27.4,26.8,0.000,8.54,0
2026-10-09T17:12:32.663,3525.862,137,3.017,25.8,27.0,0.000,8.73,0
2026-10-09T17:12:32.763,3525.962,137,3.016,25.7,27.0,0.000,8.63,0
2026-10-09T17:12:32.863,3526.062,137,3.016,27.6,26.8,0.000,8.23,0
2026-10-09T17:12:32.962,3526.162,137,3.019,25.6,26.6,0.000,8.65,0
2026-10-09T17:12:33.063,3526.262,137,3.015,25.8,27.1,0.000,8.80,0
2026-10-09T17:12:33.164,3526.364,137,3.019,25.8,26.5,0.000,8.20,0
2026-10-09T17:12:33.263,3526.463,137,3.019,26.1,26.9,0.000,8.78,0
2026-10-09T17:12:33.363,3526.563,137,3.015,27.6,27.0,0.000,8.48,0
2026-10-09T17:12:33.464,3526.664,137,3.019,26.1,27.4,0.000,8.66,0
2026-10-09T17:12:33.564,3526.763,137,3.016,25.8,26.8,0.000,8.56,0
2026-10-09T17:12:33.663,3526.863,137,3.016,25.4,26.9,0.000,8.40,0
2026-10-09T17:12:33.763,3526.963,137,3.017,27.2,26.8,0.000,8.40,0
2026-10-09T17:12:33.864,3527.064,137,3.017,25.4,26.9,0.000,8.28,0
2026-10-09T17:12:33.965,3527.164,137,3.017,26.9,26.8,0.000,8.68,0
2026-10-09T17:12:34.066,3527.265,137,3.019,25.4,26.9,0.000,8.64,0
2026-10-09T17:12:34.166,3527.366,137,3.017,25.2,26.7,0.000,8.39,0
2026-10-09T17:12:34.265,3527.465,137,3.017,27.2,26.9,0.000,8.23,0
2026-10-09T17:12:34.366,3527.565,137,3.017,25.7,27.0,0.000,8.29,0
2026-10-09T17:12:34.467,3527.666,137,3.013,28.0,27.0,0.000,8.22,0
2026-10-09T17:12:34.567,3527.766,137,3.017,27.5,27.0,0.000,8.59,0
2026-10-09T17:12:34.666,3527.866,137,3.014,25.1,27.0,0.000,8.46,0
2026-10-09T17:12:34.767,3527.967,137,3.014,27.5,27.0,0.000,8.51,0
2026-10-09T17:12:34.867,3528.067,137,3.011,25.6,26.9,0.000,8.27,0
2026-10-09T17:12:34.968,3528.167,137,3.010,26.3,26.8,0.000,8.62,0
2026-10-09T17:12:35.068,3528.268,137,3.012,27.7,27.1,0.000,8.67,0
2026-10-09T17:12:35.168,3528.368,137,3.012,25.8,26.8,0.000,8.40,0
2026-10-09T17:12:35.269,3528.469,137,3.010,26.5,27.3,0.000,8.29,0
2026-10-09T17:12:35.369,3528.569,137,3.007,26.0,27.0,0.000,8.35,0
2026-10-09T17:12:35.469,3528.669,137,3.008,26.0,26.8,0.000,8.47,0
2026-10-09T17:12:35.570,3528.770,137,3.008,27.6,27.3,0.000,8.72,0
2026-10-09T17:12:35.670,3528.870,137,3.007,25.8,27.3,0.000,8.57,0
2026-10-09T17:12:35.770,3528.970,137,3.008,26.0,26.8,0.000,8.55,0
2026-10-09T17:12:35.870,3529.070,137,3.011,26.0,27.3,0.000,8.28,0
2026-10-09T17:12:35.971,3529.170,137,3.011,27.9,27.1,0.000,8.34,0
2026-10-09T17:12:36.075,3529.274,137,3.007,26.0,27.0,0.000,8.56,0
2026-10-09T17:12:36.171,3529.371,137,3.003,27.6,26.8,0.000,8.62,0
2026-10-09T17:12:36.271,3529.471,137,3.006,25.9,26.8,0.000,8.61,0
2026-10-09T17:12:36.372,3529.572,137,3.006,26.3,27.1,0.000,9.15,0
2026-10-09T17:12:36.473,3529.672,137,3.006,27.9,27.2,0.000,8.33,0
2026-10-09T17:12:36.574,3529.773,137,3.007,27.9,26.9,0.000,8.13,0
2026-10-09T17:12:36.673,3529.873,137,3.007,27.7,27.0,0.000,8.51,0
2026-10-09T17:12:36.774,3529.974,137,3.007,27.8,27.1,0.000,8.70,0
2026-10-09T17:12:36.875,3530.075,137,3.007,27.9,27.1,0.000,8.52,0
2026-10-09T17:12:36.976,3530.175,137,3.008,27.5,27.0,0.000,8.51,0
2026-10-09T17:12:37.077,3530.276,137,3.008,25.2,26.5,0.000,8.37,0
2026-10-09T17:12:37.176,3530.376,137,3.010,25.8,27.0,0.000,8.79,0
2026-10-09T17:12:37.276,3530.476,137,3.008,27.7,26.9,0.000,8.73,0
2026-10-09T17:12:37.377,3530.577,137,3.008,26.5,26.9,0.000,8.53,0
2026-10-09T17:12:37.478,3530.678,137,3.008,27.7,26.9,0.000,8.47,0
2026-10-09T17:12:37.579,3530.779,137,3.007,28.1,27.2,0.000,8.46,0
2026-10-09T17:12:37.681,3530.880,137,3.008,26.1,26.7,0.000,8.31,0
2026-10-09T17:12:37.778,3530.977,137,3.009,28.1,27.1,0.000,8.42,0
2026-10-09T17:12:37.879,3531.078,137,3.009,28.0,27.3,0.000,8.56,0
2026-10-09T17:12:37.978,3531.178,137,3.009,28.2,27.3,0.000,8.80,0
2026-10-09T17:12:38.079,3531.279,137,3.009,27.7,27.1,0.000,8.61,0
2026-10-09T17:12:38.180,3531.379,137,3.008,26.0,26.9,0.000,8.25,0
2026-10-09T17:12:38.280,3531.480,137,3.008,27.8,27.1,0.000,8.65,0
2026-10-09T17:12:38.379,3531.579,137,3.009,26.2,27.2,0.000,8.42,0
2026-10-09T17:12:38.480,3531.680,137,3.011,25.8,27.0,0.000,8.59,0
2026-10-09T17:12:38.581,3531.780,137,3.010,26.3,27.1,0.000,9.02,0
2026-10-09T17:12:38.682,3531.881,137,3.010,28.2,27.2,0.000,8.31,0
2026-10-09T17:12:38.781,3531.981,137,3.009,28.3,27.2,0.000,8.61,0
2026-10-09T17:12:38.882,3532.082,137,3.013,26.2,26.8,0.000,8.57,0
2026-10-09T17:12:38.983,3532.183,137,3.015,27.0,27.2,0.000,8.19,0
2026-10-09T17:12:39.083,3532.283,137,3.015,25.8,27.1,0.000,8.43,0
2026-10-09T17:12:39.189,3532.388,137,3.017,26.1,27.1,0.000,8.65,0
2026-10-09T17:12:39.283,3532.482,137,3.017,27.5,26.9,0.000,8.50,0
2026-10-09T17:12:39.383,3532.583,137,3.011,25.5,26.7,0.000,8.44,0
2026-10-09T17:12:39.483,3532.682,137,3.011,27.9,27.0,0.000,8.36,0
2026-10-09T17:12:39.583,3532.783,137,3.014,25.9,26.7,0.000,8.72,0
2026-10-09T17:12:39.683,3532.882,137,3.016,26.3,27.2,0.000,8.79,0
2026-10-09T17:12:39.784,3532.983,137,3.016,27.5,27.0,0.000,8.47,0
2026-10-09T17:12:39.883,3533.083,137,3.013,26.1,27.2,0.000,8.70,0
2026-10-09T17:12:39.984,3533.183,137,3.014,27.5,26.8,0.000,8.44,0
2026-10-09T17:12:40.085,3533.284,137,3.014,26.1,27.0,0.000,8.14,0
2026-10-09T17:12:40.184,3533.384,137,3.014,25.8,26.9,0.000,8.25,0
2026-10-09T17:12:40.286,3533.485,137,3.012,25.9,26.9,0.000,8.43,0
2026-10-09T17:12:40.384,3533.584,137,3.012,26.0,26.9,0.000,8.81,0
2026-10-09T17:12:40.485,3533.685,137,3.014,28.1,27.2,0.000,8.67,0
2026-10-09T17:12:40.586,3533.785,137,3.014,25.8,27.0,0.000,8.27,0
2026-10-09T17:12:40.687,3533.886,137,3.016,27.8,26.8,0.000,8.14,0
2026-10-09T17:12:40.786,3533.986,137,3.015,26.1,27.1,0.000,8.61,0
2026-10-09T17:12:40.886,3534.086,137,3.015,25.9,27.0,0.000,8.58,0
2026-10-09T17:12:40.986,3534.186,137,3.015,27.7,27.0,0.000,8.50,0
2026-10-09T17:12:41.088,3534.287,137,3.016,26.4,27.2,0.000,8.47,0
2026-10-09T17:12:41.187,3534.387,137,3.012,26.1,27.2,0.000,8.33,0
2026-10-09T17:12:41.288,3534.487,137,3.016,28.0,27.4,0.000,8.68,0
2026-10-09T17:12:41.389,3534.588,137,3.016,26.4,27.2,0.000,8.87,0
2026-10-09T17:12:41.490,3534.689,137,3.019,27.3,27.0,0.000,8.38,0
2026-10-09T17:12:41.589,3534.789,137,3.020,26.1,27.2,0.000,8.72,0
2026-10-09T17:12:41.689,3534.888,137,3.019,26.2,27.1,0.000,8.72,0
2026-10-09T17:12:41.789,3534.989,137,3.019,27.6,27.1,0.000,8.79,0
2026-10-09T17:12:41.889,3535.089,137,3.016,26.5,27.2,0.000,8.59,0
2026-10-09T17:12:41.988,3535.188,137,3.017,27.9,27.1,0.000,8.43,0
2026-10-09T17:12:42.089,3535.289,137,3.017,26.1,27.2,0.000,8.55,0
2026-10-09T17:12:42.189,3535.389,137,3.019,28.0,27.2,0.000,8.55,0
2026-10-09T17:12:42.290,3535.489,137,3.019,26.2,27.0,0.000,8.83,0
2026-10-09T17:12:42.391,3535.590,137,3.023,27.7,26.9,0.000,8.50,0
2026-10-09T17:12:42.491,3535.690,137,3.023,28.4,27.3,0.000,8.81,0
2026-10-09T17:12:42.593,3535.792,137,3.020,26.2,27.2,0.000,8.45,0
2026-10-09T17:12:42.690,3535.890,137,3.020,26.1,27.2,0.000,8.89,0
2026-10-09T17:12:42.791,3535.990,137,3.017,25.9,27.0,0.000,8.47,0
2026-10-09T17:12:42.892,3536.091,137,3.017,27.9,27.4,0.000,8.24,0
2026-10-09T17:12:42.991,3536.191,137,3.017,28.1,27.0,0.000,8.37,0
2026-10-09T17:12:43.091,3536.291,137,3.018,27.6,27.0,0.000,8.56,0
2026-10-09T17:12:43.192,3536.392,137,3.016,26.1,27.3,0.000,8.41,0
2026-10-09T17:12:43.292,3536.492,137,3.016,25.7,27.0,0.000,8.47,0
2026-10-09T17:12:43.393,3536.592,137,3.016,26.2,27.0,0.000,8.53,0
2026-10-09T17:12:43.494,3536.693,137,3.015,28.0,26.9,0.000,8.58,0
2026-10-09T17:12:43.594,3536.794,137,3.015,27.4,26.9,0.000,8.72,0
2026-10-09T17:12:43.694,3536.894,137,3.015,25.8,27.2,0.000,8.76,0
2026-10-09T17:12:43.794,3536.993,137,3.016,26.6,27.0,0.000,8.56,0
2026-10-09T17:12:43.894,3537.094,137,3.016,27.1,27.3,0.000,8.66,0
2026-10-09T17:12:43.994,3537.193,137,3.017,27.4,26.9,0.000,8.44,0
2026-10-09T17:12:44.094,3537.293,137,3.017,26.2,27.0,0.000,8.55,0
2026-10-09T17:12:44.194,3537.394,137,3.015,26.2,26.8,0.000,8.55,0
2026-10-09T17:12:44.295,3537.494,137,3.013,25.8,27.0,0.000,8.25,0
2026-10-09T17:12:44.395,3537.595,137,3.015,26.4,27.3,0.000,8.70,0
2026-10-09T17:12:44.495,3537.694,137,3.015,28.2,27.2,0.000,8.28,0
2026-10-09T17:12:44.596,3537.795,137,3.013,27.4,27.1,0.000,8.59,0
2026-10-09T17:12:44.695,3537.895,137,3.013,28.0,27.3,0.000,8.44,0
2026-10-09T17:12:44.795,3537.994,137,3.013,27.8,27.0,0.000,8.79,0
2026-10-09T17:12:44.896,3538.095,137,3.010,26.3,27.2,0.000,8.57,0
2026-10-09T17:12:44.997,3538.196,137,3.014,28.3,27.3,0.000,8.51,0
2026-10-09T17:12:45.096,3538.296,137,3.010,26.5,27.4,0.000,8.94,0
2026-10-09T17:12:45.196,3538.396,137,3.010,28.0,27.1,0.000,8.55,0
2026-10-09T17:12:45.296,3538.496,137,3.016,25.8,27.2,0.000,8.73,0
2026-10-09T17:12:45.396,3538.595,137,3.013,28.2,27.3,0.000,8.48,0
2026-10-09T17:12:45.496,3538.696,137,3.011,26.1,26.8,0.000,8.68,0
2026-10-09T17:12:45.596,3538.796,137,3.011,28.2,27.1,0.000,8.33,0
2026-10-09T17:12:45.697,3538.897,137,3.013,28.3,27.3,0.000,8.31,0
2026-10-09T17:12:45.797,3538.996,137,3.013,26.1,27.1,0.000,8.18,0
2026-10-09T17:12:45.897,3539.097,137,3.011,27.7,27.1,0.000,8.68,0
2026-10-09T17:12:45.998,3539.198,137,3.011,25.8,26.8,0.000,8.34,0
2026-10-09T17:12:46.098,3539.297,137,3.014,25.9,27.0,0.000,8.54,0
2026-10-09T17:12:46.199,3539.398,137,3.017,28.1,27.1,0.000,8.57,0
2026-10-09T17:12:46.299,3539.499,137,3.012,26.4,27.0,0.000,8.61,0
2026-10-09T17:12:46.399,3539.598,137,3.012,27.6,27.1,0.000,8.83,0
2026-10-09T17:12:46.499,3539.699,137,3.014,26.4,27.3,0.000,8.85,0
2026-10-09T17:12:46.600,3539.800,137,3.013,26.2,27.3,0.000,8.66,0
2026-10-09T17:12:46.700,3539.899,137,3.013,28.1,27.3,0.000,7.99,0
2026-10-09T17:12:46.800,3539.999,137,3.013,27.7,27.2,0.000,8.53,0
2026-10-09T17:12:46.901,3540.100,137,3.012,27.6,27.0,0.000,8.42,0
2026-10-09T17:12:47.002,3540.201,137,3.012,25.9,27.4,0.000,8.35,0
2026-10-09T17:12:47.102,3540.301,137,3.015,28.3,27.8,0.000,8.79,0
2026-10-09T17:12:47.203,3540.402,137,3.015,27.9,27.1,0.000,8.75,0
2026-10-09T17:12:47.305,3540.505,137,3.010,28.2,27.2,0.000,8.66,0
2026-10-09T17:12:47.403,3540.603,137,3.014,26.4,27.0,0.000,8.32,0
2026-10-09T17:12:47.503,3540.702,137,3.014,28.2,27.2,0.000,8.37,0
2026-10-09T17:12:47.604,3540.803,137,3.013,27.9,27.2,0.000,8.55,0
2026-10-09T17:12:47.704,3540.904,137,3.014,27.9,27.1,0.000,8.30,0
2026-10-09T17:12:47.805,3541.005,137,3.013,27.7,27.1,0.000,8.55,0
2026-10-09T17:12:47.905,3541.105,137,3.013,26.2,26.8,0.000,8.63,0
2026-10-09T17:12:48.005,3541.205,137,3.012,26.6,27.0,0.000,8.50,0
2026-10-09T17:12:48.105,3541.304,137,3.013,27.8,27.1,0.000,8.42,0
2026-10-09T17:12:48.204,3541.404,137,3.014,27.8,27.2,0.000,8.34,0
2026-10-09T17:12:48.305,3541.504,137,3.014,26.4,26.9,0.000,8.42,0
2026-10-09T17:12:48.406,3541.605,137,3.012,26.4,27.3,0.000,8.28,0
2026-10-09T17:12:48.506,3541.706,137,3.016,26.4,27.2,0.000,8.44,0
2026-10-09T17:12:48.607,3541.807,137,3.013,25.9,27.1,0.000,8.68,0
2026-10-09T17:12:48.707,3541.907,137,3.013,26.4,27.2,0.000,8.15,0
2026-10-09T17:12:48.806,3542.006,137,3.012,26.4,27.3,0.000,8.36,0
2026-10-09T17:12:48.908,3542.107,137,3.014,28.4,27.5,0.000,8.39,0
2026-10-09T17:12:49.008,3542.207,137,3.016,26.3,27.1,0.000,7.92,0
2026-10-09T17:12:49.109,3542.309,137,3.016,26.2,26.9,0.000,8.63,0
2026-10-09T17:12:49.211,3542.411,137,3.016,26.0,27.1,0.000,8.50,0
2026-10-09T17:12:49.307,3542.507,137,3.015,28.3,27.7,0.000,8.59,0
2026-10-09T17:12:49.408,3542.607,137,3.013,26.4,27.2,0.000,8.51,0
2026-10-09T17:12:49.508,3542.707,137,3.013,28.1,27.2,0.000,8.60,0
2026-10-09T17:12:49.608,3542.807,137,3.015,26.6,27.3,0.000,8.51,0
2026-10-09T17:12:49.708,3542.908,137,3.016,26.3,27.4,0.000,8.13,0
2026-10-09T17:12:49.809,3543.009,137,3.016,28.3,27.1,0.000,8.47,0
2026-10-09T17:12:49.909,3543.108,137,3.016,28.2,27.4,0.000,8.29,0
2026-10-09T17:12:50.009,3543.208,137,3.016,26.2,27.2,0.000,8.83,0
2026-10-09T17:12:50.110,3543.310,137,3.013,26.2,27.3,0.000,8.46,0
2026-10-09T17:12:50.209,3543.409,137,3.013,26.2,27.0,0.000,8.50,0
2026-10-09T17:12:50.310,3543.510,137,3.012,26.9,27.2,0.000,8.68,0
2026-10-09T17:12:50.410,3543.610,137,3.012,28.4,27.3,0.000,8.37,0
2026-10-09T17:12:50.510,3543.710,137,3.016,27.5,27.4,0.000,8.61,0
2026-10-09T17:12:50.610,3543.809,137,3.016,26.3,27.2,0.000,8.52,0
2026-10-09T17:12:50.709,3543.909,137,3.017,27.7,27.1,0.000,8.69,0
2026-10-09T17:12:50.810,3544.009,137,3.016,27.5,27.3,0.000,8.68,0
2026-10-09T17:12:50.911,3544.110,137,3.015,26.1,27.0,0.000,8.57,0
2026-10-09T17:12:51.010,3544.209,137,3.015,26.5,27.1,0.000,8.51,0
2026-10-09T17:12:51.110,3544.309,137,3.018,27.7,26.8,0.000,8.44,0
2026-10-09T17:12:51.210,3544.409,137,3.018,28.1,27.2,0.000,8.50,0
2026-10-09T17:12:51.311,3544.510,137,3.020,27.8,27.0,0.000,8.42,0
2026-10-09T17:12:51.410,3544.610,137,3.020,26.3,27.3,0.000,8.48,0
2026-10-09T17:12:51.511,3544.711,137,3.020,28.0,27.2,0.000,8.33,0
2026-10-09T17:12:51.611,3544.810,137,3.016,25.8,27.2,0.000,8.41,0
2026-10-09T17:12:51.710,3544.910,137,3.019,25.8,27.2,0.000,8.70,0
2026-10-09T17:12:51.811,3545.011,137,3.019,27.8,27.1,0.000,8.56,0
2026-10-09T17:12:51.911,3545.110,137,3.019,25.5,26.8,0.000,8.73,0
2026-10-09T17:12:52.010,3545.210,137,3.017,26.0,27.1,0.000,8.92,0
2026-10-09T17:12:52.111,3545.311,137,3.018,27.2,27.2,0.000,8.89,0
2026-10-09T17:12:52.211,3545.410,137,3.018,25.6,27.1,0.000,8.43,0
2026-10-09T17:12:52.311,3545.510,137,3.018,27.8,27.1,0.000,8.20,0
2026-10-09T17:12:52.411,3545.610,137,3.013,25.7,27.1,0.000,8.64,0
2026-10-09T17:12:52.510,3545.710,137,3.013,27.5,27.1,0.000,8.62,0
2026-10-09T17:12:52.611,3545.811,137,3.017,27.5,26.9,0.000,8.59,0
2026-10-09T17:12:52.712,3545.912,137,3.015,27.5,27.1,0.000,8.36,0
2026-10-09T17:12:52.817,3546.016,137,3.010,25.8,27.0,0.000,8.48,0
2026-10-09T17:12:52.913,3546.112,137,3.010,25.9,27.3,0.000,8.65,0
2026-10-09T17:12:53.012,3546.211,137,3.014,25.5,26.8,0.000,8.50,0
2026-10-09T17:12:53.112,3546.311,137,3.014,25.5,27.0,0.000,8.32,0
2026-10-09T17:12:53.211,3546.411,137,3.014,26.8,27.5,0.000,8.74,0
2026-10-09T17:12:53.312,3546.512,137,3.014,27.8,27.1,0.000,8.64,0
2026-10-09T17:12:53.412,3546.612,137,3.014,26.7,27.6,0.000,8.75,0
2026-10-09T17:12:53.511,3546.711,137,3.018,26.8,27.6,0.000,8.78,0
2026-10-09T17:12:53.612,3546.812,137,3.018,27.8,27.8,0.000,8.61,0
2026-10-09T17:12:53.713,3546.913,137,3.018,26.7,27.5,0.000,8.50,0
2026-10-09T17:12:53.812,3547.011,137,3.019,28.5,27.3,0.000,8.73,0
2026-10-09T17:12:53.911,3547.110,137,3.018,28.6,27.5,0.000,8.21,0
2026-10-09T17:12:54.012,3547.211,137,3.017,28.2,27.2,0.000,8.68,0
2026-10-09T17:12:54.111,3547.311,137,3.017,27.9,27.3,0.000,8.56,0
2026-10-09T17:12:54.212,3547.412,137,3.016,28.4,27.5,0.000,8.32,0
2026-10-09T17:12:54.315,3547.515,137,3.022,28.4,27.3,0.000,8.48,0
2026-10-09T17:12:54.414,3547.614,137,3.019,28.4,27.5,0.000,8.69,0
2026-10-09T17:12:54.513,3547.713,137,3.019,28.5,27.5,0.000,8.72,0
2026-10-09T17:12:54.614,3547.814,137,3.016,26.6,27.2,0.000,8.51,0
2026-10-09T17:12:54.714,3547.914,137,3.019,26.5,27.5,0.000,8.44,0
2026-10-09T17:12:54.815,3548.015,137,3.019,27.8,27.3,0.000,8.81,0
2026-10-09T17:12:54.917,3548.116,0,3.017,26.4,27.4,0.000,5.18,0
2026-10-09T17:12:55.016,3548.216,0,1.302,26.9,27.7,0.000,2.14,0
2026-10-09T17:12:55.116,3548.316,0,0.819,27.0,27.7,0.000,0.71,0
2026-10-09T17:12:55.217,3548.416,0,0.819,26.9,27.8,0.000,0.08,0
2026-10-09T17:12:55.318,3548.517,0,1.485,27.1,27.9,0.000,-0.02,0
2026-10-09T17:12:55.419,3548.618,0,1.894,27.1,28.0,0.000,-0.09,0
2026-10-09T17:12:55.518,3548.717,0,1.792,26.9,27.8,0.000,-0.04,0
2026-10-09T17:12:55.617,3548.817,0,1.792,27.1,27.9,0.000,0.03,0
2026-10-09T17:12:55.718,3548.917,0,1.741,27.0,27.7,0.000,-0.02,0
2026-10-09T17:12:55.818,3549.018,0,2.355,27.0,28.0,0.000,-0.09,0
2026-10-09T17:12:55.919,3549.119,0,2.201,27.1,27.9,0.000,-0.06,0
2026-10-09T17:12:56.019,3549.218,0,2.201,27.0,27.9,0.000,-0.09,0
2026-10-09T17:12:56.121,3549.320,0,2.304,27.0,28.0,0.000,-0.12,0
2026-10-09T17:12:56.219,3549.418,0,2.253,27.1,27.9,0.000,-0.11,0
2026-10-09T17:12:56.320,3549.519,0,2.253,27.0,27.8,0.000,-0.12,0
2026-10-09T17:12:56.419,3549.619,0,2.253,27.2,28.0,0.000,-0.08,0
2026-10-09T17:12:56.519,3549.718,0,2.099,27.0,28.0,0.000,-0.05,0
2026-10-09T17:12:56.620,3549.819,0,2.457,27.2,27.9,0.000,-0.26,0
2026-10-09T17:12:56.719,3549.919,0,1.843,27.1,27.9,0.000,-0.28,0
2026-10-09T17:12:56.820,3550.019,0,1.843,27.0,27.9,0.000,-0.18,0
2026-10-09T17:12:56.922,3550.121,0,2.304,27.0,28.0,0.000,-0.13,0
2026-10-09T17:12:57.021,3550.221,0,1.229,26.9,28.0,0.000,-0.27,0
2026-10-09T17:12:57.122,3550.321,0,1.843,27.0,28.1,0.000,-0.04,0
2026-10-09T17:12:57.221,3550.421,0,1.843,27.1,28.0,0.000,-0.24,0
2026-10-09T17:12:57.321,3550.521,0,1.997,27.2,28.0,0.000,-0.17,0
2026-10-09T17:12:57.422,3550.622,0,1.894,27.1,27.9,0.000,-0.04,0
